timestamp,date,symbol,spot,market_structure,directional_bias,trade_class,trade_status,confidence,entry_trigger,actual_entry_time,actual_entry_price,invalidation,target_zone,exit_time,exit_price,outcome,return_pct,max_favorable_excursion,max_adverse_excursion,time_to_trigger,time_to_outcome,data_state,reason
2026-08-04 03:45:00,2026-08-04,NIFTY,24599.80078125,SIDEWAYS,NEUTRAL,NO_TRADE,NO_TRADE,50,No valid setup — conditions not satisfied,,,Breakout below — or above —,Range: — – —,,,NO_TRADE,,0.0,0.0,,,LIVE,No trade warranted
2026-08-04 03:50:00,2026-08-04,NIFTY,24615.849609375,SIDEWAYS,NEUTRAL,NO_TRADE,NO_TRADE,50,No valid setup — conditions not satisfied,,,Breakout below — or above —,Range: — – —,,,NO_TRADE,,0.0,0.0,,,LIVE,No trade warranted
2026-08-04 03:55:00,2026-08-04,NIFTY,24597.599609375,SIDEWAYS,NEUTRAL,NO_TRADE,NO_TRADE,50,No valid setup — conditions not satisfied,,,Breakout below — or above —,Range: — – —,,,NO_TRADE,,0.0,0.0,,,LIVE,No trade warranted
2026-08-04 04:00:00,2026-08-04,NIFTY,24590.650390625,SIDEWAYS,NEUTRAL,NO_TRADE,NO_TRADE,50,No valid setup — conditions not satisfied,,,Breakout below — or above —,Range: — – —,,,NO_TRADE,,0.0,0.0,,,LIVE,No trade warranted
2026-08-04 04:05:00,2026-08-04,NIFTY,24604.650390625,SIDEWAYS,NEUTRAL,NO_TRADE,NO_TRADE,50,No valid setup — conditions not satisfied,,,Breakout below — or above —,Range: — – —,,,NO_TRADE,,0.0,0.0,,,LIVE,No trade warranted
2026-08-04 04:10:00,2026-08-04,NIFTY,24623.599609375,SIDEWAYS,NEUTRAL,NO_TRADE,NO_TRADE,50,No valid setup — conditions not satisfied,,,Breakout below — or above —,Range: — – —,,,NO_TRADE,,0.0,0.0,,,LIVE,No trade warranted
2026-08-04 04:15:00,2026-08-04,NIFTY,24635.150390625,SIDEWAYS,NEUTRAL,NO_TRADE,NO_TRADE,50,No valid setup — conditions not satisfied,,,Breakout below — or above —,Range: — – —,,,NO_TRADE,,0.0,0.0,,,LIVE,No trade warranted
2026-08-04 04:20:00,2026-08-04,NIFTY,24634.150390625,SIDEWAYS,NEUTRAL,NO_TRADE,NO_TRADE,50,No valid setup — conditions not satisfied,,,Breakout below — or above —,Range: — – —,,,NO_TRADE,,0.0,0.0,,,LIVE,No trade warranted
2026-08-04 04:25:00,2026-08-04,NIFTY,24631.55078125,SIDEWAYS,NEUTRAL,NO_TRADE,NO_TRADE,50,No valid setup — conditions not satisfied,,,Breakout below — or above —,Range: — – —,,,NO_TRADE,,0.0,0.0,,,LIVE,No trade warranted
2026-08-04 04:30:00,2026-08-04,NIFTY,24626.400390625,SIDEWAYS,NEUTRAL,NO_TRADE,NO_TRADE,50,No valid setup — conditions not satisfied,,,Breakout below — or above —,Range: — – —,,,NO_TRADE,,0.0,0.0,,,LIVE,No trade warranted
2026-08-04 04:35:00,2026-08-04,NIFTY,24611.400390625,SIDEWAYS,NEUTRAL,NO_TRADE,NO_TRADE,50,No valid setup — conditions not satisfied,,,Breakout below — or above —,Range: — – —,,,NO_TRADE,,0.0,0.0,,,LIVE,No trade warranted
2026-08-04 04:40:00,2026-08-04,NIFTY,24615.5,SIDEWAYS,NEUTRAL,NO_TRADE,NO_TRADE,50,No valid setup — conditions not satisfied,,,Breakout below — or above —,Range: — – —,,,NO_TRADE,,0.0,0.0,,,LIVE,No trade warranted
2026-08-04 04:45:00,2026-08-04,NIFTY,24616.19921875,SIDEWAYS,NEUTRAL,NO_TRADE,NO_TRADE,50,No valid setup — conditions not satisfied,,,Breakout below — or above —,Range: — – —,,,NO_TRADE,,0.0,0.0,,,LIVE,No trade warranted
2026-08-04 04:50:00,2026-08-04,NIFTY,24593.80078125,SIDEWAYS,NEUTRAL,NO_TRADE,NO_TRADE,50,No valid setup — conditions not satisfied,,,Breakout below — or above —,Range: — – —,,,NO_TRADE,,0.0,0.0,,,LIVE,No trade warranted
2026-08-04 04:55:00,2026-08-04,NIFTY,24592.80078125,SIDEWAYS,NEUTRAL,NO_TRADE,NO_TRADE,50,No valid setup — conditions not satisfied,,,Breakout below — or above —,Range: — – —,,,NO_TRADE,,0.0,0.0,,,LIVE,No trade warranted
2026-08-04 05:00:00,2026-08-04,NIFTY,24582.900390625,SIDEWAYS,NEUTRAL,NO_TRADE,NO_TRADE,50,No valid setup — conditions not satisfied,,,Breakout below — or above —,Range: — – —,,,NO_TRADE,,0.0,0.0,,,LIVE,No trade warranted
2026-08-04 05:05:00,2026-08-04,NIFTY,24581.94921875,SIDEWAYS,NEUTRAL,NO_TRADE,NO_TRADE,50,No valid setup — conditions not satisfied,,,Breakout below — or above —,Range: — – —,,,NO_TRADE,,0.0,0.0,,,LIVE,No trade warranted
2026-08-04 05:10:00,2026-08-04,NIFTY,24582.0,SIDEWAYS,NEUTRAL,NO_TRADE,NO_TRADE,50,No valid setup — conditions not satisfied,,,Breakout below — or above —,Range: — – —,,,NO_TRADE,,0.0,0.0,,,LIVE,No trade warranted
2026-08-04 05:15:00,2026-08-04,NIFTY,24583.5,SIDEWAYS,NEUTRAL,NO_TRADE,NO_TRADE,50,No valid setup — conditions not satisfied,,,Breakout below — or above —,Range: — – —,,,NO_TRADE,,0.0,0.0,,,LIVE,No trade warranted
2026-08-04 05:20:00,2026-08-04,NIFTY,24581.80078125,VOLATILE_EXPANSION,MIXED,NO_TRADE,NO_TRADE,40,No valid setup — conditions not satisfied,,,Close below 24604.6 or above 24606.2 with VIX spike,ATR-based range: ±11.28,,,NO_TRADE,,0.0,0.0,,,LIVE,No trade warranted
2026-08-04 05:25:00,2026-08-04,NIFTY,24575.400390625,VOLATILE_EXPANSION,MIXED,NO_TRADE,NO_TRADE,40,No valid setup — conditions not satisfied,,,Close below 24600.4 or above 24606.2 with VIX spike,ATR-based range: ±12.30,,,NO_TRADE,,0.0,0.0,,,LIVE,No trade warranted
2026-08-04 05:30:00,2026-08-04,NIFTY,24589.19921875,VOLATILE_EXPANSION,MIXED,NO_TRADE,NO_TRADE,40,No valid setup — conditions not satisfied,,,Close below 24595.6 or above 24606.2 with VIX spike,ATR-based range: ±14.18,,,NO_TRADE,,0.0,0.0,,,LIVE,No trade warranted
2026-08-04 05:35:00,2026-08-04,NIFTY,24587.900390625,VOLATILE_EXPANSION,MIXED,NO_TRADE,NO_TRADE,40,No valid setup — conditions not satisfied,,,Close below 24593.55 or above 24606.2 with VIX spike,ATR-based range: ±14.88,,,NO_TRADE,,0.0,0.0,,,LIVE,No trade warranted
2026-08-04 05:40:00,2026-08-04,NIFTY,24590.900390625,VOLATILE_EXPANSION,MIXED,NO_TRADE,NO_TRADE,40,No valid setup — conditions not satisfied,,,Close below 24593.55 or above 24606.2 with VIX spike,ATR-based range: ±15.30,,,NO_TRADE,,0.0,0.0,,,LIVE,No trade warranted
2026-08-04 05:45:00,2026-08-04,NIFTY,24593.349609375,VOLATILE_EXPANSION,MIXED,NO_TRADE,NO_TRADE,40,No valid setup — conditions not satisfied,,,Close below 24593.55 or above 24618.15 with VIX spike,ATR-based range: ±16.17,,,NO_TRADE,,0.0,0.0,,,LIVE,No trade warranted
2026-08-04 05:50:00,2026-08-04,NIFTY,24585.900390625,VOLATILE_EXPANSION,MIXED,NO_TRADE,NO_TRADE,40,No valid setup — conditions not satisfied,,,Close below 24593.55 or above 24618.15 with VIX spike,ATR-based range: ±16.17,,,NO_TRADE,,0.0,0.0,,,LIVE,No trade warranted
2026-08-04 05:55:00,2026-08-04,NIFTY,24577.05078125,VOLATILE_EXPANSION,MIXED,NO_TRADE,NO_TRADE,40,No valid setup — conditions not satisfied,,,Close below 24593.55 or above 24598.1 with VIX spike,ATR-based range: ±14.88,,,NO_TRADE,,0.0,0.0,,,LIVE,No trade warranted
2026-08-04 06:00:00,2026-08-04,NIFTY,24568.80078125,VOLATILE_EXPANSION,MIXED,NO_TRADE,NO_TRADE,40,No valid setup — conditions not satisfied,,,Close below 24588.7 or above 24593.7 with VIX spike,ATR-based range: ±4.85,,,NO_TRADE,,0.0,0.0,,,LIVE,No trade warranted
2026-08-04 06:05:00,2026-08-04,NIFTY,24571.05078125,VOLATILE_EXPANSION,MIXED,NO_TRADE,NO_TRADE,40,No valid setup — conditions not satisfied,,,Close below 24588.7 or above 24592.05 with VIX spike,ATR-based range: ±3.98,,,NO_TRADE,,0.0,0.0,,,LIVE,No trade warranted
2026-08-04 06:10:00,2026-08-04,NIFTY,24555.44921875,VOLATILE_EXPANSION,MIXED,NO_TRADE,NO_TRADE,40,No valid setup — conditions not satisfied,,,Close below 24585.75 or above 24588.55 with VIX spike,ATR-based range: ±2.58,,,NO_TRADE,,0.0,0.0,,,LIVE,No trade warranted
2026-08-04 06:15:00,2026-08-04,NIFTY,24532.80078125,VOLATILE_EXPANSION,MIXED,NO_TRADE,NO_TRADE,40,No valid setup — conditions not satisfied,,,Close below 24581.0 or above 24585.25 with VIX spike,ATR-based range: ±3.08,,,NO_TRADE,,0.0,0.0,,,LIVE,No trade warranted
2026-08-04 06:20:00,2026-08-04,NIFTY,24532.75,VOLATILE_EXPANSION,MIXED,NO_TRADE,NO_TRADE,40,No valid setup — conditions not satisfied,,,Close below 24578.7 or above 24579.55 with VIX spike,ATR-based range: ±4.70,,,NO_TRADE,,0.0,0.0,,,LIVE,No trade warranted
2026-08-04 06:25:00,2026-08-04,NIFTY,24524.150390625,VOLATILE_EXPANSION,MIXED,NO_TRADE,NO_TRADE,40,No valid setup — conditions not satisfied,,,Close below 24569.05 or above 24579.55 with VIX spike,ATR-based range: ±12.70,,,NO_TRADE,,0.0,0.0,,,LIVE,No trade warranted
2026-08-04 06:30:00,2026-08-04,NIFTY,24521.900390625,VOLATILE_EXPANSION,MIXED,NO_TRADE,NO_TRADE,40,No valid setup — conditions not satisfied,,,Close below 24569.05 or above 24571.85 with VIX spike,ATR-based range: ±9.70,,,NO_TRADE,,0.0,0.0,,,LIVE,No trade warranted
2026-08-04 06:35:00,2026-08-04,NIFTY,24506.349609375,VOLATILE_EXPANSION,MIXED,NO_TRADE,NO_TRADE,40,No valid setup — conditions not satisfied,,,Close below 24560.15 or above 24571.85 with VIX spike,ATR-based range: ±24.45,,,NO_TRADE,,0.0,0.0,,,LIVE,No trade warranted
2026-08-04 06:40:00,2026-08-04,NIFTY,24511.30078125,VOLATILE_EXPANSION,MIXED,NO_TRADE,NO_TRADE,40,No valid setup — conditions not satisfied,,,Close below 24560.15 or above 24571.85 with VIX spike,ATR-based range: ±24.45,,,NO_TRADE,,0.0,0.0,,,LIVE,No trade warranted
2026-08-04 06:45:00,2026-08-04,NIFTY,24519.75,VOLATILE_EXPANSION,MIXED,NO_TRADE,NO_TRADE,40,No valid setup — conditions not satisfied,,,Close below 24553.9 or above 24571.85 with VIX spike,ATR-based range: ±24.95,,,NO_TRADE,,0.0,0.0,,,LIVE,No trade warranted
2026-08-04 06:50:00,2026-08-04,NIFTY,24519.349609375,VOLATILE_EXPANSION,MIXED,NO_TRADE,NO_TRADE,40,No valid setup — conditions not satisfied,,,Close below 24553.9 or above 24557.5 with VIX spike,ATR-based range: ±21.45,,,NO_TRADE,,0.0,0.0,,,LIVE,No trade warranted
2026-08-04 06:55:00,2026-08-04,NIFTY,24515.69921875,VOLATILE_EXPANSION,MIXED,NO_TRADE,NO_TRADE,40,No valid setup — conditions not satisfied,,,Close below 24530.65 or above 24557.5 with VIX spike,ATR-based range: ±25.25,,,NO_TRADE,,0.0,0.0,,,LIVE,No trade warranted
2026-08-04 07:00:00,2026-08-04,NIFTY,24507.55078125,VOLATILE_EXPANSION,MIXED,NO_TRADE,NO_TRADE,40,No valid setup — conditions not satisfied,,,Close below 24530.65 or above 24557.5 with VIX spike,ATR-based range: ±25.25,,,NO_TRADE,,0.0,0.0,,,LIVE,No trade warranted
2026-08-04 07:05:00,2026-08-04,NIFTY,24503.25,VOLATILE_EXPANSION,MIXED,NO_TRADE,NO_TRADE,40,No valid setup — conditions not satisfied,,,Close below 24530.65 or above 24557.5 with VIX spike,ATR-based range: ±25.25,,,NO_TRADE,,0.0,0.0,,,LIVE,No trade warranted
2026-08-04 07:10:00,2026-08-04,NIFTY,24493.349609375,VOLATILE_EXPANSION,MIXED,NO_TRADE,NO_TRADE,40,No valid setup — conditions not satisfied,,,Close below 24530.65 or above 24557.5 with VIX spike,ATR-based range: ±25.25,,,NO_TRADE,,0.0,0.0,,,LIVE,No trade warranted
2026-08-04 07:15:00,2026-08-04,NIFTY,24503.30078125,VOLATILE_EXPANSION,MIXED,NO_TRADE,NO_TRADE,40,No valid setup — conditions not satisfied,,,Close below 24530.65 or above 24540.4 with VIX spike,ATR-based range: ±24.90,,,NO_TRADE,,0.0,0.0,,,LIVE,No trade warranted
2026-08-04 07:20:00,2026-08-04,NIFTY,24500.05078125,VOLATILE_EXPANSION,MIXED,NO_TRADE,NO_TRADE,40,No valid setup — conditions not satisfied,,,Close below 24530.65 or above 24535.8 with VIX spike,ATR-based range: ±17.73,,,NO_TRADE,,0.0,0.0,,,LIVE,No trade warranted
2026-08-04 07:25:00,2026-08-04,NIFTY,24491.75,VOLATILE_EXPANSION,MIXED,NO_TRADE,NO_TRADE,40,No valid setup — conditions not satisfied,,,Close below 24522.05 or above 24529.1 with VIX spike,ATR-based range: ±14.23,,,NO_TRADE,,0.0,0.0,,,LIVE,No trade warranted
2026-08-04 07:30:00,2026-08-04,NIFTY,24493.650390625,VOLATILE_EXPANSION,MIXED,NO_TRADE,NO_TRADE,40,No valid setup — conditions not satisfied,,,Close below 24522.05 or above 24523.6 with VIX spike,ATR-based range: ±6.20,,,NO_TRADE,,0.0,0.0,,,LIVE,No trade warranted
2026-08-04 07:35:00,2026-08-04,NIFTY,24483.69921875,VOLATILE_EXPANSION,MIXED,NO_TRADE,NO_TRADE,40,No valid setup — conditions not satisfied,,,Close below 24513.6 or above 24519.65 with VIX spike,ATR-based range: ±8.45,,,NO_TRADE,,0.0,0.0,,,LIVE,No trade warranted
2026-08-04 07:40:00,2026-08-04,NIFTY,24479.599609375,VOLATILE_EXPANSION,MIXED,NO_TRADE,NO_TRADE,40,No valid setup — conditions not satisfied,,,Close below 24511.95 or above 24519.65 with VIX spike,ATR-based range: ±9.02,,,NO_TRADE,,0.0,0.0,,,LIVE,No trade warranted
2026-08-04 07:45:00,2026-08-04,NIFTY,24482.05078125,VOLATILE_EXPANSION,MIXED,NO_TRADE,NO_TRADE,40,No valid setup — conditions not satisfied,,,Close below 24506.7 or above 24509.1 with VIX spike,ATR-based range: ±3.05,,,NO_TRADE,,0.0,0.0,,,LIVE,No trade warranted
2026-08-04 07:50:00,2026-08-04,NIFTY,24491.80078125,SIDEWAYS,NEUTRAL,NO_TRADE,NO_TRADE,30,No valid setup — conditions not satisfied,,,Breakout below 24505.55 or above 24506.15,Range: 24505.55 – 24506.15,,,NO_TRADE,,0.0,0.0,,,LIVE,No trade warranted
2026-08-04 07:55:00,2026-08-04,NIFTY,24471.19921875,SIDEWAYS,NEUTRAL,NO_TRADE,NO_TRADE,30,No valid setup — conditions not satisfied,,,Breakout below 24499.1 or above 24506.15,Range: 24499.1 – 24506.15,,,NO_TRADE,,0.0,0.0,,,LIVE,No trade warranted
2026-08-04 08:00:00,2026-08-04,NIFTY,24463.69921875,SIDEWAYS,NEUTRAL,NO_TRADE,NO_TRADE,30,No valid setup — conditions not satisfied,,,Breakout below 24499.1 or above 24500.65,Range: 24499.1 – 24500.65,,,NO_TRADE,,0.0,0.0,,,LIVE,No trade warranted
2026-08-04 08:05:00,2026-08-04,NIFTY,24468.19921875,SIDEWAYS,NEUTRAL,NO_TRADE,NO_TRADE,30,No valid setup — conditions not satisfied,,,Breakout below 24493.95 or above 24500.65,Range: 24493.95 – 24500.65,,,NO_TRADE,,0.0,0.0,,,LIVE,No trade warranted
2026-08-04 08:10:00,2026-08-04,NIFTY,24453.80078125,SIDEWAYS,NEUTRAL,NO_TRADE,NO_TRADE,30,No valid setup — conditions not satisfied,,,Breakout below 24491.6 or above 24493.45,Range: 24491.6 – 24493.45,,,NO_TRADE,,0.0,0.0,,,LIVE,No trade warranted
2026-08-04 08:15:00,2026-08-04,NIFTY,24465.44921875,SIDEWAYS,NEUTRAL,NO_TRADE,NO_TRADE,30,No valid setup — conditions not satisfied,,,Breakout below 24489.35 or above 24492.75,Range: 24489.35 – 24492.75,,,NO_TRADE,,0.0,0.0,,,LIVE,No trade warranted
2026-08-04 08:20:00,2026-08-04,NIFTY,24446.69921875,SIDEWAYS,NEUTRAL,NO_TRADE,NO_TRADE,30,No valid setup — conditions not satisfied,,,Breakout below 24483.25 or above 24487.95,Range: 24483.25 – 24487.95,,,NO_TRADE,,0.0,0.0,,,LIVE,No trade warranted
2026-08-04 08:25:00,2026-08-04,NIFTY,24448.900390625,SIDEWAYS,NEUTRAL,NO_TRADE,NO_TRADE,30,No valid setup — conditions not satisfied,,,Breakout below 24483.25 or above 24487.95,Range: 24483.25 – 24487.95,,,NO_TRADE,,0.0,0.0,,,LIVE,No trade warranted
2026-08-04 08:30:00,2026-08-04,NIFTY,24445.400390625,SIDEWAYS,NEUTRAL,NO_TRADE,NO_TRADE,30,No valid setup — conditions not satisfied,,,Breakout below 24477.35 or above 24487.95,Range: 24477.35 – 24487.95,,,NO_TRADE,,0.0,0.0,,,LIVE,No trade warranted
2026-08-04 08:35:00,2026-08-04,NIFTY,24450.19921875,SIDEWAYS,NEUTRAL,NO_TRADE,NO_TRADE,30,No valid setup — conditions not satisfied,,,Breakout below 24475.15 or above 24487.95,Range: 24475.15 – 24487.95,,,NO_TRADE,,0.0,0.0,,,LIVE,No trade warranted
2026-08-04 08:40:00,2026-08-04,NIFTY,24462.349609375,SIDEWAYS,NEUTRAL,NO_TRADE,NO_TRADE,30,No valid setup — conditions not satisfied,,,Breakout below 24474.1 or above 24487.95,Range: 24474.1 – 24487.95,,,NO_TRADE,,0.0,0.0,,,LIVE,No trade warranted
2026-08-04 08:45:00,2026-08-04,NIFTY,24486.0,SIDEWAYS,NEUTRAL,NO_TRADE,NO_TRADE,50,No valid setup — conditions not satisfied,,,Breakout below 24469.35 or above 24487.35,Range: 24469.35 – 24487.35,,,NO_TRADE,,0.0,0.0,,,LIVE,No trade warranted
2026-08-04 08:50:00,2026-08-04,NIFTY,24473.400390625,SIDEWAYS,NEUTRAL,NO_TRADE,NO_TRADE,30,No valid setup — conditions not satisfied,,,Breakout below 24469.35 or above 24474.0,Range: 24469.35 – 24474.0,,,NO_TRADE,,0.0,0.0,,,LIVE,No trade warranted
2026-08-04 08:55:00,2026-08-04,NIFTY,24470.5,SIDEWAYS,NEUTRAL,NO_TRADE,NO_TRADE,30,No valid setup — conditions not satisfied,,,Breakout below 24469.35 or above 24474.0,Range: 24469.35 – 24474.0,,,NO_TRADE,,0.0,0.0,,,LIVE,No trade warranted
2026-08-04 09:00:00,2026-08-04,NIFTY,24463.150390625,SIDEWAYS,NEUTRAL,NO_TRADE,NO_TRADE,30,No valid setup — conditions not satisfied,,,Breakout below 24469.35 or above 24470.85,Range: 24469.35 – 24470.85,,,NO_TRADE,,0.0,0.0,,,LIVE,No trade warranted
2026-08-04 09:05:00,2026-08-04,NIFTY,24463.30078125,SIDEWAYS,NEUTRAL,NO_TRADE,NO_TRADE,30,No valid setup — conditions not satisfied,,,Breakout below 24463.8 or above 24468.45,Range: 24463.8 – 24468.45,,,NO_TRADE,,0.0,0.0,,,LIVE,No trade warranted
2026-08-04 09:10:00,2026-08-04,NIFTY,24456.650390625,SIDEWAYS,NEUTRAL,NO_TRADE,NO_TRADE,30,No valid setup — conditions not satisfied,,,Breakout below 24463.8 or above 24467.45,Range: 24463.8 – 24467.45,,,NO_TRADE,,0.0,0.0,,,LIVE,No trade warranted
2026-08-04 09:15:00,2026-08-04,NIFTY,24469.19921875,SIDEWAYS,NEUTRAL,NO_TRADE,NO_TRADE,30,No valid setup — conditions not satisfied,,,Breakout below 24463.8 or above 24467.45,Range: 24463.8 – 24467.45,,,NO_TRADE,,0.0,0.0,,,LIVE,No trade warranted
2026-08-04 09:20:00,2026-08-04,NIFTY,24474.80078125,VOLATILE_EXPANSION,MIXED,NO_TRADE,NO_TRADE,40,No valid setup — conditions not satisfied,,,Close below 24463.8 or above 24467.45 with VIX spike,ATR-based range: ±4.00,,,NO_TRADE,,0.0,0.0,,,LIVE,No trade warranted
2026-08-04 09:25:00,2026-08-04,NIFTY,24465.849609375,SIDEWAYS,NEUTRAL,NO_TRADE,NO_TRADE,30,No valid setup — conditions not satisfied,,,Breakout below 24463.8 or above 24467.45,Range: 24463.8 – 24467.45,,,NO_TRADE,,0.0,0.0,,,LIVE,No trade warranted
2026-08-04 09:30:00,2026-08-04,NIFTY,24450.349609375,SIDEWAYS,NEUTRAL,NO_TRADE,NO_TRADE,30,No valid setup — conditions not satisfied,,,Breakout below 24461.1 or above 24463.3,Range: 24461.1 – 24463.3,,,NO_TRADE,,0.0,0.0,,,LIVE,No trade warranted
2026-08-04 09:35:00,2026-08-04,NIFTY,24452.30078125,SIDEWAYS,NEUTRAL,NO_TRADE,NO_TRADE,30,No valid setup — conditions not satisfied,,,Breakout below 24461.1 or above 24463.3,Range: 24461.1 – 24463.3,,,NO_TRADE,,0.0,0.0,,,LIVE,No trade warranted
2026-08-04 09:40:00,2026-08-04,NIFTY,24462.94921875,SIDEWAYS,NEUTRAL,NO_TRADE,NO_TRADE,30,No valid setup — conditions not satisfied,,,Breakout below 24461.1 or above 24463.3,Range: 24461.1 – 24463.3,,,NO_TRADE,,0.0,0.0,,,LIVE,No trade warranted
2026-08-04 09:45:00,2026-08-04,NIFTY,24463.44921875,SIDEWAYS,NEUTRAL,NO_TRADE,NO_TRADE,30,No valid setup — conditions not satisfied,,,Breakout below 24461.1 or above 24463.3,Range: 24461.1 – 24463.3,,,NO_TRADE,,0.0,0.0,,,LIVE,No trade warranted
2026-08-04 09:50:00,2026-08-04,NIFTY,24463.44921875,SIDEWAYS,NEUTRAL,NO_TRADE,NO_TRADE,30,No valid setup — conditions not satisfied,,,Breakout below 24461.1 or above 24463.3,Range: 24461.1 – 24463.3,,,NO_TRADE,,0.0,0.0,,,LIVE,No trade warranted
2026-08-04 09:55:00,2026-08-04,NIFTY,24614.900390625,SIDEWAYS,NEUTRAL,NO_TRADE,NO_TRADE,30,No valid setup — conditions not satisfied,,,Breakout below 24465.9 or above 24471.5,Range: 24465.9 – 24471.5,,,NO_TRADE,,0.0,0.0,,,LIVE,No trade warranted
2026-08-05 03:45:00,2026-08-05,NIFTY,24635.19921875,SIDEWAYS,NEUTRAL,NO_TRADE,NO_TRADE,50,No valid setup — conditions not satisfied,,,Breakout below — or above —,Range: — – —,,,NO_TRADE,,0.0,0.0,,,LIVE,No trade warranted
2026-08-05 03:50:00,2026-08-05,NIFTY,24625.30078125,SIDEWAYS,NEUTRAL,NO_TRADE,NO_TRADE,50,No valid setup — conditions not satisfied,,,Breakout below — or above —,Range: — – —,,,NO_TRADE,,0.0,0.0,,,LIVE,No trade warranted
2026-08-05 03:55:00,2026-08-05,NIFTY,24621.44921875,SIDEWAYS,NEUTRAL,NO_TRADE,NO_TRADE,50,No valid setup — conditions not satisfied,,,Breakout below — or above —,Range: — – —,,,NO_TRADE,,0.0,0.0,,,LIVE,No trade warranted
2026-08-05 04:00:00,2026-08-05,NIFTY,24611.05078125,SIDEWAYS,NEUTRAL,NO_TRADE,NO_TRADE,50,No valid setup — conditions not satisfied,,,Breakout below — or above —,Range: — – —,,,NO_TRADE,,0.0,0.0,,,LIVE,No trade warranted
2026-08-05 04:05:00,2026-08-05,NIFTY,24622.05078125,SIDEWAYS,NEUTRAL,NO_TRADE,NO_TRADE,50,No valid setup — conditions not satisfied,,,Breakout below — or above —,Range: — – —,,,NO_TRADE,,0.0,0.0,,,LIVE,No trade warranted
2026-08-05 04:10:00,2026-08-05,NIFTY,24627.94921875,SIDEWAYS,NEUTRAL,NO_TRADE,NO_TRADE,50,No valid setup — conditions not satisfied,,,Breakout below — or above —,Range: — – —,,,NO_TRADE,,0.0,0.0,,,LIVE,No trade warranted
2026-08-05 04:15:00,2026-08-05,NIFTY,24628.349609375,SIDEWAYS,NEUTRAL,NO_TRADE,NO_TRADE,50,No valid setup — conditions not satisfied,,,Breakout below — or above —,Range: — – —,,,NO_TRADE,,0.0,0.0,,,LIVE,No trade warranted
2026-08-05 04:20:00,2026-08-05,NIFTY,24591.19921875,SIDEWAYS,NEUTRAL,NO_TRADE,NO_TRADE,50,No valid setup — conditions not satisfied,,,Breakout below — or above —,Range: — – —,,,NO_TRADE,,0.0,0.0,,,LIVE,No trade warranted
2026-08-05 04:25:00,2026-08-05,NIFTY,24594.05078125,SIDEWAYS,NEUTRAL,NO_TRADE,NO_TRADE,50,No valid setup — conditions not satisfied,,,Breakout below — or above —,Range: — – —,,,NO_TRADE,,0.0,0.0,,,LIVE,No trade warranted
2026-08-05 04:30:00,2026-08-05,NIFTY,24612.0,SIDEWAYS,NEUTRAL,NO_TRADE,NO_TRADE,50,No valid setup — conditions not satisfied,,,Breakout below — or above —,Range: — – —,,,NO_TRADE,,0.0,0.0,,,LIVE,No trade warranted
2026-08-05 04:35:00,2026-08-05,NIFTY,24605.900390625,SIDEWAYS,NEUTRAL,NO_TRADE,NO_TRADE,50,No valid setup — conditions not satisfied,,,Breakout below — or above —,Range: — – —,,,NO_TRADE,,0.0,0.0,,,LIVE,No trade warranted
2026-08-05 04:40:00,2026-08-05,NIFTY,24620.900390625,SIDEWAYS,NEUTRAL,NO_TRADE,NO_TRADE,50,No valid setup — conditions not satisfied,,,Breakout below — or above —,Range: — – —,,,NO_TRADE,,0.0,0.0,,,LIVE,No trade warranted
2026-08-05 04:45:00,2026-08-05,NIFTY,24611.80078125,SIDEWAYS,NEUTRAL,NO_TRADE,NO_TRADE,50,No valid setup — conditions not satisfied,,,Breakout below — or above —,Range: — – —,,,NO_TRADE,,0.0,0.0,,,LIVE,No trade warranted
2026-08-05 04:50:00,2026-08-05,NIFTY,24615.900390625,SIDEWAYS,NEUTRAL,NO_TRADE,NO_TRADE,50,No valid setup — conditions not satisfied,,,Breakout below — or above —,Range: — – —,,,NO_TRADE,,0.0,0.0,,,LIVE,No trade warranted
2026-08-05 04:55:00,2026-08-05,NIFTY,24582.400390625,VOLATILE_EXPANSION,MIXED,NO_TRADE,NO_TRADE,40,No valid setup — conditions not satisfied,,,Close below — or above — with VIX spike,ATR-based range: ±0.00,,,NO_TRADE,,0.0,0.0,,,LIVE,No trade warranted
2026-08-05 05:00:00,2026-08-05,NIFTY,24580.05078125,VOLATILE_EXPANSION,MIXED,NO_TRADE,NO_TRADE,40,No valid setup — conditions not satisfied,,,Close below — or above — with VIX spike,ATR-based range: ±0.00,,,NO_TRADE,,0.0,0.0,,,LIVE,No trade warranted
2026-08-05 05:05:00,2026-08-05,NIFTY,24581.650390625,SIDEWAYS,NEUTRAL,NO_TRADE,NO_TRADE,50,No valid setup — conditions not satisfied,,,Breakout below — or above —,Range: — – —,,,NO_TRADE,,0.0,0.0,,,LIVE,No trade warranted
2026-08-05 05:10:00,2026-08-05,NIFTY,24594.400390625,SIDEWAYS,NEUTRAL,NO_TRADE,NO_TRADE,50,No valid setup — conditions not satisfied,,,Breakout below — or above —,Range: — – —,,,NO_TRADE,,0.0,0.0,,,LIVE,No trade warranted
2026-08-05 05:15:00,2026-08-05,NIFTY,24609.400390625,SIDEWAYS,NEUTRAL,NO_TRADE,NO_TRADE,50,No valid setup — conditions not satisfied,,,Breakout below — or above —,Range: — – —,,,NO_TRADE,,0.0,0.0,,,LIVE,No trade warranted
2026-08-05 05:20:00,2026-08-05,NIFTY,24617.19921875,SIDEWAYS,NEUTRAL,NO_TRADE,NO_TRADE,50,No valid setup — conditions not satisfied,,,Breakout below 24605.6 or above 24610.4,Range: 24605.6 – 24610.4,,,NO_TRADE,,0.0,0.0,,,LIVE,No trade warranted
2026-08-05 05:25:00,2026-08-05,NIFTY,24643.05078125,SIDEWAYS,NEUTRAL,NO_TRADE,NO_TRADE,50,No valid setup — conditions not satisfied,,,Breakout below 24605.6 or above 24610.4,Range: 24605.6 – 24610.4,,,NO_TRADE,,0.0,0.0,,,LIVE,No trade warranted
2026-08-05 05:30:00,2026-08-05,NIFTY,24648.30078125,SIDEWAYS,NEUTRAL,NO_TRADE,NO_TRADE,50,No valid setup — conditions not satisfied,,,Breakout below 24605.6 or above 24614.75,Range: 24605.6 – 24614.75,,,NO_TRADE,,0.0,0.0,,,LIVE,No trade warranted
2026-08-05 05:35:00,2026-08-05,NIFTY,24626.19921875,SIDEWAYS,NEUTRAL,NO_TRADE,NO_TRADE,50,No valid setup — conditions not satisfied,,,Breakout below 24605.6 or above 24614.75,Range: 24605.6 – 24614.75,,,NO_TRADE,,0.0,0.0,,,LIVE,No trade warranted
2026-08-05 05:40:00,2026-08-05,NIFTY,24631.400390625,SIDEWAYS,NEUTRAL,NO_TRADE,NO_TRADE,50,No valid setup — conditions not satisfied,,,Breakout below 24605.35 or above 24614.75,Range: 24605.35 – 24614.75,,,NO_TRADE,,0.0,0.0,,,LIVE,No trade warranted
2026-08-05 05:45:00,2026-08-05,NIFTY,24623.05078125,SIDEWAYS,NEUTRAL,NO_TRADE,NO_TRADE,50,No valid setup — conditions not satisfied,,,Breakout below 24605.35 or above 24614.75,Range: 24605.35 – 24614.75,,,NO_TRADE,,0.0,0.0,,,LIVE,No trade warranted
2026-08-05 05:50:00,2026-08-05,NIFTY,24619.599609375,SIDEWAYS,NEUTRAL,NO_TRADE,NO_TRADE,50,No valid setup — conditions not satisfied,,,Breakout below 24605.35 or above 24614.75,Range: 24605.35 – 24614.75,,,NO_TRADE,,0.0,0.0,,,LIVE,No trade warranted
2026-08-05 05:55:00,2026-08-05,NIFTY,24611.25,SIDEWAYS,NEUTRAL,NO_TRADE,NO_TRADE,50,No valid setup — conditions not satisfied,,,Breakout below 24608.0 or above 24614.75,Range: 24608.0 – 24614.75,,,NO_TRADE,,0.0,0.0,,,LIVE,No trade warranted
2026-08-05 06:00:00,2026-08-05,NIFTY,24590.099609375,SIDEWAYS,NEUTRAL,NO_TRADE,NO_TRADE,50,No valid setup — conditions not satisfied,,,Breakout below 24608.0 or above 24612.25,Range: 24608.0 – 24612.25,,,NO_TRADE,,0.0,0.0,,,LIVE,No trade warranted
2026-08-05 06:05:00,2026-08-05,NIFTY,24598.19921875,SIDEWAYS,NEUTRAL,NO_TRADE,NO_TRADE,50,No valid setup — conditions not satisfied,,,Breakout below 24608.0 or above 24612.25,Range: 24608.0 – 24612.25,,,NO_TRADE,,0.0,0.0,,,LIVE,No trade warranted
2026-08-05 06:10:00,2026-08-05,NIFTY,24594.400390625,SIDEWAYS,NEUTRAL,NO_TRADE,NO_TRADE,50,No valid setup — conditions not satisfied,,,Breakout below 24608.0 or above 24610.4,Range: 24608.0 – 24610.4,,,NO_TRADE,,0.0,0.0,,,LIVE,No trade warranted
2026-08-05 06:15:00,2026-08-05,NIFTY,24584.25,SIDEWAYS,NEUTRAL,NO_TRADE,NO_TRADE,50,No valid setup — conditions not satisfied,,,Breakout below 24608.0 or above 24610.4,Range: 24608.0 – 24610.4,,,NO_TRADE,,0.0,0.0,,,LIVE,No trade warranted
2026-08-05 06:20:00,2026-08-05,NIFTY,24574.30078125,SIDEWAYS,NEUTRAL,NO_TRADE,NO_TRADE,50,No valid setup — conditions not satisfied,,,Breakout below 24604.7 or above 24610.4,Range: 24604.7 – 24610.4,,,NO_TRADE,,0.0,0.0,,,LIVE,No trade warranted
2026-08-05 06:25:00,2026-08-05,NIFTY,24570.94921875,SIDEWAYS,NEUTRAL,NO_TRADE,NO_TRADE,50,No valid setup — conditions not satisfied,,,Breakout below 24604.7 or above 24605.05,Range: 24604.7 – 24605.05,,,NO_TRADE,,0.0,0.0,,,LIVE,No trade warranted
2026-08-05 06:30:00,2026-08-05,NIFTY,24575.599609375,VOLATILE_EXPANSION,MIXED,NO_TRADE,NO_TRADE,40,No valid setup — conditions not satisfied,,,Close below 24593.9 or above 24605.05 with VIX spike,ATR-based range: ±11.50,,,NO_TRADE,,0.0,0.0,,,LIVE,No trade warranted
2026-08-05 06:35:00,2026-08-05,NIFTY,24576.5,VOLATILE_EXPANSION,MIXED,NO_TRADE,NO_TRADE,40,No valid setup — conditions not satisfied,,,Close below 24593.9 or above 24605.05 with VIX spike,ATR-based range: ±11.50,,,NO_TRADE,,0.0,0.0,,,LIVE,No trade warranted
2026-08-05 06:40:00,2026-08-05,NIFTY,24573.599609375,VOLATILE_EXPANSION,MIXED,NO_TRADE,NO_TRADE,40,No valid setup — conditions not satisfied,,,Close below 24593.9 or above 24605.05 with VIX spike,ATR-based range: ±11.50,,,NO_TRADE,,0.0,0.0,,,LIVE,No trade warranted
2026-08-05 06:45:00,2026-08-05,NIFTY,24566.849609375,VOLATILE_EXPANSION,MIXED,NO_TRADE,NO_TRADE,40,No valid setup — conditions not satisfied,,,Close below 24593.9 or above 24605.05 with VIX spike,ATR-based range: ±11.50,,,NO_TRADE,,0.0,0.0,,,LIVE,No trade warranted
2026-08-05 06:50:00,2026-08-05,NIFTY,24571.94921875,VOLATILE_EXPANSION,MIXED,NO_TRADE,NO_TRADE,40,No valid setup — conditions not satisfied,,,Close below 24593.9 or above 24601.1 with VIX spike,ATR-based range: ±11.50,,,NO_TRADE,,0.0,0.0,,,LIVE,No trade warranted
2026-08-05 06:55:00,2026-08-05,NIFTY,24566.900390625,VOLATILE_EXPANSION,MIXED,NO_TRADE,NO_TRADE,40,No valid setup — conditions not satisfied,,,Close below 24589.85 or above 24599.3 with VIX spike,ATR-based range: ±12.88,,,NO_TRADE,,0.0,0.0,,,LIVE,No trade warranted
2026-08-05 07:00:00,2026-08-05,NIFTY,24543.849609375,VOLATILE_EXPANSION,MIXED,NO_TRADE,NO_TRADE,40,No valid setup — conditions not satisfied,,,Close below 24589.85 or above 24595.75 with VIX spike,ATR-based range: ±7.30,,,NO_TRADE,,0.0,0.0,,,LIVE,No trade warranted
2026-08-05 07:05:00,2026-08-05,NIFTY,24540.05078125,VOLATILE_EXPANSION,MIXED,NO_TRADE,NO_TRADE,40,No valid setup — conditions not satisfied,,,Close below 24589.25 or above 24595.75 with VIX spike,ATR-based range: ±9.02,,,NO_TRADE,,0.0,0.0,,,LIVE,No trade warranted
2026-08-05 07:10:00,2026-08-05,NIFTY,24532.05078125,VOLATILE_EXPANSION,MIXED,NO_TRADE,NO_TRADE,40,No valid setup — conditions not satisfied,,,Close below 24583.05 or above 24584.95 with VIX spike,ATR-based range: ±14.95,,,NO_TRADE,,0.0,0.0,,,LIVE,No trade warranted
2026-08-05 07:15:00,2026-08-05,NIFTY,24523.69921875,VOLATILE_EXPANSION,MIXED,NO_TRADE,NO_TRADE,40,No valid setup — conditions not satisfied,,,Close below 24571.9 or above 24578.6 with VIX spike,ATR-based range: ±5.88,,,NO_TRADE,,0.0,0.0,,,LIVE,No trade warranted
2026-08-05 07:20:00,2026-08-05,NIFTY,24522.650390625,VOLATILE_EXPANSION,MIXED,NO_TRADE,NO_TRADE,40,No valid setup — conditions not satisfied,,,Close below 24571.9 or above 24575.85 with VIX spike,ATR-based range: ±4.10,,,NO_TRADE,,0.0,0.0,,,LIVE,No trade warranted
2026-08-05 07:25:00,2026-08-05,NIFTY,24516.099609375,VOLATILE_EXPANSION,MIXED,NO_TRADE,NO_TRADE,40,No valid setup — conditions not satisfied,,,Close below 24566.3 or above 24568.3 with VIX spike,ATR-based range: ±6.03,,,NO_TRADE,,0.0,0.0,,,LIVE,No trade warranted
2026-08-05 07:30:00,2026-08-05,NIFTY,24530.80078125,VOLATILE_EXPANSION,MIXED,NO_TRADE,NO_TRADE,40,No valid setup — conditions not satisfied,,,Close below 24561.75 or above 24568.3 with VIX spike,ATR-based range: ±17.05,,,NO_TRADE,,0.0,0.0,,,LIVE,No trade warranted
2026-08-05 07:35:00,2026-08-05,NIFTY,24536.19921875,VOLATILE_EXPANSION,MIXED,NO_TRADE,NO_TRADE,40,No valid setup — conditions not satisfied,,,Close below 24542.05 or above 24568.3 with VIX spike,ATR-based range: ±25.10,,,NO_TRADE,,0.0,0.0,,,LIVE,No trade warranted
2026-08-05 07:40:00,2026-08-05,NIFTY,24535.05078125,VOLATILE_EXPANSION,MIXED,NO_TRADE,NO_TRADE,40,No valid setup — conditions not satisfied,,,Close below 24542.05 or above 24568.3 with VIX spike,ATR-based range: ±25.10,,,NO_TRADE,,0.0,0.0,,,LIVE,No trade warranted
2026-08-05 07:45:00,2026-08-05,NIFTY,24547.25,VOLATILE_EXPANSION,MIXED,NO_TRADE,NO_TRADE,40,No valid setup — conditions not satisfied,,,Close below 24542.05 or above 24568.3 with VIX spike,ATR-based range: ±23.03,,,NO_TRADE,,0.0,0.0,,,LIVE,No trade warranted
2026-08-05 07:50:00,2026-08-05,NIFTY,24526.0,SIDEWAYS_TO_BEARISH,MILD_BEARISH,MILD_DIRECTIONAL,CONDITIONAL,40,Conditional — requires breakout above 24559.3 or breakdown below 24542.05,2026-08-05 07:55:00,24528.69921875,Close above 24568.3 invalidates bearish view,S1 24542.05 – S2 24530.55,2026-08-12 03:45:00,24390.900390625,LOSS,-0.5508,223.803,-5.7384,5,9835,LIVE,Invalidation reached before target
2026-08-05 07:55:00,2026-08-05,NIFTY,24528.69921875,SIDEWAYS,NEUTRAL,NO_TRADE,NO_TRADE,30,No valid setup — conditions not satisfied,,,Breakout below 24542.05 or above 24548.5,Range: 24542.05 – 24548.5,,,NO_TRADE,,0.0,0.0,,,LIVE,No trade warranted
2026-08-05 08:00:00,2026-08-05,NIFTY,24520.05078125,SIDEWAYS,NEUTRAL,NO_TRADE,NO_TRADE,30,No valid setup — conditions not satisfied,,,Breakout below 24542.05 or above 24545.3,Range: 24542.05 – 24545.3,,,NO_TRADE,,0.0,0.0,,,LIVE,No trade warranted
2026-08-05 08:05:00,2026-08-05,NIFTY,24520.5,SIDEWAYS_TO_BEARISH,MILD_BEARISH,MILD_DIRECTIONAL,CONDITIONAL,40,Conditional — requires breakout above 24545.3 or breakdown below 24542.05,2026-08-05 08:10:00,24503.150390625,Close above 24545.65 invalidates bearish view,S1 24542.05 – S2 24530.55,2026-08-12 03:45:00,24390.900390625,LOSS,-0.5285,223.8756,-5.7173,5,9820,LIVE,Invalidation reached before target
2026-08-05 08:10:00,2026-08-05,NIFTY,24503.150390625,SIDEWAYS_TO_BEARISH,MILD_BEARISH,MILD_DIRECTIONAL,CONDITIONAL,40,Conditional — requires breakout above 24540.1 or breakdown below 24530.55,2026-08-05 08:15:00,24527.599609375,Close above 24545.3 invalidates bearish view,S1 24530.55 – S2 24530.1,2026-08-12 04:25:00,24376.55078125,LOSS,-0.5167,224.1049,-5.6505,5,9855,LIVE,Invalidation reached before target
2026-08-05 08:15:00,2026-08-05,NIFTY,24527.599609375,SIDEWAYS,NEUTRAL,NO_TRADE,NO_TRADE,30,No valid setup — conditions not satisfied,,,Breakout below 24530.55 or above 24536.9,Range: 24530.55 – 24536.9,,,NO_TRADE,,0.0,0.0,,,LIVE,No trade warranted
2026-08-05 08:20:00,2026-08-05,NIFTY,24517.25,SIDEWAYS,NEUTRAL,NO_TRADE,NO_TRADE,30,No valid setup — conditions not satisfied,,,Breakout below 24530.55 or above 24534.6,Range: 24530.55 – 24534.6,,,NO_TRADE,,0.0,0.0,,,LIVE,No trade warranted
2026-08-05 08:25:00,2026-08-05,NIFTY,24514.55078125,SIDEWAYS,NEUTRAL,NO_TRADE,NO_TRADE,30,No valid setup — conditions not satisfied,,,Breakout below 24530.55 or above 24532.05,Range: 24530.55 – 24532.05,,,NO_TRADE,,0.0,0.0,,,LIVE,No trade warranted
2026-08-05 08:30:00,2026-08-05,NIFTY,24524.80078125,SIDEWAYS,NEUTRAL,NO_TRADE,NO_TRADE,30,No valid setup — conditions not satisfied,,,Breakout below 24525.95 or above 24532.05,Range: 24525.95 – 24532.05,,,NO_TRADE,,0.0,0.0,,,LIVE,No trade warranted
2026-08-05 08:35:00,2026-08-05,NIFTY,24523.44921875,SIDEWAYS,NEUTRAL,NO_TRADE,NO_TRADE,30,No valid setup — conditions not satisfied,,,Breakout below 24525.95 or above 24526.85,Range: 24525.95 – 24526.85,,,NO_TRADE,,0.0,0.0,,,LIVE,No trade warranted
2026-08-05 08:40:00,2026-08-05,NIFTY,24513.650390625,SIDEWAYS,NEUTRAL,NO_TRADE,NO_TRADE,30,No valid setup — conditions not satisfied,,,Breakout below 24522.95 or above 24526.1,Range: 24522.95 – 24526.1,,,NO_TRADE,,0.0,0.0,,,LIVE,No trade warranted
2026-08-05 08:45:00,2026-08-05,NIFTY,24507.44921875,SIDEWAYS_TO_BEARISH,MILD_BEARISH,MILD_DIRECTIONAL,CONDITIONAL,40,Conditional — requires breakout above 24526.1 or breakdown below 24522.95,2026-08-05 08:50:00,24505.349609375,Close above 24526.85 invalidates bearish view,S1 24522.95 – S2 24522.25,2026-08-12 04:25:00,24376.55078125,LOSS,-0.5341,224.0481,-5.6671,5,9820,LIVE,Invalidation reached before target
2026-08-05 08:50:00,2026-08-05,NIFTY,24505.349609375,SIDEWAYS_TO_BEARISH,MILD_BEARISH,MILD_DIRECTIONAL,CONDITIONAL,40,Conditional — requires breakout above 24526.1 or breakdown below 24520.7,2026-08-05 08:55:00,24504.5,Close above 24526.85 invalidates bearish view,S1 24520.7 – S2 24519.25,2026-08-12 04:25:00,24376.55078125,LOSS,-0.5256,224.0759,-5.659,5,9815,LIVE,Invalidation reached before target
2026-08-05 08:55:00,2026-08-05,NIFTY,24504.5,SIDEWAYS_TO_BEARISH,MILD_BEARISH,MILD_DIRECTIONAL,CONDITIONAL,40,Conditional — requires breakout above 24521.45 or breakdown below 24519.25,2026-08-05 09:00:00,24505.099609375,Close above 24526.1 invalidates bearish view,S1 24519.25 – S2 24517.65,2026-08-12 04:25:00,24376.55078125,LOSS,-0.5221,224.0871,-5.6557,5,9810,LIVE,Invalidation reached before target
2026-08-05 09:00:00,2026-08-05,NIFTY,24505.099609375,SIDEWAYS_TO_BEARISH,MILD_BEARISH,MILD_DIRECTIONAL,CONDITIONAL,40,Conditional — requires breakout above 24521.45 or breakdown below 24519.25,2026-08-05 09:05:00,24516.349609375,Close above 24526.85 invalidates bearish view,S1 24519.25 – S2 24516.9,2026-08-12 04:25:00,24376.55078125,LOSS,-0.5246,224.0792,-5.658,5,9805,LIVE,Invalidation reached before target
2026-08-05 09:05:00,2026-08-05,NIFTY,24516.349609375,SIDEWAYS,NEUTRAL,NO_TRADE,NO_TRADE,30,No valid setup — conditions not satisfied,,,Breakout below 24519.25 or above 24521.45,Range: 24519.25 – 24521.45,,,NO_TRADE,,0.0,0.0,,,LIVE,No trade warranted
2026-08-05 09:10:00,2026-08-05,NIFTY,24505.69921875,SIDEWAYS,NEUTRAL,NO_TRADE,NO_TRADE,30,No valid setup — conditions not satisfied,,,Breakout below 24516.9 or above 24520.35,Range: 24516.9 – 24520.35,,,NO_TRADE,,0.0,0.0,,,LIVE,No trade warranted
2026-08-05 09:15:00,2026-08-05,NIFTY,24517.05078125,SIDEWAYS,NEUTRAL,NO_TRADE,NO_TRADE,30,No valid setup — conditions not satisfied,,,Breakout below 24516.9 or above 24520.35,Range: 24516.9 – 24520.35,,,NO_TRADE,,0.0,0.0,,,LIVE,No trade warranted
2026-08-05 09:20:00,2026-08-05,NIFTY,24511.25,SIDEWAYS,NEUTRAL,NO_TRADE,NO_TRADE,30,No valid setup — conditions not satisfied,,,Breakout below 24516.9 or above 24517.45,Range: 24516.9 – 24517.45,,,NO_TRADE,,0.0,0.0,,,LIVE,No trade warranted
2026-08-05 09:25:00,2026-08-05,NIFTY,24524.19921875,SIDEWAYS,NEUTRAL,NO_TRADE,NO_TRADE,50,No valid setup — conditions not satisfied,,,Breakout below 24515.75 or above 24516.75,Range: 24515.75 – 24516.75,,,NO_TRADE,,0.0,0.0,,,LIVE,No trade warranted
2026-08-05 09:30:00,2026-08-05,NIFTY,24532.44921875,SIDEWAYS,NEUTRAL,NO_TRADE,NO_TRADE,50,No valid setup — conditions not satisfied,,,Breakout below 24515.75 or above 24516.75,Range: 24515.75 – 24516.75,,,NO_TRADE,,0.0,0.0,,,LIVE,No trade warranted
2026-08-05 09:35:00,2026-08-05,NIFTY,24540.099609375,VOLATILE_EXPANSION,MIXED,NO_TRADE,NO_TRADE,40,No valid setup — conditions not satisfied,,,Close below 24515.6 or above 24516.75 with VIX spike,ATR-based range: ±2.43,,,NO_TRADE,,0.0,0.0,,,LIVE,No trade warranted
2026-08-05 09:40:00,2026-08-05,NIFTY,24572.25,SIDEWAYS,NEUTRAL,NO_TRADE,NO_TRADE,30,No valid setup — conditions not satisfied,,,Breakout below 24518.6 or above 24520.35,Range: 24518.6 – 24520.35,,,NO_TRADE,,0.0,0.0,,,LIVE,No trade warranted
2026-08-05 09:45:00,2026-08-05,NIFTY,24570.19921875,SIDEWAYS,NEUTRAL,NO_TRADE,NO_TRADE,30,No valid setup — conditions not satisfied,,,Breakout below 24518.6 or above 24526.85,Range: 24518.6 – 24526.85,,,NO_TRADE,,0.0,0.0,,,LIVE,No trade warranted
2026-08-05 09:50:00,2026-08-05,NIFTY,24570.19921875,SIDEWAYS,NEUTRAL,NO_TRADE,NO_TRADE,30,No valid setup — conditions not satisfied,,,Breakout below 24522.25 or above 24526.85,Range: 24522.25 – 24526.85,,,NO_TRADE,,0.0,0.0,,,LIVE,No trade warranted
2026-08-05 09:55:00,2026-08-05,NIFTY,24624.650390625,SIDEWAYS,NEUTRAL,NO_TRADE,NO_TRADE,30,No valid setup — conditions not satisfied,,,Breakout below 24528.5 or above 24530.8,Range: 24528.5 – 24530.8,,,NO_TRADE,,0.0,0.0,,,LIVE,No trade warranted
2026-08-06 03:45:00,2026-08-06,NIFTY,24625.94921875,SIDEWAYS,NEUTRAL,NO_TRADE,NO_TRADE,50,No valid setup — conditions not satisfied,,,Breakout below — or above —,Range: — – —,,,NO_TRADE,,0.0,0.0,,,LIVE,No trade warranted
2026-08-06 03:50:00,2026-08-06,NIFTY,24637.5,SIDEWAYS,NEUTRAL,NO_TRADE,NO_TRADE,50,No valid setup — conditions not satisfied,,,Breakout below — or above —,Range: — – —,,,NO_TRADE,,0.0,0.0,,,LIVE,No trade warranted
2026-08-06 03:55:00,2026-08-06,NIFTY,24635.25,SIDEWAYS,NEUTRAL,NO_TRADE,NO_TRADE,50,No valid setup — conditions not satisfied,,,Breakout below — or above —,Range: — – —,,,NO_TRADE,,0.0,0.0,,,LIVE,No trade warranted
2026-08-06 04:00:00,2026-08-06,NIFTY,24624.55078125,SIDEWAYS,NEUTRAL,NO_TRADE,NO_TRADE,50,No valid setup — conditions not satisfied,,,Breakout below — or above —,Range: — – —,,,NO_TRADE,,0.0,0.0,,,LIVE,No trade warranted
2026-08-06 04:05:00,2026-08-06,NIFTY,24632.94921875,SIDEWAYS,NEUTRAL,NO_TRADE,NO_TRADE,50,No valid setup — conditions not satisfied,,,Breakout below — or above —,Range: — – —,,,NO_TRADE,,0.0,0.0,,,LIVE,No trade warranted
2026-08-06 04:10:00,2026-08-06,NIFTY,24645.150390625,SIDEWAYS,NEUTRAL,NO_TRADE,NO_TRADE,50,No valid setup — conditions not satisfied,,,Breakout below — or above —,Range: — – —,,,NO_TRADE,,0.0,0.0,,,LIVE,No trade warranted
2026-08-06 04:15:00,2026-08-06,NIFTY,24659.650390625,SIDEWAYS,NEUTRAL,NO_TRADE,NO_TRADE,50,No valid setup — conditions not satisfied,,,Breakout below — or above —,Range: — – —,,,NO_TRADE,,0.0,0.0,,,LIVE,No trade warranted
2026-08-06 04:20:00,2026-08-06,NIFTY,24662.30078125,SIDEWAYS,NEUTRAL,NO_TRADE,NO_TRADE,50,No valid setup — conditions not satisfied,,,Breakout below — or above —,Range: — – —,,,NO_TRADE,,0.0,0.0,,,LIVE,No trade warranted
2026-08-06 04:25:00,2026-08-06,NIFTY,24636.349609375,SIDEWAYS,NEUTRAL,NO_TRADE,NO_TRADE,50,No valid setup — conditions not satisfied,,,Breakout below — or above —,Range: — – —,,,NO_TRADE,,0.0,0.0,,,LIVE,No trade warranted
2026-08-06 04:30:00,2026-08-06,NIFTY,24614.55078125,SIDEWAYS,NEUTRAL,NO_TRADE,NO_TRADE,50,No valid setup — conditions not satisfied,,,Breakout below — or above —,Range: — – —,,,NO_TRADE,,0.0,0.0,,,LIVE,No trade warranted
2026-08-06 04:35:00,2026-08-06,NIFTY,24620.69921875,SIDEWAYS,NEUTRAL,NO_TRADE,NO_TRADE,50,No valid setup — conditions not satisfied,,,Breakout below — or above —,Range: — – —,,,NO_TRADE,,0.0,0.0,,,LIVE,No trade warranted
2026-08-06 04:40:00,2026-08-06,NIFTY,24630.849609375,SIDEWAYS,NEUTRAL,NO_TRADE,NO_TRADE,50,No valid setup — conditions not satisfied,,,Breakout below — or above —,Range: — – —,,,NO_TRADE,,0.0,0.0,,,LIVE,No trade warranted
2026-08-06 04:45:00,2026-08-06,NIFTY,24619.900390625,SIDEWAYS,NEUTRAL,NO_TRADE,NO_TRADE,50,No valid setup — conditions not satisfied,,,Breakout below — or above —,Range: — – —,,,NO_TRADE,,0.0,0.0,,,LIVE,No trade warranted
2026-08-06 04:50:00,2026-08-06,NIFTY,24638.650390625,SIDEWAYS,NEUTRAL,NO_TRADE,NO_TRADE,50,No valid setup — conditions not satisfied,,,Breakout below — or above —,Range: — – —,,,NO_TRADE,,0.0,0.0,,,LIVE,No trade warranted
2026-08-06 04:55:00,2026-08-06,NIFTY,24635.69921875,SIDEWAYS,NEUTRAL,NO_TRADE,NO_TRADE,50,No valid setup — conditions not satisfied,,,Breakout below — or above —,Range: — – —,,,NO_TRADE,,0.0,0.0,,,LIVE,No trade warranted
2026-08-06 05:00:00,2026-08-06,NIFTY,24635.55078125,SIDEWAYS,NEUTRAL,NO_TRADE,NO_TRADE,50,No valid setup — conditions not satisfied,,,Breakout below — or above —,Range: — – —,,,NO_TRADE,,0.0,0.0,,,LIVE,No trade warranted
2026-08-06 05:05:00,2026-08-06,NIFTY,24639.599609375,SIDEWAYS,NEUTRAL,NO_TRADE,NO_TRADE,50,No valid setup — conditions not satisfied,,,Breakout below — or above —,Range: — – —,,,NO_TRADE,,0.0,0.0,,,LIVE,No trade warranted
2026-08-06 05:10:00,2026-08-06,NIFTY,24636.650390625,SIDEWAYS,NEUTRAL,NO_TRADE,NO_TRADE,50,No valid setup — conditions not satisfied,,,Breakout below — or above —,Range: — – —,,,NO_TRADE,,0.0,0.0,,,LIVE,No trade warranted
2026-08-06 05:15:00,2026-08-06,NIFTY,24626.900390625,SIDEWAYS,NEUTRAL,NO_TRADE,NO_TRADE,50,No valid setup — conditions not satisfied,,,Breakout below — or above —,Range: — – —,,,NO_TRADE,,0.0,0.0,,,LIVE,No trade warranted
2026-08-06 05:20:00,2026-08-06,NIFTY,24628.05078125,SIDEWAYS,NEUTRAL,NO_TRADE,NO_TRADE,50,No valid setup — conditions not satisfied,,,Breakout below 24632.05 or above 24637.25,Range: 24632.05 – 24637.25,,,NO_TRADE,,0.0,0.0,,,LIVE,No trade warranted
2026-08-06 05:25:00,2026-08-06,NIFTY,24630.69921875,SIDEWAYS,NEUTRAL,NO_TRADE,NO_TRADE,50,No valid setup — conditions not satisfied,,,Breakout below 24634.4 or above 24637.25,Range: 24634.4 – 24637.25,,,NO_TRADE,,0.0,0.0,,,LIVE,No trade warranted
2026-08-06 05:30:00,2026-08-06,NIFTY,24629.75,SIDEWAYS,NEUTRAL,NO_TRADE,NO_TRADE,50,No valid setup — conditions not satisfied,,,Breakout below 24632.05 or above 24634.7,Range: 24632.05 – 24634.7,,,NO_TRADE,,0.0,0.0,,,LIVE,No trade warranted
2026-08-06 05:35:00,2026-08-06,NIFTY,24638.349609375,SIDEWAYS,NEUTRAL,NO_TRADE,NO_TRADE,50,No valid setup — conditions not satisfied,,,Breakout below 24632.05 or above 24634.7,Range: 24632.05 – 24634.7,,,NO_TRADE,,0.0,0.0,,,LIVE,No trade warranted
2026-08-06 05:40:00,2026-08-06,NIFTY,24652.44921875,VOLATILE_EXPANSION,MIXED,NO_TRADE,NO_TRADE,40,No valid setup — conditions not satisfied,,,Close below 24635.3 or above 24637.25 with VIX spike,ATR-based range: ±3.43,,,NO_TRADE,,0.0,0.0,,,LIVE,No trade warranted
2026-08-06 05:45:00,2026-08-06,NIFTY,24663.900390625,VOLATILE_EXPANSION,MIXED,NO_TRADE,NO_TRADE,40,No valid setup — conditions not satisfied,,,Close below 24635.3 or above 24637.55 with VIX spike,ATR-based range: ±3.60,,,NO_TRADE,,0.0,0.0,,,LIVE,No trade warranted
2026-08-06 05:50:00,2026-08-06,NIFTY,24669.650390625,VOLATILE_EXPANSION,MIXED,NO_TRADE,NO_TRADE,40,No valid setup — conditions not satisfied,,,Close below 24637.8 or above 24638.9 with VIX spike,ATR-based range: ±2.60,,,NO_TRADE,,0.0,0.0,,,LIVE,No trade warranted
2026-08-06 05:55:00,2026-08-06,NIFTY,24672.55078125,VOLATILE_EXPANSION,MIXED,NO_TRADE,NO_TRADE,40,No valid setup — conditions not satisfied,,,Close below 24637.8 or above 24639.25 with VIX spike,ATR-based range: ±2.65,,,NO_TRADE,,0.0,0.0,,,LIVE,No trade warranted
2026-08-06 06:00:00,2026-08-06,NIFTY,24659.75,VOLATILE_EXPANSION,MIXED,NO_TRADE,NO_TRADE,40,No valid setup — conditions not satisfied,,,Close below 24637.8 or above 24639.25 with VIX spike,ATR-based range: ±2.65,,,NO_TRADE,,0.0,0.0,,,LIVE,No trade warranted
2026-08-06 06:05:00,2026-08-06,NIFTY,24651.5,SIDEWAYS,NEUTRAL,NO_TRADE,NO_TRADE,50,No valid setup — conditions not satisfied,,,Breakout below 24637.8 or above 24640.6,Range: 24637.8 – 24640.6,,,NO_TRADE,,0.0,0.0,,,LIVE,No trade warranted
2026-08-06 06:10:00,2026-08-06,NIFTY,24633.650390625,SIDEWAYS,NEUTRAL,NO_TRADE,NO_TRADE,50,No valid setup — conditions not satisfied,,,Breakout below 24637.8 or above 24641.1,Range: 24637.8 – 24641.1,,,NO_TRADE,,0.0,0.0,,,LIVE,No trade warranted
2026-08-06 06:15:00,2026-08-06,NIFTY,24635.650390625,SIDEWAYS,NEUTRAL,NO_TRADE,NO_TRADE,50,No valid setup — conditions not satisfied,,,Breakout below 24637.8 or above 24643.35,Range: 24637.8 – 24643.35,,,NO_TRADE,,0.0,0.0,,,LIVE,No trade warranted
2026-08-06 06:20:00,2026-08-06,NIFTY,24645.30078125,SIDEWAYS,NEUTRAL,NO_TRADE,NO_TRADE,50,No valid setup — conditions not satisfied,,,Breakout below 24637.8 or above 24643.35,Range: 24637.8 – 24643.35,,,NO_TRADE,,0.0,0.0,,,LIVE,No trade warranted
2026-08-06 06:25:00,2026-08-06,NIFTY,24659.900390625,SIDEWAYS,NEUTRAL,NO_TRADE,NO_TRADE,50,No valid setup — conditions not satisfied,,,Breakout below 24637.8 or above 24650.75,Range: 24637.8 – 24650.75,,,NO_TRADE,,0.0,0.0,,,LIVE,No trade warranted
2026-08-06 06:30:00,2026-08-06,NIFTY,24654.69921875,VOLATILE_EXPANSION,MIXED,NO_TRADE,NO_TRADE,40,No valid setup — conditions not satisfied,,,Close below 24644.7 or above 24650.75 with VIX spike,ATR-based range: ±10.23,,,NO_TRADE,,0.0,0.0,,,LIVE,No trade warranted
2026-08-06 06:35:00,2026-08-06,NIFTY,24651.650390625,SIDEWAYS,NEUTRAL,NO_TRADE,NO_TRADE,50,No valid setup — conditions not satisfied,,,Breakout below 24644.7 or above 24650.75,Range: 24644.7 – 24650.75,,,NO_TRADE,,0.0,0.0,,,LIVE,No trade warranted
2026-08-06 06:40:00,2026-08-06,NIFTY,24643.150390625,SIDEWAYS,NEUTRAL,NO_TRADE,NO_TRADE,50,No valid setup — conditions not satisfied,,,Breakout below 24644.7 or above 24650.75,Range: 24644.7 – 24650.75,,,NO_TRADE,,0.0,0.0,,,LIVE,No trade warranted
2026-08-06 06:45:00,2026-08-06,NIFTY,24646.349609375,SIDEWAYS,NEUTRAL,NO_TRADE,NO_TRADE,50,No valid setup — conditions not satisfied,,,Breakout below 24644.7 or above 24650.75,Range: 24644.7 – 24650.75,,,NO_TRADE,,0.0,0.0,,,LIVE,No trade warranted
2026-08-06 06:50:00,2026-08-06,NIFTY,24635.599609375,SIDEWAYS,NEUTRAL,NO_TRADE,NO_TRADE,50,No valid setup — conditions not satisfied,,,Breakout below 24644.7 or above 24646.7,Range: 24644.7 – 24646.7,,,NO_TRADE,,0.0,0.0,,,LIVE,No trade warranted
2026-08-06 06:55:00,2026-08-06,NIFTY,24637.05078125,SIDEWAYS,NEUTRAL,NO_TRADE,NO_TRADE,50,No valid setup — conditions not satisfied,,,Breakout below 24644.7 or above 24650.75,Range: 24644.7 – 24650.75,,,NO_TRADE,,0.0,0.0,,,LIVE,No trade warranted
2026-08-06 07:00:00,2026-08-06,NIFTY,24645.30078125,SIDEWAYS,NEUTRAL,NO_TRADE,NO_TRADE,50,No valid setup — conditions not satisfied,,,Breakout below 24644.7 or above 24648.55,Range: 24644.7 – 24648.55,,,NO_TRADE,,0.0,0.0,,,LIVE,No trade warranted
2026-08-06 07:05:00,2026-08-06,NIFTY,24642.650390625,SIDEWAYS,NEUTRAL,NO_TRADE,NO_TRADE,50,No valid setup — conditions not satisfied,,,Breakout below 24647.9 or above 24648.55,Range: 24647.9 – 24648.55,,,NO_TRADE,,0.0,0.0,,,LIVE,No trade warranted
2026-08-06 07:10:00,2026-08-06,NIFTY,24646.25,SIDEWAYS,NEUTRAL,NO_TRADE,NO_TRADE,50,No valid setup — conditions not satisfied,,,Breakout below 24648.9 or above 24649.45,Range: 24648.9 – 24649.45,,,NO_TRADE,,0.0,0.0,,,LIVE,No trade warranted
2026-08-06 07:15:00,2026-08-06,NIFTY,24636.30078125,SIDEWAYS,NEUTRAL,NO_TRADE,NO_TRADE,50,No valid setup — conditions not satisfied,,,Breakout below 24648.9 or above 24649.45,Range: 24648.9 – 24649.45,,,NO_TRADE,,0.0,0.0,,,LIVE,No trade warranted
2026-08-06 07:20:00,2026-08-06,NIFTY,24631.94921875,SIDEWAYS,NEUTRAL,NO_TRADE,NO_TRADE,50,No valid setup — conditions not satisfied,,,Breakout below 24647.9 or above 24648.45,Range: 24647.9 – 24648.45,,,NO_TRADE,,0.0,0.0,,,LIVE,No trade warranted
2026-08-06 07:25:00,2026-08-06,NIFTY,24629.05078125,SIDEWAYS,NEUTRAL,NO_TRADE,NO_TRADE,50,No valid setup — conditions not satisfied,,,Breakout below 24644.7 or above 24646.7,Range: 24644.7 – 24646.7,,,NO_TRADE,,0.0,0.0,,,LIVE,No trade warranted
2026-08-06 07:30:00,2026-08-06,NIFTY,24642.55078125,SIDEWAYS,NEUTRAL,NO_TRADE,NO_TRADE,50,No valid setup — conditions not satisfied,,,Breakout below 24644.7 or above 24646.7,Range: 24644.7 – 24646.7,,,NO_TRADE,,0.0,0.0,,,LIVE,No trade warranted
2026-08-06 07:35:00,2026-08-06,NIFTY,24627.150390625,SIDEWAYS,NEUTRAL,NO_TRADE,NO_TRADE,50,No valid setup — conditions not satisfied,,,Breakout below 24639.35 or above 24646.7,Range: 24639.35 – 24646.7,,,NO_TRADE,,0.0,0.0,,,LIVE,No trade warranted
2026-08-06 07:40:00,2026-08-06,NIFTY,24622.19921875,SIDEWAYS,NEUTRAL,NO_TRADE,NO_TRADE,50,No valid setup — conditions not satisfied,,,Breakout below 24639.35 or above 24641.7,Range: 24639.35 – 24641.7,,,NO_TRADE,,0.0,0.0,,,LIVE,No trade warranted
2026-08-06 07:45:00,2026-08-06,NIFTY,24651.599609375,SIDEWAYS,NEUTRAL,NO_TRADE,NO_TRADE,50,No valid setup — conditions not satisfied,,,Breakout below 24639.35 or above 24641.7,Range: 24639.35 – 24641.7,,,NO_TRADE,,0.0,0.0,,,LIVE,No trade warranted
2026-08-06 07:50:00,2026-08-06,NIFTY,24618.900390625,SIDEWAYS,NEUTRAL,NO_TRADE,NO_TRADE,30,No valid setup — conditions not satisfied,,,Breakout below 24639.35 or above 24641.7,Range: 24639.35 – 24641.7,,,NO_TRADE,,0.0,0.0,,,LIVE,No trade warranted
2026-08-06 07:55:00,2026-08-06,NIFTY,24628.0,SIDEWAYS,NEUTRAL,NO_TRADE,NO_TRADE,30,No valid setup — conditions not satisfied,,,Breakout below 24639.35 or above 24641.7,Range: 24639.35 – 24641.7,,,NO_TRADE,,0.0,0.0,,,LIVE,No trade warranted
2026-08-06 08:00:00,2026-08-06,NIFTY,24640.69921875,SIDEWAYS,NEUTRAL,NO_TRADE,NO_TRADE,30,No valid setup — conditions not satisfied,,,Breakout below 24639.35 or above 24641.7,Range: 24639.35 – 24641.7,,,NO_TRADE,,0.0,0.0,,,LIVE,No trade warranted
2026-08-06 08:05:00,2026-08-06,NIFTY,24633.80078125,SIDEWAYS,NEUTRAL,NO_TRADE,NO_TRADE,30,No valid setup — conditions not satisfied,,,Breakout below 24636.4 or above 24641.7,Range: 24636.4 – 24641.7,,,NO_TRADE,,0.0,0.0,,,LIVE,No trade warranted
2026-08-06 08:10:00,2026-08-06,NIFTY,24633.05078125,SIDEWAYS,NEUTRAL,NO_TRADE,NO_TRADE,30,No valid setup — conditions not satisfied,,,Breakout below 24636.4 or above 24641.15,Range: 24636.4 – 24641.15,,,NO_TRADE,,0.0,0.0,,,LIVE,No trade warranted
2026-08-06 08:15:00,2026-08-06,NIFTY,24613.599609375,SIDEWAYS,NEUTRAL,NO_TRADE,NO_TRADE,30,No valid setup — conditions not satisfied,,,Breakout below 24634.2 or above 24636.1,Range: 24634.2 – 24636.1,,,NO_TRADE,,0.0,0.0,,,LIVE,No trade warranted
2026-08-06 08:20:00,2026-08-06,NIFTY,24629.25,SIDEWAYS,NEUTRAL,NO_TRADE,NO_TRADE,30,No valid setup — conditions not satisfied,,,Breakout below 24634.2 or above 24636.1,Range: 24634.2 – 24636.1,,,NO_TRADE,,0.0,0.0,,,LIVE,No trade warranted
2026-08-06 08:25:00,2026-08-06,NIFTY,24647.25,SIDEWAYS,NEUTRAL,NO_TRADE,NO_TRADE,30,No valid setup — conditions not satisfied,,,Breakout below 24634.2 or above 24636.1,Range: 24634.2 – 24636.1,,,NO_TRADE,,0.0,0.0,,,LIVE,No trade warranted
2026-08-06 08:30:00,2026-08-06,NIFTY,24648.05078125,SIDEWAYS,NEUTRAL,NO_TRADE,NO_TRADE,30,No valid setup — conditions not satisfied,,,Breakout below 24634.2 or above 24636.1,Range: 24634.2 – 24636.1,,,NO_TRADE,,0.0,0.0,,,LIVE,No trade warranted
2026-08-06 08:35:00,2026-08-06,NIFTY,24649.19921875,SIDEWAYS,NEUTRAL,NO_TRADE,NO_TRADE,30,No valid setup — conditions not satisfied,,,Breakout below 24634.2 or above 24636.1,Range: 24634.2 – 24636.1,,,NO_TRADE,,0.0,0.0,,,LIVE,No trade warranted
2026-08-06 08:40:00,2026-08-06,NIFTY,24651.099609375,SIDEWAYS,NEUTRAL,NO_TRADE,NO_TRADE,30,No valid setup — conditions not satisfied,,,Breakout below 24634.2 or above 24636.25,Range: 24634.2 – 24636.25,,,NO_TRADE,,0.0,0.0,,,LIVE,No trade warranted
2026-08-06 08:45:00,2026-08-06,NIFTY,24654.30078125,SIDEWAYS,NEUTRAL,NO_TRADE,NO_TRADE,30,No valid setup — conditions not satisfied,,,Breakout below 24634.2 or above 24641.15,Range: 24634.2 – 24641.15,,,NO_TRADE,,0.0,0.0,,,LIVE,No trade warranted
2026-08-06 08:50:00,2026-08-06,NIFTY,24657.5,SIDEWAYS_TO_BULLISH,MILD_BULLISH,MILD_DIRECTIONAL,CONDITIONAL,40,Conditional — requires breakout above 24641.15 or breakdown below 24634.2,2026-08-06 08:55:00,24654.900390625,Close below 24634.1 invalidates bullish view,R1 24641.15 – R2 24641.8,2026-08-07 06:45:00,24532.900390625,LOSS,-0.5053,222.0761,-6.2411,5,1315,LIVE,Invalidation reached before target
2026-08-06 08:55:00,2026-08-06,NIFTY,24654.900390625,SIDEWAYS,NEUTRAL,NO_TRADE,NO_TRADE,30,No valid setup — conditions not satisfied,,,Breakout below 24634.1 or above 24641.15,Range: 24634.1 – 24641.15,,,NO_TRADE,,0.0,0.0,,,LIVE,No trade warranted
2026-08-06 09:00:00,2026-08-06,NIFTY,24649.30078125,SIDEWAYS_TO_BULLISH,MILD_BULLISH,MILD_DIRECTIONAL,CONDITIONAL,40,Conditional — requires breakout above 24641.15 or breakdown below 24634.25,2026-08-06 09:05:00,24643.599609375,Close below 24634.1 invalidates bullish view,R1 24641.15 – R2 24643.4,2026-08-07 08:40:00,24522.900390625,LOSS,-0.5128,222.1833,-6.2099,5,1420,LIVE,Invalidation reached before target
2026-08-06 09:05:00,2026-08-06,NIFTY,24643.599609375,SIDEWAYS,NEUTRAL,NO_TRADE,NO_TRADE,50,No valid setup — conditions not satisfied,,,Breakout below 24634.25 or above 24641.15,Range: 24634.25 – 24641.15,,,NO_TRADE,,0.0,0.0,,,LIVE,No trade warranted
2026-08-06 09:10:00,2026-08-06,NIFTY,24638.349609375,SIDEWAYS,NEUTRAL,NO_TRADE,NO_TRADE,30,No valid setup — conditions not satisfied,,,Breakout below 24634.25 or above 24641.15,Range: 24634.25 – 24641.15,,,NO_TRADE,,0.0,0.0,,,LIVE,No trade warranted
2026-08-06 09:15:00,2026-08-06,NIFTY,24644.55078125,SIDEWAYS,NEUTRAL,NO_TRADE,NO_TRADE,30,No valid setup — conditions not satisfied,,,Breakout below 24634.5 or above 24641.15,Range: 24634.5 – 24641.15,,,NO_TRADE,,0.0,0.0,,,LIVE,No trade warranted
2026-08-06 09:20:00,2026-08-06,NIFTY,24636.25,SIDEWAYS,NEUTRAL,NO_TRADE,NO_TRADE,30,No valid setup — conditions not satisfied,,,Breakout below 24634.5 or above 24643.4,Range: 24634.5 – 24643.4,,,NO_TRADE,,0.0,0.0,,,LIVE,No trade warranted
2026-08-06 09:25:00,2026-08-06,NIFTY,24633.0,SIDEWAYS,NEUTRAL,NO_TRADE,NO_TRADE,30,No valid setup — conditions not satisfied,,,Breakout below 24634.5 or above 24641.15,Range: 24634.5 – 24641.15,,,NO_TRADE,,0.0,0.0,,,LIVE,No trade warranted
2026-08-06 09:30:00,2026-08-06,NIFTY,24621.69921875,SIDEWAYS,NEUTRAL,NO_TRADE,NO_TRADE,30,No valid setup — conditions not satisfied,,,Breakout below 24634.5 or above 24641.15,Range: 24634.5 – 24641.15,,,NO_TRADE,,0.0,0.0,,,LIVE,No trade warranted
2026-08-06 09:35:00,2026-08-06,NIFTY,24628.19921875,SIDEWAYS,NEUTRAL,NO_TRADE,NO_TRADE,30,No valid setup — conditions not satisfied,,,Breakout below 24634.5 or above 24641.15,Range: 24634.5 – 24641.15,,,NO_TRADE,,0.0,0.0,,,LIVE,No trade warranted
2026-08-06 09:40:00,2026-08-06,NIFTY,24628.5,SIDEWAYS,NEUTRAL,NO_TRADE,NO_TRADE,30,No valid setup — conditions not satisfied,,,Breakout below 24634.5 or above 24641.15,Range: 24634.5 – 24641.15,,,NO_TRADE,,0.0,0.0,,,LIVE,No trade warranted
2026-08-06 09:45:00,2026-08-06,NIFTY,24627.94921875,SIDEWAYS,NEUTRAL,NO_TRADE,NO_TRADE,30,No valid setup — conditions not satisfied,,,Breakout below 24634.5 or above 24641.15,Range: 24634.5 – 24641.15,,,NO_TRADE,,0.0,0.0,,,LIVE,No trade warranted
2026-08-06 09:50:00,2026-08-06,NIFTY,24627.94921875,SIDEWAYS,NEUTRAL,NO_TRADE,NO_TRADE,30,No valid setup — conditions not satisfied,,,Breakout below 24634.5 or above 24642.05,Range: 24634.5 – 24642.05,,,NO_TRADE,,0.0,0.0,,,LIVE,No trade warranted
2026-08-06 09:55:00,2026-08-06,NIFTY,24636.0,VOLATILE_EXPANSION,MIXED,NO_TRADE,NO_TRADE,40,No valid setup — conditions not satisfied,,,Close below 24634.5 or above 24642.05 with VIX spike,ATR-based range: ±6.73,,,NO_TRADE,,0.0,0.0,,,LIVE,No trade warranted
2026-08-07 03:45:00,2026-08-07,NIFTY,24592.19921875,SIDEWAYS,NEUTRAL,NO_TRADE,NO_TRADE,50,No valid setup — conditions not satisfied,,,Breakout below — or above —,Range: — – —,,,NO_TRADE,,0.0,0.0,,,LIVE,No trade warranted
2026-08-07 03:50:00,2026-08-07,NIFTY,24611.69921875,SIDEWAYS,NEUTRAL,NO_TRADE,NO_TRADE,50,No valid setup — conditions not satisfied,,,Breakout below — or above —,Range: — – —,,,NO_TRADE,,0.0,0.0,,,LIVE,No trade warranted
2026-08-07 03:55:00,2026-08-07,NIFTY,24601.599609375,SIDEWAYS,NEUTRAL,NO_TRADE,NO_TRADE,50,No valid setup — conditions not satisfied,,,Breakout below — or above —,Range: — – —,,,NO_TRADE,,0.0,0.0,,,LIVE,No trade warranted
2026-08-07 04:00:00,2026-08-07,NIFTY,24601.69921875,SIDEWAYS,NEUTRAL,NO_TRADE,NO_TRADE,50,No valid setup — conditions not satisfied,,,Breakout below — or above —,Range: — – —,,,NO_TRADE,,0.0,0.0,,,LIVE,No trade warranted
2026-08-07 04:05:00,2026-08-07,NIFTY,24604.400390625,SIDEWAYS,NEUTRAL,NO_TRADE,NO_TRADE,50,No valid setup — conditions not satisfied,,,Breakout below — or above —,Range: — – —,,,NO_TRADE,,0.0,0.0,,,LIVE,No trade warranted
2026-08-07 04:10:00,2026-08-07,NIFTY,24618.0,SIDEWAYS,NEUTRAL,NO_TRADE,NO_TRADE,50,No valid setup — conditions not satisfied,,,Breakout below — or above —,Range: — – —,,,NO_TRADE,,0.0,0.0,,,LIVE,No trade warranted
2026-08-07 04:15:00,2026-08-07,NIFTY,24611.099609375,SIDEWAYS,NEUTRAL,NO_TRADE,NO_TRADE,50,No valid setup — conditions not satisfied,,,Breakout below — or above —,Range: — – —,,,NO_TRADE,,0.0,0.0,,,LIVE,No trade warranted
2026-08-07 04:20:00,2026-08-07,NIFTY,24622.150390625,SIDEWAYS,NEUTRAL,NO_TRADE,NO_TRADE,50,No valid setup — conditions not satisfied,,,Breakout below — or above —,Range: — – —,,,NO_TRADE,,0.0,0.0,,,LIVE,No trade warranted
2026-08-07 04:25:00,2026-08-07,NIFTY,24626.5,SIDEWAYS,NEUTRAL,NO_TRADE,NO_TRADE,50,No valid setup — conditions not satisfied,,,Breakout below — or above —,Range: — – —,,,NO_TRADE,,0.0,0.0,,,LIVE,No trade warranted
2026-08-07 04:30:00,2026-08-07,NIFTY,24613.55078125,SIDEWAYS,NEUTRAL,NO_TRADE,NO_TRADE,50,No valid setup — conditions not satisfied,,,Breakout below — or above —,Range: — – —,,,NO_TRADE,,0.0,0.0,,,LIVE,No trade warranted
2026-08-07 04:35:00,2026-08-07,NIFTY,24613.19921875,SIDEWAYS,NEUTRAL,NO_TRADE,NO_TRADE,50,No valid setup — conditions not satisfied,,,Breakout below — or above —,Range: — – —,,,NO_TRADE,,0.0,0.0,,,LIVE,No trade warranted
2026-08-07 04:40:00,2026-08-07,NIFTY,24599.69921875,SIDEWAYS,NEUTRAL,NO_TRADE,NO_TRADE,50,No valid setup — conditions not satisfied,,,Breakout below — or above —,Range: — – —,,,NO_TRADE,,0.0,0.0,,,LIVE,No trade warranted
2026-08-07 04:45:00,2026-08-07,NIFTY,24576.900390625,SIDEWAYS,NEUTRAL,NO_TRADE,NO_TRADE,50,No valid setup — conditions not satisfied,,,Breakout below — or above —,Range: — – —,,,NO_TRADE,,0.0,0.0,,,LIVE,No trade warranted
2026-08-07 04:50:00,2026-08-07,NIFTY,24574.599609375,SIDEWAYS,NEUTRAL,NO_TRADE,NO_TRADE,50,No valid setup — conditions not satisfied,,,Breakout below — or above —,Range: — – —,,,NO_TRADE,,0.0,0.0,,,LIVE,No trade warranted
2026-08-07 04:55:00,2026-08-07,NIFTY,24566.900390625,SIDEWAYS,NEUTRAL,NO_TRADE,NO_TRADE,50,No valid setup — conditions not satisfied,,,Breakout below — or above —,Range: — – —,,,NO_TRADE,,0.0,0.0,,,LIVE,No trade warranted
2026-08-07 05:00:00,2026-08-07,NIFTY,24571.150390625,VOLATILE_EXPANSION,MIXED,NO_TRADE,NO_TRADE,40,No valid setup — conditions not satisfied,,,Close below — or above — with VIX spike,ATR-based range: ±0.00,,,NO_TRADE,,0.0,0.0,,,LIVE,No trade warranted
2026-08-07 05:05:00,2026-08-07,NIFTY,24574.75,VOLATILE_EXPANSION,MIXED,NO_TRADE,NO_TRADE,40,No valid setup — conditions not satisfied,,,Close below — or above — with VIX spike,ATR-based range: ±0.00,,,NO_TRADE,,0.0,0.0,,,LIVE,No trade warranted
2026-08-07 05:10:00,2026-08-07,NIFTY,24569.349609375,VOLATILE_EXPANSION,MIXED,NO_TRADE,NO_TRADE,40,No valid setup — conditions not satisfied,,,Close below — or above — with VIX spike,ATR-based range: ±0.00,,,NO_TRADE,,0.0,0.0,,,LIVE,No trade warranted
2026-08-07 05:15:00,2026-08-07,NIFTY,24577.44921875,VOLATILE_EXPANSION,MIXED,NO_TRADE,NO_TRADE,40,No valid setup — conditions not satisfied,,,Close below — or above — with VIX spike,ATR-based range: ±0.00,,,NO_TRADE,,0.0,0.0,,,LIVE,No trade warranted
2026-08-07 05:20:00,2026-08-07,NIFTY,24582.150390625,VOLATILE_EXPANSION,MIXED,NO_TRADE,NO_TRADE,40,No valid setup — conditions not satisfied,,,Close below 24594.0 or above 24600.9 with VIX spike,ATR-based range: ±12.02,,,NO_TRADE,,0.0,0.0,,,LIVE,No trade warranted
2026-08-07 05:25:00,2026-08-07,NIFTY,24570.349609375,VOLATILE_EXPANSION,MIXED,NO_TRADE,NO_TRADE,40,No valid setup — conditions not satisfied,,,Close below 24594.0 or above 24601.65 with VIX spike,ATR-based range: ±13.60,,,NO_TRADE,,0.0,0.0,,,LIVE,No trade warranted
2026-08-07 05:30:00,2026-08-07,NIFTY,24555.05078125,VOLATILE_EXPANSION,MIXED,NO_TRADE,NO_TRADE,40,No valid setup — conditions not satisfied,,,Close below 24572.55 or above 24601.65 with VIX spike,ATR-based range: ±20.58,,,NO_TRADE,,0.0,0.0,,,LIVE,No trade warranted
2026-08-07 05:35:00,2026-08-07,NIFTY,24567.05078125,VOLATILE_EXPANSION,MIXED,NO_TRADE,NO_TRADE,40,No valid setup — conditions not satisfied,,,Close below 24572.55 or above 24601.65 with VIX spike,ATR-based range: ±20.58,,,NO_TRADE,,0.0,0.0,,,LIVE,No trade warranted
2026-08-07 05:40:00,2026-08-07,NIFTY,24567.599609375,VOLATILE_EXPANSION,MIXED,NO_TRADE,NO_TRADE,40,No valid setup — conditions not satisfied,,,Close below 24572.55 or above 24601.65 with VIX spike,ATR-based range: ±22.05,,,NO_TRADE,,0.0,0.0,,,LIVE,No trade warranted
2026-08-07 05:45:00,2026-08-07,NIFTY,24562.849609375,VOLATILE_EXPANSION,MIXED,NO_TRADE,NO_TRADE,40,No valid setup — conditions not satisfied,,,Close below 24572.55 or above 24586.05 with VIX spike,ATR-based range: ±8.50,,,NO_TRADE,,0.0,0.0,,,LIVE,No trade warranted
2026-08-07 05:50:00,2026-08-07,NIFTY,24576.94921875,VOLATILE_EXPANSION,MIXED,NO_TRADE,NO_TRADE,40,No valid setup — conditions not satisfied,,,Close below 24572.55 or above 24586.05 with VIX spike,ATR-based range: ±8.50,,,NO_TRADE,,0.0,0.0,,,LIVE,No trade warranted
2026-08-07 05:55:00,2026-08-07,NIFTY,24584.80078125,SIDEWAYS,NEUTRAL,NO_TRADE,NO_TRADE,50,No valid setup — conditions not satisfied,,,Breakout below 24575.1 or above 24583.9,Range: 24575.1 – 24583.9,,,NO_TRADE,,0.0,0.0,,,LIVE,No trade warranted
2026-08-07 06:00:00,2026-08-07,NIFTY,24578.599609375,SIDEWAYS,NEUTRAL,NO_TRADE,NO_TRADE,50,No valid setup — conditions not satisfied,,,Breakout below 24575.1 or above 24583.9,Range: 24575.1 – 24583.9,,,NO_TRADE,,0.0,0.0,,,LIVE,No trade warranted
2026-08-07 06:05:00,2026-08-07,NIFTY,24585.69921875,SIDEWAYS,NEUTRAL,NO_TRADE,NO_TRADE,50,No valid setup — conditions not satisfied,,,Breakout below 24576.1 or above 24583.9,Range: 24576.1 – 24583.9,,,NO_TRADE,,0.0,0.0,,,LIVE,No trade warranted
2026-08-07 06:10:00,2026-08-07,NIFTY,24579.349609375,SIDEWAYS,NEUTRAL,NO_TRADE,NO_TRADE,50,No valid setup — conditions not satisfied,,,Breakout below 24576.1 or above 24577.0,Range: 24576.1 – 24577.0,,,NO_TRADE,,0.0,0.0,,,LIVE,No trade warranted
2026-08-07 06:15:00,2026-08-07,NIFTY,24563.150390625,SIDEWAYS,NEUTRAL,NO_TRADE,NO_TRADE,50,No valid setup — conditions not satisfied,,,Breakout below 24572.55 or above 24575.25,Range: 24572.55 – 24575.25,,,NO_TRADE,,0.0,0.0,,,LIVE,No trade warranted
2026-08-07 06:20:00,2026-08-07,NIFTY,24556.44921875,SIDEWAYS,NEUTRAL,NO_TRADE,NO_TRADE,50,No valid setup — conditions not satisfied,,,Breakout below 24570.9 or above 24572.95,Range: 24570.9 – 24572.95,,,NO_TRADE,,0.0,0.0,,,LIVE,No trade warranted
2026-08-07 06:25:00,2026-08-07,NIFTY,24560.94921875,VOLATILE_EXPANSION,MIXED,NO_TRADE,NO_TRADE,40,No valid setup — conditions not satisfied,,,Close below 24570.9 or above 24572.95 with VIX spike,ATR-based range: ±3.30,,,NO_TRADE,,0.0,0.0,,,LIVE,No trade warranted
2026-08-07 06:30:00,2026-08-07,NIFTY,24552.5,VOLATILE_EXPANSION,MIXED,NO_TRADE,NO_TRADE,40,No valid setup — conditions not satisfied,,,Close below 24569.5 or above 24570.9 with VIX spike,ATR-based range: ±3.12,,,NO_TRADE,,0.0,0.0,,,LIVE,No trade warranted
2026-08-07 06:35:00,2026-08-07,NIFTY,24551.44921875,VOLATILE_EXPANSION,MIXED,NO_TRADE,NO_TRADE,40,No valid setup — conditions not satisfied,,,Close below 24566.7 or above 24570.9 with VIX spike,ATR-based range: ±4.50,,,NO_TRADE,,0.0,0.0,,,LIVE,No trade warranted
2026-08-07 06:40:00,2026-08-07,NIFTY,24540.69921875,VOLATILE_EXPANSION,MIXED,NO_TRADE,NO_TRADE,40,No valid setup — conditions not satisfied,,,Close below 24566.7 or above 24569.1 with VIX spike,ATR-based range: ±3.57,,,NO_TRADE,,0.0,0.0,,,LIVE,No trade warranted
2026-08-07 06:45:00,2026-08-07,NIFTY,24537.44921875,VOLATILE_EXPANSION,MIXED,NO_TRADE,NO_TRADE,40,No valid setup — conditions not satisfied,,,Close below 24565.2 or above 24569.1 with VIX spike,ATR-based range: ±3.97,,,NO_TRADE,,0.0,0.0,,,LIVE,No trade warranted
2026-08-07 06:50:00,2026-08-07,NIFTY,24538.94921875,VOLATILE_EXPANSION,MIXED,NO_TRADE,NO_TRADE,40,No valid setup — conditions not satisfied,,,Close below 24563.15 or above 24565.8 with VIX spike,ATR-based range: ±6.23,,,NO_TRADE,,0.0,0.0,,,LIVE,No trade warranted
2026-08-07 06:55:00,2026-08-07,NIFTY,24549.5,SIDEWAYS,NEUTRAL,NO_TRADE,NO_TRADE,50,No valid setup — conditions not satisfied,,,Breakout below 24561.15 or above 24563.45,Range: 24561.15 – 24563.45,,,NO_TRADE,,0.0,0.0,,,LIVE,No trade warranted
2026-08-07 07:00:00,2026-08-07,NIFTY,24559.19921875,SIDEWAYS,NEUTRAL,NO_TRADE,NO_TRADE,50,No valid setup — conditions not satisfied,,,Breakout below 24561.15 or above 24563.45,Range: 24561.15 – 24563.45,,,NO_TRADE,,0.0,0.0,,,LIVE,No trade warranted
2026-08-07 07:05:00,2026-08-07,NIFTY,24560.5,VOLATILE_EXPANSION,MIXED,NO_TRADE,NO_TRADE,40,No valid setup — conditions not satisfied,,,Close below 24561.15 or above 24562.45 with VIX spike,ATR-based range: ±4.95,,,NO_TRADE,,0.0,0.0,,,LIVE,No trade warranted
2026-08-07 07:10:00,2026-08-07,NIFTY,24557.05078125,VOLATILE_EXPANSION,MIXED,NO_TRADE,NO_TRADE,40,No valid setup — conditions not satisfied,,,Close below 24561.15 or above 24562.45 with VIX spike,ATR-based range: ±4.95,,,NO_TRADE,,0.0,0.0,,,LIVE,No trade warranted
2026-08-07 07:15:00,2026-08-07,NIFTY,24567.5,VOLATILE_EXPANSION,MIXED,NO_TRADE,NO_TRADE,40,No valid setup — conditions not satisfied,,,Close below 24561.15 or above 24562.45 with VIX spike,ATR-based range: ±4.95,,,NO_TRADE,,0.0,0.0,,,LIVE,No trade warranted
2026-08-07 07:20:00,2026-08-07,NIFTY,24559.30078125,VOLATILE_EXPANSION,MIXED,NO_TRADE,NO_TRADE,40,No valid setup — conditions not satisfied,,,Close below 24558.45 or above 24562.45 with VIX spike,ATR-based range: ±5.23,,,NO_TRADE,,0.0,0.0,,,LIVE,No trade warranted
2026-08-07 07:25:00,2026-08-07,NIFTY,24554.599609375,SIDEWAYS,NEUTRAL,NO_TRADE,NO_TRADE,50,No valid setup — conditions not satisfied,,,Breakout below 24555.9 or above 24561.0,Range: 24555.9 – 24561.0,,,NO_TRADE,,0.0,0.0,,,LIVE,No trade warranted
2026-08-07 07:30:00,2026-08-07,NIFTY,24556.5,SIDEWAYS,NEUTRAL,NO_TRADE,NO_TRADE,50,No valid setup — conditions not satisfied,,,Breakout below 24555.9 or above 24561.0,Range: 24555.9 – 24561.0,,,NO_TRADE,,0.0,0.0,,,LIVE,No trade warranted
2026-08-07 07:35:00,2026-08-07,NIFTY,24557.80078125,SIDEWAYS,NEUTRAL,NO_TRADE,NO_TRADE,50,No valid setup — conditions not satisfied,,,Breakout below 24555.9 or above 24558.4,Range: 24555.9 – 24558.4,,,NO_TRADE,,0.0,0.0,,,LIVE,No trade warranted
2026-08-07 07:40:00,2026-08-07,NIFTY,24547.0,SIDEWAYS,NEUTRAL,NO_TRADE,NO_TRADE,50,No valid setup — conditions not satisfied,,,Breakout below 24555.9 or above 24557.55,Range: 24555.9 – 24557.55,,,NO_TRADE,,0.0,0.0,,,LIVE,No trade warranted
2026-08-07 07:45:00,2026-08-07,NIFTY,24546.44921875,SIDEWAYS,NEUTRAL,NO_TRADE,NO_TRADE,50,No valid setup — conditions not satisfied,,,Breakout below 24554.65 or above 24555.5,Range: 24554.65 – 24555.5,,,NO_TRADE,,0.0,0.0,,,LIVE,No trade warranted
2026-08-07 07:50:00,2026-08-07,NIFTY,24564.650390625,SIDEWAYS,NEUTRAL,NO_TRADE,NO_TRADE,50,No valid setup — conditions not satisfied,,,Breakout below 24552.45 or above 24555.5,Range: 24552.45 – 24555.5,,,NO_TRADE,,0.0,0.0,,,LIVE,No trade warranted
2026-08-07 07:55:00,2026-08-07,NIFTY,24565.94921875,VOLATILE_EXPANSION,MIXED,NO_TRADE,NO_TRADE,40,No valid setup — conditions not satisfied,,,Close below 24552.45 or above 24555.5 with VIX spike,ATR-based range: ±3.55,,,NO_TRADE,,0.0,0.0,,,LIVE,No trade warranted
2026-08-07 08:00:00,2026-08-07,NIFTY,24547.900390625,SIDEWAYS,NEUTRAL,NO_TRADE,NO_TRADE,30,No valid setup — conditions not satisfied,,,Breakout below 24552.45 or above 24555.5,Range: 24552.45 – 24555.5,,,NO_TRADE,,0.0,0.0,,,LIVE,No trade warranted
2026-08-07 08:05:00,2026-08-07,NIFTY,24547.80078125,SIDEWAYS,NEUTRAL,NO_TRADE,NO_TRADE,30,No valid setup — conditions not satisfied,,,Breakout below 24552.45 or above 24555.5,Range: 24552.45 – 24555.5,,,NO_TRADE,,0.0,0.0,,,LIVE,No trade warranted
2026-08-07 08:10:00,2026-08-07,NIFTY,24548.5,SIDEWAYS,NEUTRAL,NO_TRADE,NO_TRADE,30,No valid setup — conditions not satisfied,,,Breakout below 24552.45 or above 24553.1,Range: 24552.45 – 24553.1,,,NO_TRADE,,0.0,0.0,,,LIVE,No trade warranted
2026-08-07 08:15:00,2026-08-07,NIFTY,24573.55078125,SIDEWAYS,NEUTRAL,NO_TRADE,NO_TRADE,30,No valid setup — conditions not satisfied,,,Breakout below 24552.45 or above 24557.55,Range: 24552.45 – 24557.55,,,NO_TRADE,,0.0,0.0,,,LIVE,No trade warranted
2026-08-07 08:20:00,2026-08-07,NIFTY,24571.19921875,SIDEWAYS,NEUTRAL,NO_TRADE,NO_TRADE,30,No valid setup — conditions not satisfied,,,Breakout below 24554.65 or above 24557.55,Range: 24554.65 – 24557.55,,,NO_TRADE,,0.0,0.0,,,LIVE,No trade warranted
2026-08-07 08:25:00,2026-08-07,NIFTY,24563.94921875,SIDEWAYS,NEUTRAL,NO_TRADE,NO_TRADE,50,No valid setup — conditions not satisfied,,,Breakout below 24555.9 or above 24557.55,Range: 24555.9 – 24557.55,,,NO_TRADE,,0.0,0.0,,,LIVE,No trade warranted
2026-08-07 08:30:00,2026-08-07,NIFTY,24553.55078125,SIDEWAYS,NEUTRAL,NO_TRADE,NO_TRADE,30,No valid setup — conditions not satisfied,,,Breakout below 24555.9 or above 24558.15,Range: 24555.9 – 24558.15,,,NO_TRADE,,0.0,0.0,,,LIVE,No trade warranted
2026-08-07 08:35:00,2026-08-07,NIFTY,24538.19921875,SIDEWAYS,NEUTRAL,NO_TRADE,NO_TRADE,30,No valid setup — conditions not satisfied,,,Breakout below 24555.9 or above 24557.55,Range: 24555.9 – 24557.55,,,NO_TRADE,,0.0,0.0,,,LIVE,No trade warranted
2026-08-07 08:40:00,2026-08-07,NIFTY,24526.849609375,SIDEWAYS_TO_BEARISH,MILD_BEARISH,MILD_DIRECTIONAL,CONDITIONAL,40,Conditional — requires breakout above 24557.55 or breakdown below 24554.65,2026-08-07 08:45:00,24536.30078125,Close above 24558.15 invalidates bearish view,S1 24554.65 – S2 24554.5,2026-08-12 03:45:00,24390.900390625,LOSS,-0.5543,220.6649,-5.7417,5,6905,LIVE,Invalidation reached before target
2026-08-07 08:45:00,2026-08-07,NIFTY,24536.30078125,SIDEWAYS,NEUTRAL,NO_TRADE,NO_TRADE,30,No valid setup — conditions not satisfied,,,Breakout below 24552.45 or above 24557.55,Range: 24552.45 – 24557.55,,,NO_TRADE,,0.0,0.0,,,LIVE,No trade warranted
2026-08-07 08:50:00,2026-08-07,NIFTY,24541.30078125,SIDEWAYS,NEUTRAL,NO_TRADE,NO_TRADE,30,No valid setup — conditions not satisfied,,,Breakout below 24551.3 or above 24557.55,Range: 24551.3 – 24557.55,,,NO_TRADE,,0.0,0.0,,,LIVE,No trade warranted
2026-08-07 08:55:00,2026-08-07,NIFTY,24534.19921875,SIDEWAYS,NEUTRAL,NO_TRADE,NO_TRADE,30,No valid setup — conditions not satisfied,,,Breakout below 24551.3 or above 24552.3,Range: 24551.3 – 24552.3,,,NO_TRADE,,0.0,0.0,,,LIVE,No trade warranted
2026-08-07 09:00:00,2026-08-07,NIFTY,24543.55078125,SIDEWAYS,NEUTRAL,NO_TRADE,NO_TRADE,30,No valid setup — conditions not satisfied,,,Breakout below 24549.85 or above 24552.3,Range: 24549.85 – 24552.3,,,NO_TRADE,,0.0,0.0,,,LIVE,No trade warranted
2026-08-07 09:05:00,2026-08-07,NIFTY,24537.099609375,SIDEWAYS_TO_BEARISH,MILD_BEARISH,MILD_DIRECTIONAL,CONDITIONAL,40,Conditional — requires breakout above 24552.3 or breakdown below 24549.85,2026-08-07 09:10:00,24538.25,Close above 24557.55 invalidates bearish view,S1 24549.85 – S2 24549.45,2026-08-12 03:45:00,24390.900390625,LOSS,-0.5958,220.531,-5.781,5,6880,LIVE,Invalidation reached before target
2026-08-07 09:10:00,2026-08-07,NIFTY,24538.25,SIDEWAYS,NEUTRAL,NO_TRADE,NO_TRADE,30,No valid setup — conditions not satisfied,,,Breakout below 24547.7 or above 24549.6,Range: 24547.7 – 24549.6,,,NO_TRADE,,0.0,0.0,,,LIVE,No trade warranted
2026-08-07 09:15:00,2026-08-07,NIFTY,24559.05078125,SIDEWAYS,NEUTRAL,NO_TRADE,NO_TRADE,30,No valid setup — conditions not satisfied,,,Breakout below 24547.7 or above 24549.6,Range: 24547.7 – 24549.6,,,NO_TRADE,,0.0,0.0,,,LIVE,No trade warranted
2026-08-07 09:20:00,2026-08-07,NIFTY,24531.75,SIDEWAYS,NEUTRAL,NO_TRADE,NO_TRADE,30,No valid setup — conditions not satisfied,,,Breakout below 24547.7 or above 24549.6,Range: 24547.7 – 24549.6,,,NO_TRADE,,0.0,0.0,,,LIVE,No trade warranted
2026-08-07 09:25:00,2026-08-07,NIFTY,24541.80078125,SIDEWAYS_TO_BEARISH,MILD_BEARISH,MILD_DIRECTIONAL,CONDITIONAL,40,Conditional — requires breakout above 24549.6 or breakdown below 24547.7,2026-08-07 09:30:00,24550.150390625,Close above 24552.3 invalidates bearish view,S1 24547.7 – S2 24546.15,2026-08-12 03:45:00,24390.900390625,LOSS,-0.6149,220.4696,-5.7991,5,6860,LIVE,Invalidation reached before target
2026-08-07 09:30:00,2026-08-07,NIFTY,24550.150390625,SIDEWAYS,NEUTRAL,NO_TRADE,NO_TRADE,50,No valid setup — conditions not satisfied,,,Breakout below 24545.7 or above 24549.6,Range: 24545.7 – 24549.6,,,NO_TRADE,,0.0,0.0,,,LIVE,No trade warranted
2026-08-07 09:35:00,2026-08-07,NIFTY,24553.900390625,SIDEWAYS,NEUTRAL,NO_TRADE,NO_TRADE,50,No valid setup — conditions not satisfied,,,Breakout below 24545.7 or above 24547.1,Range: 24545.7 – 24547.1,,,NO_TRADE,,0.0,0.0,,,LIVE,No trade warranted
2026-08-07 09:40:00,2026-08-07,NIFTY,24558.94921875,SIDEWAYS,NEUTRAL,NO_TRADE,NO_TRADE,30,No valid setup — conditions not satisfied,,,Breakout below 24545.7 or above 24549.6,Range: 24545.7 – 24549.6,,,NO_TRADE,,0.0,0.0,,,LIVE,No trade warranted
2026-08-07 09:45:00,2026-08-07,NIFTY,24557.0,SIDEWAYS,NEUTRAL,NO_TRADE,NO_TRADE,30,No valid setup — conditions not satisfied,,,Breakout below 24547.7 or above 24549.6,Range: 24547.7 – 24549.6,,,NO_TRADE,,0.0,0.0,,,LIVE,No trade warranted
2026-08-07 09:50:00,2026-08-07,NIFTY,24557.0,SIDEWAYS,NEUTRAL,NO_TRADE,NO_TRADE,30,No valid setup — conditions not satisfied,,,Breakout below 24547.7 or above 24549.6,Range: 24547.7 – 24549.6,,,NO_TRADE,,0.0,0.0,,,LIVE,No trade warranted
2026-08-07 09:55:00,2026-08-07,NIFTY,24570.650390625,SIDEWAYS,NEUTRAL,NO_TRADE,NO_TRADE,30,No valid setup — conditions not satisfied,,,Breakout below 24544.65 or above 24549.6,Range: 24544.65 – 24549.6,,,NO_TRADE,,0.0,0.0,,,LIVE,No trade warranted
2026-08-10 03:45:00,2026-08-10,NIFTY,24602.69921875,SIDEWAYS,NEUTRAL,NO_TRADE,NO_TRADE,50,No valid setup — conditions not satisfied,,,Breakout below — or above —,Range: — – —,,,NO_TRADE,,0.0,0.0,,,LIVE,No trade warranted
2026-08-10 03:50:00,2026-08-10,NIFTY,24590.349609375,SIDEWAYS,NEUTRAL,NO_TRADE,NO_TRADE,50,No valid setup — conditions not satisfied,,,Breakout below — or above —,Range: — – —,,,NO_TRADE,,0.0,0.0,,,LIVE,No trade warranted
2026-08-10 03:55:00,2026-08-10,NIFTY,24555.900390625,SIDEWAYS,NEUTRAL,NO_TRADE,NO_TRADE,50,No valid setup — conditions not satisfied,,,Breakout below — or above —,Range: — – —,,,NO_TRADE,,0.0,0.0,,,LIVE,No trade warranted
2026-08-10 04:00:00,2026-08-10,NIFTY,24534.349609375,SIDEWAYS,NEUTRAL,NO_TRADE,NO_TRADE,50,No valid setup — conditions not satisfied,,,Breakout below — or above —,Range: — – —,,,NO_TRADE,,0.0,0.0,,,LIVE,No trade warranted
2026-08-10 04:05:00,2026-08-10,NIFTY,24528.05078125,SIDEWAYS,NEUTRAL,NO_TRADE,NO_TRADE,50,No valid setup — conditions not satisfied,,,Breakout below — or above —,Range: — – —,,,NO_TRADE,,0.0,0.0,,,LIVE,No trade warranted
2026-08-10 04:10:00,2026-08-10,NIFTY,24521.150390625,SIDEWAYS,NEUTRAL,NO_TRADE,NO_TRADE,50,No valid setup — conditions not satisfied,,,Breakout below — or above —,Range: — – —,,,NO_TRADE,,0.0,0.0,,,LIVE,No trade warranted
2026-08-10 04:15:00,2026-08-10,NIFTY,24527.599609375,SIDEWAYS,NEUTRAL,NO_TRADE,NO_TRADE,50,No valid setup — conditions not satisfied,,,Breakout below — or above —,Range: — – —,,,NO_TRADE,,0.0,0.0,,,LIVE,No trade warranted
2026-08-10 04:20:00,2026-08-10,NIFTY,24527.900390625,SIDEWAYS,NEUTRAL,NO_TRADE,NO_TRADE,50,No valid setup — conditions not satisfied,,,Breakout below — or above —,Range: — – —,,,NO_TRADE,,0.0,0.0,,,LIVE,No trade warranted
2026-08-10 04:25:00,2026-08-10,NIFTY,24534.25,SIDEWAYS,NEUTRAL,NO_TRADE,NO_TRADE,50,No valid setup — conditions not satisfied,,,Breakout below — or above —,Range: — – —,,,NO_TRADE,,0.0,0.0,,,LIVE,No trade warranted
2026-08-10 04:30:00,2026-08-10,NIFTY,24538.5,SIDEWAYS,NEUTRAL,NO_TRADE,NO_TRADE,50,No valid setup — conditions not satisfied,,,Breakout below — or above —,Range: — – —,,,NO_TRADE,,0.0,0.0,,,LIVE,No trade warranted
2026-08-10 04:35:00,2026-08-10,NIFTY,24534.650390625,SIDEWAYS,NEUTRAL,NO_TRADE,NO_TRADE,50,No valid setup — conditions not satisfied,,,Breakout below — or above —,Range: — – —,,,NO_TRADE,,0.0,0.0,,,LIVE,No trade warranted
2026-08-10 04:40:00,2026-08-10,NIFTY,24544.75,SIDEWAYS,NEUTRAL,NO_TRADE,NO_TRADE,50,No valid setup — conditions not satisfied,,,Breakout below — or above —,Range: — – —,,,NO_TRADE,,0.0,0.0,,,LIVE,No trade warranted
2026-08-10 04:45:00,2026-08-10,NIFTY,24574.25,SIDEWAYS,NEUTRAL,NO_TRADE,NO_TRADE,50,No valid setup — conditions not satisfied,,,Breakout below — or above —,Range: — – —,,,NO_TRADE,,0.0,0.0,,,LIVE,No trade warranted
2026-08-10 04:50:00,2026-08-10,NIFTY,24592.55078125,SIDEWAYS,NEUTRAL,NO_TRADE,NO_TRADE,50,No valid setup — conditions not satisfied,,,Breakout below — or above —,Range: — – —,,,NO_TRADE,,0.0,0.0,,,LIVE,No trade warranted
2026-08-10 04:55:00,2026-08-10,NIFTY,24594.80078125,SIDEWAYS,NEUTRAL,NO_TRADE,NO_TRADE,50,No valid setup — conditions not satisfied,,,Breakout below — or above —,Range: — – —,,,NO_TRADE,,0.0,0.0,,,LIVE,No trade warranted
2026-08-10 05:00:00,2026-08-10,NIFTY,24585.55078125,SIDEWAYS,NEUTRAL,NO_TRADE,NO_TRADE,50,No valid setup — conditions not satisfied,,,Breakout below — or above —,Range: — – —,,,NO_TRADE,,0.0,0.0,,,LIVE,No trade warranted
2026-08-10 05:05:00,2026-08-10,NIFTY,24593.849609375,SIDEWAYS,NEUTRAL,NO_TRADE,NO_TRADE,50,No valid setup — conditions not satisfied,,,Breakout below — or above —,Range: — – —,,,NO_TRADE,,0.0,0.0,,,LIVE,No trade warranted
2026-08-10 05:10:00,2026-08-10,NIFTY,24603.650390625,VOLATILE_EXPANSION,MIXED,NO_TRADE,NO_TRADE,40,No valid setup — conditions not satisfied,,,Close below — or above — with VIX spike,ATR-based range: ±0.00,,,NO_TRADE,,0.0,0.0,,,LIVE,No trade warranted
2026-08-10 05:15:00,2026-08-10,NIFTY,24600.900390625,VOLATILE_EXPANSION,MIXED,NO_TRADE,NO_TRADE,40,No valid setup — conditions not satisfied,,,Close below — or above — with VIX spike,ATR-based range: ±0.00,,,NO_TRADE,,0.0,0.0,,,LIVE,No trade warranted
2026-08-10 05:20:00,2026-08-10,NIFTY,24588.0,VOLATILE_EXPANSION,MIXED,NO_TRADE,NO_TRADE,40,No valid setup — conditions not satisfied,,,Close below 24559.6 or above 24574.9 with VIX spike,ATR-based range: ±24.10,,,NO_TRADE,,0.0,0.0,,,LIVE,No trade warranted
2026-08-10 05:25:00,2026-08-10,NIFTY,24588.19921875,VOLATILE_EXPANSION,MIXED,NO_TRADE,NO_TRADE,40,No valid setup — conditions not satisfied,,,Close below 24555.25 or above 24574.9 with VIX spike,ATR-based range: ±29.33,,,NO_TRADE,,0.0,0.0,,,LIVE,No trade warranted
2026-08-10 05:30:00,2026-08-10,NIFTY,24600.75,VOLATILE_EXPANSION,MIXED,NO_TRADE,NO_TRADE,40,No valid setup — conditions not satisfied,,,Close below 24555.25 or above 24574.9 with VIX spike,ATR-based range: ±29.33,,,NO_TRADE,,0.0,0.0,,,LIVE,No trade warranted
2026-08-10 05:35:00,2026-08-10,NIFTY,24591.30078125,VOLATILE_EXPANSION,MIXED,NO_TRADE,NO_TRADE,40,No valid setup — conditions not satisfied,,,Close below 24545.6 or above 24574.9 with VIX spike,ATR-based range: ±30.15,,,NO_TRADE,,0.0,0.0,,,LIVE,No trade warranted
2026-08-10 05:40:00,2026-08-10,NIFTY,24602.349609375,VOLATILE_EXPANSION,MIXED,NO_TRADE,NO_TRADE,40,No valid setup — conditions not satisfied,,,Close below 24545.6 or above 24574.9 with VIX spike,ATR-based range: ±30.67,,,NO_TRADE,,0.0,0.0,,,LIVE,No trade warranted
2026-08-10 05:45:00,2026-08-10,NIFTY,24601.599609375,VOLATILE_EXPANSION,MIXED,NO_TRADE,NO_TRADE,40,No valid setup — conditions not satisfied,,,Close below 24571.35 or above 24574.9 with VIX spike,ATR-based range: ±30.02,,,NO_TRADE,,0.0,0.0,,,LIVE,No trade warranted
2026-08-10 05:50:00,2026-08-10,NIFTY,24601.150390625,VOLATILE_EXPANSION,MIXED,NO_TRADE,NO_TRADE,40,No valid setup — conditions not satisfied,,,Close below 24571.35 or above 24590.9 with VIX spike,ATR-based range: ±30.65,,,NO_TRADE,,0.0,0.0,,,LIVE,No trade warranted
2026-08-10 05:55:00,2026-08-10,NIFTY,24603.900390625,VOLATILE_EXPANSION,MIXED,NO_TRADE,NO_TRADE,40,No valid setup — conditions not satisfied,,,Close below 24571.35 or above 24590.9 with VIX spike,ATR-based range: ±30.65,,,NO_TRADE,,0.0,0.0,,,LIVE,No trade warranted
2026-08-10 06:00:00,2026-08-10,NIFTY,24585.400390625,SIDEWAYS,NEUTRAL,NO_TRADE,NO_TRADE,50,No valid setup — conditions not satisfied,,,Breakout below 24581.65 or above 24590.9,Range: 24581.65 – 24590.9,,,NO_TRADE,,0.0,0.0,,,LIVE,No trade warranted
2026-08-10 06:05:00,2026-08-10,NIFTY,24595.55078125,SIDEWAYS,NEUTRAL,NO_TRADE,NO_TRADE,50,No valid setup — conditions not satisfied,,,Breakout below 24585.85 or above 24590.9,Range: 24585.85 – 24590.9,,,NO_TRADE,,0.0,0.0,,,LIVE,No trade warranted
2026-08-10 06:10:00,2026-08-10,NIFTY,24583.150390625,SIDEWAYS,NEUTRAL,NO_TRADE,NO_TRADE,50,No valid setup — conditions not satisfied,,,Breakout below 24587.95 or above 24590.9,Range: 24587.95 – 24590.9,,,NO_TRADE,,0.0,0.0,,,LIVE,No trade warranted
2026-08-10 06:15:00,2026-08-10,NIFTY,24591.25,SIDEWAYS,NEUTRAL,NO_TRADE,NO_TRADE,50,No valid setup — conditions not satisfied,,,Breakout below 24589.35 or above 24593.8,Range: 24589.35 – 24593.8,,,NO_TRADE,,0.0,0.0,,,LIVE,No trade warranted
2026-08-10 06:20:00,2026-08-10,NIFTY,24586.44921875,SIDEWAYS,NEUTRAL,NO_TRADE,NO_TRADE,50,No valid setup — conditions not satisfied,,,Breakout below 24592.9 or above 24593.8,Range: 24592.9 – 24593.8,,,NO_TRADE,,0.0,0.0,,,LIVE,No trade warranted
2026-08-10 06:25:00,2026-08-10,NIFTY,24588.19921875,VOLATILE_EXPANSION,MIXED,NO_TRADE,NO_TRADE,40,No valid setup — conditions not satisfied,,,Close below 24592.9 or above 24595.05 with VIX spike,ATR-based range: ±4.08,,,NO_TRADE,,0.0,0.0,,,LIVE,No trade warranted
2026-08-10 06:30:00,2026-08-10,NIFTY,24594.19921875,SIDEWAYS,NEUTRAL,NO_TRADE,NO_TRADE,50,No valid setup — conditions not satisfied,,,Breakout below 24592.9 or above 24595.05,Range: 24592.9 – 24595.05,,,NO_TRADE,,0.0,0.0,,,LIVE,No trade warranted
2026-08-10 06:35:00,2026-08-10,NIFTY,24593.94921875,SIDEWAYS,NEUTRAL,NO_TRADE,NO_TRADE,50,No valid setup — conditions not satisfied,,,Breakout below 24592.9 or above 24595.05,Range: 24592.9 – 24595.05,,,NO_TRADE,,0.0,0.0,,,LIVE,No trade warranted
2026-08-10 06:40:00,2026-08-10,NIFTY,24606.80078125,SIDEWAYS,NEUTRAL,NO_TRADE,NO_TRADE,50,No valid setup — conditions not satisfied,,,Breakout below 24592.9 or above 24595.05,Range: 24592.9 – 24595.05,,,NO_TRADE,,0.0,0.0,,,LIVE,No trade warranted
2026-08-10 06:45:00,2026-08-10,NIFTY,24608.0,SIDEWAYS,NEUTRAL,NO_TRADE,NO_TRADE,50,No valid setup — conditions not satisfied,,,Breakout below 24592.9 or above 24596.25,Range: 24592.9 – 24596.25,,,NO_TRADE,,0.0,0.0,,,LIVE,No trade warranted
2026-08-10 06:50:00,2026-08-10,NIFTY,24602.0,SIDEWAYS,NEUTRAL,NO_TRADE,NO_TRADE,50,No valid setup — conditions not satisfied,,,Breakout below 24592.65 or above 24596.25,Range: 24592.65 – 24596.25,,,NO_TRADE,,0.0,0.0,,,LIVE,No trade warranted
2026-08-10 06:55:00,2026-08-10,NIFTY,24610.599609375,SIDEWAYS,NEUTRAL,NO_TRADE,NO_TRADE,50,No valid setup — conditions not satisfied,,,Breakout below 24592.65 or above 24596.25,Range: 24592.65 – 24596.25,,,NO_TRADE,,0.0,0.0,,,LIVE,No trade warranted
2026-08-10 07:00:00,2026-08-10,NIFTY,24609.30078125,SIDEWAYS,NEUTRAL,NO_TRADE,NO_TRADE,50,No valid setup — conditions not satisfied,,,Breakout below 24597.15 or above 24597.4,Range: 24597.15 – 24597.4,,,NO_TRADE,,0.0,0.0,,,LIVE,No trade warranted
2026-08-10 07:05:00,2026-08-10,NIFTY,24612.5,SIDEWAYS,NEUTRAL,NO_TRADE,NO_TRADE,50,No valid setup — conditions not satisfied,,,Breakout below 24597.15 or above 24598.5,Range: 24597.15 – 24598.5,,,NO_TRADE,,0.0,0.0,,,LIVE,No trade warranted
2026-08-10 07:10:00,2026-08-10,NIFTY,24598.25,SIDEWAYS,NEUTRAL,NO_TRADE,NO_TRADE,50,No valid setup — conditions not satisfied,,,Breakout below 24598.1 or above 24598.5,Range: 24598.1 – 24598.5,,,NO_TRADE,,0.0,0.0,,,LIVE,No trade warranted
2026-08-10 07:15:00,2026-08-10,NIFTY,24596.099609375,SIDEWAYS,NEUTRAL,NO_TRADE,NO_TRADE,50,No valid setup — conditions not satisfied,,,Breakout below 24598.1 or above 24599.4,Range: 24598.1 – 24599.4,,,NO_TRADE,,0.0,0.0,,,LIVE,No trade warranted
2026-08-10 07:20:00,2026-08-10,NIFTY,24591.05078125,SIDEWAYS,NEUTRAL,NO_TRADE,NO_TRADE,50,No valid setup — conditions not satisfied,,,Breakout below 24597.15 or above 24598.5,Range: 24597.15 – 24598.5,,,NO_TRADE,,0.0,0.0,,,LIVE,No trade warranted
2026-08-10 07:25:00,2026-08-10,NIFTY,24587.75,SIDEWAYS,NEUTRAL,NO_TRADE,NO_TRADE,50,No valid setup — conditions not satisfied,,,Breakout below 24597.15 or above 24597.4,Range: 24597.15 – 24597.4,,,NO_TRADE,,0.0,0.0,,,LIVE,No trade warranted
2026-08-10 07:30:00,2026-08-10,NIFTY,24589.94921875,SIDEWAYS,NEUTRAL,NO_TRADE,NO_TRADE,50,No valid setup — conditions not satisfied,,,Breakout below 24593.45 or above 24597.4,Range: 24593.45 – 24597.4,,,NO_TRADE,,0.0,0.0,,,LIVE,No trade warranted
2026-08-10 07:35:00,2026-08-10,NIFTY,24579.25,SIDEWAYS,NEUTRAL,NO_TRADE,NO_TRADE,50,No valid setup — conditions not satisfied,,,Breakout below 24593.45 or above 24596.0,Range: 24593.45 – 24596.0,,,NO_TRADE,,0.0,0.0,,,LIVE,No trade warranted
2026-08-10 07:40:00,2026-08-10,NIFTY,24573.55078125,SIDEWAYS,NEUTRAL,NO_TRADE,NO_TRADE,50,No valid setup — conditions not satisfied,,,Breakout below 24593.45 or above 24596.0,Range: 24593.45 – 24596.0,,,NO_TRADE,,0.0,0.0,,,LIVE,No trade warranted
2026-08-10 07:45:00,2026-08-10,NIFTY,24586.849609375,SIDEWAYS,NEUTRAL,NO_TRADE,NO_TRADE,50,No valid setup — conditions not satisfied,,,Breakout below 24593.45 or above 24596.0,Range: 24593.45 – 24596.0,,,NO_TRADE,,0.0,0.0,,,LIVE,No trade warranted
2026-08-10 07:50:00,2026-08-10,NIFTY,24585.599609375,SIDEWAYS_TO_BEARISH,MILD_BEARISH,MILD_DIRECTIONAL,CONDITIONAL,40,Conditional — requires breakout above 24596.0 or breakdown below 24593.45,2026-08-10 07:55:00,24589.80078125,Close above 24596.25 invalidates bearish view,S1 24593.45 – S2 24591.15,2026-08-11 04:25:00,24461.0,LOSS,-0.5068,219.7284,-5.9669,5,1235,LIVE,Invalidation reached before target
2026-08-10 07:55:00,2026-08-10,NIFTY,24589.80078125,SIDEWAYS,NEUTRAL,NO_TRADE,NO_TRADE,30,No valid setup — conditions not satisfied,,,Breakout below 24593.45 or above 24595.35,Range: 24593.45 – 24595.35,,,NO_TRADE,,0.0,0.0,,,LIVE,No trade warranted
2026-08-10 08:00:00,2026-08-10,NIFTY,24598.599609375,SIDEWAYS,NEUTRAL,NO_TRADE,NO_TRADE,30,No valid setup — conditions not satisfied,,,Breakout below 24593.45 or above 24595.35,Range: 24593.45 – 24595.35,,,NO_TRADE,,0.0,0.0,,,LIVE,No trade warranted
2026-08-10 08:05:00,2026-08-10,NIFTY,24599.599609375,SIDEWAYS,NEUTRAL,NO_TRADE,NO_TRADE,30,No valid setup — conditions not satisfied,,,Breakout below 24593.45 or above 24596.0,Range: 24593.45 – 24596.0,,,NO_TRADE,,0.0,0.0,,,LIVE,No trade warranted
2026-08-10 08:10:00,2026-08-10,NIFTY,24606.349609375,SIDEWAYS,NEUTRAL,NO_TRADE,NO_TRADE,30,No valid setup — conditions not satisfied,,,Breakout below 24593.45 or above 24597.4,Range: 24593.45 – 24597.4,,,NO_TRADE,,0.0,0.0,,,LIVE,No trade warranted
2026-08-10 08:15:00,2026-08-10,NIFTY,24604.599609375,SIDEWAYS,NEUTRAL,NO_TRADE,NO_TRADE,30,No valid setup — conditions not satisfied,,,Breakout below 24596.35 or above 24600.45,Range: 24596.35 – 24600.45,,,NO_TRADE,,0.0,0.0,,,LIVE,No trade warranted
2026-08-10 08:20:00,2026-08-10,NIFTY,24605.400390625,SIDEWAYS,NEUTRAL,NO_TRADE,NO_TRADE,30,No valid setup — conditions not satisfied,,,Breakout below 24596.35 or above 24600.45,Range: 24596.35 – 24600.45,,,NO_TRADE,,0.0,0.0,,,LIVE,No trade warranted
2026-08-10 08:25:00,2026-08-10,NIFTY,24591.849609375,SIDEWAYS,NEUTRAL,NO_TRADE,NO_TRADE,30,No valid setup — conditions not satisfied,,,Breakout below 24593.45 or above 24596.0,Range: 24593.45 – 24596.0,,,NO_TRADE,,0.0,0.0,,,LIVE,No trade warranted
2026-08-10 08:30:00,2026-08-10,NIFTY,24590.900390625,SIDEWAYS,NEUTRAL,NO_TRADE,NO_TRADE,30,No valid setup — conditions not satisfied,,,Breakout below 24593.45 or above 24596.0,Range: 24593.45 – 24596.0,,,NO_TRADE,,0.0,0.0,,,LIVE,No trade warranted
2026-08-10 08:35:00,2026-08-10,NIFTY,24597.849609375,SIDEWAYS,NEUTRAL,NO_TRADE,NO_TRADE,30,No valid setup — conditions not satisfied,,,Breakout below 24593.45 or above 24595.35,Range: 24593.45 – 24595.35,,,NO_TRADE,,0.0,0.0,,,LIVE,No trade warranted
2026-08-10 08:40:00,2026-08-10,NIFTY,24587.55078125,SIDEWAYS,NEUTRAL,NO_TRADE,NO_TRADE,30,No valid setup — conditions not satisfied,,,Breakout below 24593.45 or above 24595.35,Range: 24593.45 – 24595.35,,,NO_TRADE,,0.0,0.0,,,LIVE,No trade warranted
2026-08-10 08:45:00,2026-08-10,NIFTY,24583.900390625,SIDEWAYS,NEUTRAL,NO_TRADE,NO_TRADE,30,No valid setup — conditions not satisfied,,,Breakout below 24591.1 or above 24593.15,Range: 24591.1 – 24593.15,,,NO_TRADE,,0.0,0.0,,,LIVE,No trade warranted
2026-08-10 08:50:00,2026-08-10,NIFTY,24587.80078125,SIDEWAYS,NEUTRAL,NO_TRADE,NO_TRADE,30,No valid setup — conditions not satisfied,,,Breakout below 24591.1 or above 24592.2,Range: 24591.1 – 24592.2,,,NO_TRADE,,0.0,0.0,,,LIVE,No trade warranted
2026-08-10 08:55:00,2026-08-10,NIFTY,24586.75,SIDEWAYS,NEUTRAL,NO_TRADE,NO_TRADE,30,No valid setup — conditions not satisfied,,,Breakout below 24591.1 or above 24592.2,Range: 24591.1 – 24592.2,,,NO_TRADE,,0.0,0.0,,,LIVE,No trade warranted
2026-08-10 09:00:00,2026-08-10,NIFTY,24582.44921875,SIDEWAYS,NEUTRAL,NO_TRADE,NO_TRADE,30,No valid setup — conditions not satisfied,,,Breakout below 24590.0 or above 24591.0,Range: 24590.0 – 24591.0,,,NO_TRADE,,0.0,0.0,,,LIVE,No trade warranted
2026-08-10 09:05:00,2026-08-10,NIFTY,24573.94921875,SIDEWAYS_TO_BEARISH,MILD_BEARISH,MILD_DIRECTIONAL,CONDITIONAL,40,Conditional — requires breakout above 24591.0 or breakdown below 24590.0,2026-08-10 09:10:00,24572.5,Close above 24592.2 invalidates bearish view,S1 24590.0 – S2 24587.65,2026-08-11 05:30:00,24449.69921875,LOSS,-0.5056,219.7918,-5.9223,5,1225,LIVE,Invalidation reached before target
2026-08-10 09:10:00,2026-08-10,NIFTY,24572.5,SIDEWAYS,NEUTRAL,NO_TRADE,NO_TRADE,30,No valid setup — conditions not satisfied,,,Breakout below 24587.65 or above 24589.8,Range: 24587.65 – 24589.8,,,NO_TRADE,,0.0,0.0,,,LIVE,No trade warranted
2026-08-10 09:15:00,2026-08-10,NIFTY,24556.25,SIDEWAYS,NEUTRAL,NO_TRADE,NO_TRADE,30,No valid setup — conditions not satisfied,,,Breakout below 24587.65 or above 24588.8,Range: 24587.65 – 24588.8,,,NO_TRADE,,0.0,0.0,,,LIVE,No trade warranted
2026-08-10 09:20:00,2026-08-10,NIFTY,24558.94921875,SIDEWAYS,NEUTRAL,NO_TRADE,NO_TRADE,30,No valid setup — conditions not satisfied,,,Breakout below 24586.95 or above 24588.8,Range: 24586.95 – 24588.8,,,NO_TRADE,,0.0,0.0,,,LIVE,No trade warranted
2026-08-10 09:25:00,2026-08-10,NIFTY,24567.849609375,SIDEWAYS,NEUTRAL,NO_TRADE,NO_TRADE,30,No valid setup — conditions not satisfied,,,Breakout below 24585.45 or above 24588.8,Range: 24585.45 – 24588.8,,,NO_TRADE,,0.0,0.0,,,LIVE,No trade warranted
2026-08-10 09:30:00,2026-08-10,NIFTY,24572.0,SIDEWAYS,NEUTRAL,NO_TRADE,NO_TRADE,30,No valid setup — conditions not satisfied,,,Breakout below 24585.45 or above 24591.0,Range: 24585.45 – 24591.0,,,NO_TRADE,,0.0,0.0,,,LIVE,No trade warranted
2026-08-10 09:35:00,2026-08-10,NIFTY,24553.5,SIDEWAYS,NEUTRAL,NO_TRADE,NO_TRADE,30,No valid setup — conditions not satisfied,,,Breakout below 24583.7 or above 24591.0,Range: 24583.7 – 24591.0,,,NO_TRADE,,0.0,0.0,,,LIVE,No trade warranted
2026-08-10 09:40:00,2026-08-10,NIFTY,24560.05078125,SIDEWAYS,NEUTRAL,NO_TRADE,NO_TRADE,30,No valid setup — conditions not satisfied,,,Breakout below 24578.0 or above 24582.25,Range: 24578.0 – 24582.25,,,NO_TRADE,,0.0,0.0,,,LIVE,No trade warranted
2026-08-10 09:45:00,2026-08-10,NIFTY,24560.150390625,SIDEWAYS,NEUTRAL,NO_TRADE,NO_TRADE,30,No valid setup — conditions not satisfied,,,Breakout below 24578.0 or above 24582.25,Range: 24578.0 – 24582.25,,,NO_TRADE,,0.0,0.0,,,LIVE,No trade warranted
2026-08-10 09:50:00,2026-08-10,NIFTY,24560.150390625,SIDEWAYS,NEUTRAL,NO_TRADE,NO_TRADE,30,No valid setup — conditions not satisfied,,,Breakout below 24568.1 or above 24578.85,Range: 24568.1 – 24578.85,,,NO_TRADE,,0.0,0.0,,,LIVE,No trade warranted
2026-08-10 09:55:00,2026-08-10,NIFTY,24583.80078125,SIDEWAYS,NEUTRAL,NO_TRADE,NO_TRADE,30,No valid setup — conditions not satisfied,,,Breakout below 24568.1 or above 24578.85,Range: 24568.1 – 24578.85,,,NO_TRADE,,0.0,0.0,,,LIVE,No trade warranted
2026-08-11 03:45:00,2026-08-11,NIFTY,24504.75,SIDEWAYS,NEUTRAL,NO_TRADE,NO_TRADE,50,No valid setup — conditions not satisfied,,,Breakout below — or above —,Range: — – —,,,NO_TRADE,,0.0,0.0,,,LIVE,No trade warranted
2026-08-11 03:50:00,2026-08-11,NIFTY,24500.150390625,SIDEWAYS,NEUTRAL,NO_TRADE,NO_TRADE,50,No valid setup — conditions not satisfied,,,Breakout below — or above —,Range: — – —,,,NO_TRADE,,0.0,0.0,,,LIVE,No trade warranted
2026-08-11 03:55:00,2026-08-11,NIFTY,24487.400390625,SIDEWAYS,NEUTRAL,NO_TRADE,NO_TRADE,50,No valid setup — conditions not satisfied,,,Breakout below — or above —,Range: — – —,,,NO_TRADE,,0.0,0.0,,,LIVE,No trade warranted
2026-08-11 04:00:00,2026-08-11,NIFTY,24488.349609375,SIDEWAYS,NEUTRAL,NO_TRADE,NO_TRADE,50,No valid setup — conditions not satisfied,,,Breakout below — or above —,Range: — – —,,,NO_TRADE,,0.0,0.0,,,LIVE,No trade warranted
2026-08-11 04:05:00,2026-08-11,NIFTY,24481.75,SIDEWAYS,NEUTRAL,NO_TRADE,NO_TRADE,50,No valid setup — conditions not satisfied,,,Breakout below — or above —,Range: — – —,,,NO_TRADE,,0.0,0.0,,,LIVE,No trade warranted
2026-08-11 04:10:00,2026-08-11,NIFTY,24479.25,SIDEWAYS,NEUTRAL,NO_TRADE,NO_TRADE,50,No valid setup — conditions not satisfied,,,Breakout below — or above —,Range: — – —,,,NO_TRADE,,0.0,0.0,,,LIVE,No trade warranted
2026-08-11 04:15:00,2026-08-11,NIFTY,24472.150390625,SIDEWAYS,NEUTRAL,NO_TRADE,NO_TRADE,50,No valid setup — conditions not satisfied,,,Breakout below — or above —,Range: — – —,,,NO_TRADE,,0.0,0.0,,,LIVE,No trade warranted
2026-08-11 04:20:00,2026-08-11,NIFTY,24468.599609375,SIDEWAYS,NEUTRAL,NO_TRADE,NO_TRADE,50,No valid setup — conditions not satisfied,,,Breakout below — or above —,Range: — – —,,,NO_TRADE,,0.0,0.0,,,LIVE,No trade warranted
2026-08-11 04:25:00,2026-08-11,NIFTY,24486.849609375,SIDEWAYS,NEUTRAL,NO_TRADE,NO_TRADE,50,No valid setup — conditions not satisfied,,,Breakout below — or above —,Range: — – —,,,NO_TRADE,,0.0,0.0,,,LIVE,No trade warranted
2026-08-11 04:30:00,2026-08-11,NIFTY,24486.55078125,SIDEWAYS,NEUTRAL,NO_TRADE,NO_TRADE,50,No valid setup — conditions not satisfied,,,Breakout below — or above —,Range: — – —,,,NO_TRADE,,0.0,0.0,,,LIVE,No trade warranted
2026-08-11 04:35:00,2026-08-11,NIFTY,24479.55078125,SIDEWAYS,NEUTRAL,NO_TRADE,NO_TRADE,50,No valid setup — conditions not satisfied,,,Breakout below — or above —,Range: — – —,,,NO_TRADE,,0.0,0.0,,,LIVE,No trade warranted
2026-08-11 04:40:00,2026-08-11,NIFTY,24473.0,SIDEWAYS,NEUTRAL,NO_TRADE,NO_TRADE,50,No valid setup — conditions not satisfied,,,Breakout below — or above —,Range: — – —,,,NO_TRADE,,0.0,0.0,,,LIVE,No trade warranted
2026-08-11 04:45:00,2026-08-11,NIFTY,24467.599609375,SIDEWAYS,NEUTRAL,NO_TRADE,NO_TRADE,50,No valid setup — conditions not satisfied,,,Breakout below — or above —,Range: — – —,,,NO_TRADE,,0.0,0.0,,,LIVE,No trade warranted
2026-08-11 04:50:00,2026-08-11,NIFTY,24470.30078125,SIDEWAYS,NEUTRAL,NO_TRADE,NO_TRADE,50,No valid setup — conditions not satisfied,,,Breakout below — or above —,Range: — – —,,,NO_TRADE,,0.0,0.0,,,LIVE,No trade warranted
2026-08-11 04:55:00,2026-08-11,NIFTY,24479.0,VOLATILE_EXPANSION,MIXED,NO_TRADE,NO_TRADE,40,No valid setup — conditions not satisfied,,,Close below — or above — with VIX spike,ATR-based range: ±0.00,,,NO_TRADE,,0.0,0.0,,,LIVE,No trade warranted
2026-08-11 05:00:00,2026-08-11,NIFTY,24480.69921875,SIDEWAYS,NEUTRAL,NO_TRADE,NO_TRADE,50,No valid setup — conditions not satisfied,,,Breakout below — or above —,Range: — – —,,,NO_TRADE,,0.0,0.0,,,LIVE,No trade warranted
2026-08-11 05:05:00,2026-08-11,NIFTY,24478.94921875,SIDEWAYS,NEUTRAL,NO_TRADE,NO_TRADE,50,No valid setup — conditions not satisfied,,,Breakout below — or above —,Range: — – —,,,NO_TRADE,,0.0,0.0,,,LIVE,No trade warranted
2026-08-11 05:10:00,2026-08-11,NIFTY,24474.75,SIDEWAYS,NEUTRAL,NO_TRADE,NO_TRADE,50,No valid setup — conditions not satisfied,,,Breakout below — or above —,Range: — – —,,,NO_TRADE,,0.0,0.0,,,LIVE,No trade warranted
2026-08-11 05:15:00,2026-08-11,NIFTY,24468.400390625,SIDEWAYS,NEUTRAL,NO_TRADE,NO_TRADE,50,No valid setup — conditions not satisfied,,,Breakout below — or above —,Range: — – —,,,NO_TRADE,,0.0,0.0,,,LIVE,No trade warranted
2026-08-11 05:20:00,2026-08-11,NIFTY,24476.69921875,SIDEWAYS,NEUTRAL,NO_TRADE,NO_TRADE,50,No valid setup — conditions not satisfied,,,Breakout below 24479.3 or above 24481.0,Range: 24479.3 – 24481.0,,,NO_TRADE,,0.0,0.0,,,LIVE,No trade warranted
2026-08-11 05:25:00,2026-08-11,NIFTY,24469.0,SIDEWAYS,NEUTRAL,NO_TRADE,NO_TRADE,50,No valid setup — conditions not satisfied,,,Breakout below 24475.05 or above 24479.3,Range: 24475.05 – 24479.3,,,NO_TRADE,,0.0,0.0,,,LIVE,No trade warranted
2026-08-11 05:30:00,2026-08-11,NIFTY,24452.0,SIDEWAYS,NEUTRAL,NO_TRADE,NO_TRADE,50,No valid setup — conditions not satisfied,,,Breakout below 24475.05 or above 24477.45,Range: 24475.05 – 24477.45,,,NO_TRADE,,0.0,0.0,,,LIVE,No trade warranted
2026-08-11 05:35:00,2026-08-11,NIFTY,24445.650390625,VOLATILE_EXPANSION,MIXED,NO_TRADE,NO_TRADE,40,No valid setup — conditions not satisfied,,,Close below 24472.6 or above 24474.85 with VIX spike,ATR-based range: ±2.98,,,NO_TRADE,,0.0,0.0,,,LIVE,No trade warranted
2026-08-11 05:40:00,2026-08-11,NIFTY,24451.25,VOLATILE_EXPANSION,MIXED,NO_TRADE,NO_TRADE,40,No valid setup — conditions not satisfied,,,Close below 24471.5 or above 24474.85 with VIX spike,ATR-based range: ±4.52,,,NO_TRADE,,0.0,0.0,,,LIVE,No trade warranted
2026-08-11 05:45:00,2026-08-11,NIFTY,24449.19921875,VOLATILE_EXPANSION,MIXED,NO_TRADE,NO_TRADE,40,No valid setup — conditions not satisfied,,,Close below 24469.0 or above 24471.25 with VIX spike,ATR-based range: ±3.40,,,NO_TRADE,,0.0,0.0,,,LIVE,No trade warranted
2026-08-11 05:50:00,2026-08-11,NIFTY,24445.650390625,VOLATILE_EXPANSION,MIXED,NO_TRADE,NO_TRADE,40,No valid setup — conditions not satisfied,,,Close below 24468.35 or above 24471.25 with VIX spike,ATR-based range: ±3.90,,,NO_TRADE,,0.0,0.0,,,LIVE,No trade warranted
2026-08-11 05:55:00,2026-08-11,NIFTY,24442.599609375,VOLATILE_EXPANSION,MIXED,NO_TRADE,NO_TRADE,40,No valid setup — conditions not satisfied,,,Close below 24464.85 or above 24471.25 with VIX spike,ATR-based range: ±5.78,,,NO_TRADE,,0.0,0.0,,,LIVE,No trade warranted
2026-08-11 06:00:00,2026-08-11,NIFTY,24442.599609375,VOLATILE_EXPANSION,MIXED,NO_TRADE,NO_TRADE,40,No valid setup — conditions not satisfied,,,Close below 24464.85 or above 24471.25 with VIX spike,ATR-based range: ±7.08,,,NO_TRADE,,0.0,0.0,,,LIVE,No trade warranted
2026-08-11 06:05:00,2026-08-11,NIFTY,24447.650390625,VOLATILE_EXPANSION,MIXED,NO_TRADE,NO_TRADE,40,No valid setup — conditions not satisfied,,,Close below 24463.6 or above 24471.25 with VIX spike,ATR-based range: ±15.03,,,NO_TRADE,,0.0,0.0,,,LIVE,No trade warranted
2026-08-11 06:10:00,2026-08-11,NIFTY,24448.599609375,VOLATILE_EXPANSION,MIXED,NO_TRADE,NO_TRADE,40,No valid setup — conditions not satisfied,,,Close below 24449.7 or above 24471.25 with VIX spike,ATR-based range: ±15.03,,,NO_TRADE,,0.0,0.0,,,LIVE,No trade warranted
2026-08-11 06:15:00,2026-08-11,NIFTY,24453.400390625,VOLATILE_EXPANSION,MIXED,NO_TRADE,NO_TRADE,40,No valid setup — conditions not satisfied,,,Close below 24449.7 or above 24471.25 with VIX spike,ATR-based range: ±14.88,,,NO_TRADE,,0.0,0.0,,,LIVE,No trade warranted
2026-08-11 06:20:00,2026-08-11,NIFTY,24442.19921875,VOLATILE_EXPANSION,MIXED,NO_TRADE,NO_TRADE,40,No valid setup — conditions not satisfied,,,Close below 24449.7 or above 24471.25 with VIX spike,ATR-based range: ±14.88,,,NO_TRADE,,0.0,0.0,,,LIVE,No trade warranted
2026-08-11 06:25:00,2026-08-11,NIFTY,24444.05078125,VOLATILE_EXPANSION,MIXED,NO_TRADE,NO_TRADE,40,No valid setup — conditions not satisfied,,,Close below 24449.7 or above 24458.95 with VIX spike,ATR-based range: ±14.72,,,NO_TRADE,,0.0,0.0,,,LIVE,No trade warranted
2026-08-11 06:30:00,2026-08-11,NIFTY,24431.05078125,VOLATILE_EXPANSION,MIXED,NO_TRADE,NO_TRADE,40,No valid setup — conditions not satisfied,,,Close below 24449.7 or above 24456.45 with VIX spike,ATR-based range: ±12.92,,,NO_TRADE,,0.0,0.0,,,LIVE,No trade warranted
2026-08-11 06:35:00,2026-08-11,NIFTY,24434.650390625,VOLATILE_EXPANSION,MIXED,NO_TRADE,NO_TRADE,40,No valid setup — conditions not satisfied,,,Close below 24449.7 or above 24455.7 with VIX spike,ATR-based range: ±5.52,,,NO_TRADE,,0.0,0.0,,,LIVE,No trade warranted
2026-08-11 06:40:00,2026-08-11,NIFTY,24444.650390625,SIDEWAYS,NEUTRAL,NO_TRADE,NO_TRADE,50,No valid setup — conditions not satisfied,,,Breakout below 24449.7 or above 24452.3,Range: 24449.7 – 24452.3,,,NO_TRADE,,0.0,0.0,,,LIVE,No trade warranted
2026-08-11 06:45:00,2026-08-11,NIFTY,24439.30078125,SIDEWAYS,NEUTRAL,NO_TRADE,NO_TRADE,50,No valid setup — conditions not satisfied,,,Breakout below 24449.7 or above 24450.75,Range: 24449.7 – 24450.75,,,NO_TRADE,,0.0,0.0,,,LIVE,No trade warranted
2026-08-11 06:50:00,2026-08-11,NIFTY,24431.849609375,SIDEWAYS,NEUTRAL,NO_TRADE,NO_TRADE,50,No valid setup — conditions not satisfied,,,Breakout below 24446.45 or above 24449.0,Range: 24446.45 – 24449.0,,,NO_TRADE,,0.0,0.0,,,LIVE,No trade warranted
2026-08-11 06:55:00,2026-08-11,NIFTY,24439.650390625,SIDEWAYS,NEUTRAL,NO_TRADE,NO_TRADE,50,No valid setup — conditions not satisfied,,,Breakout below 24446.45 or above 24447.1,Range: 24446.45 – 24447.1,,,NO_TRADE,,0.0,0.0,,,LIVE,No trade warranted
2026-08-11 07:00:00,2026-08-11,NIFTY,24444.25,SIDEWAYS,NEUTRAL,NO_TRADE,NO_TRADE,50,No valid setup — conditions not satisfied,,,Breakout below 24444.15 or above 24445.15,Range: 24444.15 – 24445.15,,,NO_TRADE,,0.0,0.0,,,LIVE,No trade warranted
2026-08-11 07:05:00,2026-08-11,NIFTY,24439.849609375,SIDEWAYS,NEUTRAL,NO_TRADE,NO_TRADE,50,No valid setup — conditions not satisfied,,,Breakout below 24440.9 or above 24445.15,Range: 24440.9 – 24445.15,,,NO_TRADE,,0.0,0.0,,,LIVE,No trade warranted
2026-08-11 07:10:00,2026-08-11,NIFTY,24451.19921875,SIDEWAYS,NEUTRAL,NO_TRADE,NO_TRADE,50,No valid setup — conditions not satisfied,,,Breakout below 24440.9 or above 24445.15,Range: 24440.9 – 24445.15,,,NO_TRADE,,0.0,0.0,,,LIVE,No trade warranted
2026-08-11 07:15:00,2026-08-11,NIFTY,24458.400390625,VOLATILE_EXPANSION,MIXED,NO_TRADE,NO_TRADE,40,No valid setup — conditions not satisfied,,,Close below 24443.6 or above 24445.15 with VIX spike,ATR-based range: ±2.52,,,NO_TRADE,,0.0,0.0,,,LIVE,No trade warranted
2026-08-11 07:20:00,2026-08-11,NIFTY,24448.650390625,SIDEWAYS,NEUTRAL,NO_TRADE,NO_TRADE,50,No valid setup — conditions not satisfied,,,Breakout below 24443.6 or above 24445.15,Range: 24443.6 – 24445.15,,,NO_TRADE,,0.0,0.0,,,LIVE,No trade warranted
2026-08-11 07:25:00,2026-08-11,NIFTY,24440.5,SIDEWAYS,NEUTRAL,NO_TRADE,NO_TRADE,50,No valid setup — conditions not satisfied,,,Breakout below 24440.9 or above 24445.15,Range: 24440.9 – 24445.15,,,NO_TRADE,,0.0,0.0,,,LIVE,No trade warranted
2026-08-11 07:30:00,2026-08-11,NIFTY,24456.69921875,SIDEWAYS,NEUTRAL,NO_TRADE,NO_TRADE,50,No valid setup — conditions not satisfied,,,Breakout below 24440.9 or above 24445.15,Range: 24440.9 – 24445.15,,,NO_TRADE,,0.0,0.0,,,LIVE,No trade warranted
2026-08-11 07:35:00,2026-08-11,NIFTY,24462.0,VOLATILE_EXPANSION,MIXED,NO_TRADE,NO_TRADE,40,No valid setup — conditions not satisfied,,,Close below 24440.9 or above 24445.15 with VIX spike,ATR-based range: ±3.00,,,NO_TRADE,,0.0,0.0,,,LIVE,No trade warranted
2026-08-11 07:40:00,2026-08-11,NIFTY,24453.150390625,VOLATILE_EXPANSION,MIXED,NO_TRADE,NO_TRADE,40,No valid setup — conditions not satisfied,,,Close below 24445.4 or above 24446.0 with VIX spike,ATR-based range: ±3.48,,,NO_TRADE,,0.0,0.0,,,LIVE,No trade warranted
2026-08-11 07:45:00,2026-08-11,NIFTY,24450.0,VOLATILE_EXPANSION,MIXED,NO_TRADE,NO_TRADE,40,No valid setup — conditions not satisfied,,,Close below 24445.4 or above 24446.0 with VIX spike,ATR-based range: ±2.80,,,NO_TRADE,,0.0,0.0,,,LIVE,No trade warranted
2026-08-11 07:50:00,2026-08-11,NIFTY,24452.0,SIDEWAYS,NEUTRAL,NO_TRADE,NO_TRADE,50,No valid setup — conditions not satisfied,,,Breakout below 24442.15 or above 24446.0,Range: 24442.15 – 24446.0,,,NO_TRADE,,0.0,0.0,,,LIVE,No trade warranted
2026-08-11 07:55:00,2026-08-11,NIFTY,24455.05078125,VOLATILE_EXPANSION,MIXED,NO_TRADE,NO_TRADE,40,No valid setup — conditions not satisfied,,,Close below 24442.15 or above 24446.0 with VIX spike,ATR-based range: ±2.80,,,NO_TRADE,,0.0,0.0,,,LIVE,No trade warranted
2026-08-11 08:00:00,2026-08-11,NIFTY,24469.44921875,SIDEWAYS,NEUTRAL,NO_TRADE,NO_TRADE,30,No valid setup — conditions not satisfied,,,Breakout below 24446.8 or above 24449.0,Range: 24446.8 – 24449.0,,,NO_TRADE,,0.0,0.0,,,LIVE,No trade warranted
2026-08-11 08:05:00,2026-08-11,NIFTY,24454.5,VOLATILE_EXPANSION,MIXED,NO_TRADE,NO_TRADE,40,No valid setup — conditions not satisfied,,,Close below 24446.8 or above 24449.0 with VIX spike,ATR-based range: ±4.48,,,NO_TRADE,,0.0,0.0,,,LIVE,No trade warranted
2026-08-11 08:10:00,2026-08-11,NIFTY,24460.55078125,SIDEWAYS,NEUTRAL,NO_TRADE,NO_TRADE,30,No valid setup — conditions not satisfied,,,Breakout below 24448.8 or above 24450.55,Range: 24448.8 – 24450.55,,,NO_TRADE,,0.0,0.0,,,LIVE,No trade warranted
2026-08-11 08:15:00,2026-08-11,NIFTY,24458.5,VOLATILE_EXPANSION,MIXED,NO_TRADE,NO_TRADE,40,No valid setup — conditions not satisfied,,,Close below 24449.8 or above 24450.55 with VIX spike,ATR-based range: ±2.80,,,NO_TRADE,,0.0,0.0,,,LIVE,No trade warranted
2026-08-11 08:20:00,2026-08-11,NIFTY,24453.80078125,SIDEWAYS,NEUTRAL,NO_TRADE,NO_TRADE,30,No valid setup — conditions not satisfied,,,Breakout below 24450.2 or above 24452.4,Range: 24450.2 – 24452.4,,,NO_TRADE,,0.0,0.0,,,LIVE,No trade warranted
2026-08-11 08:25:00,2026-08-11,NIFTY,24450.150390625,SIDEWAYS,NEUTRAL,NO_TRADE,NO_TRADE,30,No valid setup — conditions not satisfied,,,Breakout below 24451.25 or above 24452.4,Range: 24451.25 – 24452.4,,,NO_TRADE,,0.0,0.0,,,LIVE,No trade warranted
2026-08-11 08:30:00,2026-08-11,NIFTY,24450.849609375,SIDEWAYS,NEUTRAL,NO_TRADE,NO_TRADE,30,No valid setup — conditions not satisfied,,,Breakout below 24451.25 or above 24453.25,Range: 24451.25 – 24453.25,,,NO_TRADE,,0.0,0.0,,,LIVE,No trade warranted
2026-08-11 08:35:00,2026-08-11,NIFTY,24460.94921875,SIDEWAYS,NEUTRAL,NO_TRADE,NO_TRADE,30,No valid setup — conditions not satisfied,,,Breakout below 24451.25 or above 24453.8,Range: 24451.25 – 24453.8,,,NO_TRADE,,0.0,0.0,,,LIVE,No trade warranted
2026-08-11 08:40:00,2026-08-11,NIFTY,24462.55078125,SIDEWAYS,NEUTRAL,NO_TRADE,NO_TRADE,30,No valid setup — conditions not satisfied,,,Breakout below 24454.35 or above 24455.3,Range: 24454.35 – 24455.3,,,NO_TRADE,,0.0,0.0,,,LIVE,No trade warranted
2026-08-11 08:45:00,2026-08-11,NIFTY,24454.05078125,SIDEWAYS,NEUTRAL,NO_TRADE,NO_TRADE,30,No valid setup — conditions not satisfied,,,Breakout below 24454.85 or above 24455.3,Range: 24454.85 – 24455.3,,,NO_TRADE,,0.0,0.0,,,LIVE,No trade warranted
2026-08-11 08:50:00,2026-08-11,NIFTY,24458.099609375,SIDEWAYS,NEUTRAL,NO_TRADE,NO_TRADE,50,No valid setup — conditions not satisfied,,,Breakout below 24454.85 or above 24456.8,Range: 24454.85 – 24456.8,,,NO_TRADE,,0.0,0.0,,,LIVE,No trade warranted
2026-08-11 08:55:00,2026-08-11,NIFTY,24449.150390625,SIDEWAYS,NEUTRAL,NO_TRADE,NO_TRADE,30,No valid setup — conditions not satisfied,,,Breakout below 24454.85 or above 24455.3,Range: 24454.85 – 24455.3,,,NO_TRADE,,0.0,0.0,,,LIVE,No trade warranted
2026-08-11 09:00:00,2026-08-11,NIFTY,24443.25,SIDEWAYS,NEUTRAL,NO_TRADE,NO_TRADE,30,No valid setup — conditions not satisfied,,,Breakout below 24454.35 or above 24455.3,Range: 24454.35 – 24455.3,,,NO_TRADE,,0.0,0.0,,,LIVE,No trade warranted
2026-08-11 09:05:00,2026-08-11,NIFTY,24437.75,SIDEWAYS,NEUTRAL,NO_TRADE,NO_TRADE,30,No valid setup — conditions not satisfied,,,Breakout below 24454.35 or above 24455.3,Range: 24454.35 – 24455.3,,,NO_TRADE,,0.0,0.0,,,LIVE,No trade warranted
2026-08-11 09:10:00,2026-08-11,NIFTY,24448.05078125,SIDEWAYS_TO_BEARISH,MILD_BEARISH,MILD_DIRECTIONAL,CONDITIONAL,40,Conditional — requires breakout above 24455.3 or breakdown below 24453.05,2026-08-11 09:15:00,24453.349609375,Close above 24455.65 invalidates bearish view,S1 24453.05 – S2 24452.35,2026-08-12 05:25:00,24309.400390625,LOSS,-0.5671,219.937,-5.4379,5,1215,LIVE,Invalidation reached before target
2026-08-11 09:15:00,2026-08-11,NIFTY,24453.349609375,SIDEWAYS,NEUTRAL,NO_TRADE,NO_TRADE,50,No valid setup — conditions not satisfied,,,Breakout below 24453.05 or above 24453.8,Range: 24453.05 – 24453.8,,,NO_TRADE,,0.0,0.0,,,LIVE,No trade warranted
2026-08-11 09:20:00,2026-08-11,NIFTY,24456.69921875,SIDEWAYS,NEUTRAL,NO_TRADE,NO_TRADE,50,No valid setup — conditions not satisfied,,,Breakout below 24453.05 or above 24455.3,Range: 24453.05 – 24455.3,,,NO_TRADE,,0.0,0.0,,,LIVE,No trade warranted
2026-08-11 09:25:00,2026-08-11,NIFTY,24464.19921875,SIDEWAYS,NEUTRAL,NO_TRADE,NO_TRADE,30,No valid setup — conditions not satisfied,,,Breakout below 24454.35 or above 24455.3,Range: 24454.35 – 24455.3,,,NO_TRADE,,0.0,0.0,,,LIVE,No trade warranted
2026-08-11 09:30:00,2026-08-11,NIFTY,24472.19921875,SIDEWAYS,NEUTRAL,NO_TRADE,NO_TRADE,30,No valid setup — conditions not satisfied,,,Breakout below 24454.85 or above 24460.15,Range: 24454.85 – 24460.15,,,NO_TRADE,,0.0,0.0,,,LIVE,No trade warranted
2026-08-11 09:35:00,2026-08-11,NIFTY,24454.599609375,SIDEWAYS,NEUTRAL,NO_TRADE,NO_TRADE,30,No valid setup — conditions not satisfied,,,Breakout below 24454.85 or above 24455.65,Range: 24454.85 – 24455.65,,,NO_TRADE,,0.0,0.0,,,LIVE,No trade warranted
2026-08-11 09:40:00,2026-08-11,NIFTY,24450.0,SIDEWAYS,NEUTRAL,NO_TRADE,NO_TRADE,30,No valid setup — conditions not satisfied,,,Breakout below 24454.35 or above 24455.3,Range: 24454.35 – 24455.3,,,NO_TRADE,,0.0,0.0,,,LIVE,No trade warranted
2026-08-11 09:45:00,2026-08-11,NIFTY,24450.25,SIDEWAYS,NEUTRAL,NO_TRADE,NO_TRADE,30,No valid setup — conditions not satisfied,,,Breakout below 24454.35 or above 24455.3,Range: 24454.35 – 24455.3,,,NO_TRADE,,0.0,0.0,,,LIVE,No trade warranted
2026-08-11 09:50:00,2026-08-11,NIFTY,24450.25,SIDEWAYS,NEUTRAL,NO_TRADE,NO_TRADE,30,No valid setup — conditions not satisfied,,,Breakout below 24453.05 or above 24455.3,Range: 24453.05 – 24455.3,,,NO_TRADE,,0.0,0.0,,,LIVE,No trade warranted
2026-08-11 09:55:00,2026-08-11,NIFTY,24471.69921875,SIDEWAYS,NEUTRAL,NO_TRADE,NO_TRADE,30,No valid setup — conditions not satisfied,,,Breakout below 24453.05 or above 24455.3,Range: 24453.05 – 24455.3,,,NO_TRADE,,0.0,0.0,,,LIVE,No trade warranted
2026-08-12 03:45:00,2026-08-12,NIFTY,24407.900390625,SIDEWAYS,NEUTRAL,NO_TRADE,NO_TRADE,50,No valid setup — conditions not satisfied,,,Breakout below — or above —,Range: — – —,,,NO_TRADE,,0.0,0.0,,,LIVE,No trade warranted
2026-08-12 03:50:00,2026-08-12,NIFTY,24422.900390625,SIDEWAYS,NEUTRAL,NO_TRADE,NO_TRADE,50,No valid setup — conditions not satisfied,,,Breakout below — or above —,Range: — – —,,,NO_TRADE,,0.0,0.0,,,LIVE,No trade warranted
2026-08-12 03:55:00,2026-08-12,NIFTY,24457.25,SIDEWAYS,NEUTRAL,NO_TRADE,NO_TRADE,50,No valid setup — conditions not satisfied,,,Breakout below — or above —,Range: — – —,,,NO_TRADE,,0.0,0.0,,,LIVE,No trade warranted
2026-08-12 04:00:00,2026-08-12,NIFTY,24440.69921875,SIDEWAYS,NEUTRAL,NO_TRADE,NO_TRADE,50,No valid setup — conditions not satisfied,,,Breakout below — or above —,Range: — – —,,,NO_TRADE,,0.0,0.0,,,LIVE,No trade warranted
2026-08-12 04:05:00,2026-08-12,NIFTY,24428.19921875,SIDEWAYS,NEUTRAL,NO_TRADE,NO_TRADE,50,No valid setup — conditions not satisfied,,,Breakout below — or above —,Range: — – —,,,NO_TRADE,,0.0,0.0,,,LIVE,No trade warranted
2026-08-12 04:10:00,2026-08-12,NIFTY,24428.150390625,SIDEWAYS,NEUTRAL,NO_TRADE,NO_TRADE,50,No valid setup — conditions not satisfied,,,Breakout below — or above —,Range: — – —,,,NO_TRADE,,0.0,0.0,,,LIVE,No trade warranted
2026-08-12 04:15:00,2026-08-12,NIFTY,24401.80078125,SIDEWAYS,NEUTRAL,NO_TRADE,NO_TRADE,50,No valid setup — conditions not satisfied,,,Breakout below — or above —,Range: — – —,,,NO_TRADE,,0.0,0.0,,,LIVE,No trade warranted
2026-08-12 04:20:00,2026-08-12,NIFTY,24409.599609375,SIDEWAYS,NEUTRAL,NO_TRADE,NO_TRADE,50,No valid setup — conditions not satisfied,,,Breakout below — or above —,Range: — – —,,,NO_TRADE,,0.0,0.0,,,LIVE,No trade warranted
2026-08-12 04:25:00,2026-08-12,NIFTY,24377.94921875,SIDEWAYS,NEUTRAL,NO_TRADE,NO_TRADE,50,No valid setup — conditions not satisfied,,,Breakout below — or above —,Range: — – —,,,NO_TRADE,,0.0,0.0,,,LIVE,No trade warranted
2026-08-12 04:30:00,2026-08-12,NIFTY,24362.900390625,SIDEWAYS,NEUTRAL,NO_TRADE,NO_TRADE,50,No valid setup — conditions not satisfied,,,Breakout below — or above —,Range: — – —,,,NO_TRADE,,0.0,0.0,,,LIVE,No trade warranted
2026-08-12 04:35:00,2026-08-12,NIFTY,24364.75,SIDEWAYS,NEUTRAL,NO_TRADE,NO_TRADE,50,No valid setup — conditions not satisfied,,,Breakout below — or above —,Range: — – —,,,NO_TRADE,,0.0,0.0,,,LIVE,No trade warranted
2026-08-12 04:40:00,2026-08-12,NIFTY,24365.30078125,SIDEWAYS,NEUTRAL,NO_TRADE,NO_TRADE,50,No valid setup — conditions not satisfied,,,Breakout below — or above —,Range: — – —,,,NO_TRADE,,0.0,0.0,,,LIVE,No trade warranted
2026-08-12 04:45:00,2026-08-12,NIFTY,24373.099609375,SIDEWAYS,NEUTRAL,NO_TRADE,NO_TRADE,50,No valid setup — conditions not satisfied,,,Breakout below — or above —,Range: — – —,,,NO_TRADE,,0.0,0.0,,,LIVE,No trade warranted
2026-08-12 04:50:00,2026-08-12,NIFTY,24374.349609375,SIDEWAYS,NEUTRAL,NO_TRADE,NO_TRADE,50,No valid setup — conditions not satisfied,,,Breakout below — or above —,Range: — – —,,,NO_TRADE,,0.0,0.0,,,LIVE,No trade warranted
2026-08-12 04:55:00,2026-08-12,NIFTY,24371.900390625,SIDEWAYS,NEUTRAL,NO_TRADE,NO_TRADE,50,No valid setup — conditions not satisfied,,,Breakout below — or above —,Range: — – —,,,NO_TRADE,,0.0,0.0,,,LIVE,No trade warranted
2026-08-12 05:00:00,2026-08-12,NIFTY,24394.650390625,SIDEWAYS,NEUTRAL,NO_TRADE,NO_TRADE,50,No valid setup — conditions not satisfied,,,Breakout below — or above —,Range: — – —,,,NO_TRADE,,0.0,0.0,,,LIVE,No trade warranted
2026-08-12 05:05:00,2026-08-12,NIFTY,24386.25,VOLATILE_EXPANSION,MIXED,NO_TRADE,NO_TRADE,40,No valid setup — conditions not satisfied,,,Close below — or above — with VIX spike,ATR-based range: ±0.00,,,NO_TRADE,,0.0,0.0,,,LIVE,No trade warranted
2026-08-12 05:10:00,2026-08-12,NIFTY,24375.650390625,VOLATILE_EXPANSION,MIXED,NO_TRADE,NO_TRADE,40,No valid setup — conditions not satisfied,,,Close below — or above — with VIX spike,ATR-based range: ±0.00,,,NO_TRADE,,0.0,0.0,,,LIVE,No trade warranted
2026-08-12 05:15:00,2026-08-12,NIFTY,24357.25,VOLATILE_EXPANSION,MIXED,NO_TRADE,NO_TRADE,40,No valid setup — conditions not satisfied,,,Close below — or above — with VIX spike,ATR-based range: ±0.00,,,NO_TRADE,,0.0,0.0,,,LIVE,No trade warranted
2026-08-12 05:20:00,2026-08-12,NIFTY,24359.5,VOLATILE_EXPANSION,MIXED,NO_TRADE,NO_TRADE,40,No valid setup — conditions not satisfied,,,Close below 24392.7 or above 24395.95 with VIX spike,ATR-based range: ±13.83,,,NO_TRADE,,0.0,0.0,,,LIVE,No trade warranted
2026-08-12 05:25:00,2026-08-12,NIFTY,24318.30078125,VOLATILE_EXPANSION,MIXED,NO_TRADE,NO_TRADE,40,No valid setup — conditions not satisfied,,,Close below 24383.3 or above 24395.95 with VIX spike,ATR-based range: ±19.45,,,NO_TRADE,,0.0,0.0,,,LIVE,No trade warranted
2026-08-12 05:30:00,2026-08-12,NIFTY,24299.94921875,VOLATILE_EXPANSION,MIXED,NO_TRADE,NO_TRADE,40,No valid setup — conditions not satisfied,,,Close below 24376.55 or above 24383.35 with VIX spike,ATR-based range: ±12.68,,,NO_TRADE,,0.0,0.0,,,LIVE,No trade warranted
2026-08-12 05:35:00,2026-08-12,NIFTY,24305.849609375,VOLATILE_EXPANSION,MIXED,NO_TRADE,NO_TRADE,40,No valid setup — conditions not satisfied,,,Close below 24372.05 or above 24376.15 with VIX spike,ATR-based range: ±4.75,,,NO_TRADE,,0.0,0.0,,,LIVE,No trade warranted
2026-08-12 05:40:00,2026-08-12,NIFTY,24302.400390625,VOLATILE_EXPANSION,MIXED,NO_TRADE,NO_TRADE,40,No valid setup — conditions not satisfied,,,Close below 24362.25 or above 24372.1 with VIX spike,ATR-based range: ±10.12,,,NO_TRADE,,0.0,0.0,,,LIVE,No trade warranted
2026-08-12 05:45:00,2026-08-12,NIFTY,24307.349609375,VOLATILE_EXPANSION,MIXED,NO_TRADE,NO_TRADE,40,No valid setup — conditions not satisfied,,,Close below 24361.55 or above 24367.5 with VIX spike,ATR-based range: ±9.28,,,NO_TRADE,,0.0,0.0,,,LIVE,No trade warranted
2026-08-12 05:50:00,2026-08-12,NIFTY,24303.55078125,VOLATILE_EXPANSION,MIXED,NO_TRADE,NO_TRADE,40,No valid setup — conditions not satisfied,,,Close below 24351.85 or above 24361.2 with VIX spike,ATR-based range: ±32.10,,,NO_TRADE,,0.0,0.0,,,LIVE,No trade warranted
2026-08-12 05:55:00,2026-08-12,NIFTY,24296.94921875,VOLATILE_EXPANSION,MIXED,NO_TRADE,NO_TRADE,40,No valid setup — conditions not satisfied,,,Close below 24309.4 or above 24361.2 with VIX spike,ATR-based range: ±34.25,,,NO_TRADE,,0.0,0.0,,,LIVE,No trade warranted
2026-08-12 06:00:00,2026-08-12,NIFTY,24301.69921875,VOLATILE_EXPANSION,MIXED,NO_TRADE,NO_TRADE,40,No valid setup — conditions not satisfied,,,Close below 24309.4 or above 24361.2 with VIX spike,ATR-based range: ±34.25,,,NO_TRADE,,0.0,0.0,,,LIVE,No trade warranted
2026-08-12 06:05:00,2026-08-12,NIFTY,24285.94921875,VOLATILE_EXPANSION,MIXED,NO_TRADE,NO_TRADE,40,No valid setup — conditions not satisfied,,,Close below 24309.4 or above 24361.2 with VIX spike,ATR-based range: ±34.25,,,NO_TRADE,,0.0,0.0,,,LIVE,No trade warranted
2026-08-12 06:10:00,2026-08-12,NIFTY,24293.69921875,VOLATILE_EXPANSION,MIXED,NO_TRADE,NO_TRADE,40,No valid setup — conditions not satisfied,,,Close below 24309.4 or above 24361.2 with VIX spike,ATR-based range: ±34.25,,,NO_TRADE,,0.0,0.0,,,LIVE,No trade warranted
2026-08-12 06:15:00,2026-08-12,NIFTY,24291.099609375,VOLATILE_EXPANSION,MIXED,NO_TRADE,NO_TRADE,40,No valid setup — conditions not satisfied,,,Close below 24309.4 or above 24361.2 with VIX spike,ATR-based range: ±36.55,,,NO_TRADE,,0.0,0.0,,,LIVE,No trade warranted
2026-08-12 06:20:00,2026-08-12,NIFTY,24281.599609375,VOLATILE_EXPANSION,MIXED,NO_TRADE,NO_TRADE,40,No valid setup — conditions not satisfied,,,Close below 24309.4 or above 24361.2 with VIX spike,ATR-based range: ±38.58,,,NO_TRADE,,0.0,0.0,,,LIVE,No trade warranted
2026-08-12 06:25:00,2026-08-12,NIFTY,24279.55078125,VOLATILE_EXPANSION,MIXED,NO_TRADE,NO_TRADE,40,No valid setup — conditions not satisfied,,,Close below 24309.4 or above 24361.2 with VIX spike,ATR-based range: ±38.58,,,NO_TRADE,,0.0,0.0,,,LIVE,No trade warranted
2026-08-12 06:30:00,2026-08-12,NIFTY,24272.75,VOLATILE_EXPANSION,MIXED,NO_TRADE,NO_TRADE,40,No valid setup — conditions not satisfied,,,Close below 24309.4 or above 24322.7 with VIX spike,ATR-based range: ±31.40,,,NO_TRADE,,0.0,0.0,,,LIVE,No trade warranted
2026-08-12 06:35:00,2026-08-12,NIFTY,24272.349609375,VOLATILE_EXPANSION,MIXED,NO_TRADE,NO_TRADE,40,No valid setup — conditions not satisfied,,,Close below 24309.4 or above 24316.9 with VIX spike,ATR-based range: ±11.85,,,NO_TRADE,,0.0,0.0,,,LIVE,No trade warranted
2026-08-12 06:40:00,2026-08-12,NIFTY,24267.099609375,VOLATILE_EXPANSION,MIXED,NO_TRADE,NO_TRADE,40,No valid setup — conditions not satisfied,,,Close below 24303.3 or above 24308.5 with VIX spike,ATR-based range: ±6.48,,,NO_TRADE,,0.0,0.0,,,LIVE,No trade warranted
2026-08-12 06:45:00,2026-08-12,NIFTY,24277.5,VOLATILE_EXPANSION,MIXED,NO_TRADE,NO_TRADE,40,No valid setup — conditions not satisfied,,,Close below 24299.0 or above 24303.0 with VIX spike,ATR-based range: ±7.05,,,NO_TRADE,,0.0,0.0,,,LIVE,No trade warranted
2026-08-12 06:50:00,2026-08-12,NIFTY,24274.44921875,VOLATILE_EXPANSION,MIXED,NO_TRADE,NO_TRADE,40,No valid setup — conditions not satisfied,,,Close below 24297.25 or above 24298.05 with VIX spike,ATR-based range: ±5.50,,,NO_TRADE,,0.0,0.0,,,LIVE,No trade warranted
2026-08-12 06:55:00,2026-08-12,NIFTY,24281.30078125,VOLATILE_EXPANSION,MIXED,NO_TRADE,NO_TRADE,40,No valid setup — conditions not satisfied,,,Close below 24293.1 or above 24297.2 with VIX spike,ATR-based range: ±8.40,,,NO_TRADE,,0.0,0.0,,,LIVE,No trade warranted
2026-08-12 07:00:00,2026-08-12,NIFTY,24288.599609375,VOLATILE_EXPANSION,MIXED,NO_TRADE,NO_TRADE,40,No valid setup — conditions not satisfied,,,Close below 24286.6 or above 24292.4 with VIX spike,ATR-based range: ±6.40,,,NO_TRADE,,0.0,0.0,,,LIVE,No trade warranted
2026-08-12 07:05:00,2026-08-12,NIFTY,24289.75,SIDEWAYS,NEUTRAL,NO_TRADE,NO_TRADE,50,No valid setup — conditions not satisfied,,,Breakout below 24286.6 or above 24290.85,Range: 24286.6 – 24290.85,,,NO_TRADE,,0.0,0.0,,,LIVE,No trade warranted
2026-08-12 07:10:00,2026-08-12,NIFTY,24283.099609375,SIDEWAYS,NEUTRAL,NO_TRADE,NO_TRADE,50,No valid setup — conditions not satisfied,,,Breakout below 24286.6 or above 24290.85,Range: 24286.6 – 24290.85,,,NO_TRADE,,0.0,0.0,,,LIVE,No trade warranted
2026-08-12 07:15:00,2026-08-12,NIFTY,24283.19921875,SIDEWAYS,NEUTRAL,NO_TRADE,NO_TRADE,50,No valid setup — conditions not satisfied,,,Breakout below 24286.6 or above 24288.55,Range: 24286.6 – 24288.55,,,NO_TRADE,,0.0,0.0,,,LIVE,No trade warranted
2026-08-12 07:20:00,2026-08-12,NIFTY,24275.69921875,SIDEWAYS,NEUTRAL,NO_TRADE,NO_TRADE,50,No valid setup — conditions not satisfied,,,Breakout below 24284.4 or above 24288.55,Range: 24284.4 – 24288.55,,,NO_TRADE,,0.0,0.0,,,LIVE,No trade warranted
2026-08-12 07:25:00,2026-08-12,NIFTY,24275.900390625,SIDEWAYS,NEUTRAL,NO_TRADE,NO_TRADE,50,No valid setup — conditions not satisfied,,,Breakout below 24281.5 or above 24285.35,Range: 24281.5 – 24285.35,,,NO_TRADE,,0.0,0.0,,,LIVE,No trade warranted
2026-08-12 07:30:00,2026-08-12,NIFTY,24281.69921875,SIDEWAYS,NEUTRAL,NO_TRADE,NO_TRADE,50,No valid setup — conditions not satisfied,,,Breakout below 24281.5 or above 24282.8,Range: 24281.5 – 24282.8,,,NO_TRADE,,0.0,0.0,,,LIVE,No trade warranted
2026-08-12 07:35:00,2026-08-12,NIFTY,24281.099609375,VOLATILE_EXPANSION,MIXED,NO_TRADE,NO_TRADE,40,No valid setup — conditions not satisfied,,,Close below 24281.5 or above 24282.25 with VIX spike,ATR-based range: ±2.15,,,NO_TRADE,,0.0,0.0,,,LIVE,No trade warranted
2026-08-12 07:40:00,2026-08-12,NIFTY,24287.94921875,VOLATILE_EXPANSION,MIXED,NO_TRADE,NO_TRADE,40,No valid setup — conditions not satisfied,,,Close below 24280.4 or above 24281.75 with VIX spike,ATR-based range: ±2.10,,,NO_TRADE,,0.0,0.0,,,LIVE,No trade warranted
2026-08-12 07:45:00,2026-08-12,NIFTY,24296.75,VOLATILE_EXPANSION,MIXED,NO_TRADE,NO_TRADE,40,No valid setup — conditions not satisfied,,,Close below 24281.5 or above 24282.25 with VIX spike,ATR-based range: ±1.92,,,NO_TRADE,,0.0,0.0,,,LIVE,No trade warranted
2026-08-12 07:50:00,2026-08-12,NIFTY,24296.0,VOLATILE_EXPANSION,MIXED,NO_TRADE,NO_TRADE,40,No valid setup — conditions not satisfied,,,Close below 24281.5 or above 24282.25 with VIX spike,ATR-based range: ±1.92,,,NO_TRADE,,0.0,0.0,,,LIVE,No trade warranted
2026-08-12 07:55:00,2026-08-12,NIFTY,24291.55078125,VOLATILE_EXPANSION,MIXED,NO_TRADE,NO_TRADE,40,No valid setup — conditions not satisfied,,,Close below 24281.5 or above 24282.25 with VIX spike,ATR-based range: ±1.92,,,NO_TRADE,,0.0,0.0,,,LIVE,No trade warranted
2026-08-12 08:00:00,2026-08-12,NIFTY,24293.44921875,VOLATILE_EXPANSION,MIXED,NO_TRADE,NO_TRADE,40,No valid setup — conditions not satisfied,,,Close below 24282.0 or above 24282.7 with VIX spike,ATR-based range: ±3.20,,,NO_TRADE,,0.0,0.0,,,LIVE,No trade warranted
2026-08-12 08:05:00,2026-08-12,NIFTY,24293.5,VOLATILE_EXPANSION,MIXED,NO_TRADE,NO_TRADE,40,No valid setup — conditions not satisfied,,,Close below 24282.0 or above 24286.6 with VIX spike,ATR-based range: ±4.80,,,NO_TRADE,,0.0,0.0,,,LIVE,No trade warranted
2026-08-12 08:10:00,2026-08-12,NIFTY,24289.30078125,SIDEWAYS,NEUTRAL,NO_TRADE,NO_TRADE,30,No valid setup — conditions not satisfied,,,Breakout below 24282.0 or above 24286.6,Range: 24282.0 – 24286.6,,,NO_TRADE,,0.0,0.0,,,LIVE,No trade warranted
2026-08-12 08:15:00,2026-08-12,NIFTY,24289.099609375,SIDEWAYS,NEUTRAL,NO_TRADE,NO_TRADE,30,No valid setup — conditions not satisfied,,,Breakout below 24284.4 or above 24286.6,Range: 24284.4 – 24286.6,,,NO_TRADE,,0.0,0.0,,,LIVE,No trade warranted
2026-08-12 08:20:00,2026-08-12,NIFTY,24286.599609375,SIDEWAYS,NEUTRAL,NO_TRADE,NO_TRADE,30,No valid setup — conditions not satisfied,,,Breakout below 24285.55 or above 24286.6,Range: 24285.55 – 24286.6,,,NO_TRADE,,0.0,0.0,,,LIVE,No trade warranted
2026-08-12 08:25:00,2026-08-12,NIFTY,24286.44921875,SIDEWAYS,NEUTRAL,NO_TRADE,NO_TRADE,30,No valid setup — conditions not satisfied,,,Breakout below 24285.55 or above 24286.6,Range: 24285.55 – 24286.6,,,NO_TRADE,,0.0,0.0,,,LIVE,No trade warranted
2026-08-12 08:30:00,2026-08-12,NIFTY,24278.55078125,SIDEWAYS,NEUTRAL,NO_TRADE,NO_TRADE,30,No valid setup — conditions not satisfied,,,Breakout below 24285.55 or above 24286.6,Range: 24285.55 – 24286.6,,,NO_TRADE,,0.0,0.0,,,LIVE,No trade warranted
2026-08-12 08:35:00,2026-08-12,NIFTY,24284.30078125,SIDEWAYS,NEUTRAL,NO_TRADE,NO_TRADE,30,No valid setup — conditions not satisfied,,,Breakout below 24285.55 or above 24288.4,Range: 24285.55 – 24288.4,,,NO_TRADE,,0.0,0.0,,,LIVE,No trade warranted
2026-08-12 08:40:00,2026-08-12,NIFTY,24278.400390625,SIDEWAYS,NEUTRAL,NO_TRADE,NO_TRADE,30,No valid setup — conditions not satisfied,,,Breakout below 24285.55 or above 24286.6,Range: 24285.55 – 24286.6,,,NO_TRADE,,0.0,0.0,,,LIVE,No trade warranted
2026-08-12 08:45:00,2026-08-12,NIFTY,24290.0,SIDEWAYS,NEUTRAL,NO_TRADE,NO_TRADE,50,No valid setup — conditions not satisfied,,,Breakout below 24285.55 or above 24286.6,Range: 24285.55 – 24286.6,,,NO_TRADE,,0.0,0.0,,,LIVE,No trade warranted
2026-08-12 08:50:00,2026-08-12,NIFTY,24290.44921875,SIDEWAYS,NEUTRAL,NO_TRADE,NO_TRADE,50,No valid setup — conditions not satisfied,,,Breakout below 24285.55 or above 24286.6,Range: 24285.55 – 24286.6,,,NO_TRADE,,0.0,0.0,,,LIVE,No trade warranted
2026-08-12 08:55:00,2026-08-12,NIFTY,24297.5,SIDEWAYS,NEUTRAL,NO_TRADE,NO_TRADE,50,No valid setup — conditions not satisfied,,,Breakout below 24285.55 or above 24287.95,Range: 24285.55 – 24287.95,,,NO_TRADE,,0.0,0.0,,,LIVE,No trade warranted
2026-08-12 09:00:00,2026-08-12,NIFTY,24321.94921875,SIDEWAYS_TO_BULLISH,MILD_BULLISH,MILD_DIRECTIONAL,CONDITIONAL,40,Conditional — requires breakout above 24290.2 or breakdown below 24288.65,2026-08-12 09:05:00,24315.69921875,Close below 24287.4 invalidates bullish view,R1 24290.2 – R2 24291.25,2026-08-18 05:15:00,24196.099609375,LOSS,-0.5174,221.0267,-4.9476,5,8415,LIVE,Invalidation reached before target
2026-08-12 09:05:00,2026-08-12,NIFTY,24315.69921875,SIDEWAYS,NEUTRAL,NO_TRADE,NO_TRADE,30,No valid setup — conditions not satisfied,,,Breakout below 24290.65 or above 24292.05,Range: 24290.65 – 24292.05,,,NO_TRADE,,0.0,0.0,,,LIVE,No trade warranted
2026-08-12 09:10:00,2026-08-12,NIFTY,24325.94921875,SIDEWAYS,NEUTRAL,NO_TRADE,NO_TRADE,30,No valid setup — conditions not satisfied,,,Breakout below 24291.6 or above 24296.0,Range: 24291.6 – 24296.0,,,NO_TRADE,,0.0,0.0,,,LIVE,No trade warranted
2026-08-12 09:15:00,2026-08-12,NIFTY,24322.900390625,SIDEWAYS,NEUTRAL,NO_TRADE,NO_TRADE,30,No valid setup — conditions not satisfied,,,Breakout below 24291.6 or above 24296.0,Range: 24291.6 – 24296.0,,,NO_TRADE,,0.0,0.0,,,LIVE,No trade warranted
2026-08-12 09:20:00,2026-08-12,NIFTY,24373.94921875,SIDEWAYS,NEUTRAL,NO_TRADE,NO_TRADE,30,No valid setup — conditions not satisfied,,,Breakout below 24297.75 or above 24300.7,Range: 24297.75 – 24300.7,,,NO_TRADE,,0.0,0.0,,,LIVE,No trade warranted
2026-08-12 09:25:00,2026-08-12,NIFTY,24370.05078125,SIDEWAYS,NEUTRAL,NO_TRADE,NO_TRADE,30,No valid setup — conditions not satisfied,,,Breakout below 24297.75 or above 24325.8,Range: 24297.75 – 24325.8,,,NO_TRADE,,0.0,0.0,,,LIVE,No trade warranted
2026-08-12 09:30:00,2026-08-12,NIFTY,24364.0,SIDEWAYS,NEUTRAL,NO_TRADE,NO_TRADE,30,No valid setup — conditions not satisfied,,,Breakout below 24297.75 or above 24325.8,Range: 24297.75 – 24325.8,,,NO_TRADE,,0.0,0.0,,,LIVE,No trade warranted
2026-08-12 09:35:00,2026-08-12,NIFTY,24355.75,SIDEWAYS,NEUTRAL,NO_TRADE,NO_TRADE,30,No valid setup — conditions not satisfied,,,Breakout below 24297.75 or above 24325.8,Range: 24297.75 – 24325.8,,,NO_TRADE,,0.0,0.0,,,LIVE,No trade warranted
2026-08-12 09:40:00,2026-08-12,NIFTY,24369.30078125,SIDEWAYS,NEUTRAL,NO_TRADE,NO_TRADE,30,No valid setup — conditions not satisfied,,,Breakout below 24312.55 or above 24325.8,Range: 24312.55 – 24325.8,,,NO_TRADE,,0.0,0.0,,,LIVE,No trade warranted
2026-08-12 09:45:00,2026-08-12,NIFTY,24361.69921875,SIDEWAYS,NEUTRAL,NO_TRADE,NO_TRADE,30,No valid setup — conditions not satisfied,,,Breakout below 24316.75 or above 24325.8,Range: 24316.75 – 24325.8,,,NO_TRADE,,0.0,0.0,,,LIVE,No trade warranted
2026-08-12 09:50:00,2026-08-12,NIFTY,24361.69921875,SIDEWAYS,NEUTRAL,NO_TRADE,NO_TRADE,30,No valid setup — conditions not satisfied,,,Breakout below 24319.3 or above 24325.8,Range: 24319.3 – 24325.8,,,NO_TRADE,,0.0,0.0,,,LIVE,No trade warranted
2026-08-12 09:55:00,2026-08-12,NIFTY,24435.94921875,SIDEWAYS,NEUTRAL,NO_TRADE,NO_TRADE,30,No valid setup — conditions not satisfied,,,Breakout below 24319.3 or above 24331.3,Range: 24319.3 – 24331.3,,,NO_TRADE,,0.0,0.0,,,LIVE,No trade warranted
2026-08-13 03:45:00,2026-08-13,NIFTY,24342.55078125,SIDEWAYS,NEUTRAL,NO_TRADE,NO_TRADE,50,No valid setup — conditions not satisfied,,,Breakout below — or above —,Range: — – —,,,NO_TRADE,,0.0,0.0,,,LIVE,No trade warranted
2026-08-13 03:50:00,2026-08-13,NIFTY,24348.19921875,SIDEWAYS,NEUTRAL,NO_TRADE,NO_TRADE,50,No valid setup — conditions not satisfied,,,Breakout below — or above —,Range: — – —,,,NO_TRADE,,0.0,0.0,,,LIVE,No trade warranted
2026-08-13 03:55:00,2026-08-13,NIFTY,24339.150390625,SIDEWAYS,NEUTRAL,NO_TRADE,NO_TRADE,50,No valid setup — conditions not satisfied,,,Breakout below — or above —,Range: — – —,,,NO_TRADE,,0.0,0.0,,,LIVE,No trade warranted
2026-08-13 04:00:00,2026-08-13,NIFTY,24324.349609375,SIDEWAYS,NEUTRAL,NO_TRADE,NO_TRADE,50,No valid setup — conditions not satisfied,,,Breakout below — or above —,Range: — – —,,,NO_TRADE,,0.0,0.0,,,LIVE,No trade warranted
2026-08-13 04:05:00,2026-08-13,NIFTY,24339.650390625,SIDEWAYS,NEUTRAL,NO_TRADE,NO_TRADE,50,No valid setup — conditions not satisfied,,,Breakout below — or above —,Range: — – —,,,NO_TRADE,,0.0,0.0,,,LIVE,No trade warranted
2026-08-13 04:10:00,2026-08-13,NIFTY,24346.349609375,SIDEWAYS,NEUTRAL,NO_TRADE,NO_TRADE,50,No valid setup — conditions not satisfied,,,Breakout below — or above —,Range: — – —,,,NO_TRADE,,0.0,0.0,,,LIVE,No trade warranted
2026-08-13 04:15:00,2026-08-13,NIFTY,24349.55078125,SIDEWAYS,NEUTRAL,NO_TRADE,NO_TRADE,50,No valid setup — conditions not satisfied,,,Breakout below — or above —,Range: — – —,,,NO_TRADE,,0.0,0.0,,,LIVE,No trade warranted
2026-08-13 04:20:00,2026-08-13,NIFTY,24354.44921875,SIDEWAYS,NEUTRAL,NO_TRADE,NO_TRADE,50,No valid setup — conditions not satisfied,,,Breakout below — or above —,Range: — – —,,,NO_TRADE,,0.0,0.0,,,LIVE,No trade warranted
2026-08-13 04:25:00,2026-08-13,NIFTY,24351.55078125,SIDEWAYS,NEUTRAL,NO_TRADE,NO_TRADE,50,No valid setup — conditions not satisfied,,,Breakout below — or above —,Range: — – —,,,NO_TRADE,,0.0,0.0,,,LIVE,No trade warranted
2026-08-13 04:30:00,2026-08-13,NIFTY,24342.80078125,SIDEWAYS,NEUTRAL,NO_TRADE,NO_TRADE,50,No valid setup — conditions not satisfied,,,Breakout below — or above —,Range: — – —,,,NO_TRADE,,0.0,0.0,,,LIVE,No trade warranted
2026-08-13 04:35:00,2026-08-13,NIFTY,24337.19921875,SIDEWAYS,NEUTRAL,NO_TRADE,NO_TRADE,50,No valid setup — conditions not satisfied,,,Breakout below — or above —,Range: — – —,,,NO_TRADE,,0.0,0.0,,,LIVE,No trade warranted
2026-08-13 04:40:00,2026-08-13,NIFTY,24343.55078125,SIDEWAYS,NEUTRAL,NO_TRADE,NO_TRADE,50,No valid setup — conditions not satisfied,,,Breakout below — or above —,Range: — – —,,,NO_TRADE,,0.0,0.0,,,LIVE,No trade warranted
2026-08-13 04:45:00,2026-08-13,NIFTY,24336.599609375,SIDEWAYS,NEUTRAL,NO_TRADE,NO_TRADE,50,No valid setup — conditions not satisfied,,,Breakout below — or above —,Range: — – —,,,NO_TRADE,,0.0,0.0,,,LIVE,No trade warranted
2026-08-13 04:50:00,2026-08-13,NIFTY,24329.150390625,SIDEWAYS,NEUTRAL,NO_TRADE,NO_TRADE,50,No valid setup — conditions not satisfied,,,Breakout below — or above —,Range: — – —,,,NO_TRADE,,0.0,0.0,,,LIVE,No trade warranted
2026-08-13 04:55:00,2026-08-13,NIFTY,24319.150390625,VOLATILE_EXPANSION,MIXED,NO_TRADE,NO_TRADE,40,No valid setup — conditions not satisfied,,,Close below — or above — with VIX spike,ATR-based range: ±0.00,,,NO_TRADE,,0.0,0.0,,,LIVE,No trade warranted
2026-08-13 05:00:00,2026-08-13,NIFTY,24322.05078125,VOLATILE_EXPANSION,MIXED,NO_TRADE,NO_TRADE,40,No valid setup — conditions not satisfied,,,Close below — or above — with VIX spike,ATR-based range: ±0.00,,,NO_TRADE,,0.0,0.0,,,LIVE,No trade warranted
2026-08-13 05:05:00,2026-08-13,NIFTY,24327.099609375,VOLATILE_EXPANSION,MIXED,NO_TRADE,NO_TRADE,40,No valid setup — conditions not satisfied,,,Close below — or above — with VIX spike,ATR-based range: ±0.00,,,NO_TRADE,,0.0,0.0,,,LIVE,No trade warranted
2026-08-13 05:10:00,2026-08-13,NIFTY,24330.80078125,SIDEWAYS,NEUTRAL,NO_TRADE,NO_TRADE,50,No valid setup — conditions not satisfied,,,Breakout below — or above —,Range: — – —,,,NO_TRADE,,0.0,0.0,,,LIVE,No trade warranted
2026-08-13 05:15:00,2026-08-13,NIFTY,24339.650390625,SIDEWAYS,NEUTRAL,NO_TRADE,NO_TRADE,50,No valid setup — conditions not satisfied,,,Breakout below — or above —,Range: — – —,,,NO_TRADE,,0.0,0.0,,,LIVE,No trade warranted
2026-08-13 05:20:00,2026-08-13,NIFTY,24339.44921875,SIDEWAYS,NEUTRAL,NO_TRADE,NO_TRADE,50,No valid setup — conditions not satisfied,,,Breakout below 24337.55 or above 24340.25,Range: 24337.55 – 24340.25,,,NO_TRADE,,0.0,0.0,,,LIVE,No trade warranted
2026-08-13 05:25:00,2026-08-13,NIFTY,24338.25,SIDEWAYS,NEUTRAL,NO_TRADE,NO_TRADE,50,No valid setup — conditions not satisfied,,,Breakout below 24337.55 or above 24340.25,Range: 24337.55 – 24340.25,,,NO_TRADE,,0.0,0.0,,,LIVE,No trade warranted
2026-08-13 05:30:00,2026-08-13,NIFTY,24325.80078125,VOLATILE_EXPANSION,MIXED,NO_TRADE,NO_TRADE,40,No valid setup — conditions not satisfied,,,Close below 24336.65 or above 24340.0 with VIX spike,ATR-based range: ±2.95,,,NO_TRADE,,0.0,0.0,,,LIVE,No trade warranted
2026-08-13 05:35:00,2026-08-13,NIFTY,24324.5,VOLATILE_EXPANSION,MIXED,NO_TRADE,NO_TRADE,40,No valid setup — conditions not satisfied,,,Close below 24335.8 or above 24340.0 with VIX spike,ATR-based range: ±5.70,,,NO_TRADE,,0.0,0.0,,,LIVE,No trade warranted
2026-08-13 05:40:00,2026-08-13,NIFTY,24319.05078125,VOLATILE_EXPANSION,MIXED,NO_TRADE,NO_TRADE,40,No valid setup — conditions not satisfied,,,Close below 24335.8 or above 24340.0 with VIX spike,ATR-based range: ±5.70,,,NO_TRADE,,0.0,0.0,,,LIVE,No trade warranted
2026-08-13 05:45:00,2026-08-13,NIFTY,24324.650390625,VOLATILE_EXPANSION,MIXED,NO_TRADE,NO_TRADE,40,No valid setup — conditions not satisfied,,,Close below 24331.65 or above 24340.0 with VIX spike,ATR-based range: ±7.08,,,NO_TRADE,,0.0,0.0,,,LIVE,No trade warranted
2026-08-13 05:50:00,2026-08-13,NIFTY,24327.25,SIDEWAYS,NEUTRAL,NO_TRADE,NO_TRADE,50,No valid setup — conditions not satisfied,,,Breakout below 24331.65 or above 24340.0,Range: 24331.65 – 24340.0,,,NO_TRADE,,0.0,0.0,,,LIVE,No trade warranted
2026-08-13 05:55:00,2026-08-13,NIFTY,24338.80078125,SIDEWAYS,NEUTRAL,NO_TRADE,NO_TRADE,50,No valid setup — conditions not satisfied,,,Breakout below 24331.65 or above 24339.6,Range: 24331.65 – 24339.6,,,NO_TRADE,,0.0,0.0,,,LIVE,No trade warranted
2026-08-13 06:00:00,2026-08-13,NIFTY,24345.44921875,SIDEWAYS,NEUTRAL,NO_TRADE,NO_TRADE,50,No valid setup — conditions not satisfied,,,Breakout below 24331.65 or above 24339.6,Range: 24331.65 – 24339.6,,,NO_TRADE,,0.0,0.0,,,LIVE,No trade warranted
2026-08-13 06:05:00,2026-08-13,NIFTY,24358.5,VOLATILE_EXPANSION,MIXED,NO_TRADE,NO_TRADE,40,No valid setup — conditions not satisfied,,,Close below 24331.65 or above 24339.6 with VIX spike,ATR-based range: ±6.35,,,NO_TRADE,,0.0,0.0,,,LIVE,No trade warranted
2026-08-13 06:10:00,2026-08-13,NIFTY,24350.05078125,VOLATILE_EXPANSION,MIXED,NO_TRADE,NO_TRADE,40,No valid setup — conditions not satisfied,,,Close below 24331.65 or above 24339.6 with VIX spike,ATR-based range: ±6.35,,,NO_TRADE,,0.0,0.0,,,LIVE,No trade warranted
2026-08-13 06:15:00,2026-08-13,NIFTY,24357.19921875,VOLATILE_EXPANSION,MIXED,NO_TRADE,NO_TRADE,40,No valid setup — conditions not satisfied,,,Close below 24331.65 or above 24339.6 with VIX spike,ATR-based range: ±6.35,,,NO_TRADE,,0.0,0.0,,,LIVE,No trade warranted
2026-08-13 06:20:00,2026-08-13,NIFTY,24357.44921875,VOLATILE_EXPANSION,MIXED,NO_TRADE,NO_TRADE,40,No valid setup — conditions not satisfied,,,Close below 24331.65 or above 24339.6 with VIX spike,ATR-based range: ±6.77,,,NO_TRADE,,0.0,0.0,,,LIVE,No trade warranted
2026-08-13 06:25:00,2026-08-13,NIFTY,24386.44921875,VOLATILE_EXPANSION,MIXED,NO_TRADE,NO_TRADE,40,No valid setup — conditions not satisfied,,,Close below 24336.25 or above 24339.6 with VIX spike,ATR-based range: ±6.77,,,NO_TRADE,,0.0,0.0,,,LIVE,No trade warranted
2026-08-13 06:30:00,2026-08-13,NIFTY,24407.55078125,VOLATILE_EXPANSION,MIXED,NO_TRADE,NO_TRADE,40,No valid setup — conditions not satisfied,,,Close below 24338.65 or above 24345.1 with VIX spike,ATR-based range: ±6.20,,,NO_TRADE,,0.0,0.0,,,LIVE,No trade warranted
2026-08-13 06:35:00,2026-08-13,NIFTY,24402.849609375,VOLATILE_EXPANSION,MIXED,NO_TRADE,NO_TRADE,40,No valid setup — conditions not satisfied,,,Close below 24344.15 or above 24348.25 with VIX spike,ATR-based range: ±10.05,,,NO_TRADE,,0.0,0.0,,,LIVE,No trade warranted
2026-08-13 06:40:00,2026-08-13,NIFTY,24395.650390625,VOLATILE_EXPANSION,MIXED,NO_TRADE,NO_TRADE,40,No valid setup — conditions not satisfied,,,Close below 24347.45 or above 24358.2 with VIX spike,ATR-based range: ±9.17,,,NO_TRADE,,0.0,0.0,,,LIVE,No trade warranted
2026-08-13 06:45:00,2026-08-13,NIFTY,24392.150390625,VOLATILE_EXPANSION,MIXED,NO_TRADE,NO_TRADE,40,No valid setup — conditions not satisfied,,,Close below 24347.45 or above 24358.2 with VIX spike,ATR-based range: ±9.17,,,NO_TRADE,,0.0,0.0,,,LIVE,No trade warranted
2026-08-13 06:50:00,2026-08-13,NIFTY,24399.19921875,VOLATILE_EXPANSION,MIXED,NO_TRADE,NO_TRADE,40,No valid setup — conditions not satisfied,,,Close below 24355.7 or above 24358.2 with VIX spike,ATR-based range: ±7.52,,,NO_TRADE,,0.0,0.0,,,LIVE,No trade warranted
2026-08-13 06:55:00,2026-08-13,NIFTY,24393.349609375,VOLATILE_EXPANSION,MIXED,NO_TRADE,NO_TRADE,40,No valid setup — conditions not satisfied,,,Close below 24355.7 or above 24359.85 with VIX spike,ATR-based range: ±7.95,,,NO_TRADE,,0.0,0.0,,,LIVE,No trade warranted
2026-08-13 07:00:00,2026-08-13,NIFTY,24398.599609375,VOLATILE_EXPANSION,MIXED,NO_TRADE,NO_TRADE,40,No valid setup — conditions not satisfied,,,Close below 24355.7 or above 24362.5 with VIX spike,ATR-based range: ±19.67,,,NO_TRADE,,0.0,0.0,,,LIVE,No trade warranted
2026-08-13 07:05:00,2026-08-13,NIFTY,24390.400390625,VOLATILE_EXPANSION,MIXED,NO_TRADE,NO_TRADE,40,No valid setup — conditions not satisfied,,,Close below 24355.7 or above 24386.8 with VIX spike,ATR-based range: ±26.05,,,NO_TRADE,,0.0,0.0,,,LIVE,No trade warranted
2026-08-13 07:10:00,2026-08-13,NIFTY,24391.69921875,VOLATILE_EXPANSION,MIXED,NO_TRADE,NO_TRADE,40,No valid setup — conditions not satisfied,,,Close below 24355.7 or above 24386.8 with VIX spike,ATR-based range: ±26.05,,,NO_TRADE,,0.0,0.0,,,LIVE,No trade warranted
2026-08-13 07:15:00,2026-08-13,NIFTY,24372.400390625,VOLATILE_EXPANSION,MIXED,NO_TRADE,NO_TRADE,40,No valid setup — conditions not satisfied,,,Close below 24355.7 or above 24386.8 with VIX spike,ATR-based range: ±25.85,,,NO_TRADE,,0.0,0.0,,,LIVE,No trade warranted
2026-08-13 07:20:00,2026-08-13,NIFTY,24370.099609375,SIDEWAYS,NEUTRAL,NO_TRADE,NO_TRADE,50,No valid setup — conditions not satisfied,,,Breakout below 24372.15 or above 24373.85,Range: 24372.15 – 24373.85,,,NO_TRADE,,0.0,0.0,,,LIVE,No trade warranted
2026-08-13 07:25:00,2026-08-13,NIFTY,24369.150390625,SIDEWAYS,NEUTRAL,NO_TRADE,NO_TRADE,50,No valid setup — conditions not satisfied,,,Breakout below 24372.15 or above 24386.8,Range: 24372.15 – 24386.8,,,NO_TRADE,,0.0,0.0,,,LIVE,No trade warranted
2026-08-13 07:30:00,2026-08-13,NIFTY,24361.55078125,SIDEWAYS,NEUTRAL,NO_TRADE,NO_TRADE,50,No valid setup — conditions not satisfied,,,Breakout below 24372.15 or above 24386.8,Range: 24372.15 – 24386.8,,,NO_TRADE,,0.0,0.0,,,LIVE,No trade warranted
2026-08-13 07:35:00,2026-08-13,NIFTY,24367.150390625,SIDEWAYS,NEUTRAL,NO_TRADE,NO_TRADE,50,No valid setup — conditions not satisfied,,,Breakout below 24372.15 or above 24386.8,Range: 24372.15 – 24386.8,,,NO_TRADE,,0.0,0.0,,,LIVE,No trade warranted
2026-08-13 07:40:00,2026-08-13,NIFTY,24362.25,VOLATILE_EXPANSION,MIXED,NO_TRADE,NO_TRADE,40,No valid setup — conditions not satisfied,,,Close below 24372.15 or above 24386.8 with VIX spike,ATR-based range: ±18.90,,,NO_TRADE,,0.0,0.0,,,LIVE,No trade warranted
2026-08-13 07:45:00,2026-08-13,NIFTY,24355.25,VOLATILE_EXPANSION,MIXED,NO_TRADE,NO_TRADE,40,No valid setup — conditions not satisfied,,,Close below 24372.15 or above 24386.8 with VIX spike,ATR-based range: ±18.90,,,NO_TRADE,,0.0,0.0,,,LIVE,No trade warranted
2026-08-13 07:50:00,2026-08-13,NIFTY,24356.19921875,SIDEWAYS,NEUTRAL,NO_TRADE,NO_TRADE,30,No valid setup — conditions not satisfied,,,Breakout below 24372.15 or above 24386.8,Range: 24372.15 – 24386.8,,,NO_TRADE,,0.0,0.0,,,LIVE,No trade warranted
2026-08-13 07:55:00,2026-08-13,NIFTY,24356.75,SIDEWAYS,NEUTRAL,NO_TRADE,NO_TRADE,30,No valid setup — conditions not satisfied,,,Breakout below 24372.15 or above 24386.8,Range: 24372.15 – 24386.8,,,NO_TRADE,,0.0,0.0,,,LIVE,No trade warranted
2026-08-13 08:00:00,2026-08-13,NIFTY,24351.349609375,SIDEWAYS,NEUTRAL,NO_TRADE,NO_TRADE,30,No valid setup — conditions not satisfied,,,Breakout below 24372.15 or above 24386.8,Range: 24372.15 – 24386.8,,,NO_TRADE,,0.0,0.0,,,LIVE,No trade warranted
2026-08-13 08:05:00,2026-08-13,NIFTY,24363.44921875,VOLATILE_EXPANSION,MIXED,NO_TRADE,NO_TRADE,40,No valid setup — conditions not satisfied,,,Close below 24372.15 or above 24393.55 with VIX spike,ATR-based range: ±19.10,,,NO_TRADE,,0.0,0.0,,,LIVE,No trade warranted
2026-08-13 08:10:00,2026-08-13,NIFTY,24383.80078125,SIDEWAYS,NEUTRAL,NO_TRADE,NO_TRADE,30,No valid setup — conditions not satisfied,,,Breakout below 24372.15 or above 24388.0,Range: 24372.15 – 24388.0,,,NO_TRADE,,0.0,0.0,,,LIVE,No trade warranted
2026-08-13 08:15:00,2026-08-13,NIFTY,24377.349609375,SIDEWAYS,NEUTRAL,NO_TRADE,NO_TRADE,30,No valid setup — conditions not satisfied,,,Breakout below 24372.15 or above 24388.0,Range: 24372.15 – 24388.0,,,NO_TRADE,,0.0,0.0,,,LIVE,No trade warranted
2026-08-13 08:20:00,2026-08-13,NIFTY,24385.349609375,SIDEWAYS,NEUTRAL,NO_TRADE,NO_TRADE,30,No valid setup — conditions not satisfied,,,Breakout below 24374.55 or above 24388.0,Range: 24374.55 – 24388.0,,,NO_TRADE,,0.0,0.0,,,LIVE,No trade warranted
2026-08-13 08:25:00,2026-08-13,NIFTY,24394.150390625,SIDEWAYS_TO_BULLISH,MILD_BULLISH,MILD_DIRECTIONAL,CONDITIONAL,40,Conditional — requires breakout above 24388.0 or breakdown below 24374.55,2026-08-13 08:30:00,24378.150390625,Close below 24372.15 invalidates bullish view,R1 24388.0 – R2 24388.3,2026-08-17 04:45:00,24259.55078125,LOSS,-0.5518,220.0766,-5.2289,5,5540,LIVE,Invalidation reached before target
2026-08-13 08:30:00,2026-08-13,NIFTY,24378.150390625,SIDEWAYS,NEUTRAL,NO_TRADE,NO_TRADE,30,No valid setup — conditions not satisfied,,,Breakout below 24372.15 or above 24388.0,Range: 24372.15 – 24388.0,,,NO_TRADE,,0.0,0.0,,,LIVE,No trade warranted
2026-08-13 08:35:00,2026-08-13,NIFTY,24359.0,SIDEWAYS,NEUTRAL,NO_TRADE,NO_TRADE,30,No valid setup — conditions not satisfied,,,Breakout below 24372.15 or above 24372.8,Range: 24372.15 – 24372.8,,,NO_TRADE,,0.0,0.0,,,LIVE,No trade warranted
2026-08-13 08:40:00,2026-08-13,NIFTY,24356.05078125,SIDEWAYS,NEUTRAL,NO_TRADE,NO_TRADE,30,No valid setup — conditions not satisfied,,,Breakout below 24361.4 or above 24370.95,Range: 24361.4 – 24370.95,,,NO_TRADE,,0.0,0.0,,,LIVE,No trade warranted
2026-08-13 08:45:00,2026-08-13,NIFTY,24360.80078125,SIDEWAYS,NEUTRAL,NO_TRADE,NO_TRADE,30,No valid setup — conditions not satisfied,,,Breakout below 24361.4 or above 24369.35,Range: 24361.4 – 24369.35,,,NO_TRADE,,0.0,0.0,,,LIVE,No trade warranted
2026-08-13 08:50:00,2026-08-13,NIFTY,24372.80078125,SIDEWAYS,NEUTRAL,NO_TRADE,NO_TRADE,30,No valid setup — conditions not satisfied,,,Breakout below 24362.4 or above 24369.35,Range: 24362.4 – 24369.35,,,NO_TRADE,,0.0,0.0,,,LIVE,No trade warranted
2026-08-13 08:55:00,2026-08-13,NIFTY,24371.650390625,SIDEWAYS,NEUTRAL,NO_TRADE,NO_TRADE,30,No valid setup — conditions not satisfied,,,Breakout below 24366.1 or above 24369.35,Range: 24366.1 – 24369.35,,,NO_TRADE,,0.0,0.0,,,LIVE,No trade warranted
2026-08-13 09:00:00,2026-08-13,NIFTY,24361.099609375,SIDEWAYS,NEUTRAL,NO_TRADE,NO_TRADE,30,No valid setup — conditions not satisfied,,,Breakout below 24366.1 or above 24369.35,Range: 24366.1 – 24369.35,,,NO_TRADE,,0.0,0.0,,,LIVE,No trade warranted
2026-08-13 09:05:00,2026-08-13,NIFTY,24365.400390625,SIDEWAYS,NEUTRAL,NO_TRADE,NO_TRADE,50,No valid setup — conditions not satisfied,,,Breakout below 24366.1 or above 24367.35,Range: 24366.1 – 24367.35,,,NO_TRADE,,0.0,0.0,,,LIVE,No trade warranted
2026-08-13 09:10:00,2026-08-13,NIFTY,24359.849609375,SIDEWAYS,NEUTRAL,NO_TRADE,NO_TRADE,30,No valid setup — conditions not satisfied,,,Breakout below 24366.1 or above 24367.35,Range: 24366.1 – 24367.35,,,NO_TRADE,,0.0,0.0,,,LIVE,No trade warranted
2026-08-13 09:15:00,2026-08-13,NIFTY,24352.25,SIDEWAYS,NEUTRAL,NO_TRADE,NO_TRADE,30,No valid setup — conditions not satisfied,,,Breakout below 24366.1 or above 24367.35,Range: 24366.1 – 24367.35,,,NO_TRADE,,0.0,0.0,,,LIVE,No trade warranted
2026-08-13 09:20:00,2026-08-13,NIFTY,24351.900390625,SIDEWAYS_TO_BEARISH,MILD_BEARISH,MILD_DIRECTIONAL,CONDITIONAL,40,Conditional — requires breakout above 24367.35 or breakdown below 24362.4,2026-08-13 09:25:00,24344.44921875,Close above 24371.85 invalidates bearish view,S1 24362.4 – S2 24361.05,2026-08-17 05:15:00,24228.44921875,LOSS,-0.5069,220.6319,-5.0645,5,5515,LIVE,Invalidation reached before target
2026-08-13 09:25:00,2026-08-13,NIFTY,24344.44921875,SIDEWAYS,NEUTRAL,NO_TRADE,NO_TRADE,30,No valid setup — conditions not satisfied,,,Breakout below 24362.4 or above 24365.55,Range: 24362.4 – 24365.55,,,NO_TRADE,,0.0,0.0,,,LIVE,No trade warranted
2026-08-13 09:30:00,2026-08-13,NIFTY,24356.94921875,SIDEWAYS,NEUTRAL,NO_TRADE,NO_TRADE,30,No valid setup — conditions not satisfied,,,Breakout below 24362.4 or above 24367.35,Range: 24362.4 – 24367.35,,,NO_TRADE,,0.0,0.0,,,LIVE,No trade warranted
2026-08-13 09:35:00,2026-08-13,NIFTY,24347.75,SIDEWAYS,NEUTRAL,NO_TRADE,NO_TRADE,30,No valid setup — conditions not satisfied,,,Breakout below 24362.4 or above 24364.8,Range: 24362.4 – 24364.8,,,NO_TRADE,,0.0,0.0,,,LIVE,No trade warranted
2026-08-13 09:40:00,2026-08-13,NIFTY,24352.69921875,SIDEWAYS,NEUTRAL,NO_TRADE,NO_TRADE,30,No valid setup — conditions not satisfied,,,Breakout below 24362.4 or above 24364.8,Range: 24362.4 – 24364.8,,,NO_TRADE,,0.0,0.0,,,LIVE,No trade warranted
2026-08-13 09:45:00,2026-08-13,NIFTY,24353.349609375,SIDEWAYS,NEUTRAL,NO_TRADE,NO_TRADE,30,No valid setup — conditions not satisfied,,,Breakout below 24362.4 or above 24364.5,Range: 24362.4 – 24364.5,,,NO_TRADE,,0.0,0.0,,,LIVE,No trade warranted
2026-08-13 09:50:00,2026-08-13,NIFTY,24353.349609375,SIDEWAYS,NEUTRAL,NO_TRADE,NO_TRADE,30,No valid setup — conditions not satisfied,,,Breakout below 24362.4 or above 24363.9,Range: 24362.4 – 24363.9,,,NO_TRADE,,0.0,0.0,,,LIVE,No trade warranted
2026-08-13 09:55:00,2026-08-13,NIFTY,24395.849609375,SIDEWAYS,NEUTRAL,NO_TRADE,NO_TRADE,30,No valid setup — conditions not satisfied,,,Breakout below 24362.4 or above 24363.9,Range: 24362.4 – 24363.9,,,NO_TRADE,,0.0,0.0,,,LIVE,No trade warranted
2026-08-14 03:45:00,2026-08-14,NIFTY,24322.69921875,SIDEWAYS,NEUTRAL,NO_TRADE,NO_TRADE,50,No valid setup — conditions not satisfied,,,Breakout below — or above —,Range: — – —,,,NO_TRADE,,0.0,0.0,,,LIVE,No trade warranted
2026-08-14 03:50:00,2026-08-14,NIFTY,24324.849609375,SIDEWAYS,NEUTRAL,NO_TRADE,NO_TRADE,50,No valid setup — conditions not satisfied,,,Breakout below — or above —,Range: — – —,,,NO_TRADE,,0.0,0.0,,,LIVE,No trade warranted
2026-08-14 03:55:00,2026-08-14,NIFTY,24309.099609375,SIDEWAYS,NEUTRAL,NO_TRADE,NO_TRADE,50,No valid setup — conditions not satisfied,,,Breakout below — or above —,Range: — – —,,,NO_TRADE,,0.0,0.0,,,LIVE,No trade warranted
2026-08-14 04:00:00,2026-08-14,NIFTY,24325.75,SIDEWAYS,NEUTRAL,NO_TRADE,NO_TRADE,50,No valid setup — conditions not satisfied,,,Breakout below — or above —,Range: — – —,,,NO_TRADE,,0.0,0.0,,,LIVE,No trade warranted
2026-08-14 04:05:00,2026-08-14,NIFTY,24337.650390625,SIDEWAYS,NEUTRAL,NO_TRADE,NO_TRADE,50,No valid setup — conditions not satisfied,,,Breakout below — or above —,Range: — – —,,,NO_TRADE,,0.0,0.0,,,LIVE,No trade warranted
2026-08-14 04:10:00,2026-08-14,NIFTY,24332.05078125,SIDEWAYS,NEUTRAL,NO_TRADE,NO_TRADE,50,No valid setup — conditions not satisfied,,,Breakout below — or above —,Range: — – —,,,NO_TRADE,,0.0,0.0,,,LIVE,No trade warranted
2026-08-14 04:15:00,2026-08-14,NIFTY,24341.599609375,SIDEWAYS,NEUTRAL,NO_TRADE,NO_TRADE,50,No valid setup — conditions not satisfied,,,Breakout below — or above —,Range: — – —,,,NO_TRADE,,0.0,0.0,,,LIVE,No trade warranted
2026-08-14 04:20:00,2026-08-14,NIFTY,24324.69921875,SIDEWAYS,NEUTRAL,NO_TRADE,NO_TRADE,50,No valid setup — conditions not satisfied,,,Breakout below — or above —,Range: — – —,,,NO_TRADE,,0.0,0.0,,,LIVE,No trade warranted
2026-08-14 04:25:00,2026-08-14,NIFTY,24343.55078125,SIDEWAYS,NEUTRAL,NO_TRADE,NO_TRADE,50,No valid setup — conditions not satisfied,,,Breakout below — or above —,Range: — – —,,,NO_TRADE,,0.0,0.0,,,LIVE,No trade warranted
2026-08-14 04:30:00,2026-08-14,NIFTY,24350.69921875,SIDEWAYS,NEUTRAL,NO_TRADE,NO_TRADE,50,No valid setup — conditions not satisfied,,,Breakout below — or above —,Range: — – —,,,NO_TRADE,,0.0,0.0,,,LIVE,No trade warranted
2026-08-14 04:35:00,2026-08-14,NIFTY,24355.150390625,SIDEWAYS,NEUTRAL,NO_TRADE,NO_TRADE,50,No valid setup — conditions not satisfied,,,Breakout below — or above —,Range: — – —,,,NO_TRADE,,0.0,0.0,,,LIVE,No trade warranted
2026-08-14 04:40:00,2026-08-14,NIFTY,24345.44921875,SIDEWAYS,NEUTRAL,NO_TRADE,NO_TRADE,50,No valid setup — conditions not satisfied,,,Breakout below — or above —,Range: — – —,,,NO_TRADE,,0.0,0.0,,,LIVE,No trade warranted
2026-08-14 04:45:00,2026-08-14,NIFTY,24336.900390625,SIDEWAYS,NEUTRAL,NO_TRADE,NO_TRADE,50,No valid setup — conditions not satisfied,,,Breakout below — or above —,Range: — – —,,,NO_TRADE,,0.0,0.0,,,LIVE,No trade warranted
2026-08-14 04:50:00,2026-08-14,NIFTY,24334.05078125,SIDEWAYS,NEUTRAL,NO_TRADE,NO_TRADE,50,No valid setup — conditions not satisfied,,,Breakout below — or above —,Range: — – —,,,NO_TRADE,,0.0,0.0,,,LIVE,No trade warranted
2026-08-14 04:55:00,2026-08-14,NIFTY,24331.25,SIDEWAYS,NEUTRAL,NO_TRADE,NO_TRADE,50,No valid setup — conditions not satisfied,,,Breakout below — or above —,Range: — – —,,,NO_TRADE,,0.0,0.0,,,LIVE,No trade warranted
2026-08-14 05:00:00,2026-08-14,NIFTY,24309.25,SIDEWAYS,NEUTRAL,NO_TRADE,NO_TRADE,50,No valid setup — conditions not satisfied,,,Breakout below — or above —,Range: — – —,,,NO_TRADE,,0.0,0.0,,,LIVE,No trade warranted
2026-08-14 05:05:00,2026-08-14,NIFTY,24321.75,SIDEWAYS,NEUTRAL,NO_TRADE,NO_TRADE,50,No valid setup — conditions not satisfied,,,Breakout below — or above —,Range: — – —,,,NO_TRADE,,0.0,0.0,,,LIVE,No trade warranted
2026-08-14 05:10:00,2026-08-14,NIFTY,24324.69921875,SIDEWAYS,NEUTRAL,NO_TRADE,NO_TRADE,50,No valid setup — conditions not satisfied,,,Breakout below — or above —,Range: — – —,,,NO_TRADE,,0.0,0.0,,,LIVE,No trade warranted
2026-08-14 05:15:00,2026-08-14,NIFTY,24333.80078125,SIDEWAYS,NEUTRAL,NO_TRADE,NO_TRADE,50,No valid setup — conditions not satisfied,,,Breakout below — or above —,Range: — – —,,,NO_TRADE,,0.0,0.0,,,LIVE,No trade warranted
2026-08-14 05:20:00,2026-08-14,NIFTY,24336.69921875,SIDEWAYS,NEUTRAL,NO_TRADE,NO_TRADE,50,No valid setup — conditions not satisfied,,,Breakout below 24331.2 or above 24332.25,Range: 24331.2 – 24332.25,,,NO_TRADE,,0.0,0.0,,,LIVE,No trade warranted
2026-08-14 05:25:00,2026-08-14,NIFTY,24312.19921875,VOLATILE_EXPANSION,MIXED,NO_TRADE,NO_TRADE,40,No valid setup — conditions not satisfied,,,Close below 24331.2 or above 24332.25 with VIX spike,ATR-based range: ±4.73,,,NO_TRADE,,0.0,0.0,,,LIVE,No trade warranted
2026-08-14 05:30:00,2026-08-14,NIFTY,24320.849609375,VOLATILE_EXPANSION,MIXED,NO_TRADE,NO_TRADE,40,No valid setup — conditions not satisfied,,,Close below 24331.2 or above 24332.25 with VIX spike,ATR-based range: ±5.12,,,NO_TRADE,,0.0,0.0,,,LIVE,No trade warranted
2026-08-14 05:35:00,2026-08-14,NIFTY,24314.25,VOLATILE_EXPANSION,MIXED,NO_TRADE,NO_TRADE,40,No valid setup — conditions not satisfied,,,Close below 24331.2 or above 24332.25 with VIX spike,ATR-based range: ±5.12,,,NO_TRADE,,0.0,0.0,,,LIVE,No trade warranted
2026-08-14 05:40:00,2026-08-14,NIFTY,24315.0,VOLATILE_EXPANSION,MIXED,NO_TRADE,NO_TRADE,40,No valid setup — conditions not satisfied,,,Close below 24329.55 or above 24332.25 with VIX spike,ATR-based range: ±5.80,,,NO_TRADE,,0.0,0.0,,,LIVE,No trade warranted
2026-08-14 05:45:00,2026-08-14,NIFTY,24327.849609375,VOLATILE_EXPANSION,MIXED,NO_TRADE,NO_TRADE,40,No valid setup — conditions not satisfied,,,Close below 24329.55 or above 24332.25 with VIX spike,ATR-based range: ±6.77,,,NO_TRADE,,0.0,0.0,,,LIVE,No trade warranted
2026-08-14 05:50:00,2026-08-14,NIFTY,24327.69921875,VOLATILE_EXPANSION,MIXED,NO_TRADE,NO_TRADE,40,No valid setup — conditions not satisfied,,,Close below 24329.55 or above 24332.25 with VIX spike,ATR-based range: ±6.83,,,NO_TRADE,,0.0,0.0,,,LIVE,No trade warranted
2026-08-14 05:55:00,2026-08-14,NIFTY,24315.80078125,VOLATILE_EXPANSION,MIXED,NO_TRADE,NO_TRADE,40,No valid setup — conditions not satisfied,,,Close below 24324.2 or above 24329.85 with VIX spike,ATR-based range: ±4.65,,,NO_TRADE,,0.0,0.0,,,LIVE,No trade warranted
2026-08-14 06:00:00,2026-08-14,NIFTY,24318.75,VOLATILE_EXPANSION,MIXED,NO_TRADE,NO_TRADE,40,No valid setup — conditions not satisfied,,,Close below 24324.1 or above 24329.85 with VIX spike,ATR-based range: ±4.85,,,NO_TRADE,,0.0,0.0,,,LIVE,No trade warranted
2026-08-14 06:05:00,2026-08-14,NIFTY,24320.44921875,VOLATILE_EXPANSION,MIXED,NO_TRADE,NO_TRADE,40,No valid setup — conditions not satisfied,,,Close below 24324.1 or above 24329.85 with VIX spike,ATR-based range: ±7.75,,,NO_TRADE,,0.0,0.0,,,LIVE,No trade warranted
2026-08-14 06:10:00,2026-08-14,NIFTY,24327.69921875,SIDEWAYS,NEUTRAL,NO_TRADE,NO_TRADE,50,No valid setup — conditions not satisfied,,,Breakout below 24324.1 or above 24329.85,Range: 24324.1 – 24329.85,,,NO_TRADE,,0.0,0.0,,,LIVE,No trade warranted
2026-08-14 06:15:00,2026-08-14,NIFTY,24326.94921875,SIDEWAYS,NEUTRAL,NO_TRADE,NO_TRADE,50,No valid setup — conditions not satisfied,,,Breakout below 24324.1 or above 24325.7,Range: 24324.1 – 24325.7,,,NO_TRADE,,0.0,0.0,,,LIVE,No trade warranted
2026-08-14 06:20:00,2026-08-14,NIFTY,24329.75,SIDEWAYS,NEUTRAL,NO_TRADE,NO_TRADE,50,No valid setup — conditions not satisfied,,,Breakout below 24324.1 or above 24325.7,Range: 24324.1 – 24325.7,,,NO_TRADE,,0.0,0.0,,,LIVE,No trade warranted
2026-08-14 06:25:00,2026-08-14,NIFTY,24326.900390625,SIDEWAYS,NEUTRAL,NO_TRADE,NO_TRADE,50,No valid setup — conditions not satisfied,,,Breakout below 24322.95 or above 24325.7,Range: 24322.95 – 24325.7,,,NO_TRADE,,0.0,0.0,,,LIVE,No trade warranted
2026-08-14 06:30:00,2026-08-14,NIFTY,24321.69921875,SIDEWAYS,NEUTRAL,NO_TRADE,NO_TRADE,50,No valid setup — conditions not satisfied,,,Breakout below 24322.95 or above 24325.7,Range: 24322.95 – 24325.7,,,NO_TRADE,,0.0,0.0,,,LIVE,No trade warranted
2026-08-14 06:35:00,2026-08-14,NIFTY,24335.349609375,SIDEWAYS,NEUTRAL,NO_TRADE,NO_TRADE,50,No valid setup — conditions not satisfied,,,Breakout below 24322.95 or above 24325.7,Range: 24322.95 – 24325.7,,,NO_TRADE,,0.0,0.0,,,LIVE,No trade warranted
2026-08-14 06:40:00,2026-08-14,NIFTY,24341.44921875,VOLATILE_EXPANSION,MIXED,NO_TRADE,NO_TRADE,40,No valid setup — conditions not satisfied,,,Close below 24324.1 or above 24325.7 with VIX spike,ATR-based range: ±3.95,,,NO_TRADE,,0.0,0.0,,,LIVE,No trade warranted
2026-08-14 06:45:00,2026-08-14,NIFTY,24349.0,VOLATILE_EXPANSION,MIXED,NO_TRADE,NO_TRADE,40,No valid setup — conditions not satisfied,,,Close below 24325.25 or above 24329.65 with VIX spike,ATR-based range: ±2.93,,,NO_TRADE,,0.0,0.0,,,LIVE,No trade warranted
2026-08-14 06:50:00,2026-08-14,NIFTY,24351.650390625,VOLATILE_EXPANSION,MIXED,NO_TRADE,NO_TRADE,40,No valid setup — conditions not satisfied,,,Close below 24325.25 or above 24329.65 with VIX spike,ATR-based range: ±2.93,,,NO_TRADE,,0.0,0.0,,,LIVE,No trade warranted
2026-08-14 06:55:00,2026-08-14,NIFTY,24347.30078125,VOLATILE_EXPANSION,MIXED,NO_TRADE,NO_TRADE,40,No valid setup — conditions not satisfied,,,Close below 24325.25 or above 24329.65 with VIX spike,ATR-based range: ±3.50,,,NO_TRADE,,0.0,0.0,,,LIVE,No trade warranted
2026-08-14 07:00:00,2026-08-14,NIFTY,24344.5,SIDEWAYS,NEUTRAL,NO_TRADE,NO_TRADE,50,No valid setup — conditions not satisfied,,,Breakout below 24325.25 or above 24329.65,Range: 24325.25 – 24329.65,,,NO_TRADE,,0.0,0.0,,,LIVE,No trade warranted
2026-08-14 07:05:00,2026-08-14,NIFTY,24340.900390625,VOLATILE_EXPANSION,MIXED,NO_TRADE,NO_TRADE,40,No valid setup — conditions not satisfied,,,Close below 24325.25 or above 24330.7 with VIX spike,ATR-based range: ±5.32,,,NO_TRADE,,0.0,0.0,,,LIVE,No trade warranted
2026-08-14 07:10:00,2026-08-14,NIFTY,24335.849609375,VOLATILE_EXPANSION,MIXED,NO_TRADE,NO_TRADE,40,No valid setup — conditions not satisfied,,,Close below 24325.25 or above 24332.25 with VIX spike,ATR-based range: ±6.65,,,NO_TRADE,,0.0,0.0,,,LIVE,No trade warranted
2026-08-14 07:15:00,2026-08-14,NIFTY,24345.30078125,VOLATILE_EXPANSION,MIXED,NO_TRADE,NO_TRADE,40,No valid setup — conditions not satisfied,,,Close below 24325.25 or above 24333.6 with VIX spike,ATR-based range: ±7.00,,,NO_TRADE,,0.0,0.0,,,LIVE,No trade warranted
2026-08-14 07:20:00,2026-08-14,NIFTY,24350.69921875,VOLATILE_EXPANSION,MIXED,NO_TRADE,NO_TRADE,40,No valid setup — conditions not satisfied,,,Close below 24333.45 or above 24336.25 with VIX spike,ATR-based range: ±7.73,,,NO_TRADE,,0.0,0.0,,,LIVE,No trade warranted
2026-08-14 07:25:00,2026-08-14,NIFTY,24349.55078125,SIDEWAYS,NEUTRAL,NO_TRADE,NO_TRADE,50,No valid setup — conditions not satisfied,,,Breakout below 24335.1 or above 24336.25,Range: 24335.1 – 24336.25,,,NO_TRADE,,0.0,0.0,,,LIVE,No trade warranted
2026-08-14 07:30:00,2026-08-14,NIFTY,24344.900390625,SIDEWAYS,NEUTRAL,NO_TRADE,NO_TRADE,50,No valid setup — conditions not satisfied,,,Breakout below 24335.1 or above 24336.25,Range: 24335.1 – 24336.25,,,NO_TRADE,,0.0,0.0,,,LIVE,No trade warranted
2026-08-14 07:35:00,2026-08-14,NIFTY,24342.0,SIDEWAYS,NEUTRAL,NO_TRADE,NO_TRADE,50,No valid setup — conditions not satisfied,,,Breakout below 24335.1 or above 24340.65,Range: 24335.1 – 24340.65,,,NO_TRADE,,0.0,0.0,,,LIVE,No trade warranted
2026-08-14 07:40:00,2026-08-14,NIFTY,24346.849609375,VOLATILE_EXPANSION,MIXED,NO_TRADE,NO_TRADE,40,No valid setup — conditions not satisfied,,,Close below 24338.85 or above 24340.65 with VIX spike,ATR-based range: ±5.65,,,NO_TRADE,,0.0,0.0,,,LIVE,No trade warranted
2026-08-14 07:45:00,2026-08-14,NIFTY,24343.75,SIDEWAYS,NEUTRAL,NO_TRADE,NO_TRADE,50,No valid setup — conditions not satisfied,,,Breakout below 24340.0 or above 24340.65,Range: 24340.0 – 24340.65,,,NO_TRADE,,0.0,0.0,,,LIVE,No trade warranted
2026-08-14 07:50:00,2026-08-14,NIFTY,24343.75,SIDEWAYS,NEUTRAL,NO_TRADE,NO_TRADE,30,No valid setup — conditions not satisfied,,,Breakout below 24340.75 or above 24345.55,Range: 24340.75 – 24345.55,,,NO_TRADE,,0.0,0.0,,,LIVE,No trade warranted
2026-08-14 07:55:00,2026-08-14,NIFTY,24340.55078125,SIDEWAYS,NEUTRAL,NO_TRADE,NO_TRADE,50,No valid setup — conditions not satisfied,,,Breakout below 24340.75 or above 24344.7,Range: 24340.75 – 24344.7,,,NO_TRADE,,0.0,0.0,,,LIVE,No trade warranted
2026-08-14 08:00:00,2026-08-14,NIFTY,24330.05078125,SIDEWAYS,NEUTRAL,NO_TRADE,NO_TRADE,30,No valid setup — conditions not satisfied,,,Breakout below 24340.75 or above 24341.65,Range: 24340.75 – 24341.65,,,NO_TRADE,,0.0,0.0,,,LIVE,No trade warranted
2026-08-14 08:05:00,2026-08-14,NIFTY,24348.30078125,SIDEWAYS,NEUTRAL,NO_TRADE,NO_TRADE,30,No valid setup — conditions not satisfied,,,Breakout below 24341.7 or above 24344.7,Range: 24341.7 – 24344.7,,,NO_TRADE,,0.0,0.0,,,LIVE,No trade warranted
2026-08-14 08:10:00,2026-08-14,NIFTY,24357.349609375,SIDEWAYS,NEUTRAL,NO_TRADE,NO_TRADE,30,No valid setup — conditions not satisfied,,,Breakout below 24344.15 or above 24344.7,Range: 24344.15 – 24344.7,,,NO_TRADE,,0.0,0.0,,,LIVE,No trade warranted
2026-08-14 08:15:00,2026-08-14,NIFTY,24383.69921875,SIDEWAYS,NEUTRAL,NO_TRADE,NO_TRADE,30,No valid setup — conditions not satisfied,,,Breakout below 24345.5 or above 24347.35,Range: 24345.5 – 24347.35,,,NO_TRADE,,0.0,0.0,,,LIVE,No trade warranted
2026-08-14 08:20:00,2026-08-14,NIFTY,24385.599609375,SIDEWAYS,NEUTRAL,NO_TRADE,NO_TRADE,30,No valid setup — conditions not satisfied,,,Breakout below 24348.2 or above 24349.25,Range: 24348.2 – 24349.25,,,NO_TRADE,,0.0,0.0,,,LIVE,No trade warranted
2026-08-14 08:25:00,2026-08-14,NIFTY,24395.0,SIDEWAYS,NEUTRAL,NO_TRADE,NO_TRADE,30,No valid setup — conditions not satisfied,,,Breakout below 24348.2 or above 24352.0,Range: 24348.2 – 24352.0,,,NO_TRADE,,0.0,0.0,,,LIVE,No trade warranted
2026-08-14 08:30:00,2026-08-14,NIFTY,24395.55078125,SIDEWAYS,NEUTRAL,NO_TRADE,NO_TRADE,30,No valid setup — conditions not satisfied,,,Breakout below 24348.2 or above 24354.65,Range: 24348.2 – 24354.65,,,NO_TRADE,,0.0,0.0,,,LIVE,No trade warranted
2026-08-14 08:35:00,2026-08-14,NIFTY,24389.94921875,SIDEWAYS,NEUTRAL,NO_TRADE,NO_TRADE,30,No valid setup — conditions not satisfied,,,Breakout below 24348.2 or above 24358.3,Range: 24348.2 – 24358.3,,,NO_TRADE,,0.0,0.0,,,LIVE,No trade warranted
2026-08-14 08:40:00,2026-08-14,NIFTY,24383.55078125,SIDEWAYS,NEUTRAL,NO_TRADE,NO_TRADE,30,No valid setup — conditions not satisfied,,,Breakout below 24356.8 or above 24358.3,Range: 24356.8 – 24358.3,,,NO_TRADE,,0.0,0.0,,,LIVE,No trade warranted
2026-08-14 08:45:00,2026-08-14,NIFTY,24379.94921875,SIDEWAYS,NEUTRAL,NO_TRADE,NO_TRADE,30,No valid setup — conditions not satisfied,,,Breakout below 24356.8 or above 24389.1,Range: 24356.8 – 24389.1,,,NO_TRADE,,0.0,0.0,,,LIVE,No trade warranted
2026-08-14 08:50:00,2026-08-14,NIFTY,24376.900390625,SIDEWAYS,NEUTRAL,NO_TRADE,NO_TRADE,30,No valid setup — conditions not satisfied,,,Breakout below 24356.8 or above 24381.0,Range: 24356.8 – 24381.0,,,NO_TRADE,,0.0,0.0,,,LIVE,No trade warranted
2026-08-14 08:55:00,2026-08-14,NIFTY,24371.599609375,SIDEWAYS_TO_BULLISH,MILD_BULLISH,MILD_DIRECTIONAL,CONDITIONAL,40,Conditional — requires breakout above 24379.2 or breakdown below 24356.8,2026-08-14 09:00:00,57536.19921875,Close below 24348.2 invalidates bullish view,R1 24379.2 – R2 24381.0,2026-08-17 05:10:00,24235.55078125,LOSS,-0.5582,220.2449,-5.1412,5,4095,LIVE,Invalidation reached before target
2026-08-14 09:00:00,2026-08-14,NIFTY,24371.599609375,SIDEWAYS_TO_BULLISH,MILD_BULLISH,MILD_DIRECTIONAL,CONDITIONAL,40,Conditional — requires breakout above 24375.0 or breakdown below 24356.8,2026-08-14 09:05:00,57522.8984375,Close below 24348.2 invalidates bullish view,R1 24375.0 – R2 24379.2,2026-08-17 05:10:00,24235.55078125,LOSS,-0.5582,220.2449,-5.1412,5,4090,LIVE,Invalidation reached before target
2026-08-14 09:05:00,2026-08-14,NIFTY,24369.349609375,SIDEWAYS_TO_BULLISH,MILD_BULLISH,MILD_DIRECTIONAL,CONDITIONAL,40,Conditional — requires breakout above 24373.5 or breakdown below 24356.8,2026-08-14 09:10:00,24369.44921875,Close below 24348.2 invalidates bullish view,R1 24373.5 – R2 24375.0,2026-08-17 05:10:00,24235.55078125,LOSS,-0.549,220.2744,-5.1325,5,4085,LIVE,Invalidation reached before target
2026-08-14 09:10:00,2026-08-14,NIFTY,24369.44921875,SIDEWAYS,NEUTRAL,NO_TRADE,NO_TRADE,30,No valid setup — conditions not satisfied,,,Breakout below 24356.8 or above 24373.5,Range: 24356.8 – 24373.5,,,NO_TRADE,,0.0,0.0,,,LIVE,No trade warranted
2026-08-14 09:15:00,2026-08-14,NIFTY,24366.80078125,VOLATILE_EXPANSION,MIXED,NO_TRADE,NO_TRADE,40,No valid setup — conditions not satisfied,,,Close below 24366.4 or above 24373.5 with VIX spike,ATR-based range: ±8.68,,,NO_TRADE,,0.0,0.0,,,LIVE,No trade warranted
2026-08-14 09:20:00,2026-08-14,NIFTY,24382.400390625,SIDEWAYS,NEUTRAL,NO_TRADE,NO_TRADE,30,No valid setup — conditions not satisfied,,,Breakout below 24368.4 or above 24373.5,Range: 24368.4 – 24373.5,,,NO_TRADE,,0.0,0.0,,,LIVE,No trade warranted
2026-08-14 09:25:00,2026-08-14,NIFTY,24374.599609375,SIDEWAYS,NEUTRAL,NO_TRADE,NO_TRADE,30,No valid setup — conditions not satisfied,,,Breakout below 24369.65 or above 24373.5,Range: 24369.65 – 24373.5,,,NO_TRADE,,0.0,0.0,,,LIVE,No trade warranted
2026-08-14 09:30:00,2026-08-14,NIFTY,24375.44921875,SIDEWAYS,NEUTRAL,NO_TRADE,NO_TRADE,30,No valid setup — conditions not satisfied,,,Breakout below 24370.7 or above 24373.5,Range: 24370.7 – 24373.5,,,NO_TRADE,,0.0,0.0,,,LIVE,No trade warranted
2026-08-14 09:35:00,2026-08-14,NIFTY,24371.05078125,SIDEWAYS,NEUTRAL,NO_TRADE,NO_TRADE,30,No valid setup — conditions not satisfied,,,Breakout below 24373.4 or above 24374.15,Range: 24373.4 – 24374.15,,,NO_TRADE,,0.0,0.0,,,LIVE,No trade warranted
2026-08-14 09:40:00,2026-08-14,NIFTY,24354.44921875,SIDEWAYS,NEUTRAL,NO_TRADE,NO_TRADE,30,No valid setup — conditions not satisfied,,,Breakout below 24373.4 or above 24375.2,Range: 24373.4 – 24375.2,,,NO_TRADE,,0.0,0.0,,,LIVE,No trade warranted
2026-08-14 09:45:00,2026-08-14,NIFTY,24354.849609375,SIDEWAYS,NEUTRAL,NO_TRADE,NO_TRADE,30,No valid setup — conditions not satisfied,,,Breakout below 24373.4 or above 24377.45,Range: 24373.4 – 24377.45,,,NO_TRADE,,0.0,0.0,,,LIVE,No trade warranted
2026-08-14 09:50:00,2026-08-14,NIFTY,24354.849609375,SIDEWAYS,NEUTRAL,NO_TRADE,NO_TRADE,30,No valid setup — conditions not satisfied,,,Breakout below 24373.4 or above 24377.45,Range: 24373.4 – 24377.45,,,NO_TRADE,,0.0,0.0,,,LIVE,No trade warranted
2026-08-14 09:55:00,2026-08-14,NIFTY,24366.0,SIDEWAYS,NEUTRAL,NO_TRADE,NO_TRADE,50,No valid setup — conditions not satisfied,,,Breakout below 24373.4 or above 24375.0,Range: 24373.4 – 24375.0,,,NO_TRADE,,0.0,0.0,,,LIVE,No trade warranted
2026-08-17 03:45:00,2026-08-17,NIFTY,24306.650390625,SIDEWAYS,NEUTRAL,NO_TRADE,NO_TRADE,50,No valid setup — conditions not satisfied,,,Breakout below — or above —,Range: — – —,,,NO_TRADE,,0.0,0.0,,,LIVE,No trade warranted
2026-08-17 03:50:00,2026-08-17,NIFTY,24303.400390625,SIDEWAYS,NEUTRAL,NO_TRADE,NO_TRADE,50,No valid setup — conditions not satisfied,,,Breakout below — or above —,Range: — – —,,,NO_TRADE,,0.0,0.0,,,LIVE,No trade warranted
2026-08-17 03:55:00,2026-08-17,NIFTY,24306.349609375,SIDEWAYS,NEUTRAL,NO_TRADE,NO_TRADE,50,No valid setup — conditions not satisfied,,,Breakout below — or above —,Range: — – —,,,NO_TRADE,,0.0,0.0,,,LIVE,No trade warranted
2026-08-17 04:00:00,2026-08-17,NIFTY,24287.69921875,SIDEWAYS,NEUTRAL,NO_TRADE,NO_TRADE,50,No valid setup — conditions not satisfied,,,Breakout below — or above —,Range: — – —,,,NO_TRADE,,0.0,0.0,,,LIVE,No trade warranted
2026-08-17 04:05:00,2026-08-17,NIFTY,24293.30078125,SIDEWAYS,NEUTRAL,NO_TRADE,NO_TRADE,50,No valid setup — conditions not satisfied,,,Breakout below — or above —,Range: — – —,,,NO_TRADE,,0.0,0.0,,,LIVE,No trade warranted
2026-08-17 04:10:00,2026-08-17,NIFTY,24301.0,SIDEWAYS,NEUTRAL,NO_TRADE,NO_TRADE,50,No valid setup — conditions not satisfied,,,Breakout below — or above —,Range: — – —,,,NO_TRADE,,0.0,0.0,,,LIVE,No trade warranted
2026-08-17 04:15:00,2026-08-17,NIFTY,24304.650390625,SIDEWAYS,NEUTRAL,NO_TRADE,NO_TRADE,50,No valid setup — conditions not satisfied,,,Breakout below — or above —,Range: — – —,,,NO_TRADE,,0.0,0.0,,,LIVE,No trade warranted
2026-08-17 04:20:00,2026-08-17,NIFTY,24300.30078125,SIDEWAYS,NEUTRAL,NO_TRADE,NO_TRADE,50,No valid setup — conditions not satisfied,,,Breakout below — or above —,Range: — – —,,,NO_TRADE,,0.0,0.0,,,LIVE,No trade warranted
2026-08-17 04:25:00,2026-08-17,NIFTY,24283.849609375,SIDEWAYS,NEUTRAL,NO_TRADE,NO_TRADE,50,No valid setup — conditions not satisfied,,,Breakout below — or above —,Range: — – —,,,NO_TRADE,,0.0,0.0,,,LIVE,No trade warranted
2026-08-17 04:30:00,2026-08-17,NIFTY,24291.150390625,SIDEWAYS,NEUTRAL,NO_TRADE,NO_TRADE,50,No valid setup — conditions not satisfied,,,Breakout below — or above —,Range: — – —,,,NO_TRADE,,0.0,0.0,,,LIVE,No trade warranted
2026-08-17 04:35:00,2026-08-17,NIFTY,24290.94921875,SIDEWAYS,NEUTRAL,NO_TRADE,NO_TRADE,50,No valid setup — conditions not satisfied,,,Breakout below — or above —,Range: — – —,,,NO_TRADE,,0.0,0.0,,,LIVE,No trade warranted
2026-08-17 04:40:00,2026-08-17,NIFTY,24281.5,SIDEWAYS,NEUTRAL,NO_TRADE,NO_TRADE,50,No valid setup — conditions not satisfied,,,Breakout below — or above —,Range: — – —,,,NO_TRADE,,0.0,0.0,,,LIVE,No trade warranted
2026-08-17 04:45:00,2026-08-17,NIFTY,24263.599609375,SIDEWAYS,NEUTRAL,NO_TRADE,NO_TRADE,50,No valid setup — conditions not satisfied,,,Breakout below — or above —,Range: — – —,,,NO_TRADE,,0.0,0.0,,,LIVE,No trade warranted
2026-08-17 04:50:00,2026-08-17,NIFTY,24252.80078125,SIDEWAYS,NEUTRAL,NO_TRADE,NO_TRADE,50,No valid setup — conditions not satisfied,,,Breakout below — or above —,Range: — – —,,,NO_TRADE,,0.0,0.0,,,LIVE,No trade warranted
2026-08-17 04:55:00,2026-08-17,NIFTY,24260.30078125,VOLATILE_EXPANSION,MIXED,NO_TRADE,NO_TRADE,40,No valid setup — conditions not satisfied,,,Close below — or above — with VIX spike,ATR-based range: ±0.00,,,NO_TRADE,,0.0,0.0,,,LIVE,No trade warranted
2026-08-17 05:00:00,2026-08-17,NIFTY,24256.30078125,VOLATILE_EXPANSION,MIXED,NO_TRADE,NO_TRADE,40,No valid setup — conditions not satisfied,,,Close below — or above — with VIX spike,ATR-based range: ±0.00,,,NO_TRADE,,0.0,0.0,,,LIVE,No trade warranted
2026-08-17 05:05:00,2026-08-17,NIFTY,24254.400390625,VOLATILE_EXPANSION,MIXED,NO_TRADE,NO_TRADE,40,No valid setup — conditions not satisfied,,,Close below — or above — with VIX spike,ATR-based range: ±0.00,,,NO_TRADE,,0.0,0.0,,,LIVE,No trade warranted
2026-08-17 05:10:00,2026-08-17,NIFTY,24238.75,VOLATILE_EXPANSION,MIXED,NO_TRADE,NO_TRADE,40,No valid setup — conditions not satisfied,,,Close below — or above — with VIX spike,ATR-based range: ±0.00,,,NO_TRADE,,0.0,0.0,,,LIVE,No trade warranted
2026-08-17 05:15:00,2026-08-17,NIFTY,24238.25,VOLATILE_EXPANSION,MIXED,NO_TRADE,NO_TRADE,40,No valid setup — conditions not satisfied,,,Close below — or above — with VIX spike,ATR-based range: ±0.00,,,NO_TRADE,,0.0,0.0,,,LIVE,No trade warranted
2026-08-17 05:20:00,2026-08-17,NIFTY,24242.099609375,VOLATILE_EXPANSION,MIXED,NO_TRADE,NO_TRADE,40,No valid setup — conditions not satisfied,,,Close below 24277.4 or above 24283.9 with VIX spike,ATR-based range: ±21.35,,,NO_TRADE,,0.0,0.0,,,LIVE,No trade warranted
2026-08-17 05:25:00,2026-08-17,NIFTY,24238.19921875,VOLATILE_EXPANSION,MIXED,NO_TRADE,NO_TRADE,40,No valid setup — conditions not satisfied,,,Close below 24259.55 or above 24283.9 with VIX spike,ATR-based range: ±21.57,,,NO_TRADE,,0.0,0.0,,,LIVE,No trade warranted
2026-08-17 05:30:00,2026-08-17,NIFTY,24240.349609375,VOLATILE_EXPANSION,MIXED,NO_TRADE,NO_TRADE,40,No valid setup — conditions not satisfied,,,Close below 24259.55 or above 24283.9 with VIX spike,ATR-based range: ±21.57,,,NO_TRADE,,0.0,0.0,,,LIVE,No trade warranted
2026-08-17 05:35:00,2026-08-17,NIFTY,24235.44921875,VOLATILE_EXPANSION,MIXED,NO_TRADE,NO_TRADE,40,No valid setup — conditions not satisfied,,,Close below 24259.55 or above 24283.9 with VIX spike,ATR-based range: ±21.57,,,NO_TRADE,,0.0,0.0,,,LIVE,No trade warranted
2026-08-17 05:40:00,2026-08-17,NIFTY,24236.44921875,VOLATILE_EXPANSION,MIXED,NO_TRADE,NO_TRADE,40,No valid setup — conditions not satisfied,,,Close below 24259.55 or above 24283.9 with VIX spike,ATR-based range: ±21.57,,,NO_TRADE,,0.0,0.0,,,LIVE,No trade warranted
2026-08-17 05:45:00,2026-08-17,NIFTY,24235.80078125,VOLATILE_EXPANSION,MIXED,NO_TRADE,NO_TRADE,40,No valid setup — conditions not satisfied,,,Close below 24259.55 or above 24263.05 with VIX spike,ATR-based range: ±16.00,,,NO_TRADE,,0.0,0.0,,,LIVE,No trade warranted
2026-08-17 05:50:00,2026-08-17,NIFTY,24230.400390625,VOLATILE_EXPANSION,MIXED,NO_TRADE,NO_TRADE,40,No valid setup — conditions not satisfied,,,Close below 24252.35 or above 24259.3 with VIX spike,ATR-based range: ±6.48,,,NO_TRADE,,0.0,0.0,,,LIVE,No trade warranted
2026-08-17 05:55:00,2026-08-17,NIFTY,24240.0,VOLATILE_EXPANSION,MIXED,NO_TRADE,NO_TRADE,40,No valid setup — conditions not satisfied,,,Close below 24252.35 or above 24256.75 with VIX spike,ATR-based range: ±5.90,,,NO_TRADE,,0.0,0.0,,,LIVE,No trade warranted
2026-08-17 06:00:00,2026-08-17,NIFTY,24241.44921875,VOLATILE_EXPANSION,MIXED,NO_TRADE,NO_TRADE,40,No valid setup — conditions not satisfied,,,Close below 24252.35 or above 24256.75 with VIX spike,ATR-based range: ±5.90,,,NO_TRADE,,0.0,0.0,,,LIVE,No trade warranted
2026-08-17 06:05:00,2026-08-17,NIFTY,24239.400390625,SIDEWAYS,NEUTRAL,NO_TRADE,NO_TRADE,50,No valid setup — conditions not satisfied,,,Breakout below 24250.1 or above 24256.75,Range: 24250.1 – 24256.75,,,NO_TRADE,,0.0,0.0,,,LIVE,No trade warranted
2026-08-17 06:10:00,2026-08-17,NIFTY,24244.69921875,SIDEWAYS,NEUTRAL,NO_TRADE,NO_TRADE,50,No valid setup — conditions not satisfied,,,Breakout below 24236.75 or above 24248.2,Range: 24236.75 – 24248.2,,,NO_TRADE,,0.0,0.0,,,LIVE,No trade warranted
2026-08-17 06:15:00,2026-08-17,NIFTY,24254.25,SIDEWAYS,NEUTRAL,NO_TRADE,NO_TRADE,50,No valid setup — conditions not satisfied,,,Breakout below 24242.1 or above 24246.6,Range: 24242.1 – 24246.6,,,NO_TRADE,,0.0,0.0,,,LIVE,No trade warranted
2026-08-17 06:20:00,2026-08-17,NIFTY,24263.94921875,VOLATILE_EXPANSION,MIXED,NO_TRADE,NO_TRADE,40,No valid setup — conditions not satisfied,,,Close below 24242.1 or above 24246.6 with VIX spike,ATR-based range: ±5.77,,,NO_TRADE,,0.0,0.0,,,LIVE,No trade warranted
2026-08-17 06:25:00,2026-08-17,NIFTY,24271.69921875,VOLATILE_EXPANSION,MIXED,NO_TRADE,NO_TRADE,40,No valid setup — conditions not satisfied,,,Close below 24242.1 or above 24246.6 with VIX spike,ATR-based range: ±5.77,,,NO_TRADE,,0.0,0.0,,,LIVE,No trade warranted
2026-08-17 06:30:00,2026-08-17,NIFTY,24266.75,VOLATILE_EXPANSION,MIXED,NO_TRADE,NO_TRADE,40,No valid setup — conditions not satisfied,,,Close below 24242.1 or above 24246.6 with VIX spike,ATR-based range: ±5.77,,,NO_TRADE,,0.0,0.0,,,LIVE,No trade warranted
2026-08-17 06:35:00,2026-08-17,NIFTY,24265.0,VOLATILE_EXPANSION,MIXED,NO_TRADE,NO_TRADE,40,No valid setup — conditions not satisfied,,,Close below 24242.1 or above 24247.45 with VIX spike,ATR-based range: ±5.85,,,NO_TRADE,,0.0,0.0,,,LIVE,No trade warranted
2026-08-17 06:40:00,2026-08-17,NIFTY,24270.75,VOLATILE_EXPANSION,MIXED,NO_TRADE,NO_TRADE,40,No valid setup — conditions not satisfied,,,Close below 24242.1 or above 24247.45 with VIX spike,ATR-based range: ±5.85,,,NO_TRADE,,0.0,0.0,,,LIVE,No trade warranted
2026-08-17 06:45:00,2026-08-17,NIFTY,24285.5,VOLATILE_EXPANSION,MIXED,NO_TRADE,NO_TRADE,40,No valid setup — conditions not satisfied,,,Close below 24242.1 or above 24256.75 with VIX spike,ATR-based range: ±16.72,,,NO_TRADE,,0.0,0.0,,,LIVE,No trade warranted
2026-08-17 06:50:00,2026-08-17,NIFTY,24286.849609375,VOLATILE_EXPANSION,MIXED,NO_TRADE,NO_TRADE,40,No valid setup — conditions not satisfied,,,Close below 24242.1 or above 24257.55 with VIX spike,ATR-based range: ±17.92,,,NO_TRADE,,0.0,0.0,,,LIVE,No trade warranted
2026-08-17 06:55:00,2026-08-17,NIFTY,24290.80078125,VOLATILE_EXPANSION,MIXED,NO_TRADE,NO_TRADE,40,No valid setup — conditions not satisfied,,,Close below 24253.5 or above 24257.55 with VIX spike,ATR-based range: ±17.88,,,NO_TRADE,,0.0,0.0,,,LIVE,No trade warranted
2026-08-17 07:00:00,2026-08-17,NIFTY,24295.150390625,VOLATILE_EXPANSION,MIXED,NO_TRADE,NO_TRADE,40,No valid setup — conditions not satisfied,,,Close below 24256.55 or above 24257.55 with VIX spike,ATR-based range: ±15.20,,,NO_TRADE,,0.0,0.0,,,LIVE,No trade warranted
2026-08-17 07:05:00,2026-08-17,NIFTY,24297.05078125,VOLATILE_EXPANSION,MIXED,NO_TRADE,NO_TRADE,40,No valid setup — conditions not satisfied,,,Close below 24256.55 or above 24270.1 with VIX spike,ATR-based range: ±15.58,,,NO_TRADE,,0.0,0.0,,,LIVE,No trade warranted
2026-08-17 07:10:00,2026-08-17,NIFTY,24303.5,VOLATILE_EXPANSION,MIXED,NO_TRADE,NO_TRADE,40,No valid setup — conditions not satisfied,,,Close below 24260.75 or above 24270.1 with VIX spike,ATR-based range: ±9.88,,,NO_TRADE,,0.0,0.0,,,LIVE,No trade warranted
2026-08-17 07:15:00,2026-08-17,NIFTY,24321.599609375,VOLATILE_EXPANSION,MIXED,NO_TRADE,NO_TRADE,40,No valid setup — conditions not satisfied,,,Close below 24263.85 or above 24270.1 with VIX spike,ATR-based range: ±6.25,,,NO_TRADE,,0.0,0.0,,,LIVE,No trade warranted
2026-08-17 07:20:00,2026-08-17,NIFTY,24328.69921875,VOLATILE_EXPANSION,MIXED,NO_TRADE,NO_TRADE,40,No valid setup — conditions not satisfied,,,Close below 24269.8 or above 24272.5 with VIX spike,ATR-based range: ±6.17,,,NO_TRADE,,0.0,0.0,,,LIVE,No trade warranted
2026-08-17 07:25:00,2026-08-17,NIFTY,24333.94921875,VOLATILE_EXPANSION,MIXED,NO_TRADE,NO_TRADE,40,No valid setup — conditions not satisfied,,,Close below 24269.8 or above 24287.6 with VIX spike,ATR-based range: ±14.55,,,NO_TRADE,,0.0,0.0,,,LIVE,No trade warranted
2026-08-17 07:30:00,2026-08-17,NIFTY,24344.0,VOLATILE_EXPANSION,MIXED,NO_TRADE,NO_TRADE,40,No valid setup — conditions not satisfied,,,Close below 24281.5 or above 24287.6 with VIX spike,ATR-based range: ±14.08,,,NO_TRADE,,0.0,0.0,,,LIVE,No trade warranted
2026-08-17 07:35:00,2026-08-17,NIFTY,24338.44921875,VOLATILE_EXPANSION,MIXED,NO_TRADE,NO_TRADE,40,No valid setup — conditions not satisfied,,,Close below 24286.1 or above 24287.6 with VIX spike,ATR-based range: ±5.25,,,NO_TRADE,,0.0,0.0,,,LIVE,No trade warranted
2026-08-17 07:40:00,2026-08-17,NIFTY,24346.349609375,VOLATILE_EXPANSION,MIXED,NO_TRADE,NO_TRADE,40,No valid setup — conditions not satisfied,,,Close below 24291.95 or above 24300.05 with VIX spike,ATR-based range: ±11.65,,,NO_TRADE,,0.0,0.0,,,LIVE,No trade warranted
2026-08-17 07:45:00,2026-08-17,NIFTY,24349.30078125,VOLATILE_EXPANSION,MIXED,NO_TRADE,NO_TRADE,40,No valid setup — conditions not satisfied,,,Close below 24295.6 or above 24300.05 with VIX spike,ATR-based range: ±10.33,,,NO_TRADE,,0.0,0.0,,,LIVE,No trade warranted
2026-08-17 07:50:00,2026-08-17,NIFTY,24345.5,SIDEWAYS,NEUTRAL,NO_TRADE,NO_TRADE,30,No valid setup — conditions not satisfied,,,Breakout below 24302.4 or above 24305.7,Range: 24302.4 – 24305.7,,,NO_TRADE,,0.0,0.0,,,LIVE,No trade warranted
2026-08-17 07:55:00,2026-08-17,NIFTY,24351.849609375,SIDEWAYS,NEUTRAL,NO_TRADE,NO_TRADE,30,No valid setup — conditions not satisfied,,,Breakout below 24302.4 or above 24332.0,Range: 24302.4 – 24332.0,,,NO_TRADE,,0.0,0.0,,,LIVE,No trade warranted
2026-08-17 08:00:00,2026-08-17,NIFTY,24349.150390625,SIDEWAYS,NEUTRAL,NO_TRADE,NO_TRADE,30,No valid setup — conditions not satisfied,,,Breakout below 24302.4 or above 24332.0,Range: 24302.4 – 24332.0,,,NO_TRADE,,0.0,0.0,,,LIVE,No trade warranted
2026-08-17 08:05:00,2026-08-17,NIFTY,24345.80078125,SIDEWAYS,NEUTRAL,NO_TRADE,NO_TRADE,30,No valid setup — conditions not satisfied,,,Breakout below 24302.4 or above 24332.0,Range: 24302.4 – 24332.0,,,NO_TRADE,,0.0,0.0,,,LIVE,No trade warranted
2026-08-17 08:10:00,2026-08-17,NIFTY,24353.25,SIDEWAYS,NEUTRAL,NO_TRADE,NO_TRADE,30,No valid setup — conditions not satisfied,,,Breakout below 24302.4 or above 24332.0,Range: 24302.4 – 24332.0,,,NO_TRADE,,0.0,0.0,,,LIVE,No trade warranted
2026-08-17 08:15:00,2026-08-17,NIFTY,24343.55078125,SIDEWAYS,NEUTRAL,NO_TRADE,NO_TRADE,30,No valid setup — conditions not satisfied,,,Breakout below 24321.35 or above 24332.0,Range: 24321.35 – 24332.0,,,NO_TRADE,,0.0,0.0,,,LIVE,No trade warranted
2026-08-17 08:20:00,2026-08-17,NIFTY,24339.75,SIDEWAYS,NEUTRAL,NO_TRADE,NO_TRADE,30,No valid setup — conditions not satisfied,,,Breakout below 24321.35 or above 24332.0,Range: 24321.35 – 24332.0,,,NO_TRADE,,0.0,0.0,,,LIVE,No trade warranted
2026-08-17 08:25:00,2026-08-17,NIFTY,24337.75,SIDEWAYS,NEUTRAL,NO_TRADE,NO_TRADE,30,No valid setup — conditions not satisfied,,,Breakout below 24321.35 or above 24332.0,Range: 24321.35 – 24332.0,,,NO_TRADE,,0.0,0.0,,,LIVE,No trade warranted
2026-08-17 08:30:00,2026-08-17,NIFTY,24342.400390625,SIDEWAYS,NEUTRAL,NO_TRADE,NO_TRADE,30,No valid setup — conditions not satisfied,,,Breakout below 24332.5 or above 24335.0,Range: 24332.5 – 24335.0,,,NO_TRADE,,0.0,0.0,,,LIVE,No trade warranted
2026-08-17 08:35:00,2026-08-17,NIFTY,24340.75,SIDEWAYS,NEUTRAL,NO_TRADE,NO_TRADE,30,No valid setup — conditions not satisfied,,,Breakout below 24335.2 or above 24336.7,Range: 24335.2 – 24336.7,,,NO_TRADE,,0.0,0.0,,,LIVE,No trade warranted
2026-08-17 08:40:00,2026-08-17,NIFTY,24331.0,SIDEWAYS,NEUTRAL,NO_TRADE,NO_TRADE,30,No valid setup — conditions not satisfied,,,Breakout below 24335.9 or above 24342.15,Range: 24335.9 – 24342.15,,,NO_TRADE,,0.0,0.0,,,LIVE,No trade warranted
2026-08-17 08:45:00,2026-08-17,NIFTY,24339.25,SIDEWAYS,NEUTRAL,NO_TRADE,NO_TRADE,30,No valid setup — conditions not satisfied,,,Breakout below 24335.9 or above 24342.15,Range: 24335.9 – 24342.15,,,NO_TRADE,,0.0,0.0,,,LIVE,No trade warranted
2026-08-17 08:50:00,2026-08-17,NIFTY,24324.19921875,SIDEWAYS,NEUTRAL,NO_TRADE,NO_TRADE,50,No valid setup — conditions not satisfied,,,Breakout below 24339.8 or above 24342.15,Range: 24339.8 – 24342.15,,,NO_TRADE,,0.0,0.0,,,LIVE,No trade warranted
2026-08-17 08:55:00,2026-08-17,NIFTY,24326.150390625,VOLATILE_EXPANSION,MIXED,NO_TRADE,NO_TRADE,40,No valid setup — conditions not satisfied,,,Close below 24340.45 or above 24342.15 with VIX spike,ATR-based range: ±1.77,,,NO_TRADE,,0.0,0.0,,,LIVE,No trade warranted
2026-08-17 09:00:00,2026-08-17,NIFTY,24328.349609375,SIDEWAYS,NEUTRAL,NO_TRADE,NO_TRADE,50,No valid setup — conditions not satisfied,,,Breakout below 24340.45 or above 24342.15,Range: 24340.45 – 24342.15,,,NO_TRADE,,0.0,0.0,,,LIVE,No trade warranted
2026-08-17 09:05:00,2026-08-17,NIFTY,24327.900390625,VOLATILE_EXPANSION,MIXED,NO_TRADE,NO_TRADE,40,No valid setup — conditions not satisfied,,,Close below 24339.8 or above 24342.15 with VIX spike,ATR-based range: ±3.57,,,NO_TRADE,,0.0,0.0,,,LIVE,No trade warranted
2026-08-17 09:10:00,2026-08-17,NIFTY,24334.349609375,SIDEWAYS,NEUTRAL,NO_TRADE,NO_TRADE,30,No valid setup — conditions not satisfied,,,Breakout below 24339.5 or above 24339.95,Range: 24339.5 – 24339.95,,,NO_TRADE,,0.0,0.0,,,LIVE,No trade warranted
2026-08-17 09:15:00,2026-08-17,NIFTY,24339.19921875,SIDEWAYS,NEUTRAL,NO_TRADE,NO_TRADE,30,No valid setup — conditions not satisfied,,,Breakout below 24339.5 or above 24339.95,Range: 24339.5 – 24339.95,,,NO_TRADE,,0.0,0.0,,,LIVE,No trade warranted
2026-08-17 09:20:00,2026-08-17,NIFTY,24343.94921875,SIDEWAYS,NEUTRAL,NO_TRADE,NO_TRADE,30,No valid setup — conditions not satisfied,,,Breakout below 24339.5 or above 24339.95,Range: 24339.5 – 24339.95,,,NO_TRADE,,0.0,0.0,,,LIVE,No trade warranted
2026-08-17 09:25:00,2026-08-17,NIFTY,24338.19921875,SIDEWAYS,NEUTRAL,NO_TRADE,NO_TRADE,30,No valid setup — conditions not satisfied,,,Breakout below 24335.9 or above 24339.95,Range: 24335.9 – 24339.95,,,NO_TRADE,,0.0,0.0,,,LIVE,No trade warranted
2026-08-17 09:30:00,2026-08-17,NIFTY,24351.80078125,SIDEWAYS,NEUTRAL,NO_TRADE,NO_TRADE,30,No valid setup — conditions not satisfied,,,Breakout below 24335.9 or above 24339.95,Range: 24335.9 – 24339.95,,,NO_TRADE,,0.0,0.0,,,LIVE,No trade warranted
2026-08-17 09:35:00,2026-08-17,NIFTY,24349.099609375,SIDEWAYS,NEUTRAL,NO_TRADE,NO_TRADE,30,No valid setup — conditions not satisfied,,,Breakout below 24335.9 or above 24339.95,Range: 24335.9 – 24339.95,,,NO_TRADE,,0.0,0.0,,,LIVE,No trade warranted
2026-08-17 09:40:00,2026-08-17,NIFTY,24341.900390625,SIDEWAYS,NEUTRAL,NO_TRADE,NO_TRADE,30,No valid setup — conditions not satisfied,,,Breakout below 24335.9 or above 24339.95,Range: 24335.9 – 24339.95,,,NO_TRADE,,0.0,0.0,,,LIVE,No trade warranted
2026-08-17 09:45:00,2026-08-17,NIFTY,24339.80078125,SIDEWAYS,NEUTRAL,NO_TRADE,NO_TRADE,30,No valid setup — conditions not satisfied,,,Breakout below 24335.9 or above 24339.8,Range: 24335.9 – 24339.8,,,NO_TRADE,,0.0,0.0,,,LIVE,No trade warranted
2026-08-17 09:50:00,2026-08-17,NIFTY,24339.80078125,SIDEWAYS,NEUTRAL,NO_TRADE,NO_TRADE,30,No valid setup — conditions not satisfied,,,Breakout below 24335.9 or above 24339.8,Range: 24335.9 – 24339.8,,,NO_TRADE,,0.0,0.0,,,LIVE,No trade warranted
2026-08-17 09:55:00,2026-08-17,NIFTY,24287.650390625,SIDEWAYS,NEUTRAL,NO_TRADE,NO_TRADE,30,No valid setup — conditions not satisfied,,,Breakout below 24334.5 or above 24337.9,Range: 24334.5 – 24337.9,,,NO_TRADE,,0.0,0.0,,,LIVE,No trade warranted
2026-08-18 03:45:00,2026-08-18,NIFTY,24238.849609375,SIDEWAYS,NEUTRAL,NO_TRADE,NO_TRADE,50,No valid setup — conditions not satisfied,,,Breakout below — or above —,Range: — – —,,,NO_TRADE,,0.0,0.0,,,LIVE,No trade warranted
2026-08-18 03:50:00,2026-08-18,NIFTY,24244.349609375,SIDEWAYS,NEUTRAL,NO_TRADE,NO_TRADE,50,No valid setup — conditions not satisfied,,,Breakout below — or above —,Range: — – —,,,NO_TRADE,,0.0,0.0,,,LIVE,No trade warranted
2026-08-18 03:55:00,2026-08-18,NIFTY,24245.099609375,SIDEWAYS,NEUTRAL,NO_TRADE,NO_TRADE,50,No valid setup — conditions not satisfied,,,Breakout below — or above —,Range: — – —,,,NO_TRADE,,0.0,0.0,,,LIVE,No trade warranted
2026-08-18 04:00:00,2026-08-18,NIFTY,24232.650390625,SIDEWAYS,NEUTRAL,NO_TRADE,NO_TRADE,50,No valid setup — conditions not satisfied,,,Breakout below — or above —,Range: — – —,,,NO_TRADE,,0.0,0.0,,,LIVE,No trade warranted
2026-08-18 04:05:00,2026-08-18,NIFTY,24247.30078125,SIDEWAYS,NEUTRAL,NO_TRADE,NO_TRADE,50,No valid setup — conditions not satisfied,,,Breakout below — or above —,Range: — – —,,,NO_TRADE,,0.0,0.0,,,LIVE,No trade warranted
2026-08-18 04:10:00,2026-08-18,NIFTY,24224.55078125,SIDEWAYS,NEUTRAL,NO_TRADE,NO_TRADE,50,No valid setup — conditions not satisfied,,,Breakout below — or above —,Range: — – —,,,NO_TRADE,,0.0,0.0,,,LIVE,No trade warranted
2026-08-18 04:15:00,2026-08-18,NIFTY,24228.5,SIDEWAYS,NEUTRAL,NO_TRADE,NO_TRADE,50,No valid setup — conditions not satisfied,,,Breakout below — or above —,Range: — – —,,,NO_TRADE,,0.0,0.0,,,LIVE,No trade warranted
2026-08-18 04:20:00,2026-08-18,NIFTY,24235.30078125,SIDEWAYS,NEUTRAL,NO_TRADE,NO_TRADE,50,No valid setup — conditions not satisfied,,,Breakout below — or above —,Range: — – —,,,NO_TRADE,,0.0,0.0,,,LIVE,No trade warranted
2026-08-18 04:25:00,2026-08-18,NIFTY,24234.5,SIDEWAYS,NEUTRAL,NO_TRADE,NO_TRADE,50,No valid setup — conditions not satisfied,,,Breakout below — or above —,Range: — – —,,,NO_TRADE,,0.0,0.0,,,LIVE,No trade warranted
2026-08-18 04:30:00,2026-08-18,NIFTY,24222.80078125,SIDEWAYS,NEUTRAL,NO_TRADE,NO_TRADE,50,No valid setup — conditions not satisfied,,,Breakout below — or above —,Range: — – —,,,NO_TRADE,,0.0,0.0,,,LIVE,No trade warranted
2026-08-18 04:35:00,2026-08-18,NIFTY,24221.599609375,SIDEWAYS,NEUTRAL,NO_TRADE,NO_TRADE,50,No valid setup — conditions not satisfied,,,Breakout below — or above —,Range: — – —,,,NO_TRADE,,0.0,0.0,,,LIVE,No trade warranted
2026-08-18 04:40:00,2026-08-18,NIFTY,24220.19921875,SIDEWAYS,NEUTRAL,NO_TRADE,NO_TRADE,50,No valid setup — conditions not satisfied,,,Breakout below — or above —,Range: — – —,,,NO_TRADE,,0.0,0.0,,,LIVE,No trade warranted
2026-08-18 04:45:00,2026-08-18,NIFTY,24214.05078125,SIDEWAYS,NEUTRAL,NO_TRADE,NO_TRADE,50,No valid setup — conditions not satisfied,,,Breakout below — or above —,Range: — – —,,,NO_TRADE,,0.0,0.0,,,LIVE,No trade warranted
2026-08-18 04:50:00,2026-08-18,NIFTY,24216.69921875,SIDEWAYS,NEUTRAL,NO_TRADE,NO_TRADE,50,No valid setup — conditions not satisfied,,,Breakout below — or above —,Range: — – —,,,NO_TRADE,,0.0,0.0,,,LIVE,No trade warranted
2026-08-18 04:55:00,2026-08-18,NIFTY,24225.849609375,SIDEWAYS,NEUTRAL,NO_TRADE,NO_TRADE,50,No valid setup — conditions not satisfied,,,Breakout below — or above —,Range: — – —,,,NO_TRADE,,0.0,0.0,,,LIVE,No trade warranted
2026-08-18 05:00:00,2026-08-18,NIFTY,24231.19921875,SIDEWAYS,NEUTRAL,NO_TRADE,NO_TRADE,50,No valid setup — conditions not satisfied,,,Breakout below — or above —,Range: — – —,,,NO_TRADE,,0.0,0.0,,,LIVE,No trade warranted
2026-08-18 05:05:00,2026-08-18,NIFTY,24226.099609375,VOLATILE_EXPANSION,MIXED,NO_TRADE,NO_TRADE,40,No valid setup — conditions not satisfied,,,Close below — or above — with VIX spike,ATR-based range: ±0.00,,,NO_TRADE,,0.0,0.0,,,LIVE,No trade warranted
2026-08-18 05:10:00,2026-08-18,NIFTY,24214.80078125,VOLATILE_EXPANSION,MIXED,NO_TRADE,NO_TRADE,40,No valid setup — conditions not satisfied,,,Close below — or above — with VIX spike,ATR-based range: ±0.00,,,NO_TRADE,,0.0,0.0,,,LIVE,No trade warranted
2026-08-18 05:15:00,2026-08-18,NIFTY,24204.75,VOLATILE_EXPANSION,MIXED,NO_TRADE,NO_TRADE,40,No valid setup — conditions not satisfied,,,Close below — or above — with VIX spike,ATR-based range: ±0.00,,,NO_TRADE,,0.0,0.0,,,LIVE,No trade warranted
2026-08-18 05:20:00,2026-08-18,NIFTY,24195.55078125,VOLATILE_EXPANSION,MIXED,NO_TRADE,NO_TRADE,40,No valid setup — conditions not satisfied,,,Close below 24226.0 or above 24227.3 with VIX spike,ATR-based range: ±3.45,,,NO_TRADE,,0.0,0.0,,,LIVE,No trade warranted
2026-08-18 05:25:00,2026-08-18,NIFTY,24200.25,VOLATILE_EXPANSION,MIXED,NO_TRADE,NO_TRADE,40,No valid setup — conditions not satisfied,,,Close below 24224.15 or above 24224.9 with VIX spike,ATR-based range: ±3.45,,,NO_TRADE,,0.0,0.0,,,LIVE,No trade warranted
2026-08-18 05:30:00,2026-08-18,NIFTY,24205.849609375,VOLATILE_EXPANSION,MIXED,NO_TRADE,NO_TRADE,40,No valid setup — conditions not satisfied,,,Close below 24221.5 or above 24224.9 with VIX spike,ATR-based range: ±3.88,,,NO_TRADE,,0.0,0.0,,,LIVE,No trade warranted
2026-08-18 05:35:00,2026-08-18,NIFTY,24207.25,VOLATILE_EXPANSION,MIXED,NO_TRADE,NO_TRADE,40,No valid setup — conditions not satisfied,,,Close below 24218.0 or above 24220.75 with VIX spike,ATR-based range: ±5.95,,,NO_TRADE,,0.0,0.0,,,LIVE,No trade warranted
2026-08-18 05:40:00,2026-08-18,NIFTY,24202.349609375,VOLATILE_EXPANSION,MIXED,NO_TRADE,NO_TRADE,40,No valid setup — conditions not satisfied,,,Close below 24218.0 or above 24220.75 with VIX spike,ATR-based range: ±5.95,,,NO_TRADE,,0.0,0.0,,,LIVE,No trade warranted
2026-08-18 05:45:00,2026-08-18,NIFTY,24197.75,VOLATILE_EXPANSION,MIXED,NO_TRADE,NO_TRADE,40,No valid setup — conditions not satisfied,,,Close below 24214.85 or above 24220.75 with VIX spike,ATR-based range: ±7.05,,,NO_TRADE,,0.0,0.0,,,LIVE,No trade warranted
2026-08-18 05:50:00,2026-08-18,NIFTY,24195.75,VOLATILE_EXPANSION,MIXED,NO_TRADE,NO_TRADE,40,No valid setup — conditions not satisfied,,,Close below 24214.85 or above 24216.4 with VIX spike,ATR-based range: ±5.15,,,NO_TRADE,,0.0,0.0,,,LIVE,No trade warranted
2026-08-18 05:55:00,2026-08-18,NIFTY,24182.650390625,VOLATILE_EXPANSION,MIXED,NO_TRADE,NO_TRADE,40,No valid setup — conditions not satisfied,,,Close below 24210.8 or above 24216.4 with VIX spike,ATR-based range: ±5.52,,,NO_TRADE,,0.0,0.0,,,LIVE,No trade warranted
2026-08-18 06:00:00,2026-08-18,NIFTY,24190.650390625,VOLATILE_EXPANSION,MIXED,NO_TRADE,NO_TRADE,40,No valid setup — conditions not satisfied,,,Close below 24210.3 or above 24211.5 with VIX spike,ATR-based range: ±6.30,,,NO_TRADE,,0.0,0.0,,,LIVE,No trade warranted
2026-08-18 06:05:00,2026-08-18,NIFTY,24196.599609375,VOLATILE_EXPANSION,MIXED,NO_TRADE,NO_TRADE,40,No valid setup — conditions not satisfied,,,Close below 24208.15 or above 24208.7 with VIX spike,ATR-based range: ±7.12,,,NO_TRADE,,0.0,0.0,,,LIVE,No trade warranted
2026-08-18 06:10:00,2026-08-18,NIFTY,24198.400390625,VOLATILE_EXPANSION,MIXED,NO_TRADE,NO_TRADE,40,No valid setup — conditions not satisfied,,,Close below 24201.7 or above 24208.55 with VIX spike,ATR-based range: ±6.95,,,NO_TRADE,,0.0,0.0,,,LIVE,No trade warranted
2026-08-18 06:15:00,2026-08-18,NIFTY,24200.099609375,VOLATILE_EXPANSION,MIXED,NO_TRADE,NO_TRADE,40,No valid setup — conditions not satisfied,,,Close below 24201.7 or above 24208.55 with VIX spike,ATR-based range: ±6.80,,,NO_TRADE,,0.0,0.0,,,LIVE,No trade warranted
2026-08-18 06:20:00,2026-08-18,NIFTY,24199.19921875,SIDEWAYS,NEUTRAL,NO_TRADE,NO_TRADE,50,No valid setup — conditions not satisfied,,,Breakout below 24201.7 or above 24205.85,Range: 24201.7 – 24205.85,,,NO_TRADE,,0.0,0.0,,,LIVE,No trade warranted
2026-08-18 06:25:00,2026-08-18,NIFTY,24206.80078125,SIDEWAYS,NEUTRAL,NO_TRADE,NO_TRADE,50,No valid setup — conditions not satisfied,,,Breakout below 24201.7 or above 24205.85,Range: 24201.7 – 24205.85,,,NO_TRADE,,0.0,0.0,,,LIVE,No trade warranted
2026-08-18 06:30:00,2026-08-18,NIFTY,24213.150390625,SIDEWAYS,NEUTRAL,NO_TRADE,NO_TRADE,50,No valid setup — conditions not satisfied,,,Breakout below 24201.85 or above 24205.85,Range: 24201.85 – 24205.85,,,NO_TRADE,,0.0,0.0,,,LIVE,No trade warranted
2026-08-18 06:35:00,2026-08-18,NIFTY,24215.80078125,SIDEWAYS,NEUTRAL,NO_TRADE,NO_TRADE,50,No valid setup — conditions not satisfied,,,Breakout below 24201.85 or above 24205.85,Range: 24201.85 – 24205.85,,,NO_TRADE,,0.0,0.0,,,LIVE,No trade warranted
2026-08-18 06:40:00,2026-08-18,NIFTY,24212.94921875,SIDEWAYS,NEUTRAL,NO_TRADE,NO_TRADE,50,No valid setup — conditions not satisfied,,,Breakout below 24201.85 or above 24203.8,Range: 24201.85 – 24203.8,,,NO_TRADE,,0.0,0.0,,,LIVE,No trade warranted
2026-08-18 06:45:00,2026-08-18,NIFTY,24209.19921875,SIDEWAYS,NEUTRAL,NO_TRADE,NO_TRADE,50,No valid setup — conditions not satisfied,,,Breakout below 24201.85 or above 24203.8,Range: 24201.85 – 24203.8,,,NO_TRADE,,0.0,0.0,,,LIVE,No trade warranted
2026-08-18 06:50:00,2026-08-18,NIFTY,24206.150390625,SIDEWAYS,NEUTRAL,NO_TRADE,NO_TRADE,50,No valid setup — conditions not satisfied,,,Breakout below 24201.85 or above 24203.8,Range: 24201.85 – 24203.8,,,NO_TRADE,,0.0,0.0,,,LIVE,No trade warranted
2026-08-18 06:55:00,2026-08-18,NIFTY,24212.80078125,SIDEWAYS,NEUTRAL,NO_TRADE,NO_TRADE,50,No valid setup — conditions not satisfied,,,Breakout below 24201.85 or above 24203.8,Range: 24201.85 – 24203.8,,,NO_TRADE,,0.0,0.0,,,LIVE,No trade warranted
2026-08-18 07:00:00,2026-08-18,NIFTY,24214.69921875,SIDEWAYS,NEUTRAL,NO_TRADE,NO_TRADE,50,No valid setup — conditions not satisfied,,,Breakout below 24201.85 or above 24203.8,Range: 24201.85 – 24203.8,,,NO_TRADE,,0.0,0.0,,,LIVE,No trade warranted
2026-08-18 07:05:00,2026-08-18,NIFTY,24208.25,SIDEWAYS,NEUTRAL,NO_TRADE,NO_TRADE,50,No valid setup — conditions not satisfied,,,Breakout below 24203.65 or above 24205.85,Range: 24203.65 – 24205.85,,,NO_TRADE,,0.0,0.0,,,LIVE,No trade warranted
2026-08-18 07:10:00,2026-08-18,NIFTY,24198.05078125,SIDEWAYS,NEUTRAL,NO_TRADE,NO_TRADE,50,No valid setup — conditions not satisfied,,,Breakout below 24201.85 or above 24203.8,Range: 24201.85 – 24203.8,,,NO_TRADE,,0.0,0.0,,,LIVE,No trade warranted
2026-08-18 07:15:00,2026-08-18,NIFTY,24205.55078125,SIDEWAYS,NEUTRAL,NO_TRADE,NO_TRADE,50,No valid setup — conditions not satisfied,,,Breakout below 24201.85 or above 24203.8,Range: 24201.85 – 24203.8,,,NO_TRADE,,0.0,0.0,,,LIVE,No trade warranted
2026-08-18 07:20:00,2026-08-18,NIFTY,24206.5,SIDEWAYS,NEUTRAL,NO_TRADE,NO_TRADE,50,No valid setup — conditions not satisfied,,,Breakout below 24203.5 or above 24203.8,Range: 24203.5 – 24203.8,,,NO_TRADE,,0.0,0.0,,,LIVE,No trade warranted
2026-08-18 07:25:00,2026-08-18,NIFTY,24199.05078125,SIDEWAYS,NEUTRAL,NO_TRADE,NO_TRADE,50,No valid setup — conditions not satisfied,,,Breakout below 24203.5 or above 24203.8,Range: 24203.5 – 24203.8,,,NO_TRADE,,0.0,0.0,,,LIVE,No trade warranted
2026-08-18 07:30:00,2026-08-18,NIFTY,24193.69921875,SIDEWAYS,NEUTRAL,NO_TRADE,NO_TRADE,50,No valid setup — conditions not satisfied,,,Breakout below 24203.5 or above 24203.8,Range: 24203.5 – 24203.8,,,NO_TRADE,,0.0,0.0,,,LIVE,No trade warranted
2026-08-18 07:35:00,2026-08-18,NIFTY,24198.75,SIDEWAYS,NEUTRAL,NO_TRADE,NO_TRADE,50,No valid setup — conditions not satisfied,,,Breakout below 24203.65 or above 24206.85,Range: 24203.65 – 24206.85,,,NO_TRADE,,0.0,0.0,,,LIVE,No trade warranted
2026-08-18 07:40:00,2026-08-18,NIFTY,24202.599609375,VOLATILE_EXPANSION,MIXED,NO_TRADE,NO_TRADE,40,No valid setup — conditions not satisfied,,,Close below 24204.7 or above 24206.85 with VIX spike,ATR-based range: ±2.60,,,NO_TRADE,,0.0,0.0,,,LIVE,No trade warranted
2026-08-18 07:45:00,2026-08-18,NIFTY,24206.94921875,VOLATILE_EXPANSION,MIXED,NO_TRADE,NO_TRADE,40,No valid setup — conditions not satisfied,,,Close below 24205.25 or above 24206.85 with VIX spike,ATR-based range: ±2.52,,,NO_TRADE,,0.0,0.0,,,LIVE,No trade warranted
2026-08-18 07:50:00,2026-08-18,NIFTY,24204.19921875,SIDEWAYS,NEUTRAL,NO_TRADE,NO_TRADE,30,No valid setup — conditions not satisfied,,,Breakout below 24205.6 or above 24206.85,Range: 24205.6 – 24206.85,,,NO_TRADE,,0.0,0.0,,,LIVE,No trade warranted
2026-08-18 07:55:00,2026-08-18,NIFTY,24207.849609375,SIDEWAYS,NEUTRAL,NO_TRADE,NO_TRADE,50,No valid setup — conditions not satisfied,,,Breakout below 24205.6 or above 24206.85,Range: 24205.6 – 24206.85,,,NO_TRADE,,0.0,0.0,,,LIVE,No trade warranted
2026-08-18 08:00:00,2026-08-18,NIFTY,24203.150390625,SIDEWAYS,NEUTRAL,NO_TRADE,NO_TRADE,30,No valid setup — conditions not satisfied,,,Breakout below 24205.6 or above 24206.85,Range: 24205.6 – 24206.85,,,NO_TRADE,,0.0,0.0,,,LIVE,No trade warranted
2026-08-18 08:05:00,2026-08-18,NIFTY,24194.75,SIDEWAYS,NEUTRAL,NO_TRADE,NO_TRADE,30,No valid setup — conditions not satisfied,,,Breakout below 24205.6 or above 24206.85,Range: 24205.6 – 24206.85,,,NO_TRADE,,0.0,0.0,,,LIVE,No trade warranted
2026-08-18 08:10:00,2026-08-18,NIFTY,24202.0,SIDEWAYS,NEUTRAL,NO_TRADE,NO_TRADE,30,No valid setup — conditions not satisfied,,,Breakout below 24204.7 or above 24205.35,Range: 24204.7 – 24205.35,,,NO_TRADE,,0.0,0.0,,,LIVE,No trade warranted
2026-08-18 08:15:00,2026-08-18,NIFTY,24204.69921875,VOLATILE_EXPANSION,MIXED,NO_TRADE,NO_TRADE,40,No valid setup — conditions not satisfied,,,Close below 24203.65 or above 24204.65 with VIX spike,ATR-based range: ±1.62,,,NO_TRADE,,0.0,0.0,,,LIVE,No trade warranted
2026-08-18 08:20:00,2026-08-18,NIFTY,24196.150390625,SIDEWAYS,NEUTRAL,NO_TRADE,NO_TRADE,30,No valid setup — conditions not satisfied,,,Breakout below 24203.65 or above 24204.65,Range: 24203.65 – 24204.65,,,NO_TRADE,,0.0,0.0,,,LIVE,No trade warranted
2026-08-18 08:25:00,2026-08-18,NIFTY,24190.80078125,SIDEWAYS,NEUTRAL,NO_TRADE,NO_TRADE,30,No valid setup — conditions not satisfied,,,Breakout below 24202.1 or above 24204.65,Range: 24202.1 – 24204.65,,,NO_TRADE,,0.0,0.0,,,LIVE,No trade warranted
2026-08-18 08:30:00,2026-08-18,NIFTY,24206.75,VOLATILE_EXPANSION,MIXED,NO_TRADE,NO_TRADE,40,No valid setup — conditions not satisfied,,,Close below 24202.1 or above 24204.65 with VIX spike,ATR-based range: ±2.25,,,NO_TRADE,,0.0,0.0,,,LIVE,No trade warranted
2026-08-18 08:35:00,2026-08-18,NIFTY,24195.94921875,SIDEWAYS,NEUTRAL,NO_TRADE,NO_TRADE,30,No valid setup — conditions not satisfied,,,Breakout below 24201.75 or above 24204.65,Range: 24201.75 – 24204.65,,,NO_TRADE,,0.0,0.0,,,LIVE,No trade warranted
2026-08-18 08:40:00,2026-08-18,NIFTY,24195.55078125,SIDEWAYS,NEUTRAL,NO_TRADE,NO_TRADE,30,No valid setup — conditions not satisfied,,,Breakout below 24200.85 or above 24204.65,Range: 24200.85 – 24204.65,,,NO_TRADE,,0.0,0.0,,,LIVE,No trade warranted
2026-08-18 08:45:00,2026-08-18,NIFTY,24191.0,SIDEWAYS,NEUTRAL,NO_TRADE,NO_TRADE,30,No valid setup — conditions not satisfied,,,Breakout below 24198.75 or above 24204.65,Range: 24198.75 – 24204.65,,,NO_TRADE,,0.0,0.0,,,LIVE,No trade warranted
2026-08-18 08:50:00,2026-08-18,NIFTY,24193.75,SIDEWAYS,NEUTRAL,NO_TRADE,NO_TRADE,30,No valid setup — conditions not satisfied,,,Breakout below 24198.75 or above 24200.1,Range: 24198.75 – 24200.1,,,NO_TRADE,,0.0,0.0,,,LIVE,No trade warranted
2026-08-18 08:55:00,2026-08-18,NIFTY,24199.099609375,SIDEWAYS,NEUTRAL,NO_TRADE,NO_TRADE,30,No valid setup — conditions not satisfied,,,Breakout below 24198.75 or above 24200.1,Range: 24198.75 – 24200.1,,,NO_TRADE,,0.0,0.0,,,LIVE,No trade warranted
2026-08-18 09:00:00,2026-08-18,NIFTY,24198.55078125,SIDEWAYS,NEUTRAL,NO_TRADE,NO_TRADE,30,No valid setup — conditions not satisfied,,,Breakout below 24198.75 or above 24200.1,Range: 24198.75 – 24200.1,,,NO_TRADE,,0.0,0.0,,,LIVE,No trade warranted
2026-08-18 09:05:00,2026-08-18,NIFTY,24201.55078125,VOLATILE_EXPANSION,MIXED,NO_TRADE,NO_TRADE,40,No valid setup — conditions not satisfied,,,Close below 24198.65 or above 24200.1 with VIX spike,ATR-based range: ±2.73,,,NO_TRADE,,0.0,0.0,,,LIVE,No trade warranted
2026-08-18 09:10:00,2026-08-18,NIFTY,24205.19921875,VOLATILE_EXPANSION,MIXED,NO_TRADE,NO_TRADE,40,No valid setup — conditions not satisfied,,,Close below 24198.7 or above 24200.1 with VIX spike,ATR-based range: ±1.98,,,NO_TRADE,,0.0,0.0,,,LIVE,No trade warranted
2026-08-18 09:15:00,2026-08-18,NIFTY,24207.099609375,SIDEWAYS,NEUTRAL,NO_TRADE,NO_TRADE,30,No valid setup — conditions not satisfied,,,Breakout below 24198.9 or above 24203.5,Range: 24198.9 – 24203.5,,,NO_TRADE,,0.0,0.0,,,LIVE,No trade warranted
2026-08-18 09:20:00,2026-08-18,NIFTY,24206.099609375,SIDEWAYS,NEUTRAL,NO_TRADE,NO_TRADE,30,No valid setup — conditions not satisfied,,,Breakout below 24200.45 or above 24203.5,Range: 24200.45 – 24203.5,,,NO_TRADE,,0.0,0.0,,,LIVE,No trade warranted
2026-08-18 09:25:00,2026-08-18,NIFTY,24214.30078125,SIDEWAYS,NEUTRAL,NO_TRADE,NO_TRADE,30,No valid setup — conditions not satisfied,,,Breakout below 24200.85 or above 24203.5,Range: 24200.85 – 24203.5,,,NO_TRADE,,0.0,0.0,,,LIVE,No trade warranted
2026-08-18 09:30:00,2026-08-18,NIFTY,24203.19921875,SIDEWAYS,NEUTRAL,NO_TRADE,NO_TRADE,50,No valid setup — conditions not satisfied,,,Breakout below 24200.45 or above 24203.5,Range: 24200.45 – 24203.5,,,NO_TRADE,,0.0,0.0,,,LIVE,No trade warranted
2026-08-18 09:35:00,2026-08-18,NIFTY,24197.30078125,SIDEWAYS,NEUTRAL,NO_TRADE,NO_TRADE,30,No valid setup — conditions not satisfied,,,Breakout below 24198.9 or above 24203.5,Range: 24198.9 – 24203.5,,,NO_TRADE,,0.0,0.0,,,LIVE,No trade warranted
2026-08-18 09:40:00,2026-08-18,NIFTY,24165.80078125,SIDEWAYS,NEUTRAL,NO_TRADE,NO_TRADE,30,No valid setup — conditions not satisfied,,,Breakout below 24194.75 or above 24200.1,Range: 24194.75 – 24200.1,,,NO_TRADE,,0.0,0.0,,,LIVE,No trade warranted
2026-08-18 09:45:00,2026-08-18,NIFTY,24166.349609375,SIDEWAYS_TO_BEARISH,MILD_BEARISH,MILD_DIRECTIONAL,CONDITIONAL,40,Conditional — requires breakout above 24198.0 or breakdown below 24194.75,2026-08-18 09:50:00,24166.349609375,Close above 24198.3 invalidates bearish view,S1 24194.75 – S2 24194.35,2026-08-19 05:10:00,24043.400390625,LOSS,-0.5088,222.6055,-4.3356,5,1165,LIVE,Invalidation reached before target
2026-08-18 09:50:00,2026-08-18,NIFTY,24166.349609375,SIDEWAYS_TO_BEARISH,MILD_BEARISH,MILD_DIRECTIONAL,CONDITIONAL,40,Conditional — requires breakout above 24198.0 or breakdown below 24194.75,2026-08-18 09:55:00,24154.900390625,Close above 24198.3 invalidates bearish view,S1 24194.75 – S2 24194.35,2026-08-19 05:10:00,24043.400390625,LOSS,-0.5088,222.6055,-4.3356,5,1160,LIVE,Invalidation reached before target
2026-08-18 09:55:00,2026-08-18,NIFTY,24154.900390625,SIDEWAYS,NEUTRAL,NO_TRADE,NO_TRADE,30,No valid setup — conditions not satisfied,,,Breakout below 24191.85 or above 24198.0,Range: 24191.85 – 24198.0,,,NO_TRADE,,0.0,0.0,,,LIVE,No trade warranted
2026-08-19 03:45:00,2026-08-19,NIFTY,24118.69921875,SIDEWAYS,NEUTRAL,NO_TRADE,NO_TRADE,50,No valid setup — conditions not satisfied,,,Breakout below — or above —,Range: — – —,,,NO_TRADE,,0.0,0.0,,,LIVE,No trade warranted
2026-08-19 03:50:00,2026-08-19,NIFTY,24106.05078125,SIDEWAYS,NEUTRAL,NO_TRADE,NO_TRADE,50,No valid setup — conditions not satisfied,,,Breakout below — or above —,Range: — – —,,,NO_TRADE,,0.0,0.0,,,LIVE,No trade warranted
2026-08-19 03:55:00,2026-08-19,NIFTY,24096.75,SIDEWAYS,NEUTRAL,NO_TRADE,NO_TRADE,50,No valid setup — conditions not satisfied,,,Breakout below — or above —,Range: — – —,,,NO_TRADE,,0.0,0.0,,,LIVE,No trade warranted
2026-08-19 04:00:00,2026-08-19,NIFTY,24073.849609375,SIDEWAYS,NEUTRAL,NO_TRADE,NO_TRADE,50,No valid setup — conditions not satisfied,,,Breakout below — or above —,Range: — – —,,,NO_TRADE,,0.0,0.0,,,LIVE,No trade warranted
2026-08-19 04:05:00,2026-08-19,NIFTY,24079.55078125,SIDEWAYS,NEUTRAL,NO_TRADE,NO_TRADE,50,No valid setup — conditions not satisfied,,,Breakout below — or above —,Range: — – —,,,NO_TRADE,,0.0,0.0,,,LIVE,No trade warranted
2026-08-19 04:10:00,2026-08-19,NIFTY,24084.55078125,SIDEWAYS,NEUTRAL,NO_TRADE,NO_TRADE,50,No valid setup — conditions not satisfied,,,Breakout below — or above —,Range: — – —,,,NO_TRADE,,0.0,0.0,,,LIVE,No trade warranted
2026-08-19 04:15:00,2026-08-19,NIFTY,24094.150390625,SIDEWAYS,NEUTRAL,NO_TRADE,NO_TRADE,50,No valid setup — conditions not satisfied,,,Breakout below — or above —,Range: — – —,,,NO_TRADE,,0.0,0.0,,,LIVE,No trade warranted
2026-08-19 04:20:00,2026-08-19,NIFTY,24099.75,SIDEWAYS,NEUTRAL,NO_TRADE,NO_TRADE,50,No valid setup — conditions not satisfied,,,Breakout below — or above —,Range: — – —,,,NO_TRADE,,0.0,0.0,,,LIVE,No trade warranted
2026-08-19 04:25:00,2026-08-19,NIFTY,24097.80078125,SIDEWAYS,NEUTRAL,NO_TRADE,NO_TRADE,50,No valid setup — conditions not satisfied,,,Breakout below — or above —,Range: — – —,,,NO_TRADE,,0.0,0.0,,,LIVE,No trade warranted
2026-08-19 04:30:00,2026-08-19,NIFTY,24099.75,SIDEWAYS,NEUTRAL,NO_TRADE,NO_TRADE,50,No valid setup — conditions not satisfied,,,Breakout below — or above —,Range: — – —,,,NO_TRADE,,0.0,0.0,,,LIVE,No trade warranted
2026-08-19 04:35:00,2026-08-19,NIFTY,24094.44921875,SIDEWAYS,NEUTRAL,NO_TRADE,NO_TRADE,50,No valid setup — conditions not satisfied,,,Breakout below — or above —,Range: — – —,,,NO_TRADE,,0.0,0.0,,,LIVE,No trade warranted
2026-08-19 04:40:00,2026-08-19,NIFTY,24091.80078125,SIDEWAYS,NEUTRAL,NO_TRADE,NO_TRADE,50,No valid setup — conditions not satisfied,,,Breakout below — or above —,Range: — – —,,,NO_TRADE,,0.0,0.0,,,LIVE,No trade warranted
2026-08-19 04:45:00,2026-08-19,NIFTY,24072.69921875,SIDEWAYS,NEUTRAL,NO_TRADE,NO_TRADE,50,No valid setup — conditions not satisfied,,,Breakout below — or above —,Range: — – —,,,NO_TRADE,,0.0,0.0,,,LIVE,No trade warranted
2026-08-19 04:50:00,2026-08-19,NIFTY,24065.05078125,SIDEWAYS,NEUTRAL,NO_TRADE,NO_TRADE,50,No valid setup — conditions not satisfied,,,Breakout below — or above —,Range: — – —,,,NO_TRADE,,0.0,0.0,,,LIVE,No trade warranted
2026-08-19 04:55:00,2026-08-19,NIFTY,24065.19921875,VOLATILE_EXPANSION,MIXED,NO_TRADE,NO_TRADE,40,No valid setup — conditions not satisfied,,,Close below — or above — with VIX spike,ATR-based range: ±0.00,,,NO_TRADE,,0.0,0.0,,,LIVE,No trade warranted
2026-08-19 05:00:00,2026-08-19,NIFTY,24057.44921875,VOLATILE_EXPANSION,MIXED,NO_TRADE,NO_TRADE,40,No valid setup — conditions not satisfied,,,Close below — or above — with VIX spike,ATR-based range: ±0.00,,,NO_TRADE,,0.0,0.0,,,LIVE,No trade warranted
2026-08-19 05:05:00,2026-08-19,NIFTY,24051.94921875,VOLATILE_EXPANSION,MIXED,NO_TRADE,NO_TRADE,40,No valid setup — conditions not satisfied,,,Close below — or above — with VIX spike,ATR-based range: ±0.00,,,NO_TRADE,,0.0,0.0,,,LIVE,No trade warranted
2026-08-19 05:10:00,2026-08-19,NIFTY,24058.400390625,SIDEWAYS,NEUTRAL,NO_TRADE,NO_TRADE,50,No valid setup — conditions not satisfied,,,Breakout below — or above —,Range: — – —,,,NO_TRADE,,0.0,0.0,,,LIVE,No trade warranted
2026-08-19 05:15:00,2026-08-19,NIFTY,24053.099609375,SIDEWAYS,NEUTRAL,NO_TRADE,NO_TRADE,50,No valid setup — conditions not satisfied,,,Breakout below — or above —,Range: — – —,,,NO_TRADE,,0.0,0.0,,,LIVE,No trade warranted
2026-08-19 05:20:00,2026-08-19,NIFTY,24061.30078125,VOLATILE_EXPANSION,MIXED,NO_TRADE,NO_TRADE,40,No valid setup — conditions not satisfied,,,Close below 24079.55 or above 24090.95 with VIX spike,ATR-based range: ±12.08,,,NO_TRADE,,0.0,0.0,,,LIVE,No trade warranted
2026-08-19 05:25:00,2026-08-19,NIFTY,24056.099609375,VOLATILE_EXPANSION,MIXED,NO_TRADE,NO_TRADE,40,No valid setup — conditions not satisfied,,,Close below 24071.9 or above 24080.05 with VIX spike,ATR-based range: ±12.67,,,NO_TRADE,,0.0,0.0,,,LIVE,No trade warranted
2026-08-19 05:30:00,2026-08-19,NIFTY,24047.94921875,VOLATILE_EXPANSION,MIXED,NO_TRADE,NO_TRADE,40,No valid setup — conditions not satisfied,,,Close below 24071.9 or above 24080.05 with VIX spike,ATR-based range: ±12.67,,,NO_TRADE,,0.0,0.0,,,LIVE,No trade warranted
2026-08-19 05:35:00,2026-08-19,NIFTY,24041.19921875,VOLATILE_EXPANSION,MIXED,NO_TRADE,NO_TRADE,40,No valid setup — conditions not satisfied,,,Close below 24071.9 or above 24074.45 with VIX spike,ATR-based range: ±10.90,,,NO_TRADE,,0.0,0.0,,,LIVE,No trade warranted
2026-08-19 05:40:00,2026-08-19,NIFTY,24048.5,VOLATILE_EXPANSION,MIXED,NO_TRADE,NO_TRADE,40,No valid setup — conditions not satisfied,,,Close below 24069.15 or above 24071.25 with VIX spike,ATR-based range: ±8.00,,,NO_TRADE,,0.0,0.0,,,LIVE,No trade warranted
2026-08-19 05:45:00,2026-08-19,NIFTY,24053.150390625,VOLATILE_EXPANSION,MIXED,NO_TRADE,NO_TRADE,40,No valid setup — conditions not satisfied,,,Close below 24069.15 or above 24071.25 with VIX spike,ATR-based range: ±13.88,,,NO_TRADE,,0.0,0.0,,,LIVE,No trade warranted
2026-08-19 05:50:00,2026-08-19,NIFTY,24052.25,VOLATILE_EXPANSION,MIXED,NO_TRADE,NO_TRADE,40,No valid setup — conditions not satisfied,,,Close below 24064.05 or above 24068.3 with VIX spike,ATR-based range: ±8.93,,,NO_TRADE,,0.0,0.0,,,LIVE,No trade warranted
2026-08-19 05:55:00,2026-08-19,NIFTY,24054.349609375,VOLATILE_EXPANSION,MIXED,NO_TRADE,NO_TRADE,40,No valid setup — conditions not satisfied,,,Close below 24064.05 or above 24066.4 with VIX spike,ATR-based range: ±7.33,,,NO_TRADE,,0.0,0.0,,,LIVE,No trade warranted
2026-08-19 06:00:00,2026-08-19,NIFTY,24054.25,VOLATILE_EXPANSION,MIXED,NO_TRADE,NO_TRADE,40,No valid setup — conditions not satisfied,,,Close below 24063.2 or above 24066.4 with VIX spike,ATR-based range: ±7.67,,,NO_TRADE,,0.0,0.0,,,LIVE,No trade warranted
2026-08-19 06:05:00,2026-08-19,NIFTY,24048.099609375,VOLATILE_EXPANSION,MIXED,NO_TRADE,NO_TRADE,40,No valid setup — conditions not satisfied,,,Close below 24056.6 or above 24062.2 with VIX spike,ATR-based range: ±5.83,,,NO_TRADE,,0.0,0.0,,,LIVE,No trade warranted
2026-08-19 06:10:00,2026-08-19,NIFTY,24052.44921875,VOLATILE_EXPANSION,MIXED,NO_TRADE,NO_TRADE,40,No valid setup — conditions not satisfied,,,Close below 24056.6 or above 24059.0 with VIX spike,ATR-based range: ±4.27,,,NO_TRADE,,0.0,0.0,,,LIVE,No trade warranted
2026-08-19 06:15:00,2026-08-19,NIFTY,24066.900390625,SIDEWAYS,NEUTRAL,NO_TRADE,NO_TRADE,50,No valid setup — conditions not satisfied,,,Breakout below 24056.6 or above 24057.85,Range: 24056.6 – 24057.85,,,NO_TRADE,,0.0,0.0,,,LIVE,No trade warranted
2026-08-19 06:20:00,2026-08-19,NIFTY,24079.900390625,SIDEWAYS,NEUTRAL,NO_TRADE,NO_TRADE,50,No valid setup — conditions not satisfied,,,Breakout below 24056.6 or above 24057.85,Range: 24056.6 – 24057.85,,,NO_TRADE,,0.0,0.0,,,LIVE,No trade warranted
2026-08-19 06:25:00,2026-08-19,NIFTY,24078.30078125,SIDEWAYS,NEUTRAL,NO_TRADE,NO_TRADE,50,No valid setup — conditions not satisfied,,,Breakout below 24056.6 or above 24057.85,Range: 24056.6 – 24057.85,,,NO_TRADE,,0.0,0.0,,,LIVE,No trade warranted
2026-08-19 06:30:00,2026-08-19,NIFTY,24059.80078125,SIDEWAYS,NEUTRAL,NO_TRADE,NO_TRADE,50,No valid setup — conditions not satisfied,,,Breakout below 24056.6 or above 24057.85,Range: 24056.6 – 24057.85,,,NO_TRADE,,0.0,0.0,,,LIVE,No trade warranted
2026-08-19 06:35:00,2026-08-19,NIFTY,24056.150390625,SIDEWAYS,NEUTRAL,NO_TRADE,NO_TRADE,50,No valid setup — conditions not satisfied,,,Breakout below 24055.9 or above 24057.0,Range: 24055.9 – 24057.0,,,NO_TRADE,,0.0,0.0,,,LIVE,No trade warranted
2026-08-19 06:40:00,2026-08-19,NIFTY,24052.80078125,SIDEWAYS,NEUTRAL,NO_TRADE,NO_TRADE,50,No valid setup — conditions not satisfied,,,Breakout below 24055.9 or above 24057.0,Range: 24055.9 – 24057.0,,,NO_TRADE,,0.0,0.0,,,LIVE,No trade warranted
2026-08-19 06:45:00,2026-08-19,NIFTY,24060.19921875,SIDEWAYS,NEUTRAL,NO_TRADE,NO_TRADE,50,No valid setup — conditions not satisfied,,,Breakout below 24055.9 or above 24057.0,Range: 24055.9 – 24057.0,,,NO_TRADE,,0.0,0.0,,,LIVE,No trade warranted
2026-08-19 06:50:00,2026-08-19,NIFTY,24064.5,SIDEWAYS,NEUTRAL,NO_TRADE,NO_TRADE,50,No valid setup — conditions not satisfied,,,Breakout below 24055.9 or above 24057.85,Range: 24055.9 – 24057.85,,,NO_TRADE,,0.0,0.0,,,LIVE,No trade warranted
2026-08-19 06:55:00,2026-08-19,NIFTY,24059.849609375,SIDEWAYS,NEUTRAL,NO_TRADE,NO_TRADE,50,No valid setup — conditions not satisfied,,,Breakout below 24055.9 or above 24057.85,Range: 24055.9 – 24057.85,,,NO_TRADE,,0.0,0.0,,,LIVE,No trade warranted
2026-08-19 07:00:00,2026-08-19,NIFTY,24054.05078125,SIDEWAYS,NEUTRAL,NO_TRADE,NO_TRADE,50,No valid setup — conditions not satisfied,,,Breakout below 24055.9 or above 24057.85,Range: 24055.9 – 24057.85,,,NO_TRADE,,0.0,0.0,,,LIVE,No trade warranted
2026-08-19 07:05:00,2026-08-19,NIFTY,24054.55078125,SIDEWAYS,NEUTRAL,NO_TRADE,NO_TRADE,50,No valid setup — conditions not satisfied,,,Breakout below 24055.3 or above 24057.0,Range: 24055.3 – 24057.0,,,NO_TRADE,,0.0,0.0,,,LIVE,No trade warranted
2026-08-19 07:10:00,2026-08-19,NIFTY,24055.30078125,SIDEWAYS,NEUTRAL,NO_TRADE,NO_TRADE,50,No valid setup — conditions not satisfied,,,Breakout below 24055.3 or above 24057.85,Range: 24055.3 – 24057.85,,,NO_TRADE,,0.0,0.0,,,LIVE,No trade warranted
2026-08-19 07:15:00,2026-08-19,NIFTY,24052.05078125,SIDEWAYS,NEUTRAL,NO_TRADE,NO_TRADE,50,No valid setup — conditions not satisfied,,,Breakout below 24055.3 or above 24058.45,Range: 24055.3 – 24058.45,,,NO_TRADE,,0.0,0.0,,,LIVE,No trade warranted
2026-08-19 07:20:00,2026-08-19,NIFTY,24055.55078125,SIDEWAYS,NEUTRAL,NO_TRADE,NO_TRADE,50,No valid setup — conditions not satisfied,,,Breakout below 24055.3 or above 24058.45,Range: 24055.3 – 24058.45,,,NO_TRADE,,0.0,0.0,,,LIVE,No trade warranted
2026-08-19 07:25:00,2026-08-19,NIFTY,24055.30078125,SIDEWAYS,NEUTRAL,NO_TRADE,NO_TRADE,50,No valid setup — conditions not satisfied,,,Breakout below 24055.3 or above 24058.45,Range: 24055.3 – 24058.45,,,NO_TRADE,,0.0,0.0,,,LIVE,No trade warranted
2026-08-19 07:30:00,2026-08-19,NIFTY,24062.80078125,VOLATILE_EXPANSION,MIXED,NO_TRADE,NO_TRADE,40,No valid setup — conditions not satisfied,,,Close below 24058.8 or above 24059.0 with VIX spike,ATR-based range: ±3.88,,,NO_TRADE,,0.0,0.0,,,LIVE,No trade warranted
2026-08-19 07:35:00,2026-08-19,NIFTY,24064.44921875,VOLATILE_EXPANSION,MIXED,NO_TRADE,NO_TRADE,40,No valid setup — conditions not satisfied,,,Close below 24058.8 or above 24061.2 with VIX spike,ATR-based range: ±3.40,,,NO_TRADE,,0.0,0.0,,,LIVE,No trade warranted
2026-08-19 07:40:00,2026-08-19,NIFTY,24046.150390625,SIDEWAYS,NEUTRAL,NO_TRADE,NO_TRADE,50,No valid setup — conditions not satisfied,,,Breakout below 24058.8 or above 24061.2,Range: 24058.8 – 24061.2,,,NO_TRADE,,0.0,0.0,,,LIVE,No trade warranted
2026-08-19 07:45:00,2026-08-19,NIFTY,24043.099609375,SIDEWAYS,NEUTRAL,NO_TRADE,NO_TRADE,50,No valid setup — conditions not satisfied,,,Breakout below 24055.6 or above 24061.2,Range: 24055.6 – 24061.2,,,NO_TRADE,,0.0,0.0,,,LIVE,No trade warranted
2026-08-19 07:50:00,2026-08-19,NIFTY,24041.94921875,SIDEWAYS,NEUTRAL,NO_TRADE,NO_TRADE,30,No valid setup — conditions not satisfied,,,Breakout below 24055.6 or above 24058.45,Range: 24055.6 – 24058.45,,,NO_TRADE,,0.0,0.0,,,LIVE,No trade warranted
2026-08-19 07:55:00,2026-08-19,NIFTY,24041.099609375,SIDEWAYS,NEUTRAL,NO_TRADE,NO_TRADE,30,No valid setup — conditions not satisfied,,,Breakout below 24055.6 or above 24056.95,Range: 24055.6 – 24056.95,,,NO_TRADE,,0.0,0.0,,,LIVE,No trade warranted
2026-08-19 08:00:00,2026-08-19,NIFTY,24038.900390625,SIDEWAYS,NEUTRAL,NO_TRADE,NO_TRADE,30,No valid setup — conditions not satisfied,,,Breakout below 24053.55 or above 24056.95,Range: 24053.55 – 24056.95,,,NO_TRADE,,0.0,0.0,,,LIVE,No trade warranted
2026-08-19 08:05:00,2026-08-19,NIFTY,24046.55078125,SIDEWAYS,NEUTRAL,NO_TRADE,NO_TRADE,30,No valid setup — conditions not satisfied,,,Breakout below 24052.7 or above 24056.95,Range: 24052.7 – 24056.95,,,NO_TRADE,,0.0,0.0,,,LIVE,No trade warranted
2026-08-19 08:10:00,2026-08-19,NIFTY,24042.19921875,SIDEWAYS_TO_BEARISH,MILD_BEARISH,MILD_DIRECTIONAL,CONDITIONAL,40,Conditional — requires breakout above 24056.95 or breakdown below 24051.6,2026-08-19 08:15:00,24041.900390625,Close above 24057.35 invalidates bearish view,S1 24051.6 – S2 24051.15,2026-09-02 03:45:00,23808.75,LOSS,-0.971,224.2714,-3.8416,5,19895,LIVE,Invalidation reached before target
2026-08-19 08:15:00,2026-08-19,NIFTY,24041.900390625,SIDEWAYS,NEUTRAL,NO_TRADE,NO_TRADE,30,No valid setup — conditions not satisfied,,,Breakout below 24051.15 or above 24052.7,Range: 24051.15 – 24052.7,,,NO_TRADE,,0.0,0.0,,,LIVE,No trade warranted
2026-08-19 08:20:00,2026-08-19,NIFTY,24040.0,SIDEWAYS,NEUTRAL,NO_TRADE,NO_TRADE,30,No valid setup — conditions not satisfied,,,Breakout below 24050.95 or above 24051.2,Range: 24050.95 – 24051.2,,,NO_TRADE,,0.0,0.0,,,LIVE,No trade warranted
2026-08-19 08:25:00,2026-08-19,NIFTY,24044.94921875,SIDEWAYS,NEUTRAL,NO_TRADE,NO_TRADE,30,No valid setup — conditions not satisfied,,,Breakout below 24050.25 or above 24050.4,Range: 24050.25 – 24050.4,,,NO_TRADE,,0.0,0.0,,,LIVE,No trade warranted
2026-08-19 08:30:00,2026-08-19,NIFTY,24054.599609375,SIDEWAYS,NEUTRAL,NO_TRADE,NO_TRADE,50,No valid setup — conditions not satisfied,,,Breakout below 24049.05 or above 24050.0,Range: 24049.05 – 24050.0,,,NO_TRADE,,0.0,0.0,,,LIVE,No trade warranted
2026-08-19 08:35:00,2026-08-19,NIFTY,24054.650390625,SIDEWAYS,NEUTRAL,NO_TRADE,NO_TRADE,50,No valid setup — conditions not satisfied,,,Breakout below 24049.05 or above 24050.0,Range: 24049.05 – 24050.0,,,NO_TRADE,,0.0,0.0,,,LIVE,No trade warranted
2026-08-19 08:40:00,2026-08-19,NIFTY,24051.349609375,SIDEWAYS,NEUTRAL,NO_TRADE,NO_TRADE,50,No valid setup — conditions not satisfied,,,Breakout below 24048.45 or above 24050.0,Range: 24048.45 – 24050.0,,,NO_TRADE,,0.0,0.0,,,LIVE,No trade warranted
2026-08-19 08:45:00,2026-08-19,NIFTY,24039.69921875,SIDEWAYS_TO_BEARISH,MILD_BEARISH,MILD_DIRECTIONAL,CONDITIONAL,40,Conditional — requires breakout above 24050.0 or breakdown below 24048.05,2026-08-19 08:50:00,24030.5,Close above 24050.4 invalidates bearish view,S1 24048.05 – S2 24047.6,2026-09-02 03:45:00,23808.75,LOSS,-0.9607,224.3051,-3.8316,5,19860,LIVE,Invalidation reached before target
2026-08-19 08:50:00,2026-08-19,NIFTY,24030.5,SIDEWAYS_TO_BEARISH,MILD_BEARISH,MILD_DIRECTIONAL,CONDITIONAL,40,Conditional — requires breakout above 24050.0 or breakdown below 24046.95,2026-08-19 08:55:00,24039.05078125,Close above 24050.4 invalidates bearish view,S1 24046.95 – S2 24045.15,2026-09-02 03:45:00,23808.75,LOSS,-0.9228,224.4292,-3.7948,5,19855,LIVE,Invalidation reached before target
2026-08-19 08:55:00,2026-08-19,NIFTY,24039.05078125,SIDEWAYS,NEUTRAL,NO_TRADE,NO_TRADE,30,No valid setup — conditions not satisfied,,,Breakout below 24045.15 or above 24050.0,Range: 24045.15 – 24050.0,,,NO_TRADE,,0.0,0.0,,,LIVE,No trade warranted
2026-08-19 09:00:00,2026-08-19,NIFTY,24050.900390625,SIDEWAYS,NEUTRAL,NO_TRADE,NO_TRADE,50,No valid setup — conditions not satisfied,,,Breakout below 24045.15 or above 24050.0,Range: 24045.15 – 24050.0,,,NO_TRADE,,0.0,0.0,,,LIVE,No trade warranted
2026-08-19 09:05:00,2026-08-19,NIFTY,24046.849609375,SIDEWAYS,NEUTRAL,NO_TRADE,NO_TRADE,30,No valid setup — conditions not satisfied,,,Breakout below 24045.15 or above 24050.0,Range: 24045.15 – 24050.0,,,NO_TRADE,,0.0,0.0,,,LIVE,No trade warranted
2026-08-19 09:10:00,2026-08-19,NIFTY,24049.0,VOLATILE_EXPANSION,MIXED,NO_TRADE,NO_TRADE,40,No valid setup — conditions not satisfied,,,Close below 24045.15 or above 24045.4 with VIX spike,ATR-based range: ±0.65,,,NO_TRADE,,0.0,0.0,,,LIVE,No trade warranted
2026-08-19 09:15:00,2026-08-19,NIFTY,24041.55078125,SIDEWAYS,NEUTRAL,NO_TRADE,NO_TRADE,30,No valid setup — conditions not satisfied,,,Breakout below 24041.55 or above 24045.4,Range: 24041.55 – 24045.4,,,NO_TRADE,,0.0,0.0,,,LIVE,No trade warranted
2026-08-19 09:20:00,2026-08-19,NIFTY,24050.44921875,SIDEWAYS,NEUTRAL,NO_TRADE,NO_TRADE,50,No valid setup — conditions not satisfied,,,Breakout below 24044.25 or above 24045.4,Range: 24044.25 – 24045.4,,,NO_TRADE,,0.0,0.0,,,LIVE,No trade warranted
2026-08-19 09:25:00,2026-08-19,NIFTY,24053.099609375,VOLATILE_EXPANSION,MIXED,NO_TRADE,NO_TRADE,40,No valid setup — conditions not satisfied,,,Close below 24044.6 or above 24045.4 with VIX spike,ATR-based range: ±1.65,,,NO_TRADE,,0.0,0.0,,,LIVE,No trade warranted
2026-08-19 09:30:00,2026-08-19,NIFTY,24055.849609375,VOLATILE_EXPANSION,MIXED,NO_TRADE,NO_TRADE,40,No valid setup — conditions not satisfied,,,Close below 24044.6 or above 24046.05 with VIX spike,ATR-based range: ±4.08,,,NO_TRADE,,0.0,0.0,,,LIVE,No trade warranted
2026-08-19 09:35:00,2026-08-19,NIFTY,24038.400390625,SIDEWAYS,NEUTRAL,NO_TRADE,NO_TRADE,30,No valid setup — conditions not satisfied,,,Breakout below 24044.6 or above 24045.55,Range: 24044.6 – 24045.55,,,NO_TRADE,,0.0,0.0,,,LIVE,No trade warranted
2026-08-19 09:40:00,2026-08-19,NIFTY,24048.55078125,SIDEWAYS,NEUTRAL,NO_TRADE,NO_TRADE,50,No valid setup — conditions not satisfied,,,Breakout below 24044.6 or above 24050.0,Range: 24044.6 – 24050.0,,,NO_TRADE,,0.0,0.0,,,LIVE,No trade warranted
2026-08-19 09:45:00,2026-08-19,NIFTY,24048.55078125,SIDEWAYS,NEUTRAL,NO_TRADE,NO_TRADE,50,No valid setup — conditions not satisfied,,,Breakout below 24044.6 or above 24048.55,Range: 24044.6 – 24048.55,,,NO_TRADE,,0.0,0.0,,,LIVE,No trade warranted
2026-08-19 09:50:00,2026-08-19,NIFTY,24048.55078125,SIDEWAYS,NEUTRAL,NO_TRADE,NO_TRADE,50,No valid setup — conditions not satisfied,,,Breakout below 24044.6 or above 24048.55,Range: 24044.6 – 24048.55,,,NO_TRADE,,0.0,0.0,,,LIVE,No trade warranted
2026-08-19 09:55:00,2026-08-19,NIFTY,24078.30078125,SIDEWAYS,NEUTRAL,NO_TRADE,NO_TRADE,30,No valid setup — conditions not satisfied,,,Breakout below 24048.05 or above 24048.55,Range: 24048.05 – 24048.55,,,NO_TRADE,,0.0,0.0,,,LIVE,No trade warranted
2026-08-20 03:45:00,2026-08-20,NIFTY,24192.849609375,SIDEWAYS,NEUTRAL,NO_TRADE,NO_TRADE,50,No valid setup — conditions not satisfied,,,Breakout below — or above —,Range: — – —,,,NO_TRADE,,0.0,0.0,,,LIVE,No trade warranted
2026-08-20 03:50:00,2026-08-20,NIFTY,24185.5,SIDEWAYS,NEUTRAL,NO_TRADE,NO_TRADE,50,No valid setup — conditions not satisfied,,,Breakout below — or above —,Range: — – —,,,NO_TRADE,,0.0,0.0,,,LIVE,No trade warranted
2026-08-20 03:55:00,2026-08-20,NIFTY,24190.80078125,SIDEWAYS,NEUTRAL,NO_TRADE,NO_TRADE,50,No valid setup — conditions not satisfied,,,Breakout below — or above —,Range: — – —,,,NO_TRADE,,0.0,0.0,,,LIVE,No trade warranted
2026-08-20 04:00:00,2026-08-20,NIFTY,24197.900390625,SIDEWAYS,NEUTRAL,NO_TRADE,NO_TRADE,50,No valid setup — conditions not satisfied,,,Breakout below — or above —,Range: — – —,,,NO_TRADE,,0.0,0.0,,,LIVE,No trade warranted
2026-08-20 04:05:00,2026-08-20,NIFTY,24201.349609375,SIDEWAYS,NEUTRAL,NO_TRADE,NO_TRADE,50,No valid setup — conditions not satisfied,,,Breakout below — or above —,Range: — – —,,,NO_TRADE,,0.0,0.0,,,LIVE,No trade warranted
2026-08-20 04:10:00,2026-08-20,NIFTY,24210.94921875,SIDEWAYS,NEUTRAL,NO_TRADE,NO_TRADE,50,No valid setup — conditions not satisfied,,,Breakout below — or above —,Range: — – —,,,NO_TRADE,,0.0,0.0,,,LIVE,No trade warranted
2026-08-20 04:15:00,2026-08-20,NIFTY,24203.349609375,SIDEWAYS,NEUTRAL,NO_TRADE,NO_TRADE,50,No valid setup — conditions not satisfied,,,Breakout below — or above —,Range: — – —,,,NO_TRADE,,0.0,0.0,,,LIVE,No trade warranted
2026-08-20 04:20:00,2026-08-20,NIFTY,24201.94921875,SIDEWAYS,NEUTRAL,NO_TRADE,NO_TRADE,50,No valid setup — conditions not satisfied,,,Breakout below — or above —,Range: — – —,,,NO_TRADE,,0.0,0.0,,,LIVE,No trade warranted
2026-08-20 04:25:00,2026-08-20,NIFTY,24203.80078125,SIDEWAYS,NEUTRAL,NO_TRADE,NO_TRADE,50,No valid setup — conditions not satisfied,,,Breakout below — or above —,Range: — – —,,,NO_TRADE,,0.0,0.0,,,LIVE,No trade warranted
2026-08-20 04:30:00,2026-08-20,NIFTY,24205.900390625,SIDEWAYS,NEUTRAL,NO_TRADE,NO_TRADE,50,No valid setup — conditions not satisfied,,,Breakout below — or above —,Range: — – —,,,NO_TRADE,,0.0,0.0,,,LIVE,No trade warranted
2026-08-20 04:35:00,2026-08-20,NIFTY,24211.599609375,SIDEWAYS,NEUTRAL,NO_TRADE,NO_TRADE,50,No valid setup — conditions not satisfied,,,Breakout below — or above —,Range: — – —,,,NO_TRADE,,0.0,0.0,,,LIVE,No trade warranted
2026-08-20 04:40:00,2026-08-20,NIFTY,24221.849609375,SIDEWAYS,NEUTRAL,NO_TRADE,NO_TRADE,50,No valid setup — conditions not satisfied,,,Breakout below — or above —,Range: — – —,,,NO_TRADE,,0.0,0.0,,,LIVE,No trade warranted
2026-08-20 04:45:00,2026-08-20,NIFTY,24219.599609375,SIDEWAYS,NEUTRAL,NO_TRADE,NO_TRADE,50,No valid setup — conditions not satisfied,,,Breakout below — or above —,Range: — – —,,,NO_TRADE,,0.0,0.0,,,LIVE,No trade warranted
2026-08-20 04:50:00,2026-08-20,NIFTY,24217.80078125,SIDEWAYS,NEUTRAL,NO_TRADE,NO_TRADE,50,No valid setup — conditions not satisfied,,,Breakout below — or above —,Range: — – —,,,NO_TRADE,,0.0,0.0,,,LIVE,No trade warranted
2026-08-20 04:55:00,2026-08-20,NIFTY,24210.150390625,SIDEWAYS,NEUTRAL,NO_TRADE,NO_TRADE,50,No valid setup — conditions not satisfied,,,Breakout below — or above —,Range: — – —,,,NO_TRADE,,0.0,0.0,,,LIVE,No trade warranted
2026-08-20 05:00:00,2026-08-20,NIFTY,24210.19921875,VOLATILE_EXPANSION,MIXED,NO_TRADE,NO_TRADE,40,No valid setup — conditions not satisfied,,,Close below — or above — with VIX spike,ATR-based range: ±0.00,,,NO_TRADE,,0.0,0.0,,,LIVE,No trade warranted
2026-08-20 05:05:00,2026-08-20,NIFTY,24205.0,SIDEWAYS,NEUTRAL,NO_TRADE,NO_TRADE,50,No valid setup — conditions not satisfied,,,Breakout below — or above —,Range: — – —,,,NO_TRADE,,0.0,0.0,,,LIVE,No trade warranted
2026-08-20 05:10:00,2026-08-20,NIFTY,24211.849609375,SIDEWAYS,NEUTRAL,NO_TRADE,NO_TRADE,50,No valid setup — conditions not satisfied,,,Breakout below — or above —,Range: — – —,,,NO_TRADE,,0.0,0.0,,,LIVE,No trade warranted
2026-08-20 05:15:00,2026-08-20,NIFTY,24215.55078125,SIDEWAYS,NEUTRAL,NO_TRADE,NO_TRADE,50,No valid setup — conditions not satisfied,,,Breakout below — or above —,Range: — – —,,,NO_TRADE,,0.0,0.0,,,LIVE,No trade warranted
2026-08-20 05:20:00,2026-08-20,NIFTY,24204.0,SIDEWAYS,NEUTRAL,NO_TRADE,NO_TRADE,50,No valid setup — conditions not satisfied,,,Breakout below 24204.0 or above 24209.65,Range: 24204.0 – 24209.65,,,NO_TRADE,,0.0,0.0,,,LIVE,No trade warranted
2026-08-20 05:25:00,2026-08-20,NIFTY,24212.55078125,SIDEWAYS,NEUTRAL,NO_TRADE,NO_TRADE,50,No valid setup — conditions not satisfied,,,Breakout below 24204.0 or above 24209.65,Range: 24204.0 – 24209.65,,,NO_TRADE,,0.0,0.0,,,LIVE,No trade warranted
2026-08-20 05:30:00,2026-08-20,NIFTY,24214.05078125,VOLATILE_EXPANSION,MIXED,NO_TRADE,NO_TRADE,40,No valid setup — conditions not satisfied,,,Close below 24207.75 or above 24209.65 with VIX spike,ATR-based range: ±4.15,,,NO_TRADE,,0.0,0.0,,,LIVE,No trade warranted
2026-08-20 05:35:00,2026-08-20,NIFTY,24211.44921875,SIDEWAYS,NEUTRAL,NO_TRADE,NO_TRADE,50,No valid setup — conditions not satisfied,,,Breakout below 24208.75 or above 24209.65,Range: 24208.75 – 24209.65,,,NO_TRADE,,0.0,0.0,,,LIVE,No trade warranted
2026-08-20 05:40:00,2026-08-20,NIFTY,24204.400390625,SIDEWAYS,NEUTRAL,NO_TRADE,NO_TRADE,50,No valid setup — conditions not satisfied,,,Breakout below 24208.75 or above 24211.45,Range: 24208.75 – 24211.45,,,NO_TRADE,,0.0,0.0,,,LIVE,No trade warranted
2026-08-20 05:45:00,2026-08-20,NIFTY,24198.75,SIDEWAYS,NEUTRAL,NO_TRADE,NO_TRADE,50,No valid setup — conditions not satisfied,,,Breakout below 24208.75 or above 24211.45,Range: 24208.75 – 24211.45,,,NO_TRADE,,0.0,0.0,,,LIVE,No trade warranted
2026-08-20 05:50:00,2026-08-20,NIFTY,24198.099609375,SIDEWAYS,NEUTRAL,NO_TRADE,NO_TRADE,50,No valid setup — conditions not satisfied,,,Breakout below 24208.75 or above 24211.45,Range: 24208.75 – 24211.45,,,NO_TRADE,,0.0,0.0,,,LIVE,No trade warranted
2026-08-20 05:55:00,2026-08-20,NIFTY,24201.0,VOLATILE_EXPANSION,MIXED,NO_TRADE,NO_TRADE,40,No valid setup — conditions not satisfied,,,Close below 24208.75 or above 24211.45 with VIX spike,ATR-based range: ±3.05,,,NO_TRADE,,0.0,0.0,,,LIVE,No trade warranted
2026-08-20 06:00:00,2026-08-20,NIFTY,24212.150390625,SIDEWAYS,NEUTRAL,NO_TRADE,NO_TRADE,50,No valid setup — conditions not satisfied,,,Breakout below 24208.75 or above 24211.45,Range: 24208.75 – 24211.45,,,NO_TRADE,,0.0,0.0,,,LIVE,No trade warranted
2026-08-20 06:05:00,2026-08-20,NIFTY,24211.75,SIDEWAYS,NEUTRAL,NO_TRADE,NO_TRADE,50,No valid setup — conditions not satisfied,,,Breakout below 24208.75 or above 24211.45,Range: 24208.75 – 24211.45,,,NO_TRADE,,0.0,0.0,,,LIVE,No trade warranted
2026-08-20 06:10:00,2026-08-20,NIFTY,24212.349609375,SIDEWAYS,NEUTRAL,NO_TRADE,NO_TRADE,50,No valid setup — conditions not satisfied,,,Breakout below 24210.05 or above 24212.3,Range: 24210.05 – 24212.3,,,NO_TRADE,,0.0,0.0,,,LIVE,No trade warranted
2026-08-20 06:15:00,2026-08-20,NIFTY,24212.400390625,VOLATILE_EXPANSION,MIXED,NO_TRADE,NO_TRADE,40,No valid setup — conditions not satisfied,,,Close below 24210.05 or above 24212.3 with VIX spike,ATR-based range: ±2.62,,,NO_TRADE,,0.0,0.0,,,LIVE,No trade warranted
2026-08-20 06:20:00,2026-08-20,NIFTY,24212.849609375,SIDEWAYS,NEUTRAL,NO_TRADE,NO_TRADE,50,No valid setup — conditions not satisfied,,,Breakout below 24209.0 or above 24212.3,Range: 24209.0 – 24212.3,,,NO_TRADE,,0.0,0.0,,,LIVE,No trade warranted
2026-08-20 06:25:00,2026-08-20,NIFTY,24216.599609375,SIDEWAYS,NEUTRAL,NO_TRADE,NO_TRADE,50,No valid setup — conditions not satisfied,,,Breakout below 24209.0 or above 24212.3,Range: 24209.0 – 24212.3,,,NO_TRADE,,0.0,0.0,,,LIVE,No trade warranted
2026-08-20 06:30:00,2026-08-20,NIFTY,24212.19921875,SIDEWAYS,NEUTRAL,NO_TRADE,NO_TRADE,50,No valid setup — conditions not satisfied,,,Breakout below 24209.0 or above 24212.3,Range: 24209.0 – 24212.3,,,NO_TRADE,,0.0,0.0,,,LIVE,No trade warranted
2026-08-20 06:35:00,2026-08-20,NIFTY,24213.0,SIDEWAYS,NEUTRAL,NO_TRADE,NO_TRADE,50,No valid setup — conditions not satisfied,,,Breakout below 24209.0 or above 24212.3,Range: 24209.0 – 24212.3,,,NO_TRADE,,0.0,0.0,,,LIVE,No trade warranted
2026-08-20 06:40:00,2026-08-20,NIFTY,24214.75,SIDEWAYS,NEUTRAL,NO_TRADE,NO_TRADE,50,No valid setup — conditions not satisfied,,,Breakout below 24209.0 or above 24212.3,Range: 24209.0 – 24212.3,,,NO_TRADE,,0.0,0.0,,,LIVE,No trade warranted
2026-08-20 06:45:00,2026-08-20,NIFTY,24216.75,SIDEWAYS,NEUTRAL,NO_TRADE,NO_TRADE,50,No valid setup — conditions not satisfied,,,Breakout below 24210.15 or above 24212.3,Range: 24210.15 – 24212.3,,,NO_TRADE,,0.0,0.0,,,LIVE,No trade warranted
2026-08-20 06:50:00,2026-08-20,NIFTY,24211.80078125,SIDEWAYS,NEUTRAL,NO_TRADE,NO_TRADE,50,No valid setup — conditions not satisfied,,,Breakout below 24210.15 or above 24214.25,Range: 24210.15 – 24214.25,,,NO_TRADE,,0.0,0.0,,,LIVE,No trade warranted
2026-08-20 06:55:00,2026-08-20,NIFTY,24213.75,VOLATILE_EXPANSION,MIXED,NO_TRADE,NO_TRADE,40,No valid setup — conditions not satisfied,,,Close below 24210.15 or above 24214.25 with VIX spike,ATR-based range: ±2.52,,,NO_TRADE,,0.0,0.0,,,LIVE,No trade warranted
2026-08-20 07:00:00,2026-08-20,NIFTY,24209.94921875,VOLATILE_EXPANSION,MIXED,NO_TRADE,NO_TRADE,40,No valid setup — conditions not satisfied,,,Close below 24210.15 or above 24214.25 with VIX spike,ATR-based range: ±2.52,,,NO_TRADE,,0.0,0.0,,,LIVE,No trade warranted
2026-08-20 07:05:00,2026-08-20,NIFTY,24216.94921875,VOLATILE_EXPANSION,MIXED,NO_TRADE,NO_TRADE,40,No valid setup — conditions not satisfied,,,Close below 24210.15 or above 24214.25 with VIX spike,ATR-based range: ±2.65,,,NO_TRADE,,0.0,0.0,,,LIVE,No trade warranted
2026-08-20 07:10:00,2026-08-20,NIFTY,24217.19921875,VOLATILE_EXPANSION,MIXED,NO_TRADE,NO_TRADE,40,No valid setup — conditions not satisfied,,,Close below 24210.9 or above 24214.25 with VIX spike,ATR-based range: ±2.25,,,NO_TRADE,,0.0,0.0,,,LIVE,No trade warranted
2026-08-20 07:15:00,2026-08-20,NIFTY,24241.44921875,VOLATILE_EXPANSION,MIXED,NO_TRADE,NO_TRADE,40,No valid setup — conditions not satisfied,,,Close below 24211.8 or above 24214.25 with VIX spike,ATR-based range: ±2.00,,,NO_TRADE,,0.0,0.0,,,LIVE,No trade warranted
2026-08-20 07:20:00,2026-08-20,NIFTY,24244.30078125,VOLATILE_EXPANSION,MIXED,NO_TRADE,NO_TRADE,40,No valid setup — conditions not satisfied,,,Close below 24214.4 or above 24215.0 with VIX spike,ATR-based range: ±2.27,,,NO_TRADE,,0.0,0.0,,,LIVE,No trade warranted
2026-08-20 07:25:00,2026-08-20,NIFTY,24244.25,VOLATILE_EXPANSION,MIXED,NO_TRADE,NO_TRADE,40,No valid setup — conditions not satisfied,,,Close below 24216.05 or above 24216.8 with VIX spike,ATR-based range: ±1.45,,,NO_TRADE,,0.0,0.0,,,LIVE,No trade warranted
2026-08-20 07:30:00,2026-08-20,NIFTY,24244.94921875,VOLATILE_EXPANSION,MIXED,NO_TRADE,NO_TRADE,40,No valid setup — conditions not satisfied,,,Close below 24216.05 or above 24219.65 with VIX spike,ATR-based range: ±3.05,,,NO_TRADE,,0.0,0.0,,,LIVE,No trade warranted
2026-08-20 07:35:00,2026-08-20,NIFTY,24248.5,VOLATILE_EXPANSION,MIXED,NO_TRADE,NO_TRADE,40,No valid setup — conditions not satisfied,,,Close below 24216.05 or above 24221.85 with VIX spike,ATR-based range: ±16.45,,,NO_TRADE,,0.0,0.0,,,LIVE,No trade warranted
2026-08-20 07:40:00,2026-08-20,NIFTY,24246.80078125,VOLATILE_EXPANSION,MIXED,NO_TRADE,NO_TRADE,40,No valid setup — conditions not satisfied,,,Close below 24216.05 or above 24247.3 with VIX spike,ATR-based range: ±18.00,,,NO_TRADE,,0.0,0.0,,,LIVE,No trade warranted
2026-08-20 07:45:00,2026-08-20,NIFTY,24241.0,VOLATILE_EXPANSION,MIXED,NO_TRADE,NO_TRADE,40,No valid setup — conditions not satisfied,,,Close below 24216.05 or above 24247.3 with VIX spike,ATR-based range: ±18.00,,,NO_TRADE,,0.0,0.0,,,LIVE,No trade warranted
2026-08-20 07:50:00,2026-08-20,NIFTY,24250.30078125,SIDEWAYS,NEUTRAL,NO_TRADE,NO_TRADE,30,No valid setup — conditions not satisfied,,,Breakout below 24216.05 or above 24247.3,Range: 24216.05 – 24247.3,,,NO_TRADE,,0.0,0.0,,,LIVE,No trade warranted
2026-08-20 07:55:00,2026-08-20,NIFTY,24247.55078125,SIDEWAYS,NEUTRAL,NO_TRADE,NO_TRADE,30,No valid setup — conditions not satisfied,,,Breakout below 24216.05 or above 24247.3,Range: 24216.05 – 24247.3,,,NO_TRADE,,0.0,0.0,,,LIVE,No trade warranted
2026-08-20 08:00:00,2026-08-20,NIFTY,24248.69921875,SIDEWAYS,NEUTRAL,NO_TRADE,NO_TRADE,30,No valid setup — conditions not satisfied,,,Breakout below 24216.05 or above 24247.3,Range: 24216.05 – 24247.3,,,NO_TRADE,,0.0,0.0,,,LIVE,No trade warranted
2026-08-20 08:05:00,2026-08-20,NIFTY,24243.0,SIDEWAYS,NEUTRAL,NO_TRADE,NO_TRADE,30,No valid setup — conditions not satisfied,,,Breakout below 24216.05 or above 24247.3,Range: 24216.05 – 24247.3,,,NO_TRADE,,0.0,0.0,,,LIVE,No trade warranted
2026-08-20 08:10:00,2026-08-20,NIFTY,24246.05078125,SIDEWAYS,NEUTRAL,NO_TRADE,NO_TRADE,30,No valid setup — conditions not satisfied,,,Breakout below 24216.05 or above 24247.3,Range: 24216.05 – 24247.3,,,NO_TRADE,,0.0,0.0,,,LIVE,No trade warranted
2026-08-20 08:15:00,2026-08-20,NIFTY,24246.25,SIDEWAYS,NEUTRAL,NO_TRADE,NO_TRADE,30,No valid setup — conditions not satisfied,,,Breakout below 24216.05 or above 24247.3,Range: 24216.05 – 24247.3,,,NO_TRADE,,0.0,0.0,,,LIVE,No trade warranted
2026-08-20 08:20:00,2026-08-20,NIFTY,24239.44921875,SIDEWAYS,NEUTRAL,NO_TRADE,NO_TRADE,30,No valid setup — conditions not satisfied,,,Breakout below 24235.55 or above 24246.45,Range: 24235.55 – 24246.45,,,NO_TRADE,,0.0,0.0,,,LIVE,No trade warranted
2026-08-20 08:25:00,2026-08-20,NIFTY,24232.94921875,SIDEWAYS,NEUTRAL,NO_TRADE,NO_TRADE,50,No valid setup — conditions not satisfied,,,Breakout below 24235.55 or above 24242.9,Range: 24235.55 – 24242.9,,,NO_TRADE,,0.0,0.0,,,LIVE,No trade warranted
2026-08-20 08:30:00,2026-08-20,NIFTY,24233.599609375,VOLATILE_EXPANSION,MIXED,NO_TRADE,NO_TRADE,40,No valid setup — conditions not satisfied,,,Close below 24237.3 or above 24242.9 with VIX spike,ATR-based range: ±5.88,,,NO_TRADE,,0.0,0.0,,,LIVE,No trade warranted
2026-08-20 08:35:00,2026-08-20,NIFTY,24236.599609375,SIDEWAYS,NEUTRAL,NO_TRADE,NO_TRADE,30,No valid setup — conditions not satisfied,,,Breakout below 24238.4 or above 24241.0,Range: 24238.4 – 24241.0,,,NO_TRADE,,0.0,0.0,,,LIVE,No trade warranted
2026-08-20 08:40:00,2026-08-20,NIFTY,24238.44921875,SIDEWAYS,NEUTRAL,NO_TRADE,NO_TRADE,30,No valid setup — conditions not satisfied,,,Breakout below 24240.15 or above 24241.0,Range: 24240.15 – 24241.0,,,NO_TRADE,,0.0,0.0,,,LIVE,No trade warranted
2026-08-20 08:45:00,2026-08-20,NIFTY,24238.0,SIDEWAYS,NEUTRAL,NO_TRADE,NO_TRADE,30,No valid setup — conditions not satisfied,,,Breakout below 24241.0 or above 24241.65,Range: 24241.0 – 24241.65,,,NO_TRADE,,0.0,0.0,,,LIVE,No trade warranted
2026-08-20 08:50:00,2026-08-20,NIFTY,24242.150390625,SIDEWAYS,NEUTRAL,NO_TRADE,NO_TRADE,30,No valid setup — conditions not satisfied,,,Breakout below 24242.05 or above 24242.9,Range: 24242.05 – 24242.9,,,NO_TRADE,,0.0,0.0,,,LIVE,No trade warranted
2026-08-20 08:55:00,2026-08-20,NIFTY,24245.80078125,SIDEWAYS,NEUTRAL,NO_TRADE,NO_TRADE,30,No valid setup — conditions not satisfied,,,Breakout below 24242.05 or above 24246.3,Range: 24242.05 – 24246.3,,,NO_TRADE,,0.0,0.0,,,LIVE,No trade warranted
2026-08-20 09:00:00,2026-08-20,NIFTY,24244.599609375,SIDEWAYS,NEUTRAL,NO_TRADE,NO_TRADE,30,No valid setup — conditions not satisfied,,,Breakout below 24242.05 or above 24246.3,Range: 24242.05 – 24246.3,,,NO_TRADE,,0.0,0.0,,,LIVE,No trade warranted
2026-08-20 09:05:00,2026-08-20,NIFTY,24244.0,SIDEWAYS,NEUTRAL,NO_TRADE,NO_TRADE,30,No valid setup — conditions not satisfied,,,Breakout below 24242.05 or above 24246.3,Range: 24242.05 – 24246.3,,,NO_TRADE,,0.0,0.0,,,LIVE,No trade warranted
2026-08-20 09:10:00,2026-08-20,NIFTY,24237.0,VOLATILE_EXPANSION,MIXED,NO_TRADE,NO_TRADE,40,No valid setup — conditions not satisfied,,,Close below 24242.05 or above 24242.9 with VIX spike,ATR-based range: ±2.73,,,NO_TRADE,,0.0,0.0,,,LIVE,No trade warranted
2026-08-20 09:15:00,2026-08-20,NIFTY,24236.650390625,VOLATILE_EXPANSION,MIXED,NO_TRADE,NO_TRADE,40,No valid setup — conditions not satisfied,,,Close below 24241.9 or above 24242.35 with VIX spike,ATR-based range: ±2.73,,,NO_TRADE,,0.0,0.0,,,LIVE,No trade warranted
2026-08-20 09:20:00,2026-08-20,NIFTY,24235.69921875,VOLATILE_EXPANSION,MIXED,NO_TRADE,NO_TRADE,40,No valid setup — conditions not satisfied,,,Close below 24240.85 or above 24241.65 with VIX spike,ATR-based range: ±2.25,,,NO_TRADE,,0.0,0.0,,,LIVE,No trade warranted
2026-08-20 09:25:00,2026-08-20,NIFTY,24238.099609375,SIDEWAYS,NEUTRAL,NO_TRADE,NO_TRADE,50,No valid setup — conditions not satisfied,,,Breakout below 24240.85 or above 24241.65,Range: 24240.85 – 24241.65,,,NO_TRADE,,0.0,0.0,,,LIVE,No trade warranted
2026-08-20 09:30:00,2026-08-20,NIFTY,24231.349609375,VOLATILE_EXPANSION,MIXED,NO_TRADE,NO_TRADE,40,No valid setup — conditions not satisfied,,,Close below 24238.4 or above 24240.7 with VIX spike,ATR-based range: ±1.85,,,NO_TRADE,,0.0,0.0,,,LIVE,No trade warranted
2026-08-20 09:35:00,2026-08-20,NIFTY,24215.69921875,SIDEWAYS,NEUTRAL,NO_TRADE,NO_TRADE,30,No valid setup — conditions not satisfied,,,Breakout below 24238.4 or above 24238.95,Range: 24238.4 – 24238.95,,,NO_TRADE,,0.0,0.0,,,LIVE,No trade warranted
2026-08-20 09:40:00,2026-08-20,NIFTY,24212.349609375,SIDEWAYS,NEUTRAL,NO_TRADE,NO_TRADE,30,No valid setup — conditions not satisfied,,,Breakout below 24236.0 or above 24237.0,Range: 24236.0 – 24237.0,,,NO_TRADE,,0.0,0.0,,,LIVE,No trade warranted
2026-08-20 09:45:00,2026-08-20,NIFTY,24211.599609375,SIDEWAYS,NEUTRAL,NO_TRADE,NO_TRADE,30,No valid setup — conditions not satisfied,,,Breakout below 24234.7 or above 24237.0,Range: 24234.7 – 24237.0,,,NO_TRADE,,0.0,0.0,,,LIVE,No trade warranted
2026-08-20 09:50:00,2026-08-20,NIFTY,24211.599609375,SIDEWAYS,NEUTRAL,NO_TRADE,NO_TRADE,30,No valid setup — conditions not satisfied,,,Breakout below 24232.1 or above 24237.0,Range: 24232.1 – 24237.0,,,NO_TRADE,,0.0,0.0,,,LIVE,No trade warranted
2026-08-20 09:55:00,2026-08-20,NIFTY,24231.849609375,SIDEWAYS,NEUTRAL,NO_TRADE,NO_TRADE,30,No valid setup — conditions not satisfied,,,Breakout below 24232.1 or above 24237.0,Range: 24232.1 – 24237.0,,,NO_TRADE,,0.0,0.0,,,LIVE,No trade warranted
2026-08-21 03:45:00,2026-08-21,NIFTY,24238.099609375,SIDEWAYS,NEUTRAL,NO_TRADE,NO_TRADE,50,No valid setup — conditions not satisfied,,,Breakout below — or above —,Range: — – —,,,NO_TRADE,,0.0,0.0,,,LIVE,No trade warranted
2026-08-21 03:50:00,2026-08-21,NIFTY,24220.30078125,SIDEWAYS,NEUTRAL,NO_TRADE,NO_TRADE,50,No valid setup — conditions not satisfied,,,Breakout below — or above —,Range: — – —,,,NO_TRADE,,0.0,0.0,,,LIVE,No trade warranted
2026-08-21 03:55:00,2026-08-21,NIFTY,24230.80078125,SIDEWAYS,NEUTRAL,NO_TRADE,NO_TRADE,50,No valid setup — conditions not satisfied,,,Breakout below — or above —,Range: — – —,,,NO_TRADE,,0.0,0.0,,,LIVE,No trade warranted
2026-08-21 04:00:00,2026-08-21,NIFTY,24208.80078125,SIDEWAYS,NEUTRAL,NO_TRADE,NO_TRADE,50,No valid setup — conditions not satisfied,,,Breakout below — or above —,Range: — – —,,,NO_TRADE,,0.0,0.0,,,LIVE,No trade warranted
2026-08-21 04:05:00,2026-08-21,NIFTY,24220.69921875,SIDEWAYS,NEUTRAL,NO_TRADE,NO_TRADE,50,No valid setup — conditions not satisfied,,,Breakout below — or above —,Range: — – —,,,NO_TRADE,,0.0,0.0,,,LIVE,No trade warranted
2026-08-21 04:10:00,2026-08-21,NIFTY,24243.849609375,SIDEWAYS,NEUTRAL,NO_TRADE,NO_TRADE,50,No valid setup — conditions not satisfied,,,Breakout below — or above —,Range: — – —,,,NO_TRADE,,0.0,0.0,,,LIVE,No trade warranted
2026-08-21 04:15:00,2026-08-21,NIFTY,24243.5,SIDEWAYS,NEUTRAL,NO_TRADE,NO_TRADE,50,No valid setup — conditions not satisfied,,,Breakout below — or above —,Range: — – —,,,NO_TRADE,,0.0,0.0,,,LIVE,No trade warranted
2026-08-21 04:20:00,2026-08-21,NIFTY,24250.55078125,SIDEWAYS,NEUTRAL,NO_TRADE,NO_TRADE,50,No valid setup — conditions not satisfied,,,Breakout below — or above —,Range: — – —,,,NO_TRADE,,0.0,0.0,,,LIVE,No trade warranted
2026-08-21 04:25:00,2026-08-21,NIFTY,24246.900390625,SIDEWAYS,NEUTRAL,NO_TRADE,NO_TRADE,50,No valid setup — conditions not satisfied,,,Breakout below — or above —,Range: — – —,,,NO_TRADE,,0.0,0.0,,,LIVE,No trade warranted
2026-08-21 04:30:00,2026-08-21,NIFTY,24239.5,SIDEWAYS,NEUTRAL,NO_TRADE,NO_TRADE,50,No valid setup — conditions not satisfied,,,Breakout below — or above —,Range: — – —,,,NO_TRADE,,0.0,0.0,,,LIVE,No trade warranted
2026-08-21 04:35:00,2026-08-21,NIFTY,24225.25,SIDEWAYS,NEUTRAL,NO_TRADE,NO_TRADE,50,No valid setup — conditions not satisfied,,,Breakout below — or above —,Range: — – —,,,NO_TRADE,,0.0,0.0,,,LIVE,No trade warranted
2026-08-21 04:40:00,2026-08-21,NIFTY,24235.69921875,SIDEWAYS,NEUTRAL,NO_TRADE,NO_TRADE,50,No valid setup — conditions not satisfied,,,Breakout below — or above —,Range: — – —,,,NO_TRADE,,0.0,0.0,,,LIVE,No trade warranted
2026-08-21 04:45:00,2026-08-21,NIFTY,24232.099609375,SIDEWAYS,NEUTRAL,NO_TRADE,NO_TRADE,50,No valid setup — conditions not satisfied,,,Breakout below — or above —,Range: — – —,,,NO_TRADE,,0.0,0.0,,,LIVE,No trade warranted
2026-08-21 04:50:00,2026-08-21,NIFTY,24243.80078125,SIDEWAYS,NEUTRAL,NO_TRADE,NO_TRADE,50,No valid setup — conditions not satisfied,,,Breakout below — or above —,Range: — – —,,,NO_TRADE,,0.0,0.0,,,LIVE,No trade warranted
2026-08-21 04:55:00,2026-08-21,NIFTY,24255.0,SIDEWAYS,NEUTRAL,NO_TRADE,NO_TRADE,50,No valid setup — conditions not satisfied,,,Breakout below — or above —,Range: — – —,,,NO_TRADE,,0.0,0.0,,,LIVE,No trade warranted
2026-08-21 05:00:00,2026-08-21,NIFTY,24250.30078125,VOLATILE_EXPANSION,MIXED,NO_TRADE,NO_TRADE,40,No valid setup — conditions not satisfied,,,Close below — or above — with VIX spike,ATR-based range: ±0.00,,,NO_TRADE,,0.0,0.0,,,LIVE,No trade warranted
2026-08-21 05:05:00,2026-08-21,NIFTY,24249.349609375,VOLATILE_EXPANSION,MIXED,NO_TRADE,NO_TRADE,40,No valid setup — conditions not satisfied,,,Close below — or above — with VIX spike,ATR-based range: ±0.00,,,NO_TRADE,,0.0,0.0,,,LIVE,No trade warranted
2026-08-21 05:10:00,2026-08-21,NIFTY,24253.19921875,VOLATILE_EXPANSION,MIXED,NO_TRADE,NO_TRADE,40,No valid setup — conditions not satisfied,,,Close below — or above — with VIX spike,ATR-based range: ±0.00,,,NO_TRADE,,0.0,0.0,,,LIVE,No trade warranted
2026-08-21 05:15:00,2026-08-21,NIFTY,24253.5,VOLATILE_EXPANSION,MIXED,NO_TRADE,NO_TRADE,40,No valid setup — conditions not satisfied,,,Close below — or above — with VIX spike,ATR-based range: ±0.00,,,NO_TRADE,,0.0,0.0,,,LIVE,No trade warranted
2026-08-21 05:20:00,2026-08-21,NIFTY,24264.650390625,VOLATILE_EXPANSION,MIXED,NO_TRADE,NO_TRADE,40,No valid setup — conditions not satisfied,,,Close below 24240.0 or above 24241.2 with VIX spike,ATR-based range: ±4.85,,,NO_TRADE,,0.0,0.0,,,LIVE,No trade warranted
2026-08-21 05:25:00,2026-08-21,NIFTY,24261.0,VOLATILE_EXPANSION,MIXED,NO_TRADE,NO_TRADE,40,No valid setup — conditions not satisfied,,,Close below 24240.65 or above 24247.4 with VIX spike,ATR-based range: ±5.95,,,NO_TRADE,,0.0,0.0,,,LIVE,No trade warranted
2026-08-21 05:30:00,2026-08-21,NIFTY,24266.0,SIDEWAYS,NEUTRAL,NO_TRADE,NO_TRADE,50,No valid setup — conditions not satisfied,,,Breakout below 24242.7 or above 24247.4,Range: 24242.7 – 24247.4,,,NO_TRADE,,0.0,0.0,,,LIVE,No trade warranted
2026-08-21 05:35:00,2026-08-21,NIFTY,24259.80078125,SIDEWAYS,NEUTRAL,NO_TRADE,NO_TRADE,50,No valid setup — conditions not satisfied,,,Breakout below 24242.7 or above 24247.4,Range: 24242.7 – 24247.4,,,NO_TRADE,,0.0,0.0,,,LIVE,No trade warranted
2026-08-21 05:40:00,2026-08-21,NIFTY,24262.650390625,SIDEWAYS,NEUTRAL,NO_TRADE,NO_TRADE,50,No valid setup — conditions not satisfied,,,Breakout below 24247.8 or above 24250.5,Range: 24247.8 – 24250.5,,,NO_TRADE,,0.0,0.0,,,LIVE,No trade warranted
2026-08-21 05:45:00,2026-08-21,NIFTY,24255.349609375,VOLATILE_EXPANSION,MIXED,NO_TRADE,NO_TRADE,40,No valid setup — conditions not satisfied,,,Close below 24248.5 or above 24250.5 with VIX spike,ATR-based range: ±2.52,,,NO_TRADE,,0.0,0.0,,,LIVE,No trade warranted
2026-08-21 05:50:00,2026-08-21,NIFTY,24255.0,VOLATILE_EXPANSION,MIXED,NO_TRADE,NO_TRADE,40,No valid setup — conditions not satisfied,,,Close below 24248.5 or above 24250.5 with VIX spike,ATR-based range: ±2.45,,,NO_TRADE,,0.0,0.0,,,LIVE,No trade warranted
2026-08-21 05:55:00,2026-08-21,NIFTY,24256.599609375,VOLATILE_EXPANSION,MIXED,NO_TRADE,NO_TRADE,40,No valid setup — conditions not satisfied,,,Close below 24248.5 or above 24251.95 with VIX spike,ATR-based range: ±2.85,,,NO_TRADE,,0.0,0.0,,,LIVE,No trade warranted
2026-08-21 06:00:00,2026-08-21,NIFTY,24258.69921875,VOLATILE_EXPANSION,MIXED,NO_TRADE,NO_TRADE,40,No valid setup — conditions not satisfied,,,Close below 24251.05 or above 24251.95 with VIX spike,ATR-based range: ±2.75,,,NO_TRADE,,0.0,0.0,,,LIVE,No trade warranted
2026-08-21 06:05:00,2026-08-21,NIFTY,24257.19921875,SIDEWAYS,NEUTRAL,NO_TRADE,NO_TRADE,50,No valid setup — conditions not satisfied,,,Breakout below 24251.05 or above 24252.85,Range: 24251.05 – 24252.85,,,NO_TRADE,,0.0,0.0,,,LIVE,No trade warranted
2026-08-21 06:10:00,2026-08-21,NIFTY,24251.05078125,SIDEWAYS,NEUTRAL,NO_TRADE,NO_TRADE,50,No valid setup — conditions not satisfied,,,Breakout below 24252.15 or above 24252.85,Range: 24252.15 – 24252.85,,,NO_TRADE,,0.0,0.0,,,LIVE,No trade warranted
2026-08-21 06:15:00,2026-08-21,NIFTY,24254.349609375,SIDEWAYS,NEUTRAL,NO_TRADE,NO_TRADE,50,No valid setup — conditions not satisfied,,,Breakout below 24252.55 or above 24254.65,Range: 24252.55 – 24254.65,,,NO_TRADE,,0.0,0.0,,,LIVE,No trade warranted
2026-08-21 06:20:00,2026-08-21,NIFTY,24245.25,SIDEWAYS,NEUTRAL,NO_TRADE,NO_TRADE,50,No valid setup — conditions not satisfied,,,Breakout below 24253.8 or above 24254.65,Range: 24253.8 – 24254.65,,,NO_TRADE,,0.0,0.0,,,LIVE,No trade warranted
2026-08-21 06:25:00,2026-08-21,NIFTY,24239.30078125,SIDEWAYS,NEUTRAL,NO_TRADE,NO_TRADE,50,No valid setup — conditions not satisfied,,,Breakout below 24254.25 or above 24254.65,Range: 24254.25 – 24254.65,,,NO_TRADE,,0.0,0.0,,,LIVE,No trade warranted
2026-08-21 06:30:00,2026-08-21,NIFTY,24238.55078125,VOLATILE_EXPANSION,MIXED,NO_TRADE,NO_TRADE,40,No valid setup — conditions not satisfied,,,Close below 24254.25 or above 24254.65 with VIX spike,ATR-based range: ±1.77,,,NO_TRADE,,0.0,0.0,,,LIVE,No trade warranted
2026-08-21 06:35:00,2026-08-21,NIFTY,24236.25,VOLATILE_EXPANSION,MIXED,NO_TRADE,NO_TRADE,40,No valid setup — conditions not satisfied,,,Close below 24252.55 or above 24254.65 with VIX spike,ATR-based range: ±2.10,,,NO_TRADE,,0.0,0.0,,,LIVE,No trade warranted
2026-08-21 06:40:00,2026-08-21,NIFTY,24233.30078125,VOLATILE_EXPANSION,MIXED,NO_TRADE,NO_TRADE,40,No valid setup — conditions not satisfied,,,Close below 24252.55 or above 24252.85 with VIX spike,ATR-based range: ±1.90,,,NO_TRADE,,0.0,0.0,,,LIVE,No trade warranted
2026-08-21 06:45:00,2026-08-21,NIFTY,24237.94921875,VOLATILE_EXPANSION,MIXED,NO_TRADE,NO_TRADE,40,No valid setup — conditions not satisfied,,,Close below 24251.9 or above 24254.65 with VIX spike,ATR-based range: ±3.62,,,NO_TRADE,,0.0,0.0,,,LIVE,No trade warranted
2026-08-21 06:50:00,2026-08-21,NIFTY,24240.75,VOLATILE_EXPANSION,MIXED,NO_TRADE,NO_TRADE,40,No valid setup — conditions not satisfied,,,Close below 24251.05 or above 24255.7 with VIX spike,ATR-based range: ±5.10,,,NO_TRADE,,0.0,0.0,,,LIVE,No trade warranted
2026-08-21 06:55:00,2026-08-21,NIFTY,24238.25,VOLATILE_EXPANSION,MIXED,NO_TRADE,NO_TRADE,40,No valid setup — conditions not satisfied,,,Close below 24248.85 or above 24255.7 with VIX spike,ATR-based range: ±5.30,,,NO_TRADE,,0.0,0.0,,,LIVE,No trade warranted
2026-08-21 07:00:00,2026-08-21,NIFTY,24243.099609375,SIDEWAYS,NEUTRAL,NO_TRADE,NO_TRADE,50,No valid setup — conditions not satisfied,,,Breakout below 24248.85 or above 24255.7,Range: 24248.85 – 24255.7,,,NO_TRADE,,0.0,0.0,,,LIVE,No trade warranted
2026-08-21 07:05:00,2026-08-21,NIFTY,24236.55078125,VOLATILE_EXPANSION,MIXED,NO_TRADE,NO_TRADE,40,No valid setup — conditions not satisfied,,,Close below 24248.15 or above 24255.7 with VIX spike,ATR-based range: ±6.55,,,NO_TRADE,,0.0,0.0,,,LIVE,No trade warranted
2026-08-21 07:10:00,2026-08-21,NIFTY,24233.30078125,VOLATILE_EXPANSION,MIXED,NO_TRADE,NO_TRADE,40,No valid setup — conditions not satisfied,,,Close below 24245.25 or above 24246.7 with VIX spike,ATR-based range: ±8.85,,,NO_TRADE,,0.0,0.0,,,LIVE,No trade warranted
2026-08-21 07:15:00,2026-08-21,NIFTY,24230.400390625,VOLATILE_EXPANSION,MIXED,NO_TRADE,NO_TRADE,40,No valid setup — conditions not satisfied,,,Close below 24238.35 or above 24246.65 with VIX spike,ATR-based range: ±5.60,,,NO_TRADE,,0.0,0.0,,,LIVE,No trade warranted
2026-08-21 07:20:00,2026-08-21,NIFTY,24233.19921875,VOLATILE_EXPANSION,MIXED,NO_TRADE,NO_TRADE,40,No valid setup — conditions not satisfied,,,Close below 24238.35 or above 24244.05 with VIX spike,ATR-based range: ±4.83,,,NO_TRADE,,0.0,0.0,,,LIVE,No trade warranted
2026-08-21 07:25:00,2026-08-21,NIFTY,24232.80078125,VOLATILE_EXPANSION,MIXED,NO_TRADE,NO_TRADE,40,No valid setup — conditions not satisfied,,,Close below 24238.35 or above 24243.3 with VIX spike,ATR-based range: ±3.50,,,NO_TRADE,,0.0,0.0,,,LIVE,No trade warranted
2026-08-21 07:30:00,2026-08-21,NIFTY,24241.05078125,SIDEWAYS,NEUTRAL,NO_TRADE,NO_TRADE,50,No valid setup — conditions not satisfied,,,Breakout below 24238.35 or above 24243.3,Range: 24238.35 – 24243.3,,,NO_TRADE,,0.0,0.0,,,LIVE,No trade warranted
2026-08-21 07:35:00,2026-08-21,NIFTY,24250.349609375,SIDEWAYS,NEUTRAL,NO_TRADE,NO_TRADE,50,No valid setup — conditions not satisfied,,,Breakout below 24239.85 or above 24241.7,Range: 24239.85 – 24241.7,,,NO_TRADE,,0.0,0.0,,,LIVE,No trade warranted
2026-08-21 07:40:00,2026-08-21,NIFTY,24244.0,SIDEWAYS,NEUTRAL,NO_TRADE,NO_TRADE,50,No valid setup — conditions not satisfied,,,Breakout below 24239.85 or above 24241.7,Range: 24239.85 – 24241.7,,,NO_TRADE,,0.0,0.0,,,LIVE,No trade warranted
2026-08-21 07:45:00,2026-08-21,NIFTY,24246.0,SIDEWAYS,NEUTRAL,NO_TRADE,NO_TRADE,50,No valid setup — conditions not satisfied,,,Breakout below 24239.9 or above 24241.7,Range: 24239.9 – 24241.7,,,NO_TRADE,,0.0,0.0,,,LIVE,No trade warranted
2026-08-21 07:50:00,2026-08-21,NIFTY,24238.349609375,SIDEWAYS,NEUTRAL,NO_TRADE,NO_TRADE,30,No valid setup — conditions not satisfied,,,Breakout below 24238.35 or above 24241.7,Range: 24238.35 – 24241.7,,,NO_TRADE,,0.0,0.0,,,LIVE,No trade warranted
2026-08-21 07:55:00,2026-08-21,NIFTY,24246.80078125,SIDEWAYS,NEUTRAL,NO_TRADE,NO_TRADE,30,No valid setup — conditions not satisfied,,,Breakout below 24238.35 or above 24239.4,Range: 24238.35 – 24239.4,,,NO_TRADE,,0.0,0.0,,,LIVE,No trade warranted
2026-08-21 08:00:00,2026-08-21,NIFTY,24239.5,SIDEWAYS,NEUTRAL,NO_TRADE,NO_TRADE,30,No valid setup — conditions not satisfied,,,Breakout below 24238.35 or above 24239.4,Range: 24238.35 – 24239.4,,,NO_TRADE,,0.0,0.0,,,LIVE,No trade warranted
2026-08-21 08:05:00,2026-08-21,NIFTY,24233.69921875,SIDEWAYS,NEUTRAL,NO_TRADE,NO_TRADE,30,No valid setup — conditions not satisfied,,,Breakout below 24238.0 or above 24238.9,Range: 24238.0 – 24238.9,,,NO_TRADE,,0.0,0.0,,,LIVE,No trade warranted
2026-08-21 08:10:00,2026-08-21,NIFTY,24235.80078125,SIDEWAYS,NEUTRAL,NO_TRADE,NO_TRADE,30,No valid setup — conditions not satisfied,,,Breakout below 24238.0 or above 24238.9,Range: 24238.0 – 24238.9,,,NO_TRADE,,0.0,0.0,,,LIVE,No trade warranted
2026-08-21 08:15:00,2026-08-21,NIFTY,24231.44921875,SIDEWAYS,NEUTRAL,NO_TRADE,NO_TRADE,30,No valid setup — conditions not satisfied,,,Breakout below 24238.0 or above 24238.9,Range: 24238.0 – 24238.9,,,NO_TRADE,,0.0,0.0,,,LIVE,No trade warranted
2026-08-21 08:20:00,2026-08-21,NIFTY,24232.94921875,SIDEWAYS,NEUTRAL,NO_TRADE,NO_TRADE,30,No valid setup — conditions not satisfied,,,Breakout below 24238.0 or above 24238.9,Range: 24238.0 – 24238.9,,,NO_TRADE,,0.0,0.0,,,LIVE,No trade warranted
2026-08-21 08:25:00,2026-08-21,NIFTY,24233.94921875,SIDEWAYS,NEUTRAL,NO_TRADE,NO_TRADE,30,No valid setup — conditions not satisfied,,,Breakout below 24238.0 or above 24239.4,Range: 24238.0 – 24239.4,,,NO_TRADE,,0.0,0.0,,,LIVE,No trade warranted
2026-08-21 08:30:00,2026-08-21,NIFTY,24230.69921875,SIDEWAYS,NEUTRAL,NO_TRADE,NO_TRADE,30,No valid setup — conditions not satisfied,,,Breakout below 24235.8 or above 24237.9,Range: 24235.8 – 24237.9,,,NO_TRADE,,0.0,0.0,,,LIVE,No trade warranted
2026-08-21 08:35:00,2026-08-21,NIFTY,24225.44921875,SIDEWAYS,NEUTRAL,NO_TRADE,NO_TRADE,30,No valid setup — conditions not satisfied,,,Breakout below 24235.8 or above 24237.9,Range: 24235.8 – 24237.9,,,NO_TRADE,,0.0,0.0,,,LIVE,No trade warranted
2026-08-21 08:40:00,2026-08-21,NIFTY,24230.55078125,SIDEWAYS,NEUTRAL,NO_TRADE,NO_TRADE,30,No valid setup — conditions not satisfied,,,Breakout below 24235.8 or above 24236.45,Range: 24235.8 – 24236.45,,,NO_TRADE,,0.0,0.0,,,LIVE,No trade warranted
2026-08-21 08:45:00,2026-08-21,NIFTY,24236.150390625,SIDEWAYS,NEUTRAL,NO_TRADE,NO_TRADE,50,No valid setup — conditions not satisfied,,,Breakout below 24235.6 or above 24236.45,Range: 24235.6 – 24236.45,,,NO_TRADE,,0.0,0.0,,,LIVE,No trade warranted
2026-08-21 08:50:00,2026-08-21,NIFTY,24239.349609375,SIDEWAYS,NEUTRAL,NO_TRADE,NO_TRADE,50,No valid setup — conditions not satisfied,,,Breakout below 24235.6 or above 24237.9,Range: 24235.6 – 24237.9,,,NO_TRADE,,0.0,0.0,,,LIVE,No trade warranted
2026-08-21 08:55:00,2026-08-21,NIFTY,24243.099609375,SIDEWAYS,NEUTRAL,NO_TRADE,NO_TRADE,30,No valid setup — conditions not satisfied,,,Breakout below 24235.6 or above 24237.9,Range: 24235.6 – 24237.9,,,NO_TRADE,,0.0,0.0,,,LIVE,No trade warranted
2026-08-21 09:00:00,2026-08-21,NIFTY,24237.75,SIDEWAYS,NEUTRAL,NO_TRADE,NO_TRADE,50,No valid setup — conditions not satisfied,,,Breakout below 24236.4 or above 24237.9,Range: 24236.4 – 24237.9,,,NO_TRADE,,0.0,0.0,,,LIVE,No trade warranted
2026-08-21 09:05:00,2026-08-21,NIFTY,24234.69921875,SIDEWAYS_TO_BEARISH,MILD_BEARISH,MILD_DIRECTIONAL,CONDITIONAL,40,Conditional — requires breakout above 24237.9 or breakdown below 24236.4,2026-08-21 09:10:00,24235.349609375,Close above 24237.95 invalidates bearish view,S1 24236.4 – S2 24235.6,2026-08-27 09:55:00,24090.849609375,LOSS,-0.5936,221.6956,-4.6054,5,8690,LIVE,Invalidation reached before target
2026-08-21 09:10:00,2026-08-21,NIFTY,24235.349609375,SIDEWAYS,NEUTRAL,NO_TRADE,NO_TRADE,30,No valid setup — conditions not satisfied,,,Breakout below 24236.4 or above 24237.9,Range: 24236.4 – 24237.9,,,NO_TRADE,,0.0,0.0,,,LIVE,No trade warranted
2026-08-21 09:15:00,2026-08-21,NIFTY,24237.599609375,SIDEWAYS,NEUTRAL,NO_TRADE,NO_TRADE,50,No valid setup — conditions not satisfied,,,Breakout below 24236.4 or above 24237.9,Range: 24236.4 – 24237.9,,,NO_TRADE,,0.0,0.0,,,LIVE,No trade warranted
2026-08-21 09:20:00,2026-08-21,NIFTY,24238.599609375,SIDEWAYS,NEUTRAL,NO_TRADE,NO_TRADE,50,No valid setup — conditions not satisfied,,,Breakout below 24235.6 or above 24236.45,Range: 24235.6 – 24236.45,,,NO_TRADE,,0.0,0.0,,,LIVE,No trade warranted
2026-08-21 09:25:00,2026-08-21,NIFTY,24236.30078125,SIDEWAYS,NEUTRAL,NO_TRADE,NO_TRADE,30,No valid setup — conditions not satisfied,,,Breakout below 24235.6 or above 24236.45,Range: 24235.6 – 24236.45,,,NO_TRADE,,0.0,0.0,,,LIVE,No trade warranted
2026-08-21 09:30:00,2026-08-21,NIFTY,24235.75,SIDEWAYS,NEUTRAL,NO_TRADE,NO_TRADE,30,No valid setup — conditions not satisfied,,,Breakout below 24235.6 or above 24236.45,Range: 24235.6 – 24236.45,,,NO_TRADE,,0.0,0.0,,,LIVE,No trade warranted
2026-08-21 09:35:00,2026-08-21,NIFTY,24234.05078125,SIDEWAYS,NEUTRAL,NO_TRADE,NO_TRADE,30,No valid setup — conditions not satisfied,,,Breakout below 24234.7 or above 24236.45,Range: 24234.7 – 24236.45,,,NO_TRADE,,0.0,0.0,,,LIVE,No trade warranted
2026-08-21 09:40:00,2026-08-21,NIFTY,24234.75,SIDEWAYS,NEUTRAL,NO_TRADE,NO_TRADE,30,No valid setup — conditions not satisfied,,,Breakout below 24234.7 or above 24236.45,Range: 24234.7 – 24236.45,,,NO_TRADE,,0.0,0.0,,,LIVE,No trade warranted
2026-08-21 09:45:00,2026-08-21,NIFTY,24234.75,SIDEWAYS,NEUTRAL,NO_TRADE,NO_TRADE,30,No valid setup — conditions not satisfied,,,Breakout below 24234.75 or above 24236.45,Range: 24234.75 – 24236.45,,,NO_TRADE,,0.0,0.0,,,LIVE,No trade warranted
2026-08-21 09:50:00,2026-08-21,NIFTY,24234.75,SIDEWAYS,NEUTRAL,NO_TRADE,NO_TRADE,30,No valid setup — conditions not satisfied,,,Breakout below 24234.75 or above 24236.45,Range: 24234.75 – 24236.45,,,NO_TRADE,,0.0,0.0,,,LIVE,No trade warranted
2026-08-21 09:55:00,2026-08-21,NIFTY,24252.0,SIDEWAYS,NEUTRAL,NO_TRADE,NO_TRADE,30,No valid setup — conditions not satisfied,,,Breakout below 24234.75 or above 24236.45,Range: 24234.75 – 24236.45,,,NO_TRADE,,0.0,0.0,,,LIVE,No trade warranted
2026-08-24 03:45:00,2026-08-24,NIFTY,24303.900390625,SIDEWAYS,NEUTRAL,NO_TRADE,NO_TRADE,50,No valid setup — conditions not satisfied,,,Breakout below — or above —,Range: — – —,,,NO_TRADE,,0.0,0.0,,,LIVE,No trade warranted
2026-08-24 03:50:00,2026-08-24,NIFTY,24303.150390625,SIDEWAYS,NEUTRAL,NO_TRADE,NO_TRADE,50,No valid setup — conditions not satisfied,,,Breakout below — or above —,Range: — – —,,,NO_TRADE,,0.0,0.0,,,LIVE,No trade warranted
2026-08-24 03:55:00,2026-08-24,NIFTY,24288.099609375,SIDEWAYS,NEUTRAL,NO_TRADE,NO_TRADE,50,No valid setup — conditions not satisfied,,,Breakout below — or above —,Range: — – —,,,NO_TRADE,,0.0,0.0,,,LIVE,No trade warranted
2026-08-24 04:00:00,2026-08-24,NIFTY,24276.75,SIDEWAYS,NEUTRAL,NO_TRADE,NO_TRADE,50,No valid setup — conditions not satisfied,,,Breakout below — or above —,Range: — – —,,,NO_TRADE,,0.0,0.0,,,LIVE,No trade warranted
2026-08-24 04:05:00,2026-08-24,NIFTY,24283.19921875,SIDEWAYS,NEUTRAL,NO_TRADE,NO_TRADE,50,No valid setup — conditions not satisfied,,,Breakout below — or above —,Range: — – —,,,NO_TRADE,,0.0,0.0,,,LIVE,No trade warranted
2026-08-24 04:10:00,2026-08-24,NIFTY,24281.75,SIDEWAYS,NEUTRAL,NO_TRADE,NO_TRADE,50,No valid setup — conditions not satisfied,,,Breakout below — or above —,Range: — – —,,,NO_TRADE,,0.0,0.0,,,LIVE,No trade warranted
2026-08-24 04:15:00,2026-08-24,NIFTY,24280.69921875,SIDEWAYS,NEUTRAL,NO_TRADE,NO_TRADE,50,No valid setup — conditions not satisfied,,,Breakout below — or above —,Range: — – —,,,NO_TRADE,,0.0,0.0,,,LIVE,No trade warranted
2026-08-24 04:20:00,2026-08-24,NIFTY,24272.900390625,SIDEWAYS,NEUTRAL,NO_TRADE,NO_TRADE,50,No valid setup — conditions not satisfied,,,Breakout below — or above —,Range: — – —,,,NO_TRADE,,0.0,0.0,,,LIVE,No trade warranted
2026-08-24 04:25:00,2026-08-24,NIFTY,24268.19921875,SIDEWAYS,NEUTRAL,NO_TRADE,NO_TRADE,50,No valid setup — conditions not satisfied,,,Breakout below — or above —,Range: — – —,,,NO_TRADE,,0.0,0.0,,,LIVE,No trade warranted
2026-08-24 04:30:00,2026-08-24,NIFTY,24269.5,SIDEWAYS,NEUTRAL,NO_TRADE,NO_TRADE,50,No valid setup — conditions not satisfied,,,Breakout below — or above —,Range: — – —,,,NO_TRADE,,0.0,0.0,,,LIVE,No trade warranted
2026-08-24 04:35:00,2026-08-24,NIFTY,24270.900390625,SIDEWAYS,NEUTRAL,NO_TRADE,NO_TRADE,50,No valid setup — conditions not satisfied,,,Breakout below — or above —,Range: — – —,,,NO_TRADE,,0.0,0.0,,,LIVE,No trade warranted
2026-08-24 04:40:00,2026-08-24,NIFTY,24273.099609375,SIDEWAYS,NEUTRAL,NO_TRADE,NO_TRADE,50,No valid setup — conditions not satisfied,,,Breakout below — or above —,Range: — – —,,,NO_TRADE,,0.0,0.0,,,LIVE,No trade warranted
2026-08-24 04:45:00,2026-08-24,NIFTY,24277.94921875,SIDEWAYS,NEUTRAL,NO_TRADE,NO_TRADE,50,No valid setup — conditions not satisfied,,,Breakout below — or above —,Range: — – —,,,NO_TRADE,,0.0,0.0,,,LIVE,No trade warranted
2026-08-24 04:50:00,2026-08-24,NIFTY,24278.75,SIDEWAYS,NEUTRAL,NO_TRADE,NO_TRADE,50,No valid setup — conditions not satisfied,,,Breakout below — or above —,Range: — – —,,,NO_TRADE,,0.0,0.0,,,LIVE,No trade warranted
2026-08-24 04:55:00,2026-08-24,NIFTY,24277.599609375,VOLATILE_EXPANSION,MIXED,NO_TRADE,NO_TRADE,40,No valid setup — conditions not satisfied,,,Close below — or above — with VIX spike,ATR-based range: ±0.00,,,NO_TRADE,,0.0,0.0,,,LIVE,No trade warranted
2026-08-24 05:00:00,2026-08-24,NIFTY,24279.650390625,VOLATILE_EXPANSION,MIXED,NO_TRADE,NO_TRADE,40,No valid setup — conditions not satisfied,,,Close below — or above — with VIX spike,ATR-based range: ±0.00,,,NO_TRADE,,0.0,0.0,,,LIVE,No trade warranted
2026-08-24 05:05:00,2026-08-24,NIFTY,24279.650390625,SIDEWAYS,NEUTRAL,NO_TRADE,NO_TRADE,50,No valid setup — conditions not satisfied,,,Breakout below — or above —,Range: — – —,,,NO_TRADE,,0.0,0.0,,,LIVE,No trade warranted
2026-08-24 05:10:00,2026-08-24,NIFTY,24279.25,SIDEWAYS,NEUTRAL,NO_TRADE,NO_TRADE,50,No valid setup — conditions not satisfied,,,Breakout below — or above —,Range: — – —,,,NO_TRADE,,0.0,0.0,,,LIVE,No trade warranted
2026-08-24 05:15:00,2026-08-24,NIFTY,24270.94921875,SIDEWAYS,NEUTRAL,NO_TRADE,NO_TRADE,50,No valid setup — conditions not satisfied,,,Breakout below — or above —,Range: — – —,,,NO_TRADE,,0.0,0.0,,,LIVE,No trade warranted
2026-08-24 05:20:00,2026-08-24,NIFTY,24268.69921875,SIDEWAYS,NEUTRAL,NO_TRADE,NO_TRADE,50,No valid setup — conditions not satisfied,,,Breakout below 24278.55 or above 24280.9,Range: 24278.55 – 24280.9,,,NO_TRADE,,0.0,0.0,,,LIVE,No trade warranted
2026-08-24 05:25:00,2026-08-24,NIFTY,24242.900390625,VOLATILE_EXPANSION,MIXED,NO_TRADE,NO_TRADE,40,No valid setup — conditions not satisfied,,,Close below 24276.15 or above 24276.2 with VIX spike,ATR-based range: ±2.93,,,NO_TRADE,,0.0,0.0,,,LIVE,No trade warranted
2026-08-24 05:30:00,2026-08-24,NIFTY,24230.25,VOLATILE_EXPANSION,MIXED,NO_TRADE,NO_TRADE,40,No valid setup — conditions not satisfied,,,Close below 24272.1 or above 24272.75 with VIX spike,ATR-based range: ±3.23,,,NO_TRADE,,0.0,0.0,,,LIVE,No trade warranted
2026-08-24 05:35:00,2026-08-24,NIFTY,24221.900390625,VOLATILE_EXPANSION,MIXED,NO_TRADE,NO_TRADE,40,No valid setup — conditions not satisfied,,,Close below 24267.7 or above 24272.4 with VIX spike,ATR-based range: ±3.50,,,NO_TRADE,,0.0,0.0,,,LIVE,No trade warranted
2026-08-24 05:40:00,2026-08-24,NIFTY,24210.69921875,VOLATILE_EXPANSION,MIXED,NO_TRADE,NO_TRADE,40,No valid setup — conditions not satisfied,,,Close below 24262.45 or above 24272.4 with VIX spike,ATR-based range: ±23.42,,,NO_TRADE,,0.0,0.0,,,LIVE,No trade warranted
2026-08-24 05:45:00,2026-08-24,NIFTY,24214.75,VOLATILE_EXPANSION,MIXED,NO_TRADE,NO_TRADE,40,No valid setup — conditions not satisfied,,,Close below 24262.45 or above 24272.4 with VIX spike,ATR-based range: ±23.42,,,NO_TRADE,,0.0,0.0,,,LIVE,No trade warranted
2026-08-24 05:50:00,2026-08-24,NIFTY,24202.44921875,VOLATILE_EXPANSION,MIXED,NO_TRADE,NO_TRADE,40,No valid setup — conditions not satisfied,,,Close below 24240.95 or above 24272.4 with VIX spike,ATR-based range: ±27.32,,,NO_TRADE,,0.0,0.0,,,LIVE,No trade warranted
2026-08-24 05:55:00,2026-08-24,NIFTY,24202.150390625,VOLATILE_EXPANSION,MIXED,NO_TRADE,NO_TRADE,40,No valid setup — conditions not satisfied,,,Close below 24240.95 or above 24255.0 with VIX spike,ATR-based range: ±26.55,,,NO_TRADE,,0.0,0.0,,,LIVE,No trade warranted
2026-08-24 06:00:00,2026-08-24,NIFTY,24179.30078125,VOLATILE_EXPANSION,MIXED,NO_TRADE,NO_TRADE,40,No valid setup — conditions not satisfied,,,Close below 24240.95 or above 24255.0 with VIX spike,ATR-based range: ±26.55,,,NO_TRADE,,0.0,0.0,,,LIVE,No trade warranted
2026-08-24 06:05:00,2026-08-24,NIFTY,24180.900390625,VOLATILE_EXPANSION,MIXED,NO_TRADE,NO_TRADE,40,No valid setup — conditions not satisfied,,,Close below 24240.95 or above 24255.0 with VIX spike,ATR-based range: ±26.55,,,NO_TRADE,,0.0,0.0,,,LIVE,No trade warranted
2026-08-24 06:10:00,2026-08-24,NIFTY,24186.80078125,VOLATILE_EXPANSION,MIXED,NO_TRADE,NO_TRADE,40,No valid setup — conditions not satisfied,,,Close below 24240.95 or above 24255.0 with VIX spike,ATR-based range: ±26.55,,,NO_TRADE,,0.0,0.0,,,LIVE,No trade warranted
2026-08-24 06:15:00,2026-08-24,NIFTY,24196.75,VOLATILE_EXPANSION,MIXED,NO_TRADE,NO_TRADE,40,No valid setup — conditions not satisfied,,,Close below 24227.45 or above 24255.0 with VIX spike,ATR-based range: ±31.58,,,NO_TRADE,,0.0,0.0,,,LIVE,No trade warranted
2026-08-24 06:20:00,2026-08-24,NIFTY,24191.25,VOLATILE_EXPANSION,MIXED,NO_TRADE,NO_TRADE,40,No valid setup — conditions not satisfied,,,Close below 24227.45 or above 24255.0 with VIX spike,ATR-based range: ±31.58,,,NO_TRADE,,0.0,0.0,,,LIVE,No trade warranted
2026-08-24 06:25:00,2026-08-24,NIFTY,24181.099609375,VOLATILE_EXPANSION,MIXED,NO_TRADE,NO_TRADE,40,No valid setup — conditions not satisfied,,,Close below 24227.45 or above 24232.35 with VIX spike,ATR-based range: ±31.40,,,NO_TRADE,,0.0,0.0,,,LIVE,No trade warranted
2026-08-24 06:30:00,2026-08-24,NIFTY,24190.69921875,VOLATILE_EXPANSION,MIXED,NO_TRADE,NO_TRADE,40,No valid setup — conditions not satisfied,,,Close below 24219.65 or above 24232.35 with VIX spike,ATR-based range: ±32.65,,,NO_TRADE,,0.0,0.0,,,LIVE,No trade warranted
2026-08-24 06:35:00,2026-08-24,NIFTY,24194.05078125,VOLATILE_EXPANSION,MIXED,NO_TRADE,NO_TRADE,40,No valid setup — conditions not satisfied,,,Close below 24219.65 or above 24220.8 with VIX spike,ATR-based range: ±12.62,,,NO_TRADE,,0.0,0.0,,,LIVE,No trade warranted
2026-08-24 06:40:00,2026-08-24,NIFTY,24194.05078125,VOLATILE_EXPANSION,MIXED,NO_TRADE,NO_TRADE,40,No valid setup — conditions not satisfied,,,Close below 24209.6 or above 24219.7 with VIX spike,ATR-based range: ±13.32,,,NO_TRADE,,0.0,0.0,,,LIVE,No trade warranted
2026-08-24 06:45:00,2026-08-24,NIFTY,24189.400390625,VOLATILE_EXPANSION,MIXED,NO_TRADE,NO_TRADE,40,No valid setup — conditions not satisfied,,,Close below 24209.6 or above 24219.7 with VIX spike,ATR-based range: ±13.32,,,NO_TRADE,,0.0,0.0,,,LIVE,No trade warranted
2026-08-24 06:50:00,2026-08-24,NIFTY,24192.75,VOLATILE_EXPANSION,MIXED,NO_TRADE,NO_TRADE,40,No valid setup — conditions not satisfied,,,Close below 24196.9 or above 24219.7 with VIX spike,ATR-based range: ±16.10,,,NO_TRADE,,0.0,0.0,,,LIVE,No trade warranted
2026-08-24 06:55:00,2026-08-24,NIFTY,24183.900390625,VOLATILE_EXPANSION,MIXED,NO_TRADE,NO_TRADE,40,No valid setup — conditions not satisfied,,,Close below 24196.9 or above 24204.05 with VIX spike,ATR-based range: ±14.18,,,NO_TRADE,,0.0,0.0,,,LIVE,No trade warranted
2026-08-24 07:00:00,2026-08-24,NIFTY,24183.44921875,VOLATILE_EXPANSION,MIXED,NO_TRADE,NO_TRADE,40,No valid setup — conditions not satisfied,,,Close below 24196.9 or above 24198.6 with VIX spike,ATR-based range: ±4.10,,,NO_TRADE,,0.0,0.0,,,LIVE,No trade warranted
2026-08-24 07:05:00,2026-08-24,NIFTY,24180.05078125,VOLATILE_EXPANSION,MIXED,NO_TRADE,NO_TRADE,40,No valid setup — conditions not satisfied,,,Close below 24191.35 or above 24195.75 with VIX spike,ATR-based range: ±3.55,,,NO_TRADE,,0.0,0.0,,,LIVE,No trade warranted
2026-08-24 07:10:00,2026-08-24,NIFTY,24180.0,SIDEWAYS,NEUTRAL,NO_TRADE,NO_TRADE,50,No valid setup — conditions not satisfied,,,Breakout below 24191.35 or above 24193.1,Range: 24191.35 – 24193.1,,,NO_TRADE,,0.0,0.0,,,LIVE,No trade warranted
2026-08-24 07:15:00,2026-08-24,NIFTY,24185.25,SIDEWAYS,NEUTRAL,NO_TRADE,NO_TRADE,50,No valid setup — conditions not satisfied,,,Breakout below 24189.9 or above 24193.1,Range: 24189.9 – 24193.1,,,NO_TRADE,,0.0,0.0,,,LIVE,No trade warranted
2026-08-24 07:20:00,2026-08-24,NIFTY,24183.349609375,SIDEWAYS,NEUTRAL,NO_TRADE,NO_TRADE,50,No valid setup — conditions not satisfied,,,Breakout below 24189.4 or above 24189.7,Range: 24189.4 – 24189.7,,,NO_TRADE,,0.0,0.0,,,LIVE,No trade warranted
2026-08-24 07:25:00,2026-08-24,NIFTY,24181.849609375,VOLATILE_EXPANSION,MIXED,NO_TRADE,NO_TRADE,40,No valid setup — conditions not satisfied,,,Close below 24187.95 or above 24188.0 with VIX spike,ATR-based range: ±2.40,,,NO_TRADE,,0.0,0.0,,,LIVE,No trade warranted
2026-08-24 07:30:00,2026-08-24,NIFTY,24170.0,VOLATILE_EXPANSION,MIXED,NO_TRADE,NO_TRADE,40,No valid setup — conditions not satisfied,,,Close below 24184.9 or above 24188.0 with VIX spike,ATR-based range: ±3.62,,,NO_TRADE,,0.0,0.0,,,LIVE,No trade warranted
2026-08-24 07:35:00,2026-08-24,NIFTY,24159.80078125,VOLATILE_EXPANSION,MIXED,NO_TRADE,NO_TRADE,40,No valid setup — conditions not satisfied,,,Close below 24182.95 or above 24184.3 with VIX spike,ATR-based range: ±4.35,,,NO_TRADE,,0.0,0.0,,,LIVE,No trade warranted
2026-08-24 07:40:00,2026-08-24,NIFTY,24166.400390625,VOLATILE_EXPANSION,MIXED,NO_TRADE,NO_TRADE,40,No valid setup — conditions not satisfied,,,Close below 24182.95 or above 24184.3 with VIX spike,ATR-based range: ±4.35,,,NO_TRADE,,0.0,0.0,,,LIVE,No trade warranted
2026-08-24 07:45:00,2026-08-24,NIFTY,24173.599609375,VOLATILE_EXPANSION,MIXED,NO_TRADE,NO_TRADE,40,No valid setup — conditions not satisfied,,,Close below 24182.95 or above 24183.3 with VIX spike,ATR-based range: ±4.35,,,NO_TRADE,,0.0,0.0,,,LIVE,No trade warranted
2026-08-24 07:50:00,2026-08-24,NIFTY,24175.650390625,SIDEWAYS,NEUTRAL,NO_TRADE,NO_TRADE,30,No valid setup — conditions not satisfied,,,Breakout below 24182.45 or above 24182.85,Range: 24182.45 – 24182.85,,,NO_TRADE,,0.0,0.0,,,LIVE,No trade warranted
2026-08-24 07:55:00,2026-08-24,NIFTY,24178.75,SIDEWAYS,NEUTRAL,NO_TRADE,NO_TRADE,30,No valid setup — conditions not satisfied,,,Breakout below 24180.4 or above 24181.85,Range: 24180.4 – 24181.85,,,NO_TRADE,,0.0,0.0,,,LIVE,No trade warranted
2026-08-24 08:00:00,2026-08-24,NIFTY,24165.44921875,SIDEWAYS,NEUTRAL,NO_TRADE,NO_TRADE,30,No valid setup — conditions not satisfied,,,Breakout below 24180.4 or above 24181.05,Range: 24180.4 – 24181.05,,,NO_TRADE,,0.0,0.0,,,LIVE,No trade warranted
2026-08-24 08:05:00,2026-08-24,NIFTY,24169.69921875,SIDEWAYS,NEUTRAL,NO_TRADE,NO_TRADE,30,No valid setup — conditions not satisfied,,,Breakout below 24179.7 or above 24181.05,Range: 24179.7 – 24181.05,,,NO_TRADE,,0.0,0.0,,,LIVE,No trade warranted
2026-08-24 08:10:00,2026-08-24,NIFTY,24167.599609375,SIDEWAYS,NEUTRAL,NO_TRADE,NO_TRADE,30,No valid setup — conditions not satisfied,,,Breakout below 24178.5 or above 24181.05,Range: 24178.5 – 24181.05,,,NO_TRADE,,0.0,0.0,,,LIVE,No trade warranted
2026-08-24 08:15:00,2026-08-24,NIFTY,24166.55078125,SIDEWAYS,NEUTRAL,NO_TRADE,NO_TRADE,30,No valid setup — conditions not satisfied,,,Breakout below 24175.65 or above 24178.4,Range: 24175.65 – 24178.4,,,NO_TRADE,,0.0,0.0,,,LIVE,No trade warranted
2026-08-24 08:20:00,2026-08-24,NIFTY,24160.599609375,SIDEWAYS,NEUTRAL,NO_TRADE,NO_TRADE,30,No valid setup — conditions not satisfied,,,Breakout below 24175.65 or above 24178.4,Range: 24175.65 – 24178.4,,,NO_TRADE,,0.0,0.0,,,LIVE,No trade warranted
2026-08-24 08:25:00,2026-08-24,NIFTY,24158.5,SIDEWAYS,NEUTRAL,NO_TRADE,NO_TRADE,30,No valid setup — conditions not satisfied,,,Breakout below 24173.25 or above 24174.55,Range: 24173.25 – 24174.55,,,NO_TRADE,,0.0,0.0,,,LIVE,No trade warranted
2026-08-24 08:30:00,2026-08-24,NIFTY,24160.150390625,SIDEWAYS,NEUTRAL,NO_TRADE,NO_TRADE,30,No valid setup — conditions not satisfied,,,Breakout below 24172.3 or above 24172.8,Range: 24172.3 – 24172.8,,,NO_TRADE,,0.0,0.0,,,LIVE,No trade warranted
2026-08-24 08:35:00,2026-08-24,NIFTY,24162.0,SIDEWAYS,NEUTRAL,NO_TRADE,NO_TRADE,30,No valid setup — conditions not satisfied,,,Breakout below 24166.3 or above 24172.4,Range: 24166.3 – 24172.4,,,NO_TRADE,,0.0,0.0,,,LIVE,No trade warranted
2026-08-24 08:40:00,2026-08-24,NIFTY,24150.400390625,SIDEWAYS,NEUTRAL,NO_TRADE,NO_TRADE,30,No valid setup — conditions not satisfied,,,Breakout below 24166.3 or above 24172.4,Range: 24166.3 – 24172.4,,,NO_TRADE,,0.0,0.0,,,LIVE,No trade warranted
2026-08-24 08:45:00,2026-08-24,NIFTY,24154.19921875,SIDEWAYS,NEUTRAL,NO_TRADE,NO_TRADE,30,No valid setup — conditions not satisfied,,,Breakout below 24166.3 or above 24169.0,Range: 24166.3 – 24169.0,,,NO_TRADE,,0.0,0.0,,,LIVE,No trade warranted
2026-08-24 08:50:00,2026-08-24,NIFTY,24149.099609375,SIDEWAYS_TO_BEARISH,MILD_BEARISH,MILD_DIRECTIONAL,CONDITIONAL,40,Conditional — requires breakout above 24169.0 or breakdown below 24166.3,2026-08-24 08:55:00,24160.80078125,Close above 24169.05 invalidates bearish view,S1 24166.3 – S2 24165.2,2026-08-31 04:10:00,24024.400390625,LOSS,-0.5164,222.8359,-4.2672,5,9800,LIVE,Invalidation reached before target
2026-08-24 08:55:00,2026-08-24,NIFTY,24160.80078125,SIDEWAYS,NEUTRAL,NO_TRADE,NO_TRADE,30,No valid setup — conditions not satisfied,,,Breakout below 24165.2 or above 24166.15,Range: 24165.2 – 24166.15,,,NO_TRADE,,0.0,0.0,,,LIVE,No trade warranted
2026-08-24 09:00:00,2026-08-24,NIFTY,24174.44921875,SIDEWAYS,NEUTRAL,NO_TRADE,NO_TRADE,50,No valid setup — conditions not satisfied,,,Breakout below 24165.2 or above 24166.15,Range: 24165.2 – 24166.15,,,NO_TRADE,,0.0,0.0,,,LIVE,No trade warranted
2026-08-24 09:05:00,2026-08-24,NIFTY,24170.80078125,SIDEWAYS,NEUTRAL,NO_TRADE,NO_TRADE,50,No valid setup — conditions not satisfied,,,Breakout below 24163.45 or above 24166.15,Range: 24163.45 – 24166.15,,,NO_TRADE,,0.0,0.0,,,LIVE,No trade warranted
2026-08-24 09:10:00,2026-08-24,NIFTY,24169.05078125,SIDEWAYS,NEUTRAL,NO_TRADE,NO_TRADE,50,No valid setup — conditions not satisfied,,,Breakout below 24163.45 or above 24166.15,Range: 24163.45 – 24166.15,,,NO_TRADE,,0.0,0.0,,,LIVE,No trade warranted
2026-08-24 09:15:00,2026-08-24,NIFTY,24163.55078125,SIDEWAYS,NEUTRAL,NO_TRADE,NO_TRADE,30,No valid setup — conditions not satisfied,,,Breakout below 24163.45 or above 24166.15,Range: 24163.45 – 24166.15,,,NO_TRADE,,0.0,0.0,,,LIVE,No trade warranted
2026-08-24 09:20:00,2026-08-24,NIFTY,24170.5,SIDEWAYS,NEUTRAL,NO_TRADE,NO_TRADE,50,No valid setup — conditions not satisfied,,,Breakout below 24163.45 or above 24166.15,Range: 24163.45 – 24166.15,,,NO_TRADE,,0.0,0.0,,,LIVE,No trade warranted
2026-08-24 09:25:00,2026-08-24,NIFTY,24172.69921875,SIDEWAYS,NEUTRAL,NO_TRADE,NO_TRADE,50,No valid setup — conditions not satisfied,,,Breakout below 24163.45 or above 24166.15,Range: 24163.45 – 24166.15,,,NO_TRADE,,0.0,0.0,,,LIVE,No trade warranted
2026-08-24 09:30:00,2026-08-24,NIFTY,24172.75,SIDEWAYS,NEUTRAL,NO_TRADE,NO_TRADE,50,No valid setup — conditions not satisfied,,,Breakout below 24163.45 or above 24166.15,Range: 24163.45 – 24166.15,,,NO_TRADE,,0.0,0.0,,,LIVE,No trade warranted
2026-08-24 09:35:00,2026-08-24,NIFTY,24173.650390625,SIDEWAYS,NEUTRAL,NO_TRADE,NO_TRADE,50,No valid setup — conditions not satisfied,,,Breakout below 24163.45 or above 24164.65,Range: 24163.45 – 24164.65,,,NO_TRADE,,0.0,0.0,,,LIVE,No trade warranted
2026-08-24 09:40:00,2026-08-24,NIFTY,24182.150390625,SIDEWAYS,NEUTRAL,NO_TRADE,NO_TRADE,50,No valid setup — conditions not satisfied,,,Breakout below 24162.65 or above 24166.15,Range: 24162.65 – 24166.15,,,NO_TRADE,,0.0,0.0,,,LIVE,No trade warranted
2026-08-24 09:45:00,2026-08-24,NIFTY,24182.80078125,SIDEWAYS,NEUTRAL,NO_TRADE,NO_TRADE,50,No valid setup — conditions not satisfied,,,Breakout below 24162.25 or above 24166.15,Range: 24162.25 – 24166.15,,,NO_TRADE,,0.0,0.0,,,LIVE,No trade warranted
2026-08-24 09:50:00,2026-08-24,NIFTY,24182.80078125,SIDEWAYS,NEUTRAL,NO_TRADE,NO_TRADE,50,No valid setup — conditions not satisfied,,,Breakout below 24162.25 or above 24169.0,Range: 24162.25 – 24169.0,,,NO_TRADE,,0.0,0.0,,,LIVE,No trade warranted
2026-08-24 09:55:00,2026-08-24,NIFTY,24219.05078125,SIDEWAYS,NEUTRAL,NO_TRADE,NO_TRADE,30,No valid setup — conditions not satisfied,,,Breakout below 24169.35 or above 24170.1,Range: 24169.35 – 24170.1,,,NO_TRADE,,0.0,0.0,,,LIVE,No trade warranted
2026-08-25 03:45:00,2026-08-25,NIFTY,24184.05078125,SIDEWAYS,NEUTRAL,NO_TRADE,NO_TRADE,50,No valid setup — conditions not satisfied,,,Breakout below — or above —,Range: — – —,,,NO_TRADE,,0.0,0.0,,,LIVE,No trade warranted
2026-08-25 03:50:00,2026-08-25,NIFTY,24175.05078125,SIDEWAYS,NEUTRAL,NO_TRADE,NO_TRADE,50,No valid setup — conditions not satisfied,,,Breakout below — or above —,Range: — – —,,,NO_TRADE,,0.0,0.0,,,LIVE,No trade warranted
2026-08-25 03:55:00,2026-08-25,NIFTY,24181.5,SIDEWAYS,NEUTRAL,NO_TRADE,NO_TRADE,50,No valid setup — conditions not satisfied,,,Breakout below — or above —,Range: — – —,,,NO_TRADE,,0.0,0.0,,,LIVE,No trade warranted
2026-08-25 04:00:00,2026-08-25,NIFTY,24190.900390625,SIDEWAYS,NEUTRAL,NO_TRADE,NO_TRADE,50,No valid setup — conditions not satisfied,,,Breakout below — or above —,Range: — – —,,,NO_TRADE,,0.0,0.0,,,LIVE,No trade warranted
2026-08-25 04:05:00,2026-08-25,NIFTY,24172.80078125,SIDEWAYS,NEUTRAL,NO_TRADE,NO_TRADE,50,No valid setup — conditions not satisfied,,,Breakout below — or above —,Range: — – —,,,NO_TRADE,,0.0,0.0,,,LIVE,No trade warranted
2026-08-25 04:10:00,2026-08-25,NIFTY,24154.849609375,SIDEWAYS,NEUTRAL,NO_TRADE,NO_TRADE,50,No valid setup — conditions not satisfied,,,Breakout below — or above —,Range: — – —,,,NO_TRADE,,0.0,0.0,,,LIVE,No trade warranted
2026-08-25 04:15:00,2026-08-25,NIFTY,24154.150390625,SIDEWAYS,NEUTRAL,NO_TRADE,NO_TRADE,50,No valid setup — conditions not satisfied,,,Breakout below — or above —,Range: — – —,,,NO_TRADE,,0.0,0.0,,,LIVE,No trade warranted
2026-08-25 04:20:00,2026-08-25,NIFTY,24138.099609375,SIDEWAYS,NEUTRAL,NO_TRADE,NO_TRADE,50,No valid setup — conditions not satisfied,,,Breakout below — or above —,Range: — – —,,,NO_TRADE,,0.0,0.0,,,LIVE,No trade warranted
2026-08-25 04:25:00,2026-08-25,NIFTY,24138.849609375,SIDEWAYS,NEUTRAL,NO_TRADE,NO_TRADE,50,No valid setup — conditions not satisfied,,,Breakout below — or above —,Range: — – —,,,NO_TRADE,,0.0,0.0,,,LIVE,No trade warranted
2026-08-25 04:30:00,2026-08-25,NIFTY,24143.900390625,SIDEWAYS,NEUTRAL,NO_TRADE,NO_TRADE,50,No valid setup — conditions not satisfied,,,Breakout below — or above —,Range: — – —,,,NO_TRADE,,0.0,0.0,,,LIVE,No trade warranted
2026-08-25 04:35:00,2026-08-25,NIFTY,24135.05078125,SIDEWAYS,NEUTRAL,NO_TRADE,NO_TRADE,50,No valid setup — conditions not satisfied,,,Breakout below — or above —,Range: — – —,,,NO_TRADE,,0.0,0.0,,,LIVE,No trade warranted
2026-08-25 04:40:00,2026-08-25,NIFTY,24141.19921875,SIDEWAYS,NEUTRAL,NO_TRADE,NO_TRADE,50,No valid setup — conditions not satisfied,,,Breakout below — or above —,Range: — – —,,,NO_TRADE,,0.0,0.0,,,LIVE,No trade warranted
2026-08-25 04:45:00,2026-08-25,NIFTY,24134.099609375,SIDEWAYS,NEUTRAL,NO_TRADE,NO_TRADE,50,No valid setup — conditions not satisfied,,,Breakout below — or above —,Range: — – —,,,NO_TRADE,,0.0,0.0,,,LIVE,No trade warranted
2026-08-25 04:50:00,2026-08-25,NIFTY,24120.5,SIDEWAYS,NEUTRAL,NO_TRADE,NO_TRADE,50,No valid setup — conditions not satisfied,,,Breakout below — or above —,Range: — – —,,,NO_TRADE,,0.0,0.0,,,LIVE,No trade warranted
2026-08-25 04:55:00,2026-08-25,NIFTY,24126.349609375,VOLATILE_EXPANSION,MIXED,NO_TRADE,NO_TRADE,40,No valid setup — conditions not satisfied,,,Close below — or above — with VIX spike,ATR-based range: ±0.00,,,NO_TRADE,,0.0,0.0,,,LIVE,No trade warranted
2026-08-25 05:00:00,2026-08-25,NIFTY,24129.75,VOLATILE_EXPANSION,MIXED,NO_TRADE,NO_TRADE,40,No valid setup — conditions not satisfied,,,Close below — or above — with VIX spike,ATR-based range: ±0.00,,,NO_TRADE,,0.0,0.0,,,LIVE,No trade warranted
2026-08-25 05:05:00,2026-08-25,NIFTY,24131.650390625,VOLATILE_EXPANSION,MIXED,NO_TRADE,NO_TRADE,40,No valid setup — conditions not satisfied,,,Close below — or above — with VIX spike,ATR-based range: ±0.00,,,NO_TRADE,,0.0,0.0,,,LIVE,No trade warranted
2026-08-25 05:10:00,2026-08-25,NIFTY,24135.94921875,VOLATILE_EXPANSION,MIXED,NO_TRADE,NO_TRADE,40,No valid setup — conditions not satisfied,,,Close below — or above — with VIX spike,ATR-based range: ±0.00,,,NO_TRADE,,0.0,0.0,,,LIVE,No trade warranted
2026-08-25 05:15:00,2026-08-25,NIFTY,24154.5,SIDEWAYS,NEUTRAL,NO_TRADE,NO_TRADE,50,No valid setup — conditions not satisfied,,,Breakout below — or above —,Range: — – —,,,NO_TRADE,,0.0,0.0,,,LIVE,No trade warranted
2026-08-25 05:20:00,2026-08-25,NIFTY,24155.400390625,SIDEWAYS,NEUTRAL,NO_TRADE,NO_TRADE,50,No valid setup — conditions not satisfied,,,Breakout below 24149.45 or above 24150.1,Range: 24149.45 – 24150.1,,,NO_TRADE,,0.0,0.0,,,LIVE,No trade warranted
2026-08-25 05:25:00,2026-08-25,NIFTY,24142.69921875,SIDEWAYS,NEUTRAL,NO_TRADE,NO_TRADE,50,No valid setup — conditions not satisfied,,,Breakout below 24141.9 or above 24149.5,Range: 24141.9 – 24149.5,,,NO_TRADE,,0.0,0.0,,,LIVE,No trade warranted
2026-08-25 05:30:00,2026-08-25,NIFTY,24139.80078125,SIDEWAYS,NEUTRAL,NO_TRADE,NO_TRADE,50,No valid setup — conditions not satisfied,,,Breakout below 24141.9 or above 24149.25,Range: 24141.9 – 24149.25,,,NO_TRADE,,0.0,0.0,,,LIVE,No trade warranted
2026-08-25 05:35:00,2026-08-25,NIFTY,24140.650390625,SIDEWAYS,NEUTRAL,NO_TRADE,NO_TRADE,50,No valid setup — conditions not satisfied,,,Breakout below 24141.9 or above 24144.9,Range: 24141.9 – 24144.9,,,NO_TRADE,,0.0,0.0,,,LIVE,No trade warranted
2026-08-25 05:40:00,2026-08-25,NIFTY,24147.55078125,SIDEWAYS,NEUTRAL,NO_TRADE,NO_TRADE,50,No valid setup — conditions not satisfied,,,Breakout below 24137.2 or above 24142.7,Range: 24137.2 – 24142.7,,,NO_TRADE,,0.0,0.0,,,LIVE,No trade warranted
2026-08-25 05:45:00,2026-08-25,NIFTY,24146.19921875,SIDEWAYS,NEUTRAL,NO_TRADE,NO_TRADE,50,No valid setup — conditions not satisfied,,,Breakout below 24137.2 or above 24142.7,Range: 24137.2 – 24142.7,,,NO_TRADE,,0.0,0.0,,,LIVE,No trade warranted
2026-08-25 05:50:00,2026-08-25,NIFTY,24150.75,SIDEWAYS,NEUTRAL,NO_TRADE,NO_TRADE,50,No valid setup — conditions not satisfied,,,Breakout below 24137.2 or above 24140.45,Range: 24137.2 – 24140.45,,,NO_TRADE,,0.0,0.0,,,LIVE,No trade warranted
2026-08-25 05:55:00,2026-08-25,NIFTY,24149.19921875,SIDEWAYS,NEUTRAL,NO_TRADE,NO_TRADE,50,No valid setup — conditions not satisfied,,,Breakout below 24137.2 or above 24140.45,Range: 24137.2 – 24140.45,,,NO_TRADE,,0.0,0.0,,,LIVE,No trade warranted
2026-08-25 06:00:00,2026-08-25,NIFTY,24151.099609375,VOLATILE_EXPANSION,MIXED,NO_TRADE,NO_TRADE,40,No valid setup — conditions not satisfied,,,Close below 24137.2 or above 24142.7 with VIX spike,ATR-based range: ±4.77,,,NO_TRADE,,0.0,0.0,,,LIVE,No trade warranted
2026-08-25 06:05:00,2026-08-25,NIFTY,24152.94921875,VOLATILE_EXPANSION,MIXED,NO_TRADE,NO_TRADE,40,No valid setup — conditions not satisfied,,,Close below 24140.35 or above 24142.7 with VIX spike,ATR-based range: ±4.35,,,NO_TRADE,,0.0,0.0,,,LIVE,No trade warranted
2026-08-25 06:10:00,2026-08-25,NIFTY,24152.05078125,SIDEWAYS,NEUTRAL,NO_TRADE,NO_TRADE,50,No valid setup — conditions not satisfied,,,Breakout below 24141.75 or above 24142.7,Range: 24141.75 – 24142.7,,,NO_TRADE,,0.0,0.0,,,LIVE,No trade warranted
2026-08-25 06:15:00,2026-08-25,NIFTY,24146.30078125,SIDEWAYS,NEUTRAL,NO_TRADE,NO_TRADE,50,No valid setup — conditions not satisfied,,,Breakout below 24141.9 or above 24142.7,Range: 24141.9 – 24142.7,,,NO_TRADE,,0.0,0.0,,,LIVE,No trade warranted
2026-08-25 06:20:00,2026-08-25,NIFTY,24163.150390625,SIDEWAYS,NEUTRAL,NO_TRADE,NO_TRADE,50,No valid setup — conditions not satisfied,,,Breakout below 24143.4 or above 24147.65,Range: 24143.4 – 24147.65,,,NO_TRADE,,0.0,0.0,,,LIVE,No trade warranted
2026-08-25 06:25:00,2026-08-25,NIFTY,24178.30078125,SIDEWAYS,NEUTRAL,NO_TRADE,NO_TRADE,50,No valid setup — conditions not satisfied,,,Breakout below 24145.25 or above 24147.65,Range: 24145.25 – 24147.65,,,NO_TRADE,,0.0,0.0,,,LIVE,No trade warranted
2026-08-25 06:30:00,2026-08-25,NIFTY,24179.55078125,SIDEWAYS,NEUTRAL,NO_TRADE,NO_TRADE,50,No valid setup — conditions not satisfied,,,Breakout below 24146.6 or above 24149.25,Range: 24146.6 – 24149.25,,,NO_TRADE,,0.0,0.0,,,LIVE,No trade warranted
2026-08-25 06:35:00,2026-08-25,NIFTY,24170.80078125,VOLATILE_EXPANSION,MIXED,NO_TRADE,NO_TRADE,40,No valid setup — conditions not satisfied,,,Close below 24148.9 or above 24151.25 with VIX spike,ATR-based range: ±5.05,,,NO_TRADE,,0.0,0.0,,,LIVE,No trade warranted
2026-08-25 06:40:00,2026-08-25,NIFTY,24171.599609375,VOLATILE_EXPANSION,MIXED,NO_TRADE,NO_TRADE,40,No valid setup — conditions not satisfied,,,Close below 24152.2 or above 24154.9 with VIX spike,ATR-based range: ±4.45,,,NO_TRADE,,0.0,0.0,,,LIVE,No trade warranted
2026-08-25 06:45:00,2026-08-25,NIFTY,24173.349609375,VOLATILE_EXPANSION,MIXED,NO_TRADE,NO_TRADE,40,No valid setup — conditions not satisfied,,,Close below 24152.2 or above 24155.35 with VIX spike,ATR-based range: ±4.90,,,NO_TRADE,,0.0,0.0,,,LIVE,No trade warranted
2026-08-25 06:50:00,2026-08-25,NIFTY,24170.55078125,VOLATILE_EXPANSION,MIXED,NO_TRADE,NO_TRADE,40,No valid setup — conditions not satisfied,,,Close below 24152.2 or above 24157.4 with VIX spike,ATR-based range: ±5.53,,,NO_TRADE,,0.0,0.0,,,LIVE,No trade warranted
2026-08-25 06:55:00,2026-08-25,NIFTY,24169.849609375,SIDEWAYS,NEUTRAL,NO_TRADE,NO_TRADE,50,No valid setup — conditions not satisfied,,,Breakout below 24152.2 or above 24157.65,Range: 24152.2 – 24157.65,,,NO_TRADE,,0.0,0.0,,,LIVE,No trade warranted
2026-08-25 07:00:00,2026-08-25,NIFTY,24171.349609375,SIDEWAYS,NEUTRAL,NO_TRADE,NO_TRADE,50,No valid setup — conditions not satisfied,,,Breakout below 24148.9 or above 24161.8,Range: 24148.9 – 24161.8,,,NO_TRADE,,0.0,0.0,,,LIVE,No trade warranted
2026-08-25 07:05:00,2026-08-25,NIFTY,24162.849609375,SIDEWAYS,NEUTRAL,NO_TRADE,NO_TRADE,50,No valid setup — conditions not satisfied,,,Breakout below 24158.1 or above 24163.75,Range: 24158.1 – 24163.75,,,NO_TRADE,,0.0,0.0,,,LIVE,No trade warranted
2026-08-25 07:10:00,2026-08-25,NIFTY,24156.30078125,SIDEWAYS,NEUTRAL,NO_TRADE,NO_TRADE,50,No valid setup — conditions not satisfied,,,Breakout below 24158.1 or above 24163.75,Range: 24158.1 – 24163.75,,,NO_TRADE,,0.0,0.0,,,LIVE,No trade warranted
2026-08-25 07:15:00,2026-08-25,NIFTY,24157.75,SIDEWAYS,NEUTRAL,NO_TRADE,NO_TRADE,50,No valid setup — conditions not satisfied,,,Breakout below 24161.0 or above 24162.25,Range: 24161.0 – 24162.25,,,NO_TRADE,,0.0,0.0,,,LIVE,No trade warranted
2026-08-25 07:20:00,2026-08-25,NIFTY,24152.150390625,SIDEWAYS,NEUTRAL,NO_TRADE,NO_TRADE,50,No valid setup — conditions not satisfied,,,Breakout below 24161.0 or above 24162.25,Range: 24161.0 – 24162.25,,,NO_TRADE,,0.0,0.0,,,LIVE,No trade warranted
2026-08-25 07:25:00,2026-08-25,NIFTY,24157.05078125,SIDEWAYS,NEUTRAL,NO_TRADE,NO_TRADE,50,No valid setup — conditions not satisfied,,,Breakout below 24161.0 or above 24162.25,Range: 24161.0 – 24162.25,,,NO_TRADE,,0.0,0.0,,,LIVE,No trade warranted
2026-08-25 07:30:00,2026-08-25,NIFTY,24144.19921875,SIDEWAYS,NEUTRAL,NO_TRADE,NO_TRADE,50,No valid setup — conditions not satisfied,,,Breakout below 24161.0 or above 24162.25,Range: 24161.0 – 24162.25,,,NO_TRADE,,0.0,0.0,,,LIVE,No trade warranted
2026-08-25 07:35:00,2026-08-25,NIFTY,24139.55078125,VOLATILE_EXPANSION,MIXED,NO_TRADE,NO_TRADE,40,No valid setup — conditions not satisfied,,,Close below 24161.0 or above 24161.15 with VIX spike,ATR-based range: ±2.15,,,NO_TRADE,,0.0,0.0,,,LIVE,No trade warranted
2026-08-25 07:40:00,2026-08-25,NIFTY,24129.900390625,VOLATILE_EXPANSION,MIXED,NO_TRADE,NO_TRADE,40,No valid setup — conditions not satisfied,,,Close below 24158.1 or above 24160.85 with VIX spike,ATR-based range: ±5.83,,,NO_TRADE,,0.0,0.0,,,LIVE,No trade warranted
2026-08-25 07:45:00,2026-08-25,NIFTY,24129.599609375,VOLATILE_EXPANSION,MIXED,NO_TRADE,NO_TRADE,40,No valid setup — conditions not satisfied,,,Close below 24158.1 or above 24160.85 with VIX spike,ATR-based range: ±5.83,,,NO_TRADE,,0.0,0.0,,,LIVE,No trade warranted
2026-08-25 07:50:00,2026-08-25,NIFTY,24125.400390625,SIDEWAYS,NEUTRAL,NO_TRADE,NO_TRADE,30,No valid setup — conditions not satisfied,,,Breakout below 24150.7 or above 24160.85,Range: 24150.7 – 24160.85,,,NO_TRADE,,0.0,0.0,,,LIVE,No trade warranted
2026-08-25 07:55:00,2026-08-25,NIFTY,24126.44921875,SIDEWAYS,NEUTRAL,NO_TRADE,NO_TRADE,30,No valid setup — conditions not satisfied,,,Breakout below 24150.7 or above 24160.85,Range: 24150.7 – 24160.85,,,NO_TRADE,,0.0,0.0,,,LIVE,No trade warranted
2026-08-25 08:00:00,2026-08-25,NIFTY,24132.19921875,SIDEWAYS,NEUTRAL,NO_TRADE,NO_TRADE,30,No valid setup — conditions not satisfied,,,Breakout below 24150.7 or above 24160.85,Range: 24150.7 – 24160.85,,,NO_TRADE,,0.0,0.0,,,LIVE,No trade warranted
2026-08-25 08:05:00,2026-08-25,NIFTY,24137.599609375,SIDEWAYS,NEUTRAL,NO_TRADE,NO_TRADE,30,No valid setup — conditions not satisfied,,,Breakout below 24150.7 or above 24160.85,Range: 24150.7 – 24160.85,,,NO_TRADE,,0.0,0.0,,,LIVE,No trade warranted
2026-08-25 08:10:00,2026-08-25,NIFTY,24140.400390625,SIDEWAYS,NEUTRAL,NO_TRADE,NO_TRADE,30,No valid setup — conditions not satisfied,,,Breakout below 24150.7 or above 24160.85,Range: 24150.7 – 24160.85,,,NO_TRADE,,0.0,0.0,,,LIVE,No trade warranted
2026-08-25 08:15:00,2026-08-25,NIFTY,24133.849609375,SIDEWAYS,NEUTRAL,NO_TRADE,NO_TRADE,30,No valid setup — conditions not satisfied,,,Breakout below 24147.1 or above 24160.85,Range: 24147.1 – 24160.85,,,NO_TRADE,,0.0,0.0,,,LIVE,No trade warranted
2026-08-25 08:20:00,2026-08-25,NIFTY,24177.30078125,SIDEWAYS,NEUTRAL,NO_TRADE,NO_TRADE,30,No valid setup — conditions not satisfied,,,Breakout below 24147.1 or above 24160.85,Range: 24147.1 – 24160.85,,,NO_TRADE,,0.0,0.0,,,LIVE,No trade warranted
2026-08-25 08:25:00,2026-08-25,NIFTY,24156.599609375,SIDEWAYS,NEUTRAL,NO_TRADE,NO_TRADE,30,No valid setup — conditions not satisfied,,,Breakout below 24147.1 or above 24160.85,Range: 24147.1 – 24160.85,,,NO_TRADE,,0.0,0.0,,,LIVE,No trade warranted
2026-08-25 08:30:00,2026-08-25,NIFTY,24156.94921875,SIDEWAYS,NEUTRAL,NO_TRADE,NO_TRADE,30,No valid setup — conditions not satisfied,,,Breakout below 24147.1 or above 24158.4,Range: 24147.1 – 24158.4,,,NO_TRADE,,0.0,0.0,,,LIVE,No trade warranted
2026-08-25 08:35:00,2026-08-25,NIFTY,24153.05078125,SIDEWAYS,NEUTRAL,NO_TRADE,NO_TRADE,50,No valid setup — conditions not satisfied,,,Breakout below 24139.3 or above 24147.45,Range: 24139.3 – 24147.45,,,NO_TRADE,,0.0,0.0,,,LIVE,No trade warranted
2026-08-25 08:40:00,2026-08-25,NIFTY,24154.19921875,SIDEWAYS,NEUTRAL,NO_TRADE,NO_TRADE,30,No valid setup — conditions not satisfied,,,Breakout below 24139.3 or above 24147.45,Range: 24139.3 – 24147.45,,,NO_TRADE,,0.0,0.0,,,LIVE,No trade warranted
2026-08-25 08:45:00,2026-08-25,NIFTY,24158.69921875,SIDEWAYS,NEUTRAL,NO_TRADE,NO_TRADE,30,No valid setup — conditions not satisfied,,,Breakout below 24139.3 or above 24146.0,Range: 24139.3 – 24146.0,,,NO_TRADE,,0.0,0.0,,,LIVE,No trade warranted
2026-08-25 08:50:00,2026-08-25,NIFTY,24160.599609375,SIDEWAYS,NEUTRAL,NO_TRADE,NO_TRADE,30,No valid setup — conditions not satisfied,,,Breakout below 24139.3 or above 24147.45,Range: 24139.3 – 24147.45,,,NO_TRADE,,0.0,0.0,,,LIVE,No trade warranted
2026-08-25 08:55:00,2026-08-25,NIFTY,24181.849609375,SIDEWAYS,NEUTRAL,NO_TRADE,NO_TRADE,30,No valid setup — conditions not satisfied,,,Breakout below 24147.1 or above 24147.45,Range: 24147.1 – 24147.45,,,NO_TRADE,,0.0,0.0,,,LIVE,No trade warranted
2026-08-25 09:00:00,2026-08-25,NIFTY,24196.650390625,SIDEWAYS,NEUTRAL,NO_TRADE,NO_TRADE,30,No valid setup — conditions not satisfied,,,Breakout below 24149.15 or above 24158.4,Range: 24149.15 – 24158.4,,,NO_TRADE,,0.0,0.0,,,LIVE,No trade warranted
2026-08-25 09:05:00,2026-08-25,NIFTY,24198.80078125,SIDEWAYS,NEUTRAL,NO_TRADE,NO_TRADE,30,No valid setup — conditions not satisfied,,,Breakout below 24150.9 or above 24158.4,Range: 24150.9 – 24158.4,,,NO_TRADE,,0.0,0.0,,,LIVE,No trade warranted
2026-08-25 09:10:00,2026-08-25,NIFTY,24209.150390625,SIDEWAYS,NEUTRAL,NO_TRADE,NO_TRADE,30,No valid setup — conditions not satisfied,,,Breakout below 24154.65 or above 24158.4,Range: 24154.65 – 24158.4,,,NO_TRADE,,0.0,0.0,,,LIVE,No trade warranted
2026-08-25 09:15:00,2026-08-25,NIFTY,24224.30078125,SIDEWAYS,NEUTRAL,NO_TRADE,NO_TRADE,30,No valid setup — conditions not satisfied,,,Breakout below 24158.5 or above 24159.4,Range: 24158.5 – 24159.4,,,NO_TRADE,,0.0,0.0,,,LIVE,No trade warranted
2026-08-25 09:20:00,2026-08-25,NIFTY,24238.30078125,SIDEWAYS,NEUTRAL,NO_TRADE,NO_TRADE,30,No valid setup — conditions not satisfied,,,Breakout below 24158.5 or above 24171.25,Range: 24158.5 – 24171.25,,,NO_TRADE,,0.0,0.0,,,LIVE,No trade warranted
2026-08-25 09:25:00,2026-08-25,NIFTY,24253.099609375,SIDEWAYS,NEUTRAL,NO_TRADE,NO_TRADE,30,No valid setup — conditions not satisfied,,,Breakout below 24158.5 or above 24171.25,Range: 24158.5 – 24171.25,,,NO_TRADE,,0.0,0.0,,,LIVE,No trade warranted
2026-08-25 09:30:00,2026-08-25,NIFTY,24251.30078125,SIDEWAYS,NEUTRAL,NO_TRADE,NO_TRADE,30,No valid setup — conditions not satisfied,,,Breakout below 24173.4 or above 24177.3,Range: 24173.4 – 24177.3,,,NO_TRADE,,0.0,0.0,,,LIVE,No trade warranted
2026-08-25 09:35:00,2026-08-25,NIFTY,24248.650390625,SIDEWAYS,NEUTRAL,NO_TRADE,NO_TRADE,30,No valid setup — conditions not satisfied,,,Breakout below 24173.4 or above 24185.2,Range: 24173.4 – 24185.2,,,NO_TRADE,,0.0,0.0,,,LIVE,No trade warranted
2026-08-25 09:40:00,2026-08-25,NIFTY,24260.150390625,SIDEWAYS,NEUTRAL,NO_TRADE,NO_TRADE,30,No valid setup — conditions not satisfied,,,Breakout below 24185.8 or above 24210.7,Range: 24185.8 – 24210.7,,,NO_TRADE,,0.0,0.0,,,LIVE,No trade warranted
2026-08-25 09:45:00,2026-08-25,NIFTY,24260.05078125,SIDEWAYS,NEUTRAL,NO_TRADE,NO_TRADE,30,No valid setup — conditions not satisfied,,,Breakout below 24185.8 or above 24210.7,Range: 24185.8 – 24210.7,,,NO_TRADE,,0.0,0.0,,,LIVE,No trade warranted
2026-08-25 09:50:00,2026-08-25,NIFTY,24260.05078125,SIDEWAYS,NEUTRAL,NO_TRADE,NO_TRADE,30,No valid setup — conditions not satisfied,,,Breakout below 24195.8 or above 24210.7,Range: 24195.8 – 24210.7,,,NO_TRADE,,0.0,0.0,,,LIVE,No trade warranted
2026-08-25 09:55:00,2026-08-25,NIFTY,24334.55078125,SIDEWAYS,NEUTRAL,NO_TRADE,NO_TRADE,30,No valid setup — conditions not satisfied,,,Breakout below 24207.05 or above 24212.3,Range: 24207.05 – 24212.3,,,NO_TRADE,,0.0,0.0,,,LIVE,No trade warranted
2026-08-26 03:45:00,2026-08-26,NIFTY,24318.30078125,SIDEWAYS,NEUTRAL,NO_TRADE,NO_TRADE,50,No valid setup — conditions not satisfied,,,Breakout below — or above —,Range: — – —,,,NO_TRADE,,0.0,0.0,,,LIVE,No trade warranted
2026-08-26 03:50:00,2026-08-26,NIFTY,24354.0,SIDEWAYS,NEUTRAL,NO_TRADE,NO_TRADE,50,No valid setup — conditions not satisfied,,,Breakout below — or above —,Range: — – —,,,NO_TRADE,,0.0,0.0,,,LIVE,No trade warranted
2026-08-26 03:55:00,2026-08-26,NIFTY,24351.150390625,SIDEWAYS,NEUTRAL,NO_TRADE,NO_TRADE,50,No valid setup — conditions not satisfied,,,Breakout below — or above —,Range: — – —,,,NO_TRADE,,0.0,0.0,,,LIVE,No trade warranted
2026-08-26 04:00:00,2026-08-26,NIFTY,24344.650390625,SIDEWAYS,NEUTRAL,NO_TRADE,NO_TRADE,50,No valid setup — conditions not satisfied,,,Breakout below — or above —,Range: — – —,,,NO_TRADE,,0.0,0.0,,,LIVE,No trade warranted
2026-08-26 04:05:00,2026-08-26,NIFTY,24356.05078125,SIDEWAYS,NEUTRAL,NO_TRADE,NO_TRADE,50,No valid setup — conditions not satisfied,,,Breakout below — or above —,Range: — – —,,,NO_TRADE,,0.0,0.0,,,LIVE,No trade warranted
2026-08-26 04:10:00,2026-08-26,NIFTY,24371.599609375,SIDEWAYS,NEUTRAL,NO_TRADE,NO_TRADE,50,No valid setup — conditions not satisfied,,,Breakout below — or above —,Range: — – —,,,NO_TRADE,,0.0,0.0,,,LIVE,No trade warranted
2026-08-26 04:15:00,2026-08-26,NIFTY,24370.0,SIDEWAYS,NEUTRAL,NO_TRADE,NO_TRADE,50,No valid setup — conditions not satisfied,,,Breakout below — or above —,Range: — – —,,,NO_TRADE,,0.0,0.0,,,LIVE,No trade warranted
2026-08-26 04:20:00,2026-08-26,NIFTY,24364.849609375,SIDEWAYS,NEUTRAL,NO_TRADE,NO_TRADE,50,No valid setup — conditions not satisfied,,,Breakout below — or above —,Range: — – —,,,NO_TRADE,,0.0,0.0,,,LIVE,No trade warranted
2026-08-26 04:25:00,2026-08-26,NIFTY,24365.80078125,SIDEWAYS,NEUTRAL,NO_TRADE,NO_TRADE,50,No valid setup — conditions not satisfied,,,Breakout below — or above —,Range: — – —,,,NO_TRADE,,0.0,0.0,,,LIVE,No trade warranted
2026-08-26 04:30:00,2026-08-26,NIFTY,24358.0,SIDEWAYS,NEUTRAL,NO_TRADE,NO_TRADE,50,No valid setup — conditions not satisfied,,,Breakout below — or above —,Range: — – —,,,NO_TRADE,,0.0,0.0,,,LIVE,No trade warranted
2026-08-26 04:35:00,2026-08-26,NIFTY,24346.30078125,SIDEWAYS,NEUTRAL,NO_TRADE,NO_TRADE,50,No valid setup — conditions not satisfied,,,Breakout below — or above —,Range: — – —,,,NO_TRADE,,0.0,0.0,,,LIVE,No trade warranted
2026-08-26 04:40:00,2026-08-26,NIFTY,24342.94921875,SIDEWAYS,NEUTRAL,NO_TRADE,NO_TRADE,50,No valid setup — conditions not satisfied,,,Breakout below — or above —,Range: — – —,,,NO_TRADE,,0.0,0.0,,,LIVE,No trade warranted
2026-08-26 04:45:00,2026-08-26,NIFTY,24318.349609375,SIDEWAYS,NEUTRAL,NO_TRADE,NO_TRADE,50,No valid setup — conditions not satisfied,,,Breakout below — or above —,Range: — – —,,,NO_TRADE,,0.0,0.0,,,LIVE,No trade warranted
2026-08-26 04:50:00,2026-08-26,NIFTY,24302.400390625,SIDEWAYS,NEUTRAL,NO_TRADE,NO_TRADE,50,No valid setup — conditions not satisfied,,,Breakout below — or above —,Range: — – —,,,NO_TRADE,,0.0,0.0,,,LIVE,No trade warranted
2026-08-26 04:55:00,2026-08-26,NIFTY,24304.599609375,VOLATILE_EXPANSION,MIXED,NO_TRADE,NO_TRADE,40,No valid setup — conditions not satisfied,,,Close below — or above — with VIX spike,ATR-based range: ±0.00,,,NO_TRADE,,0.0,0.0,,,LIVE,No trade warranted
2026-08-26 05:00:00,2026-08-26,NIFTY,24318.05078125,SIDEWAYS,NEUTRAL,NO_TRADE,NO_TRADE,50,No valid setup — conditions not satisfied,,,Breakout below — or above —,Range: — – —,,,NO_TRADE,,0.0,0.0,,,LIVE,No trade warranted
2026-08-26 05:05:00,2026-08-26,NIFTY,24320.849609375,SIDEWAYS,NEUTRAL,NO_TRADE,NO_TRADE,50,No valid setup — conditions not satisfied,,,Breakout below — or above —,Range: — – —,,,NO_TRADE,,0.0,0.0,,,LIVE,No trade warranted
2026-08-26 05:10:00,2026-08-26,NIFTY,24327.44921875,SIDEWAYS,NEUTRAL,NO_TRADE,NO_TRADE,50,No valid setup — conditions not satisfied,,,Breakout below — or above —,Range: — – —,,,NO_TRADE,,0.0,0.0,,,LIVE,No trade warranted
2026-08-26 05:15:00,2026-08-26,NIFTY,24317.900390625,SIDEWAYS,NEUTRAL,NO_TRADE,NO_TRADE,50,No valid setup — conditions not satisfied,,,Breakout below — or above —,Range: — – —,,,NO_TRADE,,0.0,0.0,,,LIVE,No trade warranted
2026-08-26 05:20:00,2026-08-26,NIFTY,24319.349609375,VOLATILE_EXPANSION,MIXED,NO_TRADE,NO_TRADE,40,No valid setup — conditions not satisfied,,,Close below 24333.45 or above 24348.3 with VIX spike,ATR-based range: ±19.15,,,NO_TRADE,,0.0,0.0,,,LIVE,No trade warranted
2026-08-26 05:25:00,2026-08-26,NIFTY,24320.400390625,VOLATILE_EXPANSION,MIXED,NO_TRADE,NO_TRADE,40,No valid setup — conditions not satisfied,,,Close below 24333.45 or above 24348.3 with VIX spike,ATR-based range: ±18.98,,,NO_TRADE,,0.0,0.0,,,LIVE,No trade warranted
2026-08-26 05:30:00,2026-08-26,NIFTY,24312.849609375,VOLATILE_EXPANSION,MIXED,NO_TRADE,NO_TRADE,40,No valid setup — conditions not satisfied,,,Close below 24333.45 or above 24348.3 with VIX spike,ATR-based range: ±18.98,,,NO_TRADE,,0.0,0.0,,,LIVE,No trade warranted
2026-08-26 05:35:00,2026-08-26,NIFTY,24321.55078125,VOLATILE_EXPANSION,MIXED,NO_TRADE,NO_TRADE,40,No valid setup — conditions not satisfied,,,Close below 24333.45 or above 24348.3 with VIX spike,ATR-based range: ±18.98,,,NO_TRADE,,0.0,0.0,,,LIVE,No trade warranted
2026-08-26 05:40:00,2026-08-26,NIFTY,24330.80078125,SIDEWAYS,NEUTRAL,NO_TRADE,NO_TRADE,50,No valid setup — conditions not satisfied,,,Breakout below 24333.45 or above 24348.3,Range: 24333.45 – 24348.3,,,NO_TRADE,,0.0,0.0,,,LIVE,No trade warranted
2026-08-26 05:45:00,2026-08-26,NIFTY,24310.19921875,SIDEWAYS,NEUTRAL,NO_TRADE,NO_TRADE,50,No valid setup — conditions not satisfied,,,Breakout below 24320.0 or above 24332.65,Range: 24320.0 – 24332.65,,,NO_TRADE,,0.0,0.0,,,LIVE,No trade warranted
2026-08-26 05:50:00,2026-08-26,NIFTY,24303.099609375,SIDEWAYS,NEUTRAL,NO_TRADE,NO_TRADE,50,No valid setup — conditions not satisfied,,,Breakout below 24320.0 or above 24328.95,Range: 24320.0 – 24328.95,,,NO_TRADE,,0.0,0.0,,,LIVE,No trade warranted
2026-08-26 05:55:00,2026-08-26,NIFTY,24304.94921875,SIDEWAYS,NEUTRAL,NO_TRADE,NO_TRADE,50,No valid setup — conditions not satisfied,,,Breakout below 24320.0 or above 24328.95,Range: 24320.0 – 24328.95,,,NO_TRADE,,0.0,0.0,,,LIVE,No trade warranted
2026-08-26 06:00:00,2026-08-26,NIFTY,24301.25,SIDEWAYS,NEUTRAL,NO_TRADE,NO_TRADE,50,No valid setup — conditions not satisfied,,,Breakout below 24320.0 or above 24323.95,Range: 24320.0 – 24323.95,,,NO_TRADE,,0.0,0.0,,,LIVE,No trade warranted
2026-08-26 06:05:00,2026-08-26,NIFTY,24309.69921875,SIDEWAYS,NEUTRAL,NO_TRADE,NO_TRADE,50,No valid setup — conditions not satisfied,,,Breakout below 24317.8 or above 24320.15,Range: 24317.8 – 24320.15,,,NO_TRADE,,0.0,0.0,,,LIVE,No trade warranted
2026-08-26 06:10:00,2026-08-26,NIFTY,24308.19921875,SIDEWAYS,NEUTRAL,NO_TRADE,NO_TRADE,50,No valid setup — conditions not satisfied,,,Breakout below 24316.8 or above 24320.15,Range: 24316.8 – 24320.15,,,NO_TRADE,,0.0,0.0,,,LIVE,No trade warranted
2026-08-26 06:15:00,2026-08-26,NIFTY,24299.599609375,SIDEWAYS,NEUTRAL,NO_TRADE,NO_TRADE,50,No valid setup — conditions not satisfied,,,Breakout below 24312.9 or above 24320.15,Range: 24312.9 – 24320.15,,,NO_TRADE,,0.0,0.0,,,LIVE,No trade warranted
2026-08-26 06:20:00,2026-08-26,NIFTY,24285.150390625,VOLATILE_EXPANSION,MIXED,NO_TRADE,NO_TRADE,40,No valid setup — conditions not satisfied,,,Close below 24309.6 or above 24313.4 with VIX spike,ATR-based range: ±6.65,,,NO_TRADE,,0.0,0.0,,,LIVE,No trade warranted
2026-08-26 06:25:00,2026-08-26,NIFTY,24288.44921875,VOLATILE_EXPANSION,MIXED,NO_TRADE,NO_TRADE,40,No valid setup — conditions not satisfied,,,Close below 24309.6 or above 24311.6 with VIX spike,ATR-based range: ±3.90,,,NO_TRADE,,0.0,0.0,,,LIVE,No trade warranted
2026-08-26 06:30:00,2026-08-26,NIFTY,24276.44921875,VOLATILE_EXPANSION,MIXED,NO_TRADE,NO_TRADE,40,No valid setup — conditions not satisfied,,,Close below 24306.9 or above 24309.1 with VIX spike,ATR-based range: ±2.88,,,NO_TRADE,,0.0,0.0,,,LIVE,No trade warranted
2026-08-26 06:35:00,2026-08-26,NIFTY,24270.400390625,VOLATILE_EXPANSION,MIXED,NO_TRADE,NO_TRADE,40,No valid setup — conditions not satisfied,,,Close below 24306.9 or above 24309.1 with VIX spike,ATR-based range: ±2.88,,,NO_TRADE,,0.0,0.0,,,LIVE,No trade warranted
2026-08-26 06:40:00,2026-08-26,NIFTY,24280.75,VOLATILE_EXPANSION,MIXED,NO_TRADE,NO_TRADE,40,No valid setup — conditions not satisfied,,,Close below 24300.7 or above 24306.55 with VIX spike,ATR-based range: ±5.60,,,NO_TRADE,,0.0,0.0,,,LIVE,No trade warranted
2026-08-26 06:45:00,2026-08-26,NIFTY,24288.0,VOLATILE_EXPANSION,MIXED,NO_TRADE,NO_TRADE,40,No valid setup — conditions not satisfied,,,Close below 24300.7 or above 24306.55 with VIX spike,ATR-based range: ±5.60,,,NO_TRADE,,0.0,0.0,,,LIVE,No trade warranted
2026-08-26 06:50:00,2026-08-26,NIFTY,24290.349609375,VOLATILE_EXPANSION,MIXED,NO_TRADE,NO_TRADE,40,No valid setup — conditions not satisfied,,,Close below 24300.7 or above 24306.55 with VIX spike,ATR-based range: ±5.60,,,NO_TRADE,,0.0,0.0,,,LIVE,No trade warranted
2026-08-26 06:55:00,2026-08-26,NIFTY,24278.099609375,VOLATILE_EXPANSION,MIXED,NO_TRADE,NO_TRADE,40,No valid setup — conditions not satisfied,,,Close below 24298.05 or above 24301.2 with VIX spike,ATR-based range: ±8.17,,,NO_TRADE,,0.0,0.0,,,LIVE,No trade warranted
2026-08-26 07:00:00,2026-08-26,NIFTY,24279.5,VOLATILE_EXPANSION,MIXED,NO_TRADE,NO_TRADE,40,No valid setup — conditions not satisfied,,,Close below 24297.95 or above 24301.2 with VIX spike,ATR-based range: ±12.95,,,NO_TRADE,,0.0,0.0,,,LIVE,No trade warranted
2026-08-26 07:05:00,2026-08-26,NIFTY,24277.69921875,VOLATILE_EXPANSION,MIXED,NO_TRADE,NO_TRADE,40,No valid setup — conditions not satisfied,,,Close below 24292.75 or above 24301.2 with VIX spike,ATR-based range: ±13.07,,,NO_TRADE,,0.0,0.0,,,LIVE,No trade warranted
2026-08-26 07:10:00,2026-08-26,NIFTY,24283.900390625,VOLATILE_EXPANSION,MIXED,NO_TRADE,NO_TRADE,40,No valid setup — conditions not satisfied,,,Close below 24292.75 or above 24295.15 with VIX spike,ATR-based range: ±11.80,,,NO_TRADE,,0.0,0.0,,,LIVE,No trade warranted
2026-08-26 07:15:00,2026-08-26,NIFTY,24277.5,VOLATILE_EXPANSION,MIXED,NO_TRADE,NO_TRADE,40,No valid setup — conditions not satisfied,,,Close below 24283.2 or above 24295.15 with VIX spike,ATR-based range: ±14.38,,,NO_TRADE,,0.0,0.0,,,LIVE,No trade warranted
2026-08-26 07:20:00,2026-08-26,NIFTY,24277.69921875,VOLATILE_EXPANSION,MIXED,NO_TRADE,NO_TRADE,40,No valid setup — conditions not satisfied,,,Close below 24283.2 or above 24290.05 with VIX spike,ATR-based range: ±6.80,,,NO_TRADE,,0.0,0.0,,,LIVE,No trade warranted
2026-08-26 07:25:00,2026-08-26,NIFTY,24279.05078125,VOLATILE_EXPANSION,MIXED,NO_TRADE,NO_TRADE,40,No valid setup — conditions not satisfied,,,Close below 24283.2 or above 24289.05 with VIX spike,ATR-based range: ±6.45,,,NO_TRADE,,0.0,0.0,,,LIVE,No trade warranted
2026-08-26 07:30:00,2026-08-26,NIFTY,24274.099609375,VOLATILE_EXPANSION,MIXED,NO_TRADE,NO_TRADE,40,No valid setup — conditions not satisfied,,,Close below 24283.2 or above 24289.05 with VIX spike,ATR-based range: ±6.45,,,NO_TRADE,,0.0,0.0,,,LIVE,No trade warranted
2026-08-26 07:35:00,2026-08-26,NIFTY,24273.30078125,SIDEWAYS,NEUTRAL,NO_TRADE,NO_TRADE,50,No valid setup — conditions not satisfied,,,Breakout below 24283.2 or above 24285.45,Range: 24283.2 – 24285.45,,,NO_TRADE,,0.0,0.0,,,LIVE,No trade warranted
2026-08-26 07:40:00,2026-08-26,NIFTY,24269.19921875,SIDEWAYS,NEUTRAL,NO_TRADE,NO_TRADE,50,No valid setup — conditions not satisfied,,,Breakout below 24283.2 or above 24284.6,Range: 24283.2 – 24284.6,,,NO_TRADE,,0.0,0.0,,,LIVE,No trade warranted
2026-08-26 07:45:00,2026-08-26,NIFTY,24263.599609375,VOLATILE_EXPANSION,MIXED,NO_TRADE,NO_TRADE,40,No valid setup — conditions not satisfied,,,Close below 24277.8 or above 24281.45 with VIX spike,ATR-based range: ±3.38,,,NO_TRADE,,0.0,0.0,,,LIVE,No trade warranted
2026-08-26 07:50:00,2026-08-26,NIFTY,24258.599609375,SIDEWAYS_TO_BEARISH,MILD_BEARISH,MILD_DIRECTIONAL,CONDITIONAL,40,Conditional — requires breakout above 24279.2 or breakdown below 24277.8,2026-08-26 07:55:00,24265.44921875,Close above 24280.95 invalidates bearish view,S1 24277.8 – S2 24277.2,2026-08-27 06:35:00,24133.80078125,LOSS,-0.5145,220.1704,-4.6994,5,1365,LIVE,Invalidation reached before target
2026-08-26 07:55:00,2026-08-26,NIFTY,24265.44921875,SIDEWAYS,NEUTRAL,NO_TRADE,NO_TRADE,30,No valid setup — conditions not satisfied,,,Breakout below 24276.3 or above 24279.2,Range: 24276.3 – 24279.2,,,NO_TRADE,,0.0,0.0,,,LIVE,No trade warranted
2026-08-26 08:00:00,2026-08-26,NIFTY,24267.0,SIDEWAYS,NEUTRAL,NO_TRADE,NO_TRADE,30,No valid setup — conditions not satisfied,,,Breakout below 24274.8 or above 24279.2,Range: 24274.8 – 24279.2,,,NO_TRADE,,0.0,0.0,,,LIVE,No trade warranted
2026-08-26 08:05:00,2026-08-26,NIFTY,24264.94921875,SIDEWAYS,NEUTRAL,NO_TRADE,NO_TRADE,30,No valid setup — conditions not satisfied,,,Breakout below 24273.75 or above 24279.2,Range: 24273.75 – 24279.2,,,NO_TRADE,,0.0,0.0,,,LIVE,No trade warranted
2026-08-26 08:10:00,2026-08-26,NIFTY,24261.900390625,SIDEWAYS_TO_BEARISH,MILD_BEARISH,MILD_DIRECTIONAL,CONDITIONAL,40,Conditional — requires breakout above 24274.5 or breakdown below 24273.75,2026-08-26 08:15:00,24262.05078125,Close above 24279.2 invalidates bearish view,S1 24273.75 – S2 24273.7,2026-08-27 05:50:00,24138.0,LOSS,-0.5107,220.1268,-4.7123,5,1300,LIVE,Invalidation reached before target
2026-08-26 08:15:00,2026-08-26,NIFTY,24262.05078125,SIDEWAYS,NEUTRAL,NO_TRADE,NO_TRADE,30,No valid setup — conditions not satisfied,,,Breakout below 24272.35 or above 24274.5,Range: 24272.35 – 24274.5,,,NO_TRADE,,0.0,0.0,,,LIVE,No trade warranted
2026-08-26 08:20:00,2026-08-26,NIFTY,24264.650390625,SIDEWAYS,NEUTRAL,NO_TRADE,NO_TRADE,30,No valid setup — conditions not satisfied,,,Breakout below 24272.35 or above 24274.5,Range: 24272.35 – 24274.5,,,NO_TRADE,,0.0,0.0,,,LIVE,No trade warranted
2026-08-26 08:25:00,2026-08-26,NIFTY,24263.349609375,SIDEWAYS_TO_BEARISH,MILD_BEARISH,MILD_DIRECTIONAL,CONDITIONAL,40,Conditional — requires breakout above 24274.5 or breakdown below 24268.9,2026-08-26 08:30:00,24267.650390625,Close above 24279.2 invalidates bearish view,S1 24268.9 – S2 24268.25,2026-08-27 05:50:00,24138.0,LOSS,-0.5166,220.1077,-4.718,5,1285,LIVE,Invalidation reached before target
2026-08-26 08:30:00,2026-08-26,NIFTY,24267.650390625,SIDEWAYS_TO_BEARISH,MILD_BEARISH,MILD_DIRECTIONAL,CONDITIONAL,40,Conditional — requires breakout above 24271.25 or breakdown below 24268.9,2026-08-26 08:35:00,24266.05078125,Close above 24274.5 invalidates bearish view,S1 24268.9 – S2 24268.25,2026-08-27 05:45:00,24146.19921875,LOSS,-0.5005,220.051,-4.7349,5,1275,LIVE,Invalidation reached before target
2026-08-26 08:35:00,2026-08-26,NIFTY,24266.05078125,SIDEWAYS_TO_BEARISH,MILD_BEARISH,MILD_DIRECTIONAL,CONDITIONAL,40,Conditional — requires breakout above 24269.95 or breakdown below 24268.9,2026-08-26 08:40:00,24273.5,Close above 24271.25 invalidates bearish view,S1 24268.9 – S2 24268.25,2026-08-27 05:50:00,24138.0,LOSS,-0.5277,220.0721,-4.7286,5,1275,LIVE,Invalidation reached before target
2026-08-26 08:40:00,2026-08-26,NIFTY,24273.5,SIDEWAYS,NEUTRAL,NO_TRADE,NO_TRADE,50,No valid setup — conditions not satisfied,,,Breakout below 24268.25 or above 24269.95,Range: 24268.25 – 24269.95,,,NO_TRADE,,0.0,0.0,,,LIVE,No trade warranted
2026-08-26 08:45:00,2026-08-26,NIFTY,24275.599609375,SIDEWAYS,NEUTRAL,NO_TRADE,NO_TRADE,50,No valid setup — conditions not satisfied,,,Breakout below 24268.25 or above 24269.95,Range: 24268.25 – 24269.95,,,NO_TRADE,,0.0,0.0,,,LIVE,No trade warranted
2026-08-26 08:50:00,2026-08-26,NIFTY,24273.099609375,SIDEWAYS,NEUTRAL,NO_TRADE,NO_TRADE,50,No valid setup — conditions not satisfied,,,Breakout below 24268.25 or above 24269.0,Range: 24268.25 – 24269.0,,,NO_TRADE,,0.0,0.0,,,LIVE,No trade warranted
2026-08-26 08:55:00,2026-08-26,NIFTY,24273.25,VOLATILE_EXPANSION,MIXED,NO_TRADE,NO_TRADE,40,No valid setup — conditions not satisfied,,,Close below 24268.25 or above 24269.0 with VIX spike,ATR-based range: ±1.95,,,NO_TRADE,,0.0,0.0,,,LIVE,No trade warranted
2026-08-26 09:00:00,2026-08-26,NIFTY,24278.5,VOLATILE_EXPANSION,MIXED,NO_TRADE,NO_TRADE,40,No valid setup — conditions not satisfied,,,Close below 24268.25 or above 24269.0 with VIX spike,ATR-based range: ±1.95,,,NO_TRADE,,0.0,0.0,,,LIVE,No trade warranted
2026-08-26 09:05:00,2026-08-26,NIFTY,24278.150390625,VOLATILE_EXPANSION,MIXED,NO_TRADE,NO_TRADE,40,No valid setup — conditions not satisfied,,,Close below 24268.25 or above 24269.0 with VIX spike,ATR-based range: ±1.95,,,NO_TRADE,,0.0,0.0,,,LIVE,No trade warranted
2026-08-26 09:10:00,2026-08-26,NIFTY,24278.69921875,VOLATILE_EXPANSION,MIXED,NO_TRADE,NO_TRADE,40,No valid setup — conditions not satisfied,,,Close below 24268.15 or above 24269.0 with VIX spike,ATR-based range: ±3.30,,,NO_TRADE,,0.0,0.0,,,LIVE,No trade warranted
2026-08-26 09:15:00,2026-08-26,NIFTY,24290.80078125,SIDEWAYS,NEUTRAL,NO_TRADE,NO_TRADE,30,No valid setup — conditions not satisfied,,,Breakout below 24268.15 or above 24269.95,Range: 24268.15 – 24269.95,,,NO_TRADE,,0.0,0.0,,,LIVE,No trade warranted
2026-08-26 09:20:00,2026-08-26,NIFTY,24294.0,SIDEWAYS,NEUTRAL,NO_TRADE,NO_TRADE,30,No valid setup — conditions not satisfied,,,Breakout below 24270.1 or above 24271.25,Range: 24270.1 – 24271.25,,,NO_TRADE,,0.0,0.0,,,LIVE,No trade warranted
2026-08-26 09:25:00,2026-08-26,NIFTY,24290.80078125,SIDEWAYS,NEUTRAL,NO_TRADE,NO_TRADE,30,No valid setup — conditions not satisfied,,,Breakout below 24271.4 or above 24276.5,Range: 24271.4 – 24276.5,,,NO_TRADE,,0.0,0.0,,,LIVE,No trade warranted
2026-08-26 09:30:00,2026-08-26,NIFTY,24287.5,SIDEWAYS,NEUTRAL,NO_TRADE,NO_TRADE,30,No valid setup — conditions not satisfied,,,Breakout below 24272.8 or above 24276.5,Range: 24272.8 – 24276.5,,,NO_TRADE,,0.0,0.0,,,LIVE,No trade warranted
2026-08-26 09:35:00,2026-08-26,NIFTY,24275.349609375,SIDEWAYS,NEUTRAL,NO_TRADE,NO_TRADE,30,No valid setup — conditions not satisfied,,,Breakout below 24272.8 or above 24276.5,Range: 24272.8 – 24276.5,,,NO_TRADE,,0.0,0.0,,,LIVE,No trade warranted
2026-08-26 09:40:00,2026-08-26,NIFTY,24276.599609375,SIDEWAYS,NEUTRAL,NO_TRADE,NO_TRADE,30,No valid setup — conditions not satisfied,,,Breakout below 24272.8 or above 24276.5,Range: 24272.8 – 24276.5,,,NO_TRADE,,0.0,0.0,,,LIVE,No trade warranted
2026-08-26 09:45:00,2026-08-26,NIFTY,24276.900390625,SIDEWAYS,NEUTRAL,NO_TRADE,NO_TRADE,30,No valid setup — conditions not satisfied,,,Breakout below 24275.2 or above 24276.5,Range: 24275.2 – 24276.5,,,NO_TRADE,,0.0,0.0,,,LIVE,No trade warranted
2026-08-26 09:50:00,2026-08-26,NIFTY,24276.900390625,SIDEWAYS,NEUTRAL,NO_TRADE,NO_TRADE,30,No valid setup — conditions not satisfied,,,Breakout below 24275.2 or above 24276.5,Range: 24275.2 – 24276.5,,,NO_TRADE,,0.0,0.0,,,LIVE,No trade warranted
2026-08-26 09:55:00,2026-08-26,NIFTY,24207.75,SIDEWAYS,NEUTRAL,NO_TRADE,NO_TRADE,30,No valid setup — conditions not satisfied,,,Breakout below 24272.8 or above 24276.5,Range: 24272.8 – 24276.5,,,NO_TRADE,,0.0,0.0,,,LIVE,No trade warranted
2026-08-27 03:45:00,2026-08-27,NIFTY,24250.05078125,SIDEWAYS,NEUTRAL,NO_TRADE,NO_TRADE,50,No valid setup — conditions not satisfied,,,Breakout below — or above —,Range: — – —,,,NO_TRADE,,0.0,0.0,,,LIVE,No trade warranted
2026-08-27 03:50:00,2026-08-27,NIFTY,24224.650390625,SIDEWAYS,NEUTRAL,NO_TRADE,NO_TRADE,50,No valid setup — conditions not satisfied,,,Breakout below — or above —,Range: — – —,,,NO_TRADE,,0.0,0.0,,,LIVE,No trade warranted
2026-08-27 03:55:00,2026-08-27,NIFTY,24201.099609375,SIDEWAYS,NEUTRAL,NO_TRADE,NO_TRADE,50,No valid setup — conditions not satisfied,,,Breakout below — or above —,Range: — – —,,,NO_TRADE,,0.0,0.0,,,LIVE,No trade warranted
2026-08-27 04:00:00,2026-08-27,NIFTY,24210.849609375,SIDEWAYS,NEUTRAL,NO_TRADE,NO_TRADE,50,No valid setup — conditions not satisfied,,,Breakout below — or above —,Range: — – —,,,NO_TRADE,,0.0,0.0,,,LIVE,No trade warranted
2026-08-27 04:05:00,2026-08-27,NIFTY,24198.650390625,SIDEWAYS,NEUTRAL,NO_TRADE,NO_TRADE,50,No valid setup — conditions not satisfied,,,Breakout below — or above —,Range: — – —,,,NO_TRADE,,0.0,0.0,,,LIVE,No trade warranted
2026-08-27 04:10:00,2026-08-27,NIFTY,24214.400390625,SIDEWAYS,NEUTRAL,NO_TRADE,NO_TRADE,50,No valid setup — conditions not satisfied,,,Breakout below — or above —,Range: — – —,,,NO_TRADE,,0.0,0.0,,,LIVE,No trade warranted
2026-08-27 04:15:00,2026-08-27,NIFTY,24225.099609375,SIDEWAYS,NEUTRAL,NO_TRADE,NO_TRADE,50,No valid setup — conditions not satisfied,,,Breakout below — or above —,Range: — – —,,,NO_TRADE,,0.0,0.0,,,LIVE,No trade warranted
2026-08-27 04:20:00,2026-08-27,NIFTY,24210.099609375,SIDEWAYS,NEUTRAL,NO_TRADE,NO_TRADE,50,No valid setup — conditions not satisfied,,,Breakout below — or above —,Range: — – —,,,NO_TRADE,,0.0,0.0,,,LIVE,No trade warranted
2026-08-27 04:25:00,2026-08-27,NIFTY,24196.75,SIDEWAYS,NEUTRAL,NO_TRADE,NO_TRADE,50,No valid setup — conditions not satisfied,,,Breakout below — or above —,Range: — – —,,,NO_TRADE,,0.0,0.0,,,LIVE,No trade warranted
2026-08-27 04:30:00,2026-08-27,NIFTY,24191.25,SIDEWAYS,NEUTRAL,NO_TRADE,NO_TRADE,50,No valid setup — conditions not satisfied,,,Breakout below — or above —,Range: — – —,,,NO_TRADE,,0.0,0.0,,,LIVE,No trade warranted
2026-08-27 04:35:00,2026-08-27,NIFTY,24195.80078125,SIDEWAYS,NEUTRAL,NO_TRADE,NO_TRADE,50,No valid setup — conditions not satisfied,,,Breakout below — or above —,Range: — – —,,,NO_TRADE,,0.0,0.0,,,LIVE,No trade warranted
2026-08-27 04:40:00,2026-08-27,NIFTY,24183.55078125,SIDEWAYS,NEUTRAL,NO_TRADE,NO_TRADE,50,No valid setup — conditions not satisfied,,,Breakout below — or above —,Range: — – —,,,NO_TRADE,,0.0,0.0,,,LIVE,No trade warranted
2026-08-27 04:45:00,2026-08-27,NIFTY,24188.30078125,SIDEWAYS,NEUTRAL,NO_TRADE,NO_TRADE,50,No valid setup — conditions not satisfied,,,Breakout below — or above —,Range: — – —,,,NO_TRADE,,0.0,0.0,,,LIVE,No trade warranted
2026-08-27 04:50:00,2026-08-27,NIFTY,24184.650390625,SIDEWAYS,NEUTRAL,NO_TRADE,NO_TRADE,50,No valid setup — conditions not satisfied,,,Breakout below — or above —,Range: — – —,,,NO_TRADE,,0.0,0.0,,,LIVE,No trade warranted
2026-08-27 04:55:00,2026-08-27,NIFTY,24182.5,VOLATILE_EXPANSION,MIXED,NO_TRADE,NO_TRADE,40,No valid setup — conditions not satisfied,,,Close below — or above — with VIX spike,ATR-based range: ±0.00,,,NO_TRADE,,0.0,0.0,,,LIVE,No trade warranted
2026-08-27 05:00:00,2026-08-27,NIFTY,24188.55078125,VOLATILE_EXPANSION,MIXED,NO_TRADE,NO_TRADE,40,No valid setup — conditions not satisfied,,,Close below — or above — with VIX spike,ATR-based range: ±0.00,,,NO_TRADE,,0.0,0.0,,,LIVE,No trade warranted
2026-08-27 05:05:00,2026-08-27,NIFTY,24184.25,VOLATILE_EXPANSION,MIXED,NO_TRADE,NO_TRADE,40,No valid setup — conditions not satisfied,,,Close below — or above — with VIX spike,ATR-based range: ±0.00,,,NO_TRADE,,0.0,0.0,,,LIVE,No trade warranted
2026-08-27 05:10:00,2026-08-27,NIFTY,24169.099609375,VOLATILE_EXPANSION,MIXED,NO_TRADE,NO_TRADE,40,No valid setup — conditions not satisfied,,,Close below — or above — with VIX spike,ATR-based range: ±0.00,,,NO_TRADE,,0.0,0.0,,,LIVE,No trade warranted
2026-08-27 05:15:00,2026-08-27,NIFTY,24171.599609375,VOLATILE_EXPANSION,MIXED,NO_TRADE,NO_TRADE,40,No valid setup — conditions not satisfied,,,Close below — or above — with VIX spike,ATR-based range: ±0.00,,,NO_TRADE,,0.0,0.0,,,LIVE,No trade warranted
2026-08-27 05:20:00,2026-08-27,NIFTY,24162.19921875,VOLATILE_EXPANSION,MIXED,NO_TRADE,NO_TRADE,40,No valid setup — conditions not satisfied,,,Close below 24195.95 or above 24197.1 with VIX spike,ATR-based range: ±11.00,,,NO_TRADE,,0.0,0.0,,,LIVE,No trade warranted
2026-08-27 05:25:00,2026-08-27,NIFTY,24159.650390625,VOLATILE_EXPANSION,MIXED,NO_TRADE,NO_TRADE,40,No valid setup — conditions not satisfied,,,Close below 24189.3 or above 24192.3 with VIX spike,ATR-based range: ±6.88,,,NO_TRADE,,0.0,0.0,,,LIVE,No trade warranted
2026-08-27 05:30:00,2026-08-27,NIFTY,24163.55078125,VOLATILE_EXPANSION,MIXED,NO_TRADE,NO_TRADE,40,No valid setup — conditions not satisfied,,,Close below 24188.8 or above 24190.45 with VIX spike,ATR-based range: ±4.33,,,NO_TRADE,,0.0,0.0,,,LIVE,No trade warranted
2026-08-27 05:35:00,2026-08-27,NIFTY,24166.150390625,VOLATILE_EXPANSION,MIXED,NO_TRADE,NO_TRADE,40,No valid setup — conditions not satisfied,,,Close below 24183.35 or above 24190.45 with VIX spike,ATR-based range: ±4.70,,,NO_TRADE,,0.0,0.0,,,LIVE,No trade warranted
2026-08-27 05:40:00,2026-08-27,NIFTY,24155.849609375,VOLATILE_EXPANSION,MIXED,NO_TRADE,NO_TRADE,40,No valid setup — conditions not satisfied,,,Close below 24183.35 or above 24187.2 with VIX spike,ATR-based range: ±4.42,,,NO_TRADE,,0.0,0.0,,,LIVE,No trade warranted
2026-08-27 05:45:00,2026-08-27,NIFTY,24146.349609375,VOLATILE_EXPANSION,MIXED,NO_TRADE,NO_TRADE,40,No valid setup — conditions not satisfied,,,Close below 24181.55 or above 24187.2 with VIX spike,ATR-based range: ±5.40,,,NO_TRADE,,0.0,0.0,,,LIVE,No trade warranted
2026-08-27 05:50:00,2026-08-27,NIFTY,24140.19921875,VOLATILE_EXPANSION,MIXED,NO_TRADE,NO_TRADE,40,No valid setup — conditions not satisfied,,,Close below 24178.25 or above 24179.75 with VIX spike,ATR-based range: ±11.33,,,NO_TRADE,,0.0,0.0,,,LIVE,No trade warranted
2026-08-27 05:55:00,2026-08-27,NIFTY,24144.05078125,VOLATILE_EXPANSION,MIXED,NO_TRADE,NO_TRADE,40,No valid setup — conditions not satisfied,,,Close below 24169.1 or above 24174.3 with VIX spike,ATR-based range: ±13.23,,,NO_TRADE,,0.0,0.0,,,LIVE,No trade warranted
2026-08-27 06:00:00,2026-08-27,NIFTY,24156.400390625,VOLATILE_EXPANSION,MIXED,NO_TRADE,NO_TRADE,40,No valid setup — conditions not satisfied,,,Close below 24169.1 or above 24174.3 with VIX spike,ATR-based range: ±13.23,,,NO_TRADE,,0.0,0.0,,,LIVE,No trade warranted
2026-08-27 06:05:00,2026-08-27,NIFTY,24155.349609375,VOLATILE_EXPANSION,MIXED,NO_TRADE,NO_TRADE,40,No valid setup — conditions not satisfied,,,Close below 24169.1 or above 24174.3 with VIX spike,ATR-based range: ±13.23,,,NO_TRADE,,0.0,0.0,,,LIVE,No trade warranted
2026-08-27 06:10:00,2026-08-27,NIFTY,24151.55078125,VOLATILE_EXPANSION,MIXED,NO_TRADE,NO_TRADE,40,No valid setup — conditions not satisfied,,,Close below 24160.75 or above 24168.75 with VIX spike,ATR-based range: ±12.00,,,NO_TRADE,,0.0,0.0,,,LIVE,No trade warranted
2026-08-27 06:15:00,2026-08-27,NIFTY,24148.44921875,VOLATILE_EXPANSION,MIXED,NO_TRADE,NO_TRADE,40,No valid setup — conditions not satisfied,,,Close below 24160.75 or above 24167.45 with VIX spike,ATR-based range: ±9.27,,,NO_TRADE,,0.0,0.0,,,LIVE,No trade warranted
2026-08-27 06:20:00,2026-08-27,NIFTY,24152.849609375,VOLATILE_EXPANSION,MIXED,NO_TRADE,NO_TRADE,40,No valid setup — conditions not satisfied,,,Close below 24160.75 or above 24164.6 with VIX spike,ATR-based range: ±5.85,,,NO_TRADE,,0.0,0.0,,,LIVE,No trade warranted
2026-08-27 06:25:00,2026-08-27,NIFTY,24158.80078125,VOLATILE_EXPANSION,MIXED,NO_TRADE,NO_TRADE,40,No valid setup — conditions not satisfied,,,Close below 24160.75 or above 24162.2 with VIX spike,ATR-based range: ±4.42,,,NO_TRADE,,0.0,0.0,,,LIVE,No trade warranted
2026-08-27 06:30:00,2026-08-27,NIFTY,24153.69921875,VOLATILE_EXPANSION,MIXED,NO_TRADE,NO_TRADE,40,No valid setup — conditions not satisfied,,,Close below 24157.85 or above 24162.2 with VIX spike,ATR-based range: ±5.17,,,NO_TRADE,,0.0,0.0,,,LIVE,No trade warranted
2026-08-27 06:35:00,2026-08-27,NIFTY,24142.099609375,VOLATILE_EXPANSION,MIXED,NO_TRADE,NO_TRADE,40,No valid setup — conditions not satisfied,,,Close below 24157.85 or above 24158.75 with VIX spike,ATR-based range: ±3.12,,,NO_TRADE,,0.0,0.0,,,LIVE,No trade warranted
2026-08-27 06:40:00,2026-08-27,NIFTY,24154.849609375,VOLATILE_EXPANSION,MIXED,NO_TRADE,NO_TRADE,40,No valid setup — conditions not satisfied,,,Close below 24155.75 or above 24157.3 with VIX spike,ATR-based range: ±2.80,,,NO_TRADE,,0.0,0.0,,,LIVE,No trade warranted
2026-08-27 06:45:00,2026-08-27,NIFTY,24146.5,VOLATILE_EXPANSION,MIXED,NO_TRADE,NO_TRADE,40,No valid setup — conditions not satisfied,,,Close below 24154.25 or above 24155.65 with VIX spike,ATR-based range: ±2.50,,,NO_TRADE,,0.0,0.0,,,LIVE,No trade warranted
2026-08-27 06:50:00,2026-08-27,NIFTY,24143.05078125,VOLATILE_EXPANSION,MIXED,NO_TRADE,NO_TRADE,40,No valid setup — conditions not satisfied,,,Close below 24153.15 or above 24154.1 with VIX spike,ATR-based range: ±3.48,,,NO_TRADE,,0.0,0.0,,,LIVE,No trade warranted
2026-08-27 06:55:00,2026-08-27,NIFTY,24158.349609375,SIDEWAYS,NEUTRAL,NO_TRADE,NO_TRADE,50,No valid setup — conditions not satisfied,,,Breakout below 24152.3 or above 24154.1,Range: 24152.3 – 24154.1,,,NO_TRADE,,0.0,0.0,,,LIVE,No trade warranted
2026-08-27 07:00:00,2026-08-27,NIFTY,24159.69921875,SIDEWAYS,NEUTRAL,NO_TRADE,NO_TRADE,50,No valid setup — conditions not satisfied,,,Breakout below 24152.3 or above 24154.1,Range: 24152.3 – 24154.1,,,NO_TRADE,,0.0,0.0,,,LIVE,No trade warranted
2026-08-27 07:05:00,2026-08-27,NIFTY,24174.25,SIDEWAYS,NEUTRAL,NO_TRADE,NO_TRADE,50,No valid setup — conditions not satisfied,,,Breakout below 24153.35 or above 24154.1,Range: 24153.35 – 24154.1,,,NO_TRADE,,0.0,0.0,,,LIVE,No trade warranted
2026-08-27 07:10:00,2026-08-27,NIFTY,24173.0,SIDEWAYS,NEUTRAL,NO_TRADE,NO_TRADE,50,No valid setup — conditions not satisfied,,,Breakout below 24153.35 or above 24154.1,Range: 24153.35 – 24154.1,,,NO_TRADE,,0.0,0.0,,,LIVE,No trade warranted
2026-08-27 07:15:00,2026-08-27,NIFTY,24176.5,SIDEWAYS,NEUTRAL,NO_TRADE,NO_TRADE,50,No valid setup — conditions not satisfied,,,Breakout below 24153.35 or above 24155.65,Range: 24153.35 – 24155.65,,,NO_TRADE,,0.0,0.0,,,LIVE,No trade warranted
2026-08-27 07:20:00,2026-08-27,NIFTY,24186.55078125,VOLATILE_EXPANSION,MIXED,NO_TRADE,NO_TRADE,40,No valid setup — conditions not satisfied,,,Close below 24153.35 or above 24156.2 with VIX spike,ATR-based range: ±2.85,,,NO_TRADE,,0.0,0.0,,,LIVE,No trade warranted
2026-08-27 07:25:00,2026-08-27,NIFTY,24180.05078125,VOLATILE_EXPANSION,MIXED,NO_TRADE,NO_TRADE,40,No valid setup — conditions not satisfied,,,Close below 24153.35 or above 24158.0 with VIX spike,ATR-based range: ±4.10,,,NO_TRADE,,0.0,0.0,,,LIVE,No trade warranted
2026-08-27 07:30:00,2026-08-27,NIFTY,24181.900390625,VOLATILE_EXPANSION,MIXED,NO_TRADE,NO_TRADE,40,No valid setup — conditions not satisfied,,,Close below 24153.35 or above 24160.15 with VIX spike,ATR-based range: ±4.73,,,NO_TRADE,,0.0,0.0,,,LIVE,No trade warranted
2026-08-27 07:35:00,2026-08-27,NIFTY,24182.75,VOLATILE_EXPANSION,MIXED,NO_TRADE,NO_TRADE,40,No valid setup — conditions not satisfied,,,Close below 24153.35 or above 24162.2 with VIX spike,ATR-based range: ±5.55,,,NO_TRADE,,0.0,0.0,,,LIVE,No trade warranted
2026-08-27 07:40:00,2026-08-27,NIFTY,24194.099609375,VOLATILE_EXPANSION,MIXED,NO_TRADE,NO_TRADE,40,No valid setup — conditions not satisfied,,,Close below 24153.35 or above 24176.75 with VIX spike,ATR-based range: ±13.05,,,NO_TRADE,,0.0,0.0,,,LIVE,No trade warranted
2026-08-27 07:45:00,2026-08-27,NIFTY,24186.30078125,VOLATILE_EXPANSION,MIXED,NO_TRADE,NO_TRADE,40,No valid setup — conditions not satisfied,,,Close below 24153.35 or above 24176.75 with VIX spike,ATR-based range: ±14.10,,,NO_TRADE,,0.0,0.0,,,LIVE,No trade warranted
2026-08-27 07:50:00,2026-08-27,NIFTY,24193.0,SIDEWAYS,NEUTRAL,NO_TRADE,NO_TRADE,30,No valid setup — conditions not satisfied,,,Breakout below 24166.9 or above 24176.75,Range: 24166.9 – 24176.75,,,NO_TRADE,,0.0,0.0,,,LIVE,No trade warranted
2026-08-27 07:55:00,2026-08-27,NIFTY,24182.30078125,VOLATILE_EXPANSION,MIXED,NO_TRADE,NO_TRADE,40,No valid setup — conditions not satisfied,,,Close below 24167.4 or above 24176.75 with VIX spike,ATR-based range: ±6.20,,,NO_TRADE,,0.0,0.0,,,LIVE,No trade warranted
2026-08-27 08:00:00,2026-08-27,NIFTY,24176.94921875,VOLATILE_EXPANSION,MIXED,NO_TRADE,NO_TRADE,40,No valid setup — conditions not satisfied,,,Close below 24167.8 or above 24176.75 with VIX spike,ATR-based range: ±5.75,,,NO_TRADE,,0.0,0.0,,,LIVE,No trade warranted
2026-08-27 08:05:00,2026-08-27,NIFTY,24179.099609375,VOLATILE_EXPANSION,MIXED,NO_TRADE,NO_TRADE,40,No valid setup — conditions not satisfied,,,Close below 24167.8 or above 24176.75 with VIX spike,ATR-based range: ±5.75,,,NO_TRADE,,0.0,0.0,,,LIVE,No trade warranted
2026-08-27 08:10:00,2026-08-27,NIFTY,24163.900390625,SIDEWAYS,NEUTRAL,NO_TRADE,NO_TRADE,30,No valid setup — conditions not satisfied,,,Breakout below 24171.55 or above 24176.75,Range: 24171.55 – 24176.75,,,NO_TRADE,,0.0,0.0,,,LIVE,No trade warranted
2026-08-27 08:15:00,2026-08-27,NIFTY,24143.349609375,SIDEWAYS_TO_BEARISH,MILD_BEARISH,MILD_DIRECTIONAL,CONDITIONAL,40,Conditional — requires breakout above 24176.75 or breakdown below 24171.55,2026-08-27 08:20:00,24138.25,Close above 24177.4 invalidates bearish view,S1 24171.55 – S2 24167.8,2026-08-31 04:15:00,24019.650390625,LOSS,-0.5124,220.1695,-4.2444,5,5520,LIVE,Invalidation reached before target
2026-08-27 08:20:00,2026-08-27,NIFTY,24138.25,SIDEWAYS_TO_BEARISH,MILD_BEARISH,MILD_DIRECTIONAL,CONDITIONAL,40,Conditional — requires breakout above 24176.75 or breakdown below 24167.8,2026-08-27 08:25:00,24131.25,Close above 24177.4 invalidates bearish view,S1 24167.8 – S2 24167.4,2026-08-31 04:25:00,24013.25,LOSS,-0.5179,220.2371,-4.2242,5,5525,LIVE,Invalidation reached before target
2026-08-27 08:25:00,2026-08-27,NIFTY,24131.25,SIDEWAYS,NEUTRAL,NO_TRADE,NO_TRADE,30,No valid setup — conditions not satisfied,,,Breakout below 24167.8 or above 24176.75,Range: 24167.8 – 24176.75,,,NO_TRADE,,0.0,0.0,,,LIVE,No trade warranted
2026-08-27 08:30:00,2026-08-27,NIFTY,24129.099609375,SIDEWAYS,NEUTRAL,NO_TRADE,NO_TRADE,30,No valid setup — conditions not satisfied,,,Breakout below 24167.8 or above 24176.75,Range: 24167.8 – 24176.75,,,NO_TRADE,,0.0,0.0,,,LIVE,No trade warranted
2026-08-27 08:35:00,2026-08-27,NIFTY,24123.94921875,SIDEWAYS,NEUTRAL,NO_TRADE,NO_TRADE,30,No valid setup — conditions not satisfied,,,Breakout below 24167.8 or above 24176.75,Range: 24167.8 – 24176.75,,,NO_TRADE,,0.0,0.0,,,LIVE,No trade warranted
2026-08-27 08:40:00,2026-08-27,NIFTY,24131.75,SIDEWAYS,NEUTRAL,NO_TRADE,NO_TRADE,30,No valid setup — conditions not satisfied,,,Breakout below 24166.0 or above 24176.75,Range: 24166.0 – 24176.75,,,NO_TRADE,,0.0,0.0,,,LIVE,No trade warranted
2026-08-27 08:45:00,2026-08-27,NIFTY,24142.69921875,SIDEWAYS,NEUTRAL,NO_TRADE,NO_TRADE,30,No valid setup — conditions not satisfied,,,Breakout below 24163.15 or above 24165.15,Range: 24163.15 – 24165.15,,,NO_TRADE,,0.0,0.0,,,LIVE,No trade warranted
2026-08-27 08:50:00,2026-08-27,NIFTY,24148.75,SIDEWAYS,NEUTRAL,NO_TRADE,NO_TRADE,30,No valid setup — conditions not satisfied,,,Breakout below 24163.15 or above 24165.15,Range: 24163.15 – 24165.15,,,NO_TRADE,,0.0,0.0,,,LIVE,No trade warranted
2026-08-27 08:55:00,2026-08-27,NIFTY,24158.0,VOLATILE_EXPANSION,MIXED,NO_TRADE,NO_TRADE,40,No valid setup — conditions not satisfied,,,Close below 24144.05 or above 24165.15 with VIX spike,ATR-based range: ±22.70,,,NO_TRADE,,0.0,0.0,,,LIVE,No trade warranted
2026-08-27 09:00:00,2026-08-27,NIFTY,24152.94921875,SIDEWAYS,NEUTRAL,NO_TRADE,NO_TRADE,30,No valid setup — conditions not satisfied,,,Breakout below 24144.05 or above 24165.15,Range: 24144.05 – 24165.15,,,NO_TRADE,,0.0,0.0,,,LIVE,No trade warranted
2026-08-27 09:05:00,2026-08-27,NIFTY,24153.400390625,SIDEWAYS_TO_BEARISH,MILD_BEARISH,MILD_DIRECTIONAL,CONDITIONAL,40,Conditional — requires breakout above 24165.15 or breakdown below 24144.05,2026-08-27 09:10:00,24143.30078125,Close above 24167.2 invalidates bearish view,S1 24144.05 – S2 24138.85,2026-08-31 04:10:00,24024.400390625,LOSS,-0.5341,220.0363,-4.2843,5,5465,LIVE,Invalidation reached before target
2026-08-27 09:10:00,2026-08-27,NIFTY,24143.30078125,SIDEWAYS_TO_BEARISH,MILD_BEARISH,MILD_DIRECTIONAL,CONDITIONAL,40,Conditional — requires breakout above 24158.0 or breakdown below 24144.05,2026-08-27 09:15:00,24152.19921875,Close above 24165.15 invalidates bearish view,S1 24144.05 – S2 24139.35,2026-08-31 04:15:00,24019.650390625,LOSS,-0.5122,220.1701,-4.2442,5,5465,LIVE,Invalidation reached before target
2026-08-27 09:15:00,2026-08-27,NIFTY,24152.19921875,SIDEWAYS_TO_BEARISH,MILD_BEARISH,MILD_DIRECTIONAL,CONDITIONAL,40,Conditional — requires breakout above 24158.0 or breakdown below 24144.05,2026-08-27 09:35:00,24143.25,Close above 24165.15 invalidates bearish view,S1 24144.05 – S2 24140.9,2026-08-31 04:10:00,24024.400390625,LOSS,-0.5291,220.0522,-4.2795,20,5455,LIVE,Invalidation reached before target
2026-08-27 09:20:00,2026-08-27,NIFTY,24149.55078125,SIDEWAYS,NEUTRAL,NO_TRADE,NO_TRADE,30,No valid setup — conditions not satisfied,,,Breakout below 24144.65 or above 24154.4,Range: 24144.65 – 24154.4,,,NO_TRADE,,0.0,0.0,,,LIVE,No trade warranted
2026-08-27 09:25:00,2026-08-27,NIFTY,24156.30078125,VOLATILE_EXPANSION,MIXED,NO_TRADE,NO_TRADE,40,No valid setup — conditions not satisfied,,,Close below 24147.85 or above 24153.8 with VIX spike,ATR-based range: ±5.40,,,NO_TRADE,,0.0,0.0,,,LIVE,No trade warranted
2026-08-27 09:30:00,2026-08-27,NIFTY,24148.099609375,SIDEWAYS,NEUTRAL,NO_TRADE,NO_TRADE,30,No valid setup — conditions not satisfied,,,Breakout below 24147.85 or above 24153.8,Range: 24147.85 – 24153.8,,,NO_TRADE,,0.0,0.0,,,LIVE,No trade warranted
2026-08-27 09:35:00,2026-08-27,NIFTY,24143.25,SIDEWAYS,NEUTRAL,NO_TRADE,NO_TRADE,30,No valid setup — conditions not satisfied,,,Breakout below 24147.85 or above 24149.35,Range: 24147.85 – 24149.35,,,NO_TRADE,,0.0,0.0,,,LIVE,No trade warranted
2026-08-27 09:40:00,2026-08-27,NIFTY,24134.30078125,SIDEWAYS,NEUTRAL,NO_TRADE,NO_TRADE,30,No valid setup — conditions not satisfied,,,Breakout below 24144.65 or above 24146.95,Range: 24144.65 – 24146.95,,,NO_TRADE,,0.0,0.0,,,LIVE,No trade warranted
2026-08-27 09:45:00,2026-08-27,NIFTY,24133.05078125,SIDEWAYS,NEUTRAL,NO_TRADE,NO_TRADE,30,No valid setup — conditions not satisfied,,,Breakout below 24140.9 or above 24144.0,Range: 24140.9 – 24144.0,,,NO_TRADE,,0.0,0.0,,,LIVE,No trade warranted
2026-08-27 09:50:00,2026-08-27,NIFTY,24133.05078125,SIDEWAYS,NEUTRAL,NO_TRADE,NO_TRADE,30,No valid setup — conditions not satisfied,,,Breakout below 24140.9 or above 24143.05,Range: 24140.9 – 24143.05,,,NO_TRADE,,0.0,0.0,,,LIVE,No trade warranted
2026-08-27 09:55:00,2026-08-27,NIFTY,24090.849609375,SIDEWAYS,NEUTRAL,NO_TRADE,NO_TRADE,30,No valid setup — conditions not satisfied,,,Breakout below 24139.35 or above 24139.9,Range: 24139.35 – 24139.9,,,NO_TRADE,,0.0,0.0,,,LIVE,No trade warranted
2026-08-28 03:45:00,2026-08-28,NIFTY,24112.19921875,SIDEWAYS,NEUTRAL,NO_TRADE,NO_TRADE,50,No valid setup — conditions not satisfied,,,Breakout below — or above —,Range: — – —,,,NO_TRADE,,0.0,0.0,,,LIVE,No trade warranted
2026-08-28 03:50:00,2026-08-28,NIFTY,24129.55078125,SIDEWAYS,NEUTRAL,NO_TRADE,NO_TRADE,50,No valid setup — conditions not satisfied,,,Breakout below — or above —,Range: — – —,,,NO_TRADE,,0.0,0.0,,,LIVE,No trade warranted
2026-08-28 03:55:00,2026-08-28,NIFTY,24149.55078125,SIDEWAYS,NEUTRAL,NO_TRADE,NO_TRADE,50,No valid setup — conditions not satisfied,,,Breakout below — or above —,Range: — – —,,,NO_TRADE,,0.0,0.0,,,LIVE,No trade warranted
2026-08-28 04:00:00,2026-08-28,NIFTY,24145.44921875,SIDEWAYS,NEUTRAL,NO_TRADE,NO_TRADE,50,No valid setup — conditions not satisfied,,,Breakout below — or above —,Range: — – —,,,NO_TRADE,,0.0,0.0,,,LIVE,No trade warranted
2026-08-28 04:05:00,2026-08-28,NIFTY,24140.349609375,SIDEWAYS,NEUTRAL,NO_TRADE,NO_TRADE,50,No valid setup — conditions not satisfied,,,Breakout below — or above —,Range: — – —,,,NO_TRADE,,0.0,0.0,,,LIVE,No trade warranted
2026-08-28 04:10:00,2026-08-28,NIFTY,24160.900390625,SIDEWAYS,NEUTRAL,NO_TRADE,NO_TRADE,50,No valid setup — conditions not satisfied,,,Breakout below — or above —,Range: — – —,,,NO_TRADE,,0.0,0.0,,,LIVE,No trade warranted
2026-08-28 04:15:00,2026-08-28,NIFTY,24146.94921875,SIDEWAYS,NEUTRAL,NO_TRADE,NO_TRADE,50,No valid setup — conditions not satisfied,,,Breakout below — or above —,Range: — – —,,,NO_TRADE,,0.0,0.0,,,LIVE,No trade warranted
2026-08-28 04:20:00,2026-08-28,NIFTY,24154.900390625,SIDEWAYS,NEUTRAL,NO_TRADE,NO_TRADE,50,No valid setup — conditions not satisfied,,,Breakout below — or above —,Range: — – —,,,NO_TRADE,,0.0,0.0,,,LIVE,No trade warranted
2026-08-28 04:25:00,2026-08-28,NIFTY,24156.5,SIDEWAYS,NEUTRAL,NO_TRADE,NO_TRADE,50,No valid setup — conditions not satisfied,,,Breakout below — or above —,Range: — – —,,,NO_TRADE,,0.0,0.0,,,LIVE,No trade warranted
2026-08-28 04:30:00,2026-08-28,NIFTY,24146.05078125,SIDEWAYS,NEUTRAL,NO_TRADE,NO_TRADE,50,No valid setup — conditions not satisfied,,,Breakout below — or above —,Range: — – —,,,NO_TRADE,,0.0,0.0,,,LIVE,No trade warranted
2026-08-28 04:35:00,2026-08-28,NIFTY,24151.94921875,SIDEWAYS,NEUTRAL,NO_TRADE,NO_TRADE,50,No valid setup — conditions not satisfied,,,Breakout below — or above —,Range: — – —,,,NO_TRADE,,0.0,0.0,,,LIVE,No trade warranted
2026-08-28 04:40:00,2026-08-28,NIFTY,24167.19921875,SIDEWAYS,NEUTRAL,NO_TRADE,NO_TRADE,50,No valid setup — conditions not satisfied,,,Breakout below — or above —,Range: — – —,,,NO_TRADE,,0.0,0.0,,,LIVE,No trade warranted
2026-08-28 04:45:00,2026-08-28,NIFTY,24165.0,SIDEWAYS,NEUTRAL,NO_TRADE,NO_TRADE,50,No valid setup — conditions not satisfied,,,Breakout below — or above —,Range: — – —,,,NO_TRADE,,0.0,0.0,,,LIVE,No trade warranted
2026-08-28 04:50:00,2026-08-28,NIFTY,24170.19921875,SIDEWAYS,NEUTRAL,NO_TRADE,NO_TRADE,50,No valid setup — conditions not satisfied,,,Breakout below — or above —,Range: — – —,,,NO_TRADE,,0.0,0.0,,,LIVE,No trade warranted
2026-08-28 04:55:00,2026-08-28,NIFTY,24169.849609375,VOLATILE_EXPANSION,MIXED,NO_TRADE,NO_TRADE,40,No valid setup — conditions not satisfied,,,Close below — or above — with VIX spike,ATR-based range: ±0.00,,,NO_TRADE,,0.0,0.0,,,LIVE,No trade warranted
2026-08-28 05:00:00,2026-08-28,NIFTY,24160.80078125,VOLATILE_EXPANSION,MIXED,NO_TRADE,NO_TRADE,40,No valid setup — conditions not satisfied,,,Close below — or above — with VIX spike,ATR-based range: ±0.00,,,NO_TRADE,,0.0,0.0,,,LIVE,No trade warranted
2026-08-28 05:05:00,2026-08-28,NIFTY,24161.94921875,SIDEWAYS,NEUTRAL,NO_TRADE,NO_TRADE,50,No valid setup — conditions not satisfied,,,Breakout below — or above —,Range: — – —,,,NO_TRADE,,0.0,0.0,,,LIVE,No trade warranted
2026-08-28 05:10:00,2026-08-28,NIFTY,24156.150390625,SIDEWAYS,NEUTRAL,NO_TRADE,NO_TRADE,50,No valid setup — conditions not satisfied,,,Breakout below — or above —,Range: — – —,,,NO_TRADE,,0.0,0.0,,,LIVE,No trade warranted
2026-08-28 05:15:00,2026-08-28,NIFTY,24163.400390625,SIDEWAYS,NEUTRAL,NO_TRADE,NO_TRADE,50,No valid setup — conditions not satisfied,,,Breakout below — or above —,Range: — – —,,,NO_TRADE,,0.0,0.0,,,LIVE,No trade warranted
2026-08-28 05:20:00,2026-08-28,NIFTY,24155.599609375,SIDEWAYS,NEUTRAL,NO_TRADE,NO_TRADE,50,No valid setup — conditions not satisfied,,,Breakout below 24152.75 or above 24154.9,Range: 24152.75 – 24154.9,,,NO_TRADE,,0.0,0.0,,,LIVE,No trade warranted
2026-08-28 05:25:00,2026-08-28,NIFTY,24155.69921875,SIDEWAYS,NEUTRAL,NO_TRADE,NO_TRADE,50,No valid setup — conditions not satisfied,,,Breakout below 24154.75 or above 24155.7,Range: 24154.75 – 24155.7,,,NO_TRADE,,0.0,0.0,,,LIVE,No trade warranted
2026-08-28 05:30:00,2026-08-28,NIFTY,24160.25,SIDEWAYS,NEUTRAL,NO_TRADE,NO_TRADE,50,No valid setup — conditions not satisfied,,,Breakout below 24155.45 or above 24157.65,Range: 24155.45 – 24157.65,,,NO_TRADE,,0.0,0.0,,,LIVE,No trade warranted
2026-08-28 05:35:00,2026-08-28,NIFTY,24142.44921875,SIDEWAYS,NEUTRAL,NO_TRADE,NO_TRADE,50,No valid setup — conditions not satisfied,,,Breakout below 24155.45 or above 24158.65,Range: 24155.45 – 24158.65,,,NO_TRADE,,0.0,0.0,,,LIVE,No trade warranted
2026-08-28 05:40:00,2026-08-28,NIFTY,24160.94921875,SIDEWAYS,NEUTRAL,NO_TRADE,NO_TRADE,50,No valid setup — conditions not satisfied,,,Breakout below 24157.35 or above 24158.65,Range: 24157.35 – 24158.65,,,NO_TRADE,,0.0,0.0,,,LIVE,No trade warranted
2026-08-28 05:45:00,2026-08-28,NIFTY,24151.5,SIDEWAYS,NEUTRAL,NO_TRADE,NO_TRADE,50,No valid setup — conditions not satisfied,,,Breakout below 24157.35 or above 24158.65,Range: 24157.35 – 24158.65,,,NO_TRADE,,0.0,0.0,,,LIVE,No trade warranted
2026-08-28 05:50:00,2026-08-28,NIFTY,24140.5,SIDEWAYS,NEUTRAL,NO_TRADE,NO_TRADE,50,No valid setup — conditions not satisfied,,,Breakout below 24155.45 or above 24158.65,Range: 24155.45 – 24158.65,,,NO_TRADE,,0.0,0.0,,,LIVE,No trade warranted
2026-08-28 05:55:00,2026-08-28,NIFTY,24117.849609375,VOLATILE_EXPANSION,MIXED,NO_TRADE,NO_TRADE,40,No valid setup — conditions not satisfied,,,Close below 24154.75 or above 24155.7 with VIX spike,ATR-based range: ±3.25,,,NO_TRADE,,0.0,0.0,,,LIVE,No trade warranted
2026-08-28 06:00:00,2026-08-28,NIFTY,24107.75,VOLATILE_EXPANSION,MIXED,NO_TRADE,NO_TRADE,40,No valid setup — conditions not satisfied,,,Close below 24152.75 or above 24158.65 with VIX spike,ATR-based range: ±4.80,,,NO_TRADE,,0.0,0.0,,,LIVE,No trade warranted
2026-08-28 06:05:00,2026-08-28,NIFTY,24101.30078125,VOLATILE_EXPANSION,MIXED,NO_TRADE,NO_TRADE,40,No valid setup — conditions not satisfied,,,Close below 24149.75 or above 24152.3 with VIX spike,ATR-based range: ±6.93,,,NO_TRADE,,0.0,0.0,,,LIVE,No trade warranted
2026-08-28 06:10:00,2026-08-28,NIFTY,24105.69921875,VOLATILE_EXPANSION,MIXED,NO_TRADE,NO_TRADE,40,No valid setup — conditions not satisfied,,,Close below 24147.85 or above 24152.3 with VIX spike,ATR-based range: ±10.20,,,NO_TRADE,,0.0,0.0,,,LIVE,No trade warranted
2026-08-28 06:15:00,2026-08-28,NIFTY,24105.599609375,VOLATILE_EXPANSION,MIXED,NO_TRADE,NO_TRADE,40,No valid setup — conditions not satisfied,,,Close below 24141.95 or above 24152.3 with VIX spike,ATR-based range: ±12.42,,,NO_TRADE,,0.0,0.0,,,LIVE,No trade warranted
2026-08-28 06:20:00,2026-08-28,NIFTY,24098.25,VOLATILE_EXPANSION,MIXED,NO_TRADE,NO_TRADE,40,No valid setup — conditions not satisfied,,,Close below 24141.95 or above 24152.3 with VIX spike,ATR-based range: ±12.42,,,NO_TRADE,,0.0,0.0,,,LIVE,No trade warranted
2026-08-28 06:25:00,2026-08-28,NIFTY,24083.150390625,VOLATILE_EXPANSION,MIXED,NO_TRADE,NO_TRADE,40,No valid setup — conditions not satisfied,,,Close below 24138.15 or above 24140.3 with VIX spike,ATR-based range: ±29.50,,,NO_TRADE,,0.0,0.0,,,LIVE,No trade warranted
2026-08-28 06:30:00,2026-08-28,NIFTY,24088.05078125,VOLATILE_EXPANSION,MIXED,NO_TRADE,NO_TRADE,40,No valid setup — conditions not satisfied,,,Close below 24117.0 or above 24140.3 with VIX spike,ATR-based range: ±31.85,,,NO_TRADE,,0.0,0.0,,,LIVE,No trade warranted
2026-08-28 06:35:00,2026-08-28,NIFTY,24086.30078125,VOLATILE_EXPANSION,MIXED,NO_TRADE,NO_TRADE,40,No valid setup — conditions not satisfied,,,Close below 24117.0 or above 24140.3 with VIX spike,ATR-based range: ±31.85,,,NO_TRADE,,0.0,0.0,,,LIVE,No trade warranted
2026-08-28 06:40:00,2026-08-28,NIFTY,24086.900390625,VOLATILE_EXPANSION,MIXED,NO_TRADE,NO_TRADE,40,No valid setup — conditions not satisfied,,,Close below 24117.0 or above 24140.3 with VIX spike,ATR-based range: ±31.85,,,NO_TRADE,,0.0,0.0,,,LIVE,No trade warranted
2026-08-28 06:45:00,2026-08-28,NIFTY,24088.75,VOLATILE_EXPANSION,MIXED,NO_TRADE,NO_TRADE,40,No valid setup — conditions not satisfied,,,Close below 24117.0 or above 24123.2 with VIX spike,ATR-based range: ±27.02,,,NO_TRADE,,0.0,0.0,,,LIVE,No trade warranted
2026-08-28 06:50:00,2026-08-28,NIFTY,24085.94921875,VOLATILE_EXPANSION,MIXED,NO_TRADE,NO_TRADE,40,No valid setup — conditions not satisfied,,,Close below 24117.0 or above 24123.2 with VIX spike,ATR-based range: ±27.02,,,NO_TRADE,,0.0,0.0,,,LIVE,No trade warranted
2026-08-28 06:55:00,2026-08-28,NIFTY,24094.650390625,VOLATILE_EXPANSION,MIXED,NO_TRADE,NO_TRADE,40,No valid setup — conditions not satisfied,,,Close below 24102.95 or above 24123.2 with VIX spike,ATR-based range: ±27.10,,,NO_TRADE,,0.0,0.0,,,LIVE,No trade warranted
2026-08-28 07:00:00,2026-08-28,NIFTY,24101.400390625,VOLATILE_EXPANSION,MIXED,NO_TRADE,NO_TRADE,40,No valid setup — conditions not satisfied,,,Close below 24102.95 or above 24123.2 with VIX spike,ATR-based range: ±27.10,,,NO_TRADE,,0.0,0.0,,,LIVE,No trade warranted
2026-08-28 07:05:00,2026-08-28,NIFTY,24105.849609375,VOLATILE_EXPANSION,MIXED,NO_TRADE,NO_TRADE,40,No valid setup — conditions not satisfied,,,Close below 24102.95 or above 24123.2 with VIX spike,ATR-based range: ±27.02,,,NO_TRADE,,0.0,0.0,,,LIVE,No trade warranted
2026-08-28 07:10:00,2026-08-28,NIFTY,24105.599609375,SIDEWAYS,NEUTRAL,NO_TRADE,NO_TRADE,50,No valid setup — conditions not satisfied,,,Breakout below 24103.85 or above 24108.0,Range: 24103.85 – 24108.0,,,NO_TRADE,,0.0,0.0,,,LIVE,No trade warranted
2026-08-28 07:15:00,2026-08-28,NIFTY,24109.80078125,SIDEWAYS,NEUTRAL,NO_TRADE,NO_TRADE,50,No valid setup — conditions not satisfied,,,Breakout below 24103.85 or above 24107.15,Range: 24103.85 – 24107.15,,,NO_TRADE,,0.0,0.0,,,LIVE,No trade warranted
2026-08-28 07:20:00,2026-08-28,NIFTY,24105.30078125,SIDEWAYS,NEUTRAL,NO_TRADE,NO_TRADE,50,No valid setup — conditions not satisfied,,,Breakout below 24102.95 or above 24107.15,Range: 24102.95 – 24107.15,,,NO_TRADE,,0.0,0.0,,,LIVE,No trade warranted
2026-08-28 07:25:00,2026-08-28,NIFTY,24096.44921875,SIDEWAYS,NEUTRAL,NO_TRADE,NO_TRADE,50,No valid setup — conditions not satisfied,,,Breakout below 24099.35 or above 24103.35,Range: 24099.35 – 24103.35,,,NO_TRADE,,0.0,0.0,,,LIVE,No trade warranted
2026-08-28 07:30:00,2026-08-28,NIFTY,24093.19921875,SIDEWAYS,NEUTRAL,NO_TRADE,NO_TRADE,50,No valid setup — conditions not satisfied,,,Breakout below 24098.25 or above 24098.7,Range: 24098.25 – 24098.7,,,NO_TRADE,,0.0,0.0,,,LIVE,No trade warranted
2026-08-28 07:35:00,2026-08-28,NIFTY,24102.099609375,SIDEWAYS,NEUTRAL,NO_TRADE,NO_TRADE,50,No valid setup — conditions not satisfied,,,Breakout below 24096.45 or above 24098.7,Range: 24096.45 – 24098.7,,,NO_TRADE,,0.0,0.0,,,LIVE,No trade warranted
2026-08-28 07:40:00,2026-08-28,NIFTY,24103.55078125,SIDEWAYS,NEUTRAL,NO_TRADE,NO_TRADE,50,No valid setup — conditions not satisfied,,,Breakout below 24096.45 or above 24098.7,Range: 24096.45 – 24098.7,,,NO_TRADE,,0.0,0.0,,,LIVE,No trade warranted
2026-08-28 07:45:00,2026-08-28,NIFTY,24107.55078125,SIDEWAYS,NEUTRAL,NO_TRADE,NO_TRADE,50,No valid setup — conditions not satisfied,,,Breakout below 24096.45 or above 24098.7,Range: 24096.45 – 24098.7,,,NO_TRADE,,0.0,0.0,,,LIVE,No trade warranted
2026-08-28 07:50:00,2026-08-28,NIFTY,24108.599609375,VOLATILE_EXPANSION,MIXED,NO_TRADE,NO_TRADE,40,No valid setup — conditions not satisfied,,,Close below 24096.45 or above 24098.7 with VIX spike,ATR-based range: ±4.10,,,NO_TRADE,,0.0,0.0,,,LIVE,No trade warranted
2026-08-28 07:55:00,2026-08-28,NIFTY,24096.150390625,SIDEWAYS,NEUTRAL,NO_TRADE,NO_TRADE,30,No valid setup — conditions not satisfied,,,Breakout below 24096.45 or above 24098.7,Range: 24096.45 – 24098.7,,,NO_TRADE,,0.0,0.0,,,LIVE,No trade warranted
2026-08-28 08:00:00,2026-08-28,NIFTY,24109.849609375,SIDEWAYS,NEUTRAL,NO_TRADE,NO_TRADE,50,No valid setup — conditions not satisfied,,,Breakout below 24096.45 or above 24098.7,Range: 24096.45 – 24098.7,,,NO_TRADE,,0.0,0.0,,,LIVE,No trade warranted
2026-08-28 08:05:00,2026-08-28,NIFTY,24111.80078125,SIDEWAYS,NEUTRAL,NO_TRADE,NO_TRADE,50,No valid setup — conditions not satisfied,,,Breakout below 24099.35 or above 24100.2,Range: 24099.35 – 24100.2,,,NO_TRADE,,0.0,0.0,,,LIVE,No trade warranted
2026-08-28 08:10:00,2026-08-28,NIFTY,24113.099609375,SIDEWAYS,NEUTRAL,NO_TRADE,NO_TRADE,50,No valid setup — conditions not satisfied,,,Breakout below 24100.6 or above 24103.35,Range: 24100.6 – 24103.35,,,NO_TRADE,,0.0,0.0,,,LIVE,No trade warranted
2026-08-28 08:15:00,2026-08-28,NIFTY,24103.75,SIDEWAYS,NEUTRAL,NO_TRADE,NO_TRADE,30,No valid setup — conditions not satisfied,,,Breakout below 24100.9 or above 24103.35,Range: 24100.9 – 24103.35,,,NO_TRADE,,0.0,0.0,,,LIVE,No trade warranted
2026-08-28 08:20:00,2026-08-28,NIFTY,24103.349609375,SIDEWAYS,NEUTRAL,NO_TRADE,NO_TRADE,30,No valid setup — conditions not satisfied,,,Breakout below 24101.95 or above 24103.35,Range: 24101.95 – 24103.35,,,NO_TRADE,,0.0,0.0,,,LIVE,No trade warranted
2026-08-28 08:25:00,2026-08-28,NIFTY,24110.849609375,SIDEWAYS,NEUTRAL,NO_TRADE,NO_TRADE,50,No valid setup — conditions not satisfied,,,Breakout below 24101.95 or above 24105.6,Range: 24101.95 – 24105.6,,,NO_TRADE,,0.0,0.0,,,LIVE,No trade warranted
2026-08-28 08:30:00,2026-08-28,NIFTY,24102.900390625,SIDEWAYS,NEUTRAL,NO_TRADE,NO_TRADE,30,No valid setup — conditions not satisfied,,,Breakout below 24103.85 or above 24105.6,Range: 24103.85 – 24105.6,,,NO_TRADE,,0.0,0.0,,,LIVE,No trade warranted
2026-08-28 08:35:00,2026-08-28,NIFTY,24103.650390625,SIDEWAYS,NEUTRAL,NO_TRADE,NO_TRADE,30,No valid setup — conditions not satisfied,,,Breakout below 24104.4 or above 24105.6,Range: 24104.4 – 24105.6,,,NO_TRADE,,0.0,0.0,,,LIVE,No trade warranted
2026-08-28 08:40:00,2026-08-28,NIFTY,24110.80078125,SIDEWAYS,NEUTRAL,NO_TRADE,NO_TRADE,50,No valid setup — conditions not satisfied,,,Breakout below 24104.4 or above 24105.6,Range: 24104.4 – 24105.6,,,NO_TRADE,,0.0,0.0,,,LIVE,No trade warranted
2026-08-28 08:45:00,2026-08-28,NIFTY,24109.849609375,SIDEWAYS,NEUTRAL,NO_TRADE,NO_TRADE,50,No valid setup — conditions not satisfied,,,Breakout below 24105.4 or above 24105.6,Range: 24105.4 – 24105.6,,,NO_TRADE,,0.0,0.0,,,LIVE,No trade warranted
2026-08-28 08:50:00,2026-08-28,NIFTY,24115.900390625,SIDEWAYS,NEUTRAL,NO_TRADE,NO_TRADE,30,No valid setup — conditions not satisfied,,,Breakout below 24105.4 or above 24106.45,Range: 24105.4 – 24106.45,,,NO_TRADE,,0.0,0.0,,,LIVE,No trade warranted
2026-08-28 08:55:00,2026-08-28,NIFTY,24120.349609375,SIDEWAYS,NEUTRAL,NO_TRADE,NO_TRADE,30,No valid setup — conditions not satisfied,,,Breakout below 24105.4 or above 24106.7,Range: 24105.4 – 24106.7,,,NO_TRADE,,0.0,0.0,,,LIVE,No trade warranted
2026-08-28 09:00:00,2026-08-28,NIFTY,24120.19921875,SIDEWAYS,NEUTRAL,NO_TRADE,NO_TRADE,30,No valid setup — conditions not satisfied,,,Breakout below 24107.15 or above 24110.0,Range: 24107.15 – 24110.0,,,NO_TRADE,,0.0,0.0,,,LIVE,No trade warranted
2026-08-28 09:05:00,2026-08-28,NIFTY,24118.900390625,SIDEWAYS,NEUTRAL,NO_TRADE,NO_TRADE,30,No valid setup — conditions not satisfied,,,Breakout below 24107.15 or above 24110.0,Range: 24107.15 – 24110.0,,,NO_TRADE,,0.0,0.0,,,LIVE,No trade warranted
2026-08-28 09:10:00,2026-08-28,NIFTY,24118.099609375,SIDEWAYS,NEUTRAL,NO_TRADE,NO_TRADE,30,No valid setup — conditions not satisfied,,,Breakout below 24109.5 or above 24110.0,Range: 24109.5 – 24110.0,,,NO_TRADE,,0.0,0.0,,,LIVE,No trade warranted
2026-08-28 09:15:00,2026-08-28,NIFTY,24126.650390625,SIDEWAYS,NEUTRAL,NO_TRADE,NO_TRADE,30,No valid setup — conditions not satisfied,,,Breakout below 24109.5 or above 24112.1,Range: 24109.5 – 24112.1,,,NO_TRADE,,0.0,0.0,,,LIVE,No trade warranted
2026-08-28 09:20:00,2026-08-28,NIFTY,24138.349609375,SIDEWAYS,NEUTRAL,NO_TRADE,NO_TRADE,30,No valid setup — conditions not satisfied,,,Breakout below 24109.5 or above 24112.95,Range: 24109.5 – 24112.95,,,NO_TRADE,,0.0,0.0,,,LIVE,No trade warranted
2026-08-28 09:25:00,2026-08-28,NIFTY,24129.44921875,SIDEWAYS,NEUTRAL,NO_TRADE,NO_TRADE,30,No valid setup — conditions not satisfied,,,Breakout below 24113.5 or above 24114.1,Range: 24113.5 – 24114.1,,,NO_TRADE,,0.0,0.0,,,LIVE,No trade warranted
2026-08-28 09:30:00,2026-08-28,NIFTY,24108.900390625,SIDEWAYS,NEUTRAL,NO_TRADE,NO_TRADE,30,No valid setup — conditions not satisfied,,,Breakout below 24113.5 or above 24114.1,Range: 24113.5 – 24114.1,,,NO_TRADE,,0.0,0.0,,,LIVE,No trade warranted
2026-08-28 09:35:00,2026-08-28,NIFTY,24123.0,SIDEWAYS,NEUTRAL,NO_TRADE,NO_TRADE,30,No valid setup — conditions not satisfied,,,Breakout below 24113.85 or above 24115.95,Range: 24113.85 – 24115.95,,,NO_TRADE,,0.0,0.0,,,LIVE,No trade warranted
2026-08-28 09:40:00,2026-08-28,NIFTY,24142.94921875,SIDEWAYS,NEUTRAL,NO_TRADE,NO_TRADE,30,No valid setup — conditions not satisfied,,,Breakout below 24115.75 or above 24119.0,Range: 24115.75 – 24119.0,,,NO_TRADE,,0.0,0.0,,,LIVE,No trade warranted
2026-08-28 09:45:00,2026-08-28,NIFTY,24142.44921875,SIDEWAYS,NEUTRAL,NO_TRADE,NO_TRADE,30,No valid setup — conditions not satisfied,,,Breakout below 24115.75 or above 24119.0,Range: 24115.75 – 24119.0,,,NO_TRADE,,0.0,0.0,,,LIVE,No trade warranted
2026-08-28 09:50:00,2026-08-28,NIFTY,24142.44921875,SIDEWAYS,NEUTRAL,NO_TRADE,NO_TRADE,30,No valid setup — conditions not satisfied,,,Breakout below 24115.75 or above 24121.3,Range: 24115.75 – 24121.3,,,NO_TRADE,,0.0,0.0,,,LIVE,No trade warranted
2026-08-28 09:55:00,2026-08-28,NIFTY,24175.650390625,SIDEWAYS,NEUTRAL,NO_TRADE,NO_TRADE,30,No valid setup — conditions not satisfied,,,Breakout below 24121.75 or above 24123.8,Range: 24121.75 – 24123.8,,,NO_TRADE,,0.0,0.0,,,LIVE,No trade warranted
2026-08-31 03:45:00,2026-08-31,NIFTY,24065.05078125,SIDEWAYS,NEUTRAL,NO_TRADE,NO_TRADE,50,No valid setup — conditions not satisfied,,,Breakout below — or above —,Range: — – —,,,NO_TRADE,,0.0,0.0,,,LIVE,No trade warranted
2026-08-31 03:50:00,2026-08-31,NIFTY,24066.69921875,SIDEWAYS,NEUTRAL,NO_TRADE,NO_TRADE,50,No valid setup — conditions not satisfied,,,Breakout below — or above —,Range: — – —,,,NO_TRADE,,0.0,0.0,,,LIVE,No trade warranted
2026-08-31 03:55:00,2026-08-31,NIFTY,24043.05078125,SIDEWAYS,NEUTRAL,NO_TRADE,NO_TRADE,50,No valid setup — conditions not satisfied,,,Breakout below — or above —,Range: — – —,,,NO_TRADE,,0.0,0.0,,,LIVE,No trade warranted
2026-08-31 04:00:00,2026-08-31,NIFTY,24057.55078125,SIDEWAYS,NEUTRAL,NO_TRADE,NO_TRADE,50,No valid setup — conditions not satisfied,,,Breakout below — or above —,Range: — – —,,,NO_TRADE,,0.0,0.0,,,LIVE,No trade warranted
2026-08-31 04:05:00,2026-08-31,NIFTY,24046.900390625,SIDEWAYS,NEUTRAL,NO_TRADE,NO_TRADE,50,No valid setup — conditions not satisfied,,,Breakout below — or above —,Range: — – —,,,NO_TRADE,,0.0,0.0,,,LIVE,No trade warranted
2026-08-31 04:10:00,2026-08-31,NIFTY,24024.599609375,SIDEWAYS,NEUTRAL,NO_TRADE,NO_TRADE,50,No valid setup — conditions not satisfied,,,Breakout below — or above —,Range: — – —,,,NO_TRADE,,0.0,0.0,,,LIVE,No trade warranted
2026-08-31 04:15:00,2026-08-31,NIFTY,24026.19921875,SIDEWAYS,NEUTRAL,NO_TRADE,NO_TRADE,50,No valid setup — conditions not satisfied,,,Breakout below — or above —,Range: — – —,,,NO_TRADE,,0.0,0.0,,,LIVE,No trade warranted
2026-08-31 04:20:00,2026-08-31,NIFTY,24023.349609375,SIDEWAYS,NEUTRAL,NO_TRADE,NO_TRADE,50,No valid setup — conditions not satisfied,,,Breakout below — or above —,Range: — – —,,,NO_TRADE,,0.0,0.0,,,LIVE,No trade warranted
2026-08-31 04:25:00,2026-08-31,NIFTY,24025.5,SIDEWAYS,NEUTRAL,NO_TRADE,NO_TRADE,50,No valid setup — conditions not satisfied,,,Breakout below — or above —,Range: — – —,,,NO_TRADE,,0.0,0.0,,,LIVE,No trade warranted
2026-08-31 04:30:00,2026-08-31,NIFTY,24032.69921875,SIDEWAYS,NEUTRAL,NO_TRADE,NO_TRADE,50,No valid setup — conditions not satisfied,,,Breakout below — or above —,Range: — – —,,,NO_TRADE,,0.0,0.0,,,LIVE,No trade warranted
2026-08-31 04:35:00,2026-08-31,NIFTY,24029.75,SIDEWAYS,NEUTRAL,NO_TRADE,NO_TRADE,50,No valid setup — conditions not satisfied,,,Breakout below — or above —,Range: — – —,,,NO_TRADE,,0.0,0.0,,,LIVE,No trade warranted
2026-08-31 04:40:00,2026-08-31,NIFTY,24017.849609375,SIDEWAYS,NEUTRAL,NO_TRADE,NO_TRADE,50,No valid setup — conditions not satisfied,,,Breakout below — or above —,Range: — – —,,,NO_TRADE,,0.0,0.0,,,LIVE,No trade warranted
2026-08-31 04:45:00,2026-08-31,NIFTY,24012.150390625,SIDEWAYS,NEUTRAL,NO_TRADE,NO_TRADE,50,No valid setup — conditions not satisfied,,,Breakout below — or above —,Range: — – —,,,NO_TRADE,,0.0,0.0,,,LIVE,No trade warranted
2026-08-31 04:50:00,2026-08-31,NIFTY,24009.5,SIDEWAYS,NEUTRAL,NO_TRADE,NO_TRADE,50,No valid setup — conditions not satisfied,,,Breakout below — or above —,Range: — – —,,,NO_TRADE,,0.0,0.0,,,LIVE,No trade warranted
2026-08-31 04:55:00,2026-08-31,NIFTY,24028.849609375,VOLATILE_EXPANSION,MIXED,NO_TRADE,NO_TRADE,40,No valid setup — conditions not satisfied,,,Close below — or above — with VIX spike,ATR-based range: ±0.00,,,NO_TRADE,,0.0,0.0,,,LIVE,No trade warranted
2026-08-31 05:00:00,2026-08-31,NIFTY,24008.05078125,VOLATILE_EXPANSION,MIXED,NO_TRADE,NO_TRADE,40,No valid setup — conditions not satisfied,,,Close below — or above — with VIX spike,ATR-based range: ±0.00,,,NO_TRADE,,0.0,0.0,,,LIVE,No trade warranted
2026-08-31 05:05:00,2026-08-31,NIFTY,24002.099609375,VOLATILE_EXPANSION,MIXED,NO_TRADE,NO_TRADE,40,No valid setup — conditions not satisfied,,,Close below — or above — with VIX spike,ATR-based range: ±0.00,,,NO_TRADE,,0.0,0.0,,,LIVE,No trade warranted
2026-08-31 05:10:00,2026-08-31,NIFTY,24010.650390625,VOLATILE_EXPANSION,MIXED,NO_TRADE,NO_TRADE,40,No valid setup — conditions not satisfied,,,Close below — or above — with VIX spike,ATR-based range: ±0.00,,,NO_TRADE,,0.0,0.0,,,LIVE,No trade warranted
2026-08-31 05:15:00,2026-08-31,NIFTY,24007.05078125,VOLATILE_EXPANSION,MIXED,NO_TRADE,NO_TRADE,40,No valid setup — conditions not satisfied,,,Close below — or above — with VIX spike,ATR-based range: ±0.00,,,NO_TRADE,,0.0,0.0,,,LIVE,No trade warranted
2026-08-31 05:20:00,2026-08-31,NIFTY,24003.80078125,SIDEWAYS,NEUTRAL,NO_TRADE,NO_TRADE,50,No valid setup — conditions not satisfied,,,Breakout below 24024.4 or above 24032.1,Range: 24024.4 – 24032.1,,,NO_TRADE,,0.0,0.0,,,LIVE,No trade warranted
2026-08-31 05:25:00,2026-08-31,NIFTY,24010.30078125,SIDEWAYS,NEUTRAL,NO_TRADE,NO_TRADE,50,No valid setup — conditions not satisfied,,,Breakout below 24023.4 or above 24026.6,Range: 24023.4 – 24026.6,,,NO_TRADE,,0.0,0.0,,,LIVE,No trade warranted
2026-08-31 05:30:00,2026-08-31,NIFTY,24011.400390625,SIDEWAYS,NEUTRAL,NO_TRADE,NO_TRADE,50,No valid setup — conditions not satisfied,,,Breakout below 24021.5 or above 24026.6,Range: 24021.5 – 24026.6,,,NO_TRADE,,0.0,0.0,,,LIVE,No trade warranted
2026-08-31 05:35:00,2026-08-31,NIFTY,23997.44921875,SIDEWAYS,NEUTRAL,NO_TRADE,NO_TRADE,50,No valid setup — conditions not satisfied,,,Breakout below 24013.25 or above 24021.15,Range: 24013.25 – 24021.15,,,NO_TRADE,,0.0,0.0,,,LIVE,No trade warranted
2026-08-31 05:40:00,2026-08-31,NIFTY,24001.599609375,SIDEWAYS,NEUTRAL,NO_TRADE,NO_TRADE,50,No valid setup — conditions not satisfied,,,Breakout below 24013.25 or above 24017.2,Range: 24013.25 – 24017.2,,,NO_TRADE,,0.0,0.0,,,LIVE,No trade warranted
2026-08-31 05:45:00,2026-08-31,NIFTY,24004.150390625,SIDEWAYS,NEUTRAL,NO_TRADE,NO_TRADE,50,No valid setup — conditions not satisfied,,,Breakout below 24013.25 or above 24015.25,Range: 24013.25 – 24015.25,,,NO_TRADE,,0.0,0.0,,,LIVE,No trade warranted
2026-08-31 05:50:00,2026-08-31,NIFTY,24002.94921875,SIDEWAYS,NEUTRAL,NO_TRADE,NO_TRADE,50,No valid setup — conditions not satisfied,,,Breakout below 24013.25 or above 24014.1,Range: 24013.25 – 24014.1,,,NO_TRADE,,0.0,0.0,,,LIVE,No trade warranted
2026-08-31 05:55:00,2026-08-31,NIFTY,24009.75,SIDEWAYS,NEUTRAL,NO_TRADE,NO_TRADE,50,No valid setup — conditions not satisfied,,,Breakout below 24010.65 or above 24013.15,Range: 24010.65 – 24013.15,,,NO_TRADE,,0.0,0.0,,,LIVE,No trade warranted
2026-08-31 06:00:00,2026-08-31,NIFTY,24014.5,SIDEWAYS,NEUTRAL,NO_TRADE,NO_TRADE,50,No valid setup — conditions not satisfied,,,Breakout below 24010.65 or above 24013.15,Range: 24010.65 – 24013.15,,,NO_TRADE,,0.0,0.0,,,LIVE,No trade warranted
2026-08-31 06:05:00,2026-08-31,NIFTY,24017.849609375,SIDEWAYS,NEUTRAL,NO_TRADE,NO_TRADE,50,No valid setup — conditions not satisfied,,,Breakout below 24010.65 or above 24012.0,Range: 24010.65 – 24012.0,,,NO_TRADE,,0.0,0.0,,,LIVE,No trade warranted
2026-08-31 06:10:00,2026-08-31,NIFTY,24024.849609375,SIDEWAYS,NEUTRAL,NO_TRADE,NO_TRADE,50,No valid setup — conditions not satisfied,,,Breakout below 24010.65 or above 24012.0,Range: 24010.65 – 24012.0,,,NO_TRADE,,0.0,0.0,,,LIVE,No trade warranted
2026-08-31 06:15:00,2026-08-31,NIFTY,24032.150390625,VOLATILE_EXPANSION,MIXED,NO_TRADE,NO_TRADE,40,No valid setup — conditions not satisfied,,,Close below 24010.65 or above 24012.0 with VIX spike,ATR-based range: ±2.82,,,NO_TRADE,,0.0,0.0,,,LIVE,No trade warranted
2026-08-31 06:20:00,2026-08-31,NIFTY,24072.849609375,VOLATILE_EXPANSION,MIXED,NO_TRADE,NO_TRADE,40,No valid setup — conditions not satisfied,,,Close below 24013.55 or above 24014.1 with VIX spike,ATR-based range: ±3.67,,,NO_TRADE,,0.0,0.0,,,LIVE,No trade warranted
2026-08-31 06:25:00,2026-08-31,NIFTY,24063.900390625,VOLATILE_EXPANSION,MIXED,NO_TRADE,NO_TRADE,40,No valid setup — conditions not satisfied,,,Close below 24013.55 or above 24017.2 with VIX spike,ATR-based range: ±5.25,,,NO_TRADE,,0.0,0.0,,,LIVE,No trade warranted
2026-08-31 06:30:00,2026-08-31,NIFTY,24075.849609375,VOLATILE_EXPANSION,MIXED,NO_TRADE,NO_TRADE,40,No valid setup — conditions not satisfied,,,Close below 24018.8 or above 24026.7 with VIX spike,ATR-based range: ±9.27,,,NO_TRADE,,0.0,0.0,,,LIVE,No trade warranted
2026-08-31 06:35:00,2026-08-31,NIFTY,24064.25,VOLATILE_EXPANSION,MIXED,NO_TRADE,NO_TRADE,40,No valid setup — conditions not satisfied,,,Close below 24018.8 or above 24026.7 with VIX spike,ATR-based range: ±9.27,,,NO_TRADE,,0.0,0.0,,,LIVE,No trade warranted
2026-08-31 06:40:00,2026-08-31,NIFTY,24055.94921875,VOLATILE_EXPANSION,MIXED,NO_TRADE,NO_TRADE,40,No valid setup — conditions not satisfied,,,Close below 24018.8 or above 24026.7 with VIX spike,ATR-based range: ±11.38,,,NO_TRADE,,0.0,0.0,,,LIVE,No trade warranted
2026-08-31 06:45:00,2026-08-31,NIFTY,24070.19921875,VOLATILE_EXPANSION,MIXED,NO_TRADE,NO_TRADE,40,No valid setup — conditions not satisfied,,,Close below 24018.8 or above 24031.35 with VIX spike,ATR-based range: ±26.75,,,NO_TRADE,,0.0,0.0,,,LIVE,No trade warranted
2026-08-31 06:50:00,2026-08-31,NIFTY,24065.30078125,VOLATILE_EXPANSION,MIXED,NO_TRADE,NO_TRADE,40,No valid setup — conditions not satisfied,,,Close below 24018.8 or above 24031.35 with VIX spike,ATR-based range: ±26.75,,,NO_TRADE,,0.0,0.0,,,LIVE,No trade warranted
2026-08-31 06:55:00,2026-08-31,NIFTY,24064.19921875,VOLATILE_EXPANSION,MIXED,NO_TRADE,NO_TRADE,40,No valid setup — conditions not satisfied,,,Close below 24030.6 or above 24036.3 with VIX spike,ATR-based range: ±26.35,,,NO_TRADE,,0.0,0.0,,,LIVE,No trade warranted
2026-08-31 07:00:00,2026-08-31,NIFTY,24057.0,VOLATILE_EXPANSION,MIXED,NO_TRADE,NO_TRADE,40,No valid setup — conditions not satisfied,,,Close below 24030.6 or above 24036.3 with VIX spike,ATR-based range: ±25.07,,,NO_TRADE,,0.0,0.0,,,LIVE,No trade warranted
2026-08-31 07:05:00,2026-08-31,NIFTY,24071.400390625,VOLATILE_EXPANSION,MIXED,NO_TRADE,NO_TRADE,40,No valid setup — conditions not satisfied,,,Close below 24030.6 or above 24067.05 with VIX spike,ATR-based range: ±26.35,,,NO_TRADE,,0.0,0.0,,,LIVE,No trade warranted
2026-08-31 07:10:00,2026-08-31,NIFTY,24073.94921875,VOLATILE_EXPANSION,MIXED,NO_TRADE,NO_TRADE,40,No valid setup — conditions not satisfied,,,Close below 24030.6 or above 24067.05 with VIX spike,ATR-based range: ±26.35,,,NO_TRADE,,0.0,0.0,,,LIVE,No trade warranted
2026-08-31 07:15:00,2026-08-31,NIFTY,24067.80078125,VOLATILE_EXPANSION,MIXED,NO_TRADE,NO_TRADE,40,No valid setup — conditions not satisfied,,,Close below 24030.6 or above 24067.05 with VIX spike,ATR-based range: ±26.35,,,NO_TRADE,,0.0,0.0,,,LIVE,No trade warranted
2026-08-31 07:20:00,2026-08-31,NIFTY,24077.599609375,VOLATILE_EXPANSION,MIXED,NO_TRADE,NO_TRADE,40,No valid setup — conditions not satisfied,,,Close below 24030.6 or above 24067.05 with VIX spike,ATR-based range: ±26.35,,,NO_TRADE,,0.0,0.0,,,LIVE,No trade warranted
2026-08-31 07:25:00,2026-08-31,NIFTY,24062.150390625,VOLATILE_EXPANSION,MIXED,NO_TRADE,NO_TRADE,40,No valid setup — conditions not satisfied,,,Close below 24030.6 or above 24067.05 with VIX spike,ATR-based range: ±26.35,,,NO_TRADE,,0.0,0.0,,,LIVE,No trade warranted
2026-08-31 07:30:00,2026-08-31,NIFTY,24068.599609375,SIDEWAYS,NEUTRAL,NO_TRADE,NO_TRADE,50,No valid setup — conditions not satisfied,,,Breakout below 24054.05 or above 24067.05,Range: 24054.05 – 24067.05,,,NO_TRADE,,0.0,0.0,,,LIVE,No trade warranted
2026-08-31 07:35:00,2026-08-31,NIFTY,24060.849609375,SIDEWAYS,NEUTRAL,NO_TRADE,NO_TRADE,50,No valid setup — conditions not satisfied,,,Breakout below 24058.0 or above 24067.05,Range: 24058.0 – 24067.05,,,NO_TRADE,,0.0,0.0,,,LIVE,No trade warranted
2026-08-31 07:40:00,2026-08-31,NIFTY,24074.150390625,SIDEWAYS,NEUTRAL,NO_TRADE,NO_TRADE,50,No valid setup — conditions not satisfied,,,Breakout below 24059.1 or above 24067.05,Range: 24059.1 – 24067.05,,,NO_TRADE,,0.0,0.0,,,LIVE,No trade warranted
2026-08-31 07:45:00,2026-08-31,NIFTY,24066.0,SIDEWAYS,NEUTRAL,NO_TRADE,NO_TRADE,50,No valid setup — conditions not satisfied,,,Breakout below 24062.15 or above 24067.05,Range: 24062.15 – 24067.05,,,NO_TRADE,,0.0,0.0,,,LIVE,No trade warranted
2026-08-31 07:50:00,2026-08-31,NIFTY,24065.0,SIDEWAYS,NEUTRAL,NO_TRADE,NO_TRADE,30,No valid setup — conditions not satisfied,,,Breakout below 24064.75 or above 24067.05,Range: 24064.75 – 24067.05,,,NO_TRADE,,0.0,0.0,,,LIVE,No trade warranted
2026-08-31 07:55:00,2026-08-31,NIFTY,24067.05078125,SIDEWAYS,NEUTRAL,NO_TRADE,NO_TRADE,30,No valid setup — conditions not satisfied,,,Breakout below 24066.4 or above 24067.55,Range: 24066.4 – 24067.55,,,NO_TRADE,,0.0,0.0,,,LIVE,No trade warranted
2026-08-31 08:00:00,2026-08-31,NIFTY,24069.849609375,SIDEWAYS,NEUTRAL,NO_TRADE,NO_TRADE,30,No valid setup — conditions not satisfied,,,Breakout below 24066.4 or above 24067.55,Range: 24066.4 – 24067.55,,,NO_TRADE,,0.0,0.0,,,LIVE,No trade warranted
2026-08-31 08:05:00,2026-08-31,NIFTY,24061.80078125,SIDEWAYS,NEUTRAL,NO_TRADE,NO_TRADE,30,No valid setup — conditions not satisfied,,,Breakout below 24066.4 or above 24067.05,Range: 24066.4 – 24067.05,,,NO_TRADE,,0.0,0.0,,,LIVE,No trade warranted
2026-08-31 08:10:00,2026-08-31,NIFTY,24055.05078125,SIDEWAYS,NEUTRAL,NO_TRADE,NO_TRADE,50,No valid setup — conditions not satisfied,,,Breakout below 24064.75 or above 24067.0,Range: 24064.75 – 24067.0,,,NO_TRADE,,0.0,0.0,,,LIVE,No trade warranted
2026-08-31 08:15:00,2026-08-31,NIFTY,24064.650390625,SIDEWAYS,NEUTRAL,NO_TRADE,NO_TRADE,30,No valid setup — conditions not satisfied,,,Breakout below 24064.75 or above 24066.75,Range: 24064.75 – 24066.75,,,NO_TRADE,,0.0,0.0,,,LIVE,No trade warranted
2026-08-31 08:20:00,2026-08-31,NIFTY,24058.25,VOLATILE_EXPANSION,MIXED,NO_TRADE,NO_TRADE,40,No valid setup — conditions not satisfied,,,Close below 24064.75 or above 24066.75 with VIX spike,ATR-based range: ±2.03,,,NO_TRADE,,0.0,0.0,,,LIVE,No trade warranted
2026-08-31 08:25:00,2026-08-31,NIFTY,24047.05078125,SIDEWAYS,NEUTRAL,NO_TRADE,NO_TRADE,30,No valid setup — conditions not satisfied,,,Breakout below 24064.75 or above 24066.75,Range: 24064.75 – 24066.75,,,NO_TRADE,,0.0,0.0,,,LIVE,No trade warranted
2026-08-31 08:30:00,2026-08-31,NIFTY,24033.55078125,SIDEWAYS,NEUTRAL,NO_TRADE,NO_TRADE,30,No valid setup — conditions not satisfied,,,Breakout below 24063.1 or above 24066.75,Range: 24063.1 – 24066.75,,,NO_TRADE,,0.0,0.0,,,LIVE,No trade warranted
2026-08-31 08:35:00,2026-08-31,NIFTY,24031.69921875,SIDEWAYS,NEUTRAL,NO_TRADE,NO_TRADE,30,No valid setup — conditions not satisfied,,,Breakout below 24058.85 or above 24066.75,Range: 24058.85 – 24066.75,,,NO_TRADE,,0.0,0.0,,,LIVE,No trade warranted
2026-08-31 08:40:00,2026-08-31,NIFTY,24031.55078125,SIDEWAYS,NEUTRAL,NO_TRADE,NO_TRADE,30,No valid setup — conditions not satisfied,,,Breakout below 24058.85 or above 24066.75,Range: 24058.85 – 24066.75,,,NO_TRADE,,0.0,0.0,,,LIVE,No trade warranted
2026-08-31 08:45:00,2026-08-31,NIFTY,24034.55078125,SIDEWAYS,NEUTRAL,NO_TRADE,NO_TRADE,30,No valid setup — conditions not satisfied,,,Breakout below 24058.0 or above 24060.1,Range: 24058.0 – 24060.1,,,NO_TRADE,,0.0,0.0,,,LIVE,No trade warranted
2026-08-31 08:50:00,2026-08-31,NIFTY,24024.75,SIDEWAYS,NEUTRAL,NO_TRADE,NO_TRADE,30,No valid setup — conditions not satisfied,,,Breakout below 24054.6 or above 24060.1,Range: 24054.6 – 24060.1,,,NO_TRADE,,0.0,0.0,,,LIVE,No trade warranted
2026-08-31 08:55:00,2026-08-31,NIFTY,24022.19921875,SIDEWAYS,NEUTRAL,NO_TRADE,NO_TRADE,30,No valid setup — conditions not satisfied,,,Breakout below 24053.65 or above 24060.1,Range: 24053.65 – 24060.1,,,NO_TRADE,,0.0,0.0,,,LIVE,No trade warranted
2026-08-31 09:00:00,2026-08-31,NIFTY,24033.75,SIDEWAYS,NEUTRAL,NO_TRADE,NO_TRADE,30,No valid setup — conditions not satisfied,,,Breakout below 24043.2 or above 24060.1,Range: 24043.2 – 24060.1,,,NO_TRADE,,0.0,0.0,,,LIVE,No trade warranted
2026-08-31 09:05:00,2026-08-31,NIFTY,24044.650390625,SIDEWAYS,NEUTRAL,NO_TRADE,NO_TRADE,30,No valid setup — conditions not satisfied,,,Breakout below 24043.2 or above 24060.1,Range: 24043.2 – 24060.1,,,NO_TRADE,,0.0,0.0,,,LIVE,No trade warranted
2026-08-31 09:10:00,2026-08-31,NIFTY,24054.099609375,SIDEWAYS,NEUTRAL,NO_TRADE,NO_TRADE,30,No valid setup — conditions not satisfied,,,Breakout below 24045.0 or above 24050.7,Range: 24045.0 – 24050.7,,,NO_TRADE,,0.0,0.0,,,LIVE,No trade warranted
2026-08-31 09:15:00,2026-08-31,NIFTY,24077.099609375,SIDEWAYS,NEUTRAL,NO_TRADE,NO_TRADE,30,No valid setup — conditions not satisfied,,,Breakout below 24045.0 or above 24060.1,Range: 24045.0 – 24060.1,,,NO_TRADE,,0.0,0.0,,,LIVE,No trade warranted
2026-08-31 09:20:00,2026-08-31,NIFTY,24094.44921875,SIDEWAYS,NEUTRAL,NO_TRADE,NO_TRADE,30,No valid setup — conditions not satisfied,,,Breakout below 24045.0 or above 24060.1,Range: 24045.0 – 24060.1,,,NO_TRADE,,0.0,0.0,,,LIVE,No trade warranted
2026-08-31 09:25:00,2026-08-31,NIFTY,24075.19921875,SIDEWAYS,NEUTRAL,NO_TRADE,NO_TRADE,30,No valid setup — conditions not satisfied,,,Breakout below 24045.0 or above 24060.1,Range: 24045.0 – 24060.1,,,NO_TRADE,,0.0,0.0,,,LIVE,No trade warranted
2026-08-31 09:30:00,2026-08-31,NIFTY,24057.599609375,SIDEWAYS,NEUTRAL,NO_TRADE,NO_TRADE,30,No valid setup — conditions not satisfied,,,Breakout below 24045.0 or above 24060.1,Range: 24045.0 – 24060.1,,,NO_TRADE,,0.0,0.0,,,LIVE,No trade warranted
2026-08-31 09:35:00,2026-08-31,NIFTY,24068.099609375,SIDEWAYS,NEUTRAL,NO_TRADE,NO_TRADE,30,No valid setup — conditions not satisfied,,,Breakout below 24046.25 or above 24060.1,Range: 24046.25 – 24060.1,,,NO_TRADE,,0.0,0.0,,,LIVE,No trade warranted
2026-08-31 09:40:00,2026-08-31,NIFTY,24051.94921875,SIDEWAYS,NEUTRAL,NO_TRADE,NO_TRADE,30,No valid setup — conditions not satisfied,,,Breakout below 24046.25 or above 24060.1,Range: 24046.25 – 24060.1,,,NO_TRADE,,0.0,0.0,,,LIVE,No trade warranted
2026-08-31 09:45:00,2026-08-31,NIFTY,24050.25,SIDEWAYS,NEUTRAL,NO_TRADE,NO_TRADE,30,No valid setup — conditions not satisfied,,,Breakout below 24050.25 or above 24050.7,Range: 24050.25 – 24050.7,,,NO_TRADE,,0.0,0.0,,,LIVE,No trade warranted
2026-08-31 09:50:00,2026-08-31,NIFTY,24050.25,SIDEWAYS,NEUTRAL,NO_TRADE,NO_TRADE,30,No valid setup — conditions not satisfied,,,Breakout below 24050.25 or above 24050.7,Range: 24050.25 – 24050.7,,,NO_TRADE,,0.0,0.0,,,LIVE,No trade warranted
2026-08-31 09:55:00,2026-08-31,NIFTY,24080.400390625,SIDEWAYS,NEUTRAL,NO_TRADE,NO_TRADE,30,No valid setup — conditions not satisfied,,,Breakout below 24050.25 or above 24060.1,Range: 24050.25 – 24060.1,,,NO_TRADE,,0.0,0.0,,,LIVE,No trade warranted
2026-09-01 03:45:00,2026-09-01,NIFTY,24041.150390625,SIDEWAYS,NEUTRAL,NO_TRADE,NO_TRADE,50,No valid setup — conditions not satisfied,,,Breakout below — or above —,Range: — – —,,,NO_TRADE,,0.0,0.0,,,LIVE,No trade warranted
2026-09-01 03:50:00,2026-09-01,NIFTY,24039.099609375,SIDEWAYS,NEUTRAL,NO_TRADE,NO_TRADE,50,No valid setup — conditions not satisfied,,,Breakout below — or above —,Range: — – —,,,NO_TRADE,,0.0,0.0,,,LIVE,No trade warranted
2026-09-01 03:55:00,2026-09-01,NIFTY,24063.94921875,SIDEWAYS,NEUTRAL,NO_TRADE,NO_TRADE,50,No valid setup — conditions not satisfied,,,Breakout below — or above —,Range: — – —,,,NO_TRADE,,0.0,0.0,,,LIVE,No trade warranted
2026-09-01 04:00:00,2026-09-01,NIFTY,24066.19921875,SIDEWAYS,NEUTRAL,NO_TRADE,NO_TRADE,50,No valid setup — conditions not satisfied,,,Breakout below — or above —,Range: — – —,,,NO_TRADE,,0.0,0.0,,,LIVE,No trade warranted
2026-09-01 04:05:00,2026-09-01,NIFTY,24040.849609375,SIDEWAYS,NEUTRAL,NO_TRADE,NO_TRADE,50,No valid setup — conditions not satisfied,,,Breakout below — or above —,Range: — – —,,,NO_TRADE,,0.0,0.0,,,LIVE,No trade warranted
2026-09-01 04:10:00,2026-09-01,NIFTY,24028.349609375,SIDEWAYS,NEUTRAL,NO_TRADE,NO_TRADE,50,No valid setup — conditions not satisfied,,,Breakout below — or above —,Range: — – —,,,NO_TRADE,,0.0,0.0,,,LIVE,No trade warranted
2026-09-01 04:15:00,2026-09-01,NIFTY,24021.19921875,SIDEWAYS,NEUTRAL,NO_TRADE,NO_TRADE,50,No valid setup — conditions not satisfied,,,Breakout below — or above —,Range: — – —,,,NO_TRADE,,0.0,0.0,,,LIVE,No trade warranted
2026-09-01 04:20:00,2026-09-01,NIFTY,24022.05078125,SIDEWAYS,NEUTRAL,NO_TRADE,NO_TRADE,50,No valid setup — conditions not satisfied,,,Breakout below — or above —,Range: — – —,,,NO_TRADE,,0.0,0.0,,,LIVE,No trade warranted
2026-09-01 04:25:00,2026-09-01,NIFTY,24018.25,SIDEWAYS,NEUTRAL,NO_TRADE,NO_TRADE,50,No valid setup — conditions not satisfied,,,Breakout below — or above —,Range: — – —,,,NO_TRADE,,0.0,0.0,,,LIVE,No trade warranted
2026-09-01 04:30:00,2026-09-01,NIFTY,24032.94921875,SIDEWAYS,NEUTRAL,NO_TRADE,NO_TRADE,50,No valid setup — conditions not satisfied,,,Breakout below — or above —,Range: — – —,,,NO_TRADE,,0.0,0.0,,,LIVE,No trade warranted
2026-09-01 04:35:00,2026-09-01,NIFTY,24033.0,SIDEWAYS,NEUTRAL,NO_TRADE,NO_TRADE,50,No valid setup — conditions not satisfied,,,Breakout below — or above —,Range: — – —,,,NO_TRADE,,0.0,0.0,,,LIVE,No trade warranted
2026-09-01 04:40:00,2026-09-01,NIFTY,24036.25,SIDEWAYS,NEUTRAL,NO_TRADE,NO_TRADE,50,No valid setup — conditions not satisfied,,,Breakout below — or above —,Range: — – —,,,NO_TRADE,,0.0,0.0,,,LIVE,No trade warranted
2026-09-01 04:45:00,2026-09-01,NIFTY,24050.19921875,SIDEWAYS,NEUTRAL,NO_TRADE,NO_TRADE,50,No valid setup — conditions not satisfied,,,Breakout below — or above —,Range: — – —,,,NO_TRADE,,0.0,0.0,,,LIVE,No trade warranted
2026-09-01 04:50:00,2026-09-01,NIFTY,24062.5,SIDEWAYS,NEUTRAL,NO_TRADE,NO_TRADE,50,No valid setup — conditions not satisfied,,,Breakout below — or above —,Range: — – —,,,NO_TRADE,,0.0,0.0,,,LIVE,No trade warranted
2026-09-01 04:55:00,2026-09-01,NIFTY,24061.05078125,SIDEWAYS,NEUTRAL,NO_TRADE,NO_TRADE,50,No valid setup — conditions not satisfied,,,Breakout below — or above —,Range: — – —,,,NO_TRADE,,0.0,0.0,,,LIVE,No trade warranted
2026-09-01 05:00:00,2026-09-01,NIFTY,24064.75,SIDEWAYS,NEUTRAL,NO_TRADE,NO_TRADE,50,No valid setup — conditions not satisfied,,,Breakout below — or above —,Range: — – —,,,NO_TRADE,,0.0,0.0,,,LIVE,No trade warranted
2026-09-01 05:05:00,2026-09-01,NIFTY,24068.55078125,SIDEWAYS,NEUTRAL,NO_TRADE,NO_TRADE,50,No valid setup — conditions not satisfied,,,Breakout below — or above —,Range: — – —,,,NO_TRADE,,0.0,0.0,,,LIVE,No trade warranted
2026-09-01 05:10:00,2026-09-01,NIFTY,24064.94921875,SIDEWAYS,NEUTRAL,NO_TRADE,NO_TRADE,50,No valid setup — conditions not satisfied,,,Breakout below — or above —,Range: — – —,,,NO_TRADE,,0.0,0.0,,,LIVE,No trade warranted
2026-09-01 05:15:00,2026-09-01,NIFTY,24069.69921875,SIDEWAYS,NEUTRAL,NO_TRADE,NO_TRADE,50,No valid setup — conditions not satisfied,,,Breakout below — or above —,Range: — – —,,,NO_TRADE,,0.0,0.0,,,LIVE,No trade warranted
2026-09-01 05:20:00,2026-09-01,NIFTY,24087.19921875,VOLATILE_EXPANSION,MIXED,NO_TRADE,NO_TRADE,40,No valid setup — conditions not satisfied,,,Close below 24045.2 or above 24051.05 with VIX spike,ATR-based range: ±14.38,,,NO_TRADE,,0.0,0.0,,,LIVE,No trade warranted
2026-09-01 05:25:00,2026-09-01,NIFTY,24082.0,VOLATILE_EXPANSION,MIXED,NO_TRADE,NO_TRADE,40,No valid setup — conditions not satisfied,,,Close below 24045.2 or above 24051.05 with VIX spike,ATR-based range: ±14.38,,,NO_TRADE,,0.0,0.0,,,LIVE,No trade warranted
2026-09-01 05:30:00,2026-09-01,NIFTY,24077.400390625,VOLATILE_EXPANSION,MIXED,NO_TRADE,NO_TRADE,40,No valid setup — conditions not satisfied,,,Close below 24045.2 or above 24056.95 with VIX spike,ATR-based range: ±15.15,,,NO_TRADE,,0.0,0.0,,,LIVE,No trade warranted
2026-09-01 05:35:00,2026-09-01,NIFTY,24092.849609375,VOLATILE_EXPANSION,MIXED,NO_TRADE,NO_TRADE,40,No valid setup — conditions not satisfied,,,Close below 24045.2 or above 24056.95 with VIX spike,ATR-based range: ±15.48,,,NO_TRADE,,0.0,0.0,,,LIVE,No trade warranted
2026-09-01 05:40:00,2026-09-01,NIFTY,24107.05078125,VOLATILE_EXPANSION,MIXED,NO_TRADE,NO_TRADE,40,No valid setup — conditions not satisfied,,,Close below 24055.1 or above 24056.95 with VIX spike,ATR-based range: ±13.15,,,NO_TRADE,,0.0,0.0,,,LIVE,No trade warranted
2026-09-01 05:45:00,2026-09-01,NIFTY,24121.650390625,VOLATILE_EXPANSION,MIXED,NO_TRADE,NO_TRADE,40,No valid setup — conditions not satisfied,,,Close below 24058.8 or above 24064.05 with VIX spike,ATR-based range: ±7.93,,,NO_TRADE,,0.0,0.0,,,LIVE,No trade warranted
2026-09-01 05:50:00,2026-09-01,NIFTY,24120.349609375,VOLATILE_EXPANSION,MIXED,NO_TRADE,NO_TRADE,40,No valid setup — conditions not satisfied,,,Close below 24062.1 or above 24066.25 with VIX spike,ATR-based range: ±6.33,,,NO_TRADE,,0.0,0.0,,,LIVE,No trade warranted
2026-09-01 05:55:00,2026-09-01,NIFTY,24126.30078125,VOLATILE_EXPANSION,MIXED,NO_TRADE,NO_TRADE,40,No valid setup — conditions not satisfied,,,Close below 24066.2 or above 24070.95 with VIX spike,ATR-based range: ±6.42,,,NO_TRADE,,0.0,0.0,,,LIVE,No trade warranted
2026-09-01 06:00:00,2026-09-01,NIFTY,24124.55078125,VOLATILE_EXPANSION,MIXED,NO_TRADE,NO_TRADE,40,No valid setup — conditions not satisfied,,,Close below 24074.45 or above 24088.2 with VIX spike,ATR-based range: ±10.02,,,NO_TRADE,,0.0,0.0,,,LIVE,No trade warranted
2026-09-01 06:05:00,2026-09-01,NIFTY,24112.599609375,VOLATILE_EXPANSION,MIXED,NO_TRADE,NO_TRADE,40,No valid setup — conditions not satisfied,,,Close below 24074.45 or above 24088.2 with VIX spike,ATR-based range: ±10.02,,,NO_TRADE,,0.0,0.0,,,LIVE,No trade warranted
2026-09-01 06:10:00,2026-09-01,NIFTY,24119.0,VOLATILE_EXPANSION,MIXED,NO_TRADE,NO_TRADE,40,No valid setup — conditions not satisfied,,,Close below 24074.45 or above 24088.2 with VIX spike,ATR-based range: ±10.02,,,NO_TRADE,,0.0,0.0,,,LIVE,No trade warranted
2026-09-01 06:15:00,2026-09-01,NIFTY,24110.599609375,VOLATILE_EXPANSION,MIXED,NO_TRADE,NO_TRADE,40,No valid setup — conditions not satisfied,,,Close below 24074.45 or above 24088.2 with VIX spike,ATR-based range: ±10.02,,,NO_TRADE,,0.0,0.0,,,LIVE,No trade warranted
2026-09-01 06:20:00,2026-09-01,NIFTY,24117.650390625,VOLATILE_EXPANSION,MIXED,NO_TRADE,NO_TRADE,40,No valid setup — conditions not satisfied,,,Close below 24091.0 or above 24092.45 with VIX spike,ATR-based range: ±19.40,,,NO_TRADE,,0.0,0.0,,,LIVE,No trade warranted
2026-09-01 06:25:00,2026-09-01,NIFTY,24116.69921875,VOLATILE_EXPANSION,MIXED,NO_TRADE,NO_TRADE,40,No valid setup — conditions not satisfied,,,Close below 24091.0 or above 24096.3 with VIX spike,ATR-based range: ±23.27,,,NO_TRADE,,0.0,0.0,,,LIVE,No trade warranted
2026-09-01 06:30:00,2026-09-01,NIFTY,24121.30078125,VOLATILE_EXPANSION,MIXED,NO_TRADE,NO_TRADE,40,No valid setup — conditions not satisfied,,,Close below 24091.0 or above 24111.75 with VIX spike,ATR-based range: ±24.50,,,NO_TRADE,,0.0,0.0,,,LIVE,No trade warranted
2026-09-01 06:35:00,2026-09-01,NIFTY,24127.900390625,VOLATILE_EXPANSION,MIXED,NO_TRADE,NO_TRADE,40,No valid setup — conditions not satisfied,,,Close below 24091.0 or above 24111.75 with VIX spike,ATR-based range: ±24.50,,,NO_TRADE,,0.0,0.0,,,LIVE,No trade warranted
2026-09-01 06:40:00,2026-09-01,NIFTY,24117.75,VOLATILE_EXPANSION,MIXED,NO_TRADE,NO_TRADE,40,No valid setup — conditions not satisfied,,,Close below 24104.0 or above 24111.75 with VIX spike,ATR-based range: ±23.75,,,NO_TRADE,,0.0,0.0,,,LIVE,No trade warranted
2026-09-01 06:45:00,2026-09-01,NIFTY,24110.099609375,SIDEWAYS,NEUTRAL,NO_TRADE,NO_TRADE,50,No valid setup — conditions not satisfied,,,Breakout below 24104.85 or above 24111.75,Range: 24104.85 – 24111.75,,,NO_TRADE,,0.0,0.0,,,LIVE,No trade warranted
2026-09-01 06:50:00,2026-09-01,NIFTY,24097.650390625,SIDEWAYS,NEUTRAL,NO_TRADE,NO_TRADE,50,No valid setup — conditions not satisfied,,,Breakout below 24107.0 or above 24111.75,Range: 24107.0 – 24111.75,,,NO_TRADE,,0.0,0.0,,,LIVE,No trade warranted
2026-09-01 06:55:00,2026-09-01,NIFTY,24109.650390625,SIDEWAYS,NEUTRAL,NO_TRADE,NO_TRADE,50,No valid setup — conditions not satisfied,,,Breakout below 24109.45 or above 24111.75,Range: 24109.45 – 24111.75,,,NO_TRADE,,0.0,0.0,,,LIVE,No trade warranted
2026-09-01 07:00:00,2026-09-01,NIFTY,24108.400390625,SIDEWAYS,NEUTRAL,NO_TRADE,NO_TRADE,50,No valid setup — conditions not satisfied,,,Breakout below 24110.7 or above 24111.75,Range: 24110.7 – 24111.75,,,NO_TRADE,,0.0,0.0,,,LIVE,No trade warranted
2026-09-01 07:05:00,2026-09-01,NIFTY,24111.05078125,SIDEWAYS,NEUTRAL,NO_TRADE,NO_TRADE,50,No valid setup — conditions not satisfied,,,Breakout below 24110.7 or above 24112.75,Range: 24110.7 – 24112.75,,,NO_TRADE,,0.0,0.0,,,LIVE,No trade warranted
2026-09-01 07:10:00,2026-09-01,NIFTY,24115.150390625,VOLATILE_EXPANSION,MIXED,NO_TRADE,NO_TRADE,40,No valid setup — conditions not satisfied,,,Close below 24110.7 or above 24115.7 with VIX spike,ATR-based range: ±5.02,,,NO_TRADE,,0.0,0.0,,,LIVE,No trade warranted
2026-09-01 07:15:00,2026-09-01,NIFTY,24107.44921875,VOLATILE_EXPANSION,MIXED,NO_TRADE,NO_TRADE,40,No valid setup — conditions not satisfied,,,Close below 24114.9 or above 24115.7 with VIX spike,ATR-based range: ±4.00,,,NO_TRADE,,0.0,0.0,,,LIVE,No trade warranted
2026-09-01 07:20:00,2026-09-01,NIFTY,24093.5,VOLATILE_EXPANSION,MIXED,NO_TRADE,NO_TRADE,40,No valid setup — conditions not satisfied,,,Close below 24110.7 or above 24115.7 with VIX spike,ATR-based range: ±4.62,,,NO_TRADE,,0.0,0.0,,,LIVE,No trade warranted
2026-09-01 07:25:00,2026-09-01,NIFTY,24092.25,VOLATILE_EXPANSION,MIXED,NO_TRADE,NO_TRADE,40,No valid setup — conditions not satisfied,,,Close below 24110.7 or above 24113.05 with VIX spike,ATR-based range: ±3.12,,,NO_TRADE,,0.0,0.0,,,LIVE,No trade warranted
2026-09-01 07:30:00,2026-09-01,NIFTY,24084.150390625,VOLATILE_EXPANSION,MIXED,NO_TRADE,NO_TRADE,40,No valid setup — conditions not satisfied,,,Close below 24110.7 or above 24112.75 with VIX spike,ATR-based range: ±2.12,,,NO_TRADE,,0.0,0.0,,,LIVE,No trade warranted
2026-09-01 07:35:00,2026-09-01,NIFTY,24074.94921875,VOLATILE_EXPANSION,MIXED,NO_TRADE,NO_TRADE,40,No valid setup — conditions not satisfied,,,Close below 24108.2 or above 24109.8 with VIX spike,ATR-based range: ±4.00,,,NO_TRADE,,0.0,0.0,,,LIVE,No trade warranted
2026-09-01 07:40:00,2026-09-01,NIFTY,24050.19921875,VOLATILE_EXPANSION,MIXED,NO_TRADE,NO_TRADE,40,No valid setup — conditions not satisfied,,,Close below 24104.85 or above 24109.8 with VIX spike,ATR-based range: ±5.15,,,NO_TRADE,,0.0,0.0,,,LIVE,No trade warranted
2026-09-01 07:45:00,2026-09-01,NIFTY,24049.05078125,VOLATILE_EXPANSION,MIXED,NO_TRADE,NO_TRADE,40,No valid setup — conditions not satisfied,,,Close below 24097.0 or above 24109.8 with VIX spike,ATR-based range: ±10.38,,,NO_TRADE,,0.0,0.0,,,LIVE,No trade warranted
2026-09-01 07:50:00,2026-09-01,NIFTY,24056.900390625,SIDEWAYS,NEUTRAL,NO_TRADE,NO_TRADE,30,No valid setup — conditions not satisfied,,,Breakout below 24097.0 or above 24109.8,Range: 24097.0 – 24109.8,,,NO_TRADE,,0.0,0.0,,,LIVE,No trade warranted
2026-09-01 07:55:00,2026-09-01,NIFTY,24049.80078125,SIDEWAYS,NEUTRAL,NO_TRADE,NO_TRADE,30,No valid setup — conditions not satisfied,,,Breakout below 24094.65 or above 24097.35,Range: 24094.65 – 24097.35,,,NO_TRADE,,0.0,0.0,,,LIVE,No trade warranted
2026-09-01 08:00:00,2026-09-01,NIFTY,24059.94921875,SIDEWAYS,NEUTRAL,NO_TRADE,NO_TRADE,30,No valid setup — conditions not satisfied,,,Breakout below 24092.3 or above 24094.1,Range: 24092.3 – 24094.1,,,NO_TRADE,,0.0,0.0,,,LIVE,No trade warranted
2026-09-01 08:05:00,2026-09-01,NIFTY,24036.900390625,SIDEWAYS,NEUTRAL,NO_TRADE,NO_TRADE,30,No valid setup — conditions not satisfied,,,Breakout below 24087.45 or above 24094.1,Range: 24087.45 – 24094.1,,,NO_TRADE,,0.0,0.0,,,LIVE,No trade warranted
2026-09-01 08:10:00,2026-09-01,NIFTY,24034.19921875,SIDEWAYS,NEUTRAL,NO_TRADE,NO_TRADE,30,No valid setup — conditions not satisfied,,,Breakout below 24081.7 or above 24085.2,Range: 24081.7 – 24085.2,,,NO_TRADE,,0.0,0.0,,,LIVE,No trade warranted
2026-09-01 08:15:00,2026-09-01,NIFTY,24019.25,SIDEWAYS,NEUTRAL,NO_TRADE,NO_TRADE,30,No valid setup — conditions not satisfied,,,Breakout below 24070.7 or above 24085.2,Range: 24070.7 – 24085.2,,,NO_TRADE,,0.0,0.0,,,LIVE,No trade warranted
2026-09-01 08:20:00,2026-09-01,NIFTY,23993.80078125,SIDEWAYS,NEUTRAL,NO_TRADE,NO_TRADE,30,No valid setup — conditions not satisfied,,,Breakout below 24070.7 or above 24075.8,Range: 24070.7 – 24075.8,,,NO_TRADE,,0.0,0.0,,,LIVE,No trade warranted
2026-09-01 08:25:00,2026-09-01,NIFTY,24000.150390625,SIDEWAYS,NEUTRAL,NO_TRADE,NO_TRADE,30,No valid setup — conditions not satisfied,,,Breakout below 24049.9 or above 24075.8,Range: 24049.9 – 24075.8,,,NO_TRADE,,0.0,0.0,,,LIVE,No trade warranted
2026-09-01 08:30:00,2026-09-01,NIFTY,23978.55078125,SIDEWAYS,NEUTRAL,NO_TRADE,NO_TRADE,30,No valid setup — conditions not satisfied,,,Breakout below 24049.9 or above 24062.45,Range: 24049.9 – 24062.45,,,NO_TRADE,,0.0,0.0,,,LIVE,No trade warranted
2026-09-01 08:35:00,2026-09-01,NIFTY,23956.349609375,SIDEWAYS,NEUTRAL,NO_TRADE,NO_TRADE,30,No valid setup — conditions not satisfied,,,Breakout below 24049.9 or above 24059.25,Range: 24049.9 – 24059.25,,,NO_TRADE,,0.0,0.0,,,LIVE,No trade warranted
2026-09-01 08:40:00,2026-09-01,NIFTY,23965.05078125,SIDEWAYS,NEUTRAL,NO_TRADE,NO_TRADE,30,No valid setup — conditions not satisfied,,,Breakout below 24045.6 or above 24051.0,Range: 24045.6 – 24051.0,,,NO_TRADE,,0.0,0.0,,,LIVE,No trade warranted
2026-09-01 08:45:00,2026-09-01,NIFTY,23965.650390625,SIDEWAYS,NEUTRAL,NO_TRADE,NO_TRADE,30,No valid setup — conditions not satisfied,,,Breakout below 24033.3 or above 24051.0,Range: 24033.3 – 24051.0,,,NO_TRADE,,0.0,0.0,,,LIVE,No trade warranted
2026-09-01 08:50:00,2026-09-01,NIFTY,23958.05078125,SIDEWAYS,NEUTRAL,NO_TRADE,NO_TRADE,30,No valid setup — conditions not satisfied,,,Breakout below 24021.2 or above 24034.95,Range: 24021.2 – 24034.95,,,NO_TRADE,,0.0,0.0,,,LIVE,No trade warranted
2026-09-01 08:55:00,2026-09-01,NIFTY,23981.599609375,SIDEWAYS,NEUTRAL,NO_TRADE,NO_TRADE,30,No valid setup — conditions not satisfied,,,Breakout below 24021.2 or above 24034.95,Range: 24021.2 – 24034.95,,,NO_TRADE,,0.0,0.0,,,LIVE,No trade warranted
2026-09-01 09:00:00,2026-09-01,NIFTY,23984.44921875,SIDEWAYS,NEUTRAL,NO_TRADE,NO_TRADE,30,No valid setup — conditions not satisfied,,,Breakout below 24017.2 or above 24019.65,Range: 24017.2 – 24019.65,,,NO_TRADE,,0.0,0.0,,,LIVE,No trade warranted
2026-09-01 09:05:00,2026-09-01,NIFTY,23966.0,SIDEWAYS,NEUTRAL,NO_TRADE,NO_TRADE,30,No valid setup — conditions not satisfied,,,Breakout below 23988.2 or above 24019.65,Range: 23988.2 – 24019.65,,,NO_TRADE,,0.0,0.0,,,LIVE,No trade warranted
2026-09-01 09:10:00,2026-09-01,NIFTY,23961.94921875,SIDEWAYS,NEUTRAL,NO_TRADE,NO_TRADE,30,No valid setup — conditions not satisfied,,,Breakout below 23988.2 or above 24010.95,Range: 23988.2 – 24010.95,,,NO_TRADE,,0.0,0.0,,,LIVE,No trade warranted
2026-09-01 09:15:00,2026-09-01,NIFTY,23969.650390625,SIDEWAYS,NEUTRAL,NO_TRADE,NO_TRADE,30,No valid setup — conditions not satisfied,,,Breakout below 23988.2 or above 24010.95,Range: 23988.2 – 24010.95,,,NO_TRADE,,0.0,0.0,,,LIVE,No trade warranted
2026-09-01 09:20:00,2026-09-01,NIFTY,23980.75,SIDEWAYS,NEUTRAL,NO_TRADE,NO_TRADE,30,No valid setup — conditions not satisfied,,,Breakout below 23988.2 or above 24001.8,Range: 23988.2 – 24001.8,,,NO_TRADE,,0.0,0.0,,,LIVE,No trade warranted
2026-09-01 09:25:00,2026-09-01,NIFTY,23980.5,SIDEWAYS_TO_BEARISH,MILD_BEARISH,MILD_DIRECTIONAL,CONDITIONAL,40,Conditional — requires breakout above 24001.8 or breakdown below 23988.2,2026-09-01 09:30:00,23975.900390625,Close above 24010.95 invalidates bearish view,S1 23988.2 – S2 23988.05,2026-09-02 03:45:00,23808.75,LOSS,-0.7162,220.8619,-3.5942,5,1100,LIVE,Invalidation reached before target
2026-09-01 09:30:00,2026-09-01,NIFTY,23975.900390625,SIDEWAYS,NEUTRAL,NO_TRADE,NO_TRADE,30,No valid setup — conditions not satisfied,,,Breakout below 23988.2 or above 23993.35,Range: 23988.2 – 23993.35,,,NO_TRADE,,0.0,0.0,,,LIVE,No trade warranted
2026-09-01 09:35:00,2026-09-01,NIFTY,23969.650390625,SIDEWAYS_TO_BEARISH,MILD_BEARISH,MILD_DIRECTIONAL,CONDITIONAL,40,Conditional — requires breakout above 23988.6 or breakdown below 23978.85,2026-09-01 09:40:00,23984.44921875,Close above 23989.7 invalidates bearish view,S1 23978.85 – S2 23977.15,2026-09-02 03:45:00,23808.75,LOSS,-0.6713,221.0071,-3.5505,5,1090,LIVE,Invalidation reached before target
2026-09-01 09:40:00,2026-09-01,NIFTY,23984.44921875,SIDEWAYS,NEUTRAL,NO_TRADE,NO_TRADE,30,No valid setup — conditions not satisfied,,,Breakout below 23978.85 or above 23983.95,Range: 23978.85 – 23983.95,,,NO_TRADE,,0.0,0.0,,,LIVE,No trade warranted
2026-09-01 09:45:00,2026-09-01,NIFTY,23980.55078125,SIDEWAYS,NEUTRAL,NO_TRADE,NO_TRADE,30,No valid setup — conditions not satisfied,,,Breakout below 23978.85 or above 23980.55,Range: 23978.85 – 23980.55,,,NO_TRADE,,0.0,0.0,,,LIVE,No trade warranted
2026-09-01 09:50:00,2026-09-01,NIFTY,23980.55078125,SIDEWAYS,NEUTRAL,NO_TRADE,NO_TRADE,30,No valid setup — conditions not satisfied,,,Breakout below 23977.15 or above 23978.05,Range: 23977.15 – 23978.05,,,NO_TRADE,,0.0,0.0,,,LIVE,No trade warranted
2026-09-01 09:55:00,2026-09-01,NIFTY,24055.80078125,SIDEWAYS,NEUTRAL,NO_TRADE,NO_TRADE,30,No valid setup — conditions not satisfied,,,Breakout below 23978.85 or above 23980.55,Range: 23978.85 – 23980.55,,,NO_TRADE,,0.0,0.0,,,LIVE,No trade warranted
2026-09-02 03:45:00,2026-09-02,NIFTY,23824.69921875,SIDEWAYS,NEUTRAL,NO_TRADE,NO_TRADE,50,No valid setup — conditions not satisfied,,,Breakout below — or above —,Range: — – —,,,NO_TRADE,,0.0,0.0,,,LIVE,No trade warranted
2026-09-02 03:50:00,2026-09-02,NIFTY,23803.400390625,SIDEWAYS,NEUTRAL,NO_TRADE,NO_TRADE,50,No valid setup — conditions not satisfied,,,Breakout below — or above —,Range: — – —,,,NO_TRADE,,0.0,0.0,,,LIVE,No trade warranted
2026-09-02 03:55:00,2026-09-02,NIFTY,23821.69921875,SIDEWAYS,NEUTRAL,NO_TRADE,NO_TRADE,50,No valid setup — conditions not satisfied,,,Breakout below — or above —,Range: — – —,,,NO_TRADE,,0.0,0.0,,,LIVE,No trade warranted
2026-09-02 04:00:00,2026-09-02,NIFTY,23843.25,SIDEWAYS,NEUTRAL,NO_TRADE,NO_TRADE,50,No valid setup — conditions not satisfied,,,Breakout below — or above —,Range: — – —,,,NO_TRADE,,0.0,0.0,,,LIVE,No trade warranted
2026-09-02 04:05:00,2026-09-02,NIFTY,23827.849609375,SIDEWAYS,NEUTRAL,NO_TRADE,NO_TRADE,50,No valid setup — conditions not satisfied,,,Breakout below — or above —,Range: — – —,,,NO_TRADE,,0.0,0.0,,,LIVE,No trade warranted
2026-09-02 04:10:00,2026-09-02,NIFTY,23841.599609375,SIDEWAYS,NEUTRAL,NO_TRADE,NO_TRADE,50,No valid setup — conditions not satisfied,,,Breakout below — or above —,Range: — – —,,,NO_TRADE,,0.0,0.0,,,LIVE,No trade warranted
2026-09-02 04:15:00,2026-09-02,NIFTY,23835.349609375,SIDEWAYS,NEUTRAL,NO_TRADE,NO_TRADE,50,No valid setup — conditions not satisfied,,,Breakout below — or above —,Range: — – —,,,NO_TRADE,,0.0,0.0,,,LIVE,No trade warranted
2026-09-02 04:20:00,2026-09-02,NIFTY,23830.69921875,SIDEWAYS,NEUTRAL,NO_TRADE,NO_TRADE,50,No valid setup — conditions not satisfied,,,Breakout below — or above —,Range: — – —,,,NO_TRADE,,0.0,0.0,,,LIVE,No trade warranted
2026-09-02 04:25:00,2026-09-02,NIFTY,23851.0,SIDEWAYS,NEUTRAL,NO_TRADE,NO_TRADE,50,No valid setup — conditions not satisfied,,,Breakout below — or above —,Range: — – —,,,NO_TRADE,,0.0,0.0,,,LIVE,No trade warranted
2026-09-02 04:30:00,2026-09-02,NIFTY,23853.25,SIDEWAYS,NEUTRAL,NO_TRADE,NO_TRADE,50,No valid setup — conditions not satisfied,,,Breakout below — or above —,Range: — – —,,,NO_TRADE,,0.0,0.0,,,LIVE,No trade warranted
2026-09-02 04:35:00,2026-09-02,NIFTY,23848.099609375,SIDEWAYS,NEUTRAL,NO_TRADE,NO_TRADE,50,No valid setup — conditions not satisfied,,,Breakout below — or above —,Range: — – —,,,NO_TRADE,,0.0,0.0,,,LIVE,No trade warranted
2026-09-02 04:40:00,2026-09-02,NIFTY,23848.30078125,SIDEWAYS,NEUTRAL,NO_TRADE,NO_TRADE,50,No valid setup — conditions not satisfied,,,Breakout below — or above —,Range: — – —,,,NO_TRADE,,0.0,0.0,,,LIVE,No trade warranted
2026-09-02 04:45:00,2026-09-02,NIFTY,23855.400390625,SIDEWAYS,NEUTRAL,NO_TRADE,NO_TRADE,50,No valid setup — conditions not satisfied,,,Breakout below — or above —,Range: — – —,,,NO_TRADE,,0.0,0.0,,,LIVE,No trade warranted
2026-09-02 04:50:00,2026-09-02,NIFTY,23876.099609375,SIDEWAYS,NEUTRAL,NO_TRADE,NO_TRADE,50,No valid setup — conditions not satisfied,,,Breakout below — or above —,Range: — – —,,,NO_TRADE,,0.0,0.0,,,LIVE,No trade warranted
2026-09-02 04:55:00,2026-09-02,NIFTY,23882.75,VOLATILE_EXPANSION,MIXED,NO_TRADE,NO_TRADE,40,No valid setup — conditions not satisfied,,,Close below — or above — with VIX spike,ATR-based range: ±0.00,,,NO_TRADE,,0.0,0.0,,,LIVE,No trade warranted
2026-09-02 05:00:00,2026-09-02,NIFTY,23881.099609375,VOLATILE_EXPANSION,MIXED,NO_TRADE,NO_TRADE,40,No valid setup — conditions not satisfied,,,Close below — or above — with VIX spike,ATR-based range: ±0.00,,,NO_TRADE,,0.0,0.0,,,LIVE,No trade warranted
2026-09-02 05:05:00,2026-09-02,NIFTY,23864.5,VOLATILE_EXPANSION,MIXED,NO_TRADE,NO_TRADE,40,No valid setup — conditions not satisfied,,,Close below — or above — with VIX spike,ATR-based range: ±0.00,,,NO_TRADE,,0.0,0.0,,,LIVE,No trade warranted
2026-09-02 05:10:00,2026-09-02,NIFTY,23860.650390625,VOLATILE_EXPANSION,MIXED,NO_TRADE,NO_TRADE,40,No valid setup — conditions not satisfied,,,Close below — or above — with VIX spike,ATR-based range: ±0.00,,,NO_TRADE,,0.0,0.0,,,LIVE,No trade warranted
2026-09-02 05:15:00,2026-09-02,NIFTY,23862.900390625,SIDEWAYS,NEUTRAL,NO_TRADE,NO_TRADE,50,No valid setup — conditions not satisfied,,,Breakout below — or above —,Range: — – —,,,NO_TRADE,,0.0,0.0,,,LIVE,No trade warranted
2026-09-02 05:20:00,2026-09-02,NIFTY,23854.55078125,SIDEWAYS,NEUTRAL,NO_TRADE,NO_TRADE,50,No valid setup — conditions not satisfied,,,Breakout below 23845.75 or above 23849.95,Range: 23845.75 – 23849.95,,,NO_TRADE,,0.0,0.0,,,LIVE,No trade warranted
2026-09-02 05:25:00,2026-09-02,NIFTY,23859.94921875,SIDEWAYS,NEUTRAL,NO_TRADE,NO_TRADE,50,No valid setup — conditions not satisfied,,,Breakout below 23845.75 or above 23855.9,Range: 23845.75 – 23855.9,,,NO_TRADE,,0.0,0.0,,,LIVE,No trade warranted
2026-09-02 05:30:00,2026-09-02,NIFTY,23836.599609375,SIDEWAYS,NEUTRAL,NO_TRADE,NO_TRADE,50,No valid setup — conditions not satisfied,,,Breakout below 23845.75 or above 23855.9,Range: 23845.75 – 23855.9,,,NO_TRADE,,0.0,0.0,,,LIVE,No trade warranted
2026-09-02 05:35:00,2026-09-02,NIFTY,23830.650390625,SIDEWAYS,NEUTRAL,NO_TRADE,NO_TRADE,50,No valid setup — conditions not satisfied,,,Breakout below 23845.75 or above 23855.9,Range: 23845.75 – 23855.9,,,NO_TRADE,,0.0,0.0,,,LIVE,No trade warranted
2026-09-02 05:40:00,2026-09-02,NIFTY,23832.349609375,SIDEWAYS,NEUTRAL,NO_TRADE,NO_TRADE,50,No valid setup — conditions not satisfied,,,Breakout below 23845.75 or above 23855.9,Range: 23845.75 – 23855.9,,,NO_TRADE,,0.0,0.0,,,LIVE,No trade warranted
2026-09-02 05:45:00,2026-09-02,NIFTY,23834.94921875,SIDEWAYS,NEUTRAL,NO_TRADE,NO_TRADE,50,No valid setup — conditions not satisfied,,,Breakout below 23845.75 or above 23855.9,Range: 23845.75 – 23855.9,,,NO_TRADE,,0.0,0.0,,,LIVE,No trade warranted
2026-09-02 05:50:00,2026-09-02,NIFTY,23824.94921875,SIDEWAYS,NEUTRAL,NO_TRADE,NO_TRADE,50,No valid setup — conditions not satisfied,,,Breakout below 23845.75 or above 23855.9,Range: 23845.75 – 23855.9,,,NO_TRADE,,0.0,0.0,,,LIVE,No trade warranted
2026-09-02 05:55:00,2026-09-02,NIFTY,23819.599609375,SIDEWAYS,NEUTRAL,NO_TRADE,NO_TRADE,50,No valid setup — conditions not satisfied,,,Breakout below 23845.75 or above 23855.9,Range: 23845.75 – 23855.9,,,NO_TRADE,,0.0,0.0,,,LIVE,No trade warranted
2026-09-02 06:00:00,2026-09-02,NIFTY,23813.94921875,VOLATILE_EXPANSION,MIXED,NO_TRADE,NO_TRADE,40,No valid setup — conditions not satisfied,,,Close below 23845.75 or above 23855.9 with VIX spike,ATR-based range: ±6.48,,,NO_TRADE,,0.0,0.0,,,LIVE,No trade warranted
2026-09-02 06:05:00,2026-09-02,NIFTY,23817.69921875,VOLATILE_EXPANSION,MIXED,NO_TRADE,NO_TRADE,40,No valid setup — conditions not satisfied,,,Close below 23845.75 or above 23857.6 with VIX spike,ATR-based range: ±7.15,,,NO_TRADE,,0.0,0.0,,,LIVE,No trade warranted
2026-09-02 06:10:00,2026-09-02,NIFTY,23810.69921875,VOLATILE_EXPANSION,MIXED,NO_TRADE,NO_TRADE,40,No valid setup — conditions not satisfied,,,Close below 23845.75 or above 23857.7 with VIX spike,ATR-based range: ±10.73,,,NO_TRADE,,0.0,0.0,,,LIVE,No trade warranted
2026-09-02 06:15:00,2026-09-02,NIFTY,23811.900390625,VOLATILE_EXPANSION,MIXED,NO_TRADE,NO_TRADE,40,No valid setup — conditions not satisfied,,,Close below 23840.6 or above 23857.7 with VIX spike,ATR-based range: ±13.07,,,NO_TRADE,,0.0,0.0,,,LIVE,No trade warranted
2026-09-02 06:20:00,2026-09-02,NIFTY,23824.349609375,VOLATILE_EXPANSION,MIXED,NO_TRADE,NO_TRADE,40,No valid setup — conditions not satisfied,,,Close below 23840.6 or above 23859.05 with VIX spike,ATR-based range: ±17.70,,,NO_TRADE,,0.0,0.0,,,LIVE,No trade warranted
2026-09-02 06:25:00,2026-09-02,NIFTY,23812.94921875,VOLATILE_EXPANSION,MIXED,NO_TRADE,NO_TRADE,40,No valid setup — conditions not satisfied,,,Close below 23840.6 or above 23840.9 with VIX spike,ATR-based range: ±15.82,,,NO_TRADE,,0.0,0.0,,,LIVE,No trade warranted
2026-09-02 06:30:00,2026-09-02,NIFTY,23805.05078125,VOLATILE_EXPANSION,MIXED,NO_TRADE,NO_TRADE,40,No valid setup — conditions not satisfied,,,Close below 23835.9 or above 23838.55 with VIX spike,ATR-based range: ±7.88,,,NO_TRADE,,0.0,0.0,,,LIVE,No trade warranted
2026-09-02 06:35:00,2026-09-02,NIFTY,23811.75,VOLATILE_EXPANSION,MIXED,NO_TRADE,NO_TRADE,40,No valid setup — conditions not satisfied,,,Close below 23830.4 or above 23834.45 with VIX spike,ATR-based range: ±7.43,,,NO_TRADE,,0.0,0.0,,,LIVE,No trade warranted
2026-09-02 06:40:00,2026-09-02,NIFTY,23838.349609375,SIDEWAYS,NEUTRAL,NO_TRADE,NO_TRADE,50,No valid setup — conditions not satisfied,,,Breakout below 23830.4 or above 23834.45,Range: 23830.4 – 23834.45,,,NO_TRADE,,0.0,0.0,,,LIVE,No trade warranted
2026-09-02 06:45:00,2026-09-02,NIFTY,23828.30078125,SIDEWAYS,NEUTRAL,NO_TRADE,NO_TRADE,50,No valid setup — conditions not satisfied,,,Breakout below 23826.15 or above 23830.15,Range: 23826.15 – 23830.15,,,NO_TRADE,,0.0,0.0,,,LIVE,No trade warranted
2026-09-02 06:50:00,2026-09-02,NIFTY,23825.69921875,SIDEWAYS,NEUTRAL,NO_TRADE,NO_TRADE,50,No valid setup — conditions not satisfied,,,Breakout below 23826.15 or above 23829.65,Range: 23826.15 – 23829.65,,,NO_TRADE,,0.0,0.0,,,LIVE,No trade warranted
2026-09-02 06:55:00,2026-09-02,NIFTY,23836.25,SIDEWAYS,NEUTRAL,NO_TRADE,NO_TRADE,50,No valid setup — conditions not satisfied,,,Breakout below 23826.15 or above 23827.45,Range: 23826.15 – 23827.45,,,NO_TRADE,,0.0,0.0,,,LIVE,No trade warranted
2026-09-02 07:00:00,2026-09-02,NIFTY,23847.900390625,VOLATILE_EXPANSION,MIXED,NO_TRADE,NO_TRADE,40,No valid setup — conditions not satisfied,,,Close below 23826.15 or above 23827.45 with VIX spike,ATR-based range: ±2.45,,,NO_TRADE,,0.0,0.0,,,LIVE,No trade warranted
2026-09-02 07:05:00,2026-09-02,NIFTY,23851.05078125,VOLATILE_EXPANSION,MIXED,NO_TRADE,NO_TRADE,40,No valid setup — conditions not satisfied,,,Close below 23825.25 or above 23827.45 with VIX spike,ATR-based range: ±5.83,,,NO_TRADE,,0.0,0.0,,,LIVE,No trade warranted
2026-09-02 07:10:00,2026-09-02,NIFTY,23860.94921875,VOLATILE_EXPANSION,MIXED,NO_TRADE,NO_TRADE,40,No valid setup — conditions not satisfied,,,Close below 23826.15 or above 23827.45 with VIX spike,ATR-based range: ±2.45,,,NO_TRADE,,0.0,0.0,,,LIVE,No trade warranted
2026-09-02 07:15:00,2026-09-02,NIFTY,23859.30078125,VOLATILE_EXPANSION,MIXED,NO_TRADE,NO_TRADE,40,No valid setup — conditions not satisfied,,,Close below 23826.15 or above 23829.65 with VIX spike,ATR-based range: ±4.60,,,NO_TRADE,,0.0,0.0,,,LIVE,No trade warranted
2026-09-02 07:20:00,2026-09-02,NIFTY,23863.150390625,VOLATILE_EXPANSION,MIXED,NO_TRADE,NO_TRADE,40,No valid setup — conditions not satisfied,,,Close below 23826.15 or above 23830.15 with VIX spike,ATR-based range: ±6.65,,,NO_TRADE,,0.0,0.0,,,LIVE,No trade warranted
2026-09-02 07:25:00,2026-09-02,NIFTY,23869.69921875,VOLATILE_EXPANSION,MIXED,NO_TRADE,NO_TRADE,40,No valid setup — conditions not satisfied,,,Close below 23826.15 or above 23837.45 with VIX spike,ATR-based range: ±7.88,,,NO_TRADE,,0.0,0.0,,,LIVE,No trade warranted
2026-09-02 07:30:00,2026-09-02,NIFTY,23866.25,VOLATILE_EXPANSION,MIXED,NO_TRADE,NO_TRADE,40,No valid setup — conditions not satisfied,,,Close below 23826.15 or above 23837.45 with VIX spike,ATR-based range: ±12.45,,,NO_TRADE,,0.0,0.0,,,LIVE,No trade warranted
2026-09-02 07:35:00,2026-09-02,NIFTY,23857.75,VOLATILE_EXPANSION,MIXED,NO_TRADE,NO_TRADE,40,No valid setup — conditions not satisfied,,,Close below 23834.3 or above 23837.45 with VIX spike,ATR-based range: ±9.08,,,NO_TRADE,,0.0,0.0,,,LIVE,No trade warranted
2026-09-02 07:40:00,2026-09-02,NIFTY,23873.849609375,VOLATILE_EXPANSION,MIXED,NO_TRADE,NO_TRADE,40,No valid setup — conditions not satisfied,,,Close below 23834.3 or above 23839.4 with VIX spike,ATR-based range: ±15.02,,,NO_TRADE,,0.0,0.0,,,LIVE,No trade warranted
2026-09-02 07:45:00,2026-09-02,NIFTY,23871.19921875,VOLATILE_EXPANSION,MIXED,NO_TRADE,NO_TRADE,40,No valid setup — conditions not satisfied,,,Close below 23834.3 or above 23843.4 with VIX spike,ATR-based range: ±16.40,,,NO_TRADE,,0.0,0.0,,,LIVE,No trade warranted
2026-09-02 07:50:00,2026-09-02,NIFTY,23877.5,SIDEWAYS,NEUTRAL,NO_TRADE,NO_TRADE,30,No valid setup — conditions not satisfied,,,Breakout below 23834.3 or above 23855.3,Range: 23834.3 – 23855.3,,,NO_TRADE,,0.0,0.0,,,LIVE,No trade warranted
2026-09-02 07:55:00,2026-09-02,NIFTY,23875.099609375,SIDEWAYS,NEUTRAL,NO_TRADE,NO_TRADE,30,No valid setup — conditions not satisfied,,,Breakout below 23846.6 or above 23855.3,Range: 23846.6 – 23855.3,,,NO_TRADE,,0.0,0.0,,,LIVE,No trade warranted
2026-09-02 08:00:00,2026-09-02,NIFTY,23877.849609375,SIDEWAYS,NEUTRAL,NO_TRADE,NO_TRADE,30,No valid setup — conditions not satisfied,,,Breakout below 23849.4 or above 23855.3,Range: 23849.4 – 23855.3,,,NO_TRADE,,0.0,0.0,,,LIVE,No trade warranted
2026-09-02 08:05:00,2026-09-02,NIFTY,23863.55078125,SIDEWAYS,NEUTRAL,NO_TRADE,NO_TRADE,30,No valid setup — conditions not satisfied,,,Breakout below 23850.7 or above 23855.3,Range: 23850.7 – 23855.3,,,NO_TRADE,,0.0,0.0,,,LIVE,No trade warranted
2026-09-02 08:10:00,2026-09-02,NIFTY,23868.650390625,SIDEWAYS,NEUTRAL,NO_TRADE,NO_TRADE,30,No valid setup — conditions not satisfied,,,Breakout below 23855.8 or above 23858.05,Range: 23855.8 – 23858.05,,,NO_TRADE,,0.0,0.0,,,LIVE,No trade warranted
2026-09-02 08:15:00,2026-09-02,NIFTY,23864.44921875,SIDEWAYS,NEUTRAL,NO_TRADE,NO_TRADE,30,No valid setup — conditions not satisfied,,,Breakout below 23858.1 or above 23862.45,Range: 23858.1 – 23862.45,,,NO_TRADE,,0.0,0.0,,,LIVE,No trade warranted
2026-09-02 08:20:00,2026-09-02,NIFTY,23866.400390625,SIDEWAYS,NEUTRAL,NO_TRADE,NO_TRADE,30,No valid setup — conditions not satisfied,,,Breakout below 23859.05 or above 23862.45,Range: 23859.05 – 23862.45,,,NO_TRADE,,0.0,0.0,,,LIVE,No trade warranted
2026-09-02 08:25:00,2026-09-02,NIFTY,23872.0,SIDEWAYS,NEUTRAL,NO_TRADE,NO_TRADE,30,No valid setup — conditions not satisfied,,,Breakout below 23859.05 or above 23862.45,Range: 23859.05 – 23862.45,,,NO_TRADE,,0.0,0.0,,,LIVE,No trade warranted
2026-09-02 08:30:00,2026-09-02,NIFTY,23874.05078125,SIDEWAYS,NEUTRAL,NO_TRADE,NO_TRADE,30,No valid setup — conditions not satisfied,,,Breakout below 23864.5 or above 23867.65,Range: 23864.5 – 23867.65,,,NO_TRADE,,0.0,0.0,,,LIVE,No trade warranted
2026-09-02 08:35:00,2026-09-02,NIFTY,23892.400390625,SIDEWAYS,NEUTRAL,NO_TRADE,NO_TRADE,30,No valid setup — conditions not satisfied,,,Breakout below 23867.2 or above 23868.2,Range: 23867.2 – 23868.2,,,NO_TRADE,,0.0,0.0,,,LIVE,No trade warranted
2026-09-02 08:40:00,2026-09-02,NIFTY,23885.25,SIDEWAYS,NEUTRAL,NO_TRADE,NO_TRADE,30,No valid setup — conditions not satisfied,,,Breakout below 23867.2 or above 23869.7,Range: 23867.2 – 23869.7,,,NO_TRADE,,0.0,0.0,,,LIVE,No trade warranted
2026-09-02 08:45:00,2026-09-02,NIFTY,23883.05078125,SIDEWAYS,NEUTRAL,NO_TRADE,NO_TRADE,30,No valid setup — conditions not satisfied,,,Breakout below 23870.55 or above 23872.55,Range: 23870.55 – 23872.55,,,NO_TRADE,,0.0,0.0,,,LIVE,No trade warranted
2026-09-02 08:50:00,2026-09-02,NIFTY,23874.44921875,SIDEWAYS,NEUTRAL,NO_TRADE,NO_TRADE,30,No valid setup — conditions not satisfied,,,Breakout below 23870.55 or above 23872.55,Range: 23870.55 – 23872.55,,,NO_TRADE,,0.0,0.0,,,LIVE,No trade warranted
2026-09-02 08:55:00,2026-09-02,NIFTY,23886.400390625,SIDEWAYS,NEUTRAL,NO_TRADE,NO_TRADE,30,No valid setup — conditions not satisfied,,,Breakout below 23873.0 or above 23875.9,Range: 23873.0 – 23875.9,,,NO_TRADE,,0.0,0.0,,,LIVE,No trade warranted
2026-09-02 09:00:00,2026-09-02,NIFTY,23901.599609375,SIDEWAYS,NEUTRAL,NO_TRADE,NO_TRADE,30,No valid setup — conditions not satisfied,,,Breakout below 23873.0 or above 23875.9,Range: 23873.0 – 23875.9,,,NO_TRADE,,0.0,0.0,,,LIVE,No trade warranted
2026-09-02 09:05:00,2026-09-02,NIFTY,23903.44921875,SIDEWAYS,NEUTRAL,NO_TRADE,NO_TRADE,30,No valid setup — conditions not satisfied,,,Breakout below 23873.0 or above 23876.8,Range: 23873.0 – 23876.8,,,NO_TRADE,,0.0,0.0,,,LIVE,No trade warranted
2026-09-02 09:10:00,2026-09-02,NIFTY,23887.650390625,SIDEWAYS,NEUTRAL,NO_TRADE,NO_TRADE,30,No valid setup — conditions not satisfied,,,Breakout below 23873.0 or above 23877.85,Range: 23873.0 – 23877.85,,,NO_TRADE,,0.0,0.0,,,LIVE,No trade warranted
2026-09-02 09:15:00,2026-09-02,NIFTY,23898.900390625,SIDEWAYS_TO_BULLISH,MILD_BULLISH,MILD_DIRECTIONAL,CONDITIONAL,40,Conditional — requires breakout above 23884.8 or breakdown below 23878.2,2026-09-02 09:20:00,23883.75,Close below 23873.0 invalidates bullish view,R1 23884.8 – R2 23885.2,2026-09-07 05:30:00,23772.30078125,LOSS,-0.5297,221.7532,-3.265,5,6975,LIVE,Invalidation reached before target
2026-09-02 09:20:00,2026-09-02,NIFTY,23883.75,SIDEWAYS,NEUTRAL,NO_TRADE,NO_TRADE,30,No valid setup — conditions not satisfied,,,Breakout below 23878.2 or above 23884.8,Range: 23878.2 – 23884.8,,,NO_TRADE,,0.0,0.0,,,LIVE,No trade warranted
2026-09-02 09:25:00,2026-09-02,NIFTY,23873.150390625,SIDEWAYS,NEUTRAL,NO_TRADE,NO_TRADE,50,No valid setup — conditions not satisfied,,,Breakout below 23878.2 or above 23884.8,Range: 23878.2 – 23884.8,,,NO_TRADE,,0.0,0.0,,,LIVE,No trade warranted
2026-09-02 09:30:00,2026-09-02,NIFTY,23860.80078125,SIDEWAYS,NEUTRAL,NO_TRADE,NO_TRADE,30,No valid setup — conditions not satisfied,,,Breakout below 23878.2 or above 23884.8,Range: 23878.2 – 23884.8,,,NO_TRADE,,0.0,0.0,,,LIVE,No trade warranted
2026-09-02 09:35:00,2026-09-02,NIFTY,23862.05078125,SIDEWAYS,NEUTRAL,NO_TRADE,NO_TRADE,30,No valid setup — conditions not satisfied,,,Breakout below 23878.2 or above 23885.0,Range: 23878.2 – 23885.0,,,NO_TRADE,,0.0,0.0,,,LIVE,No trade warranted
2026-09-02 09:40:00,2026-09-02,NIFTY,23883.5,SIDEWAYS,NEUTRAL,NO_TRADE,NO_TRADE,30,No valid setup — conditions not satisfied,,,Breakout below 23878.2 or above 23885.0,Range: 23878.2 – 23885.0,,,NO_TRADE,,0.0,0.0,,,LIVE,No trade warranted
2026-09-02 09:45:00,2026-09-02,NIFTY,23882.849609375,SIDEWAYS,NEUTRAL,NO_TRADE,NO_TRADE,30,No valid setup — conditions not satisfied,,,Breakout below 23878.2 or above 23882.85,Range: 23878.2 – 23882.85,,,NO_TRADE,,0.0,0.0,,,LIVE,No trade warranted
2026-09-02 09:50:00,2026-09-02,NIFTY,23882.849609375,SIDEWAYS,NEUTRAL,NO_TRADE,NO_TRADE,30,No valid setup — conditions not satisfied,,,Breakout below 23878.2 or above 23882.85,Range: 23878.2 – 23882.85,,,NO_TRADE,,0.0,0.0,,,LIVE,No trade warranted
2026-09-02 09:55:00,2026-09-02,NIFTY,23914.44921875,SIDEWAYS,NEUTRAL,NO_TRADE,NO_TRADE,30,No valid setup — conditions not satisfied,,,Breakout below 23882.85 or above 23885.0,Range: 23882.85 – 23885.0,,,NO_TRADE,,0.0,0.0,,,LIVE,No trade warranted
2026-09-03 03:45:00,2026-09-03,NIFTY,23968.349609375,SIDEWAYS,NEUTRAL,NO_TRADE,NO_TRADE,50,No valid setup — conditions not satisfied,,,Breakout below — or above —,Range: — – —,,,NO_TRADE,,0.0,0.0,,,LIVE,No trade warranted
2026-09-03 03:50:00,2026-09-03,NIFTY,23957.80078125,SIDEWAYS,NEUTRAL,NO_TRADE,NO_TRADE,50,No valid setup — conditions not satisfied,,,Breakout below — or above —,Range: — – —,,,NO_TRADE,,0.0,0.0,,,LIVE,No trade warranted
2026-09-03 03:55:00,2026-09-03,NIFTY,23981.94921875,SIDEWAYS,NEUTRAL,NO_TRADE,NO_TRADE,50,No valid setup — conditions not satisfied,,,Breakout below — or above —,Range: — – —,,,NO_TRADE,,0.0,0.0,,,LIVE,No trade warranted
2026-09-03 04:00:00,2026-09-03,NIFTY,23994.25,SIDEWAYS,NEUTRAL,NO_TRADE,NO_TRADE,50,No valid setup — conditions not satisfied,,,Breakout below — or above —,Range: — – —,,,NO_TRADE,,0.0,0.0,,,LIVE,No trade warranted
2026-09-03 04:05:00,2026-09-03,NIFTY,24006.0,SIDEWAYS,NEUTRAL,NO_TRADE,NO_TRADE,50,No valid setup — conditions not satisfied,,,Breakout below — or above —,Range: — – —,,,NO_TRADE,,0.0,0.0,,,LIVE,No trade warranted
2026-09-03 04:10:00,2026-09-03,NIFTY,24017.05078125,SIDEWAYS,NEUTRAL,NO_TRADE,NO_TRADE,50,No valid setup — conditions not satisfied,,,Breakout below — or above —,Range: — – —,,,NO_TRADE,,0.0,0.0,,,LIVE,No trade warranted
2026-09-03 04:15:00,2026-09-03,NIFTY,24015.75,SIDEWAYS,NEUTRAL,NO_TRADE,NO_TRADE,50,No valid setup — conditions not satisfied,,,Breakout below — or above —,Range: — – —,,,NO_TRADE,,0.0,0.0,,,LIVE,No trade warranted
2026-09-03 04:20:00,2026-09-03,NIFTY,24005.69921875,SIDEWAYS,NEUTRAL,NO_TRADE,NO_TRADE,50,No valid setup — conditions not satisfied,,,Breakout below — or above —,Range: — – —,,,NO_TRADE,,0.0,0.0,,,LIVE,No trade warranted
2026-09-03 04:25:00,2026-09-03,NIFTY,24006.900390625,SIDEWAYS,NEUTRAL,NO_TRADE,NO_TRADE,50,No valid setup — conditions not satisfied,,,Breakout below — or above —,Range: — – —,,,NO_TRADE,,0.0,0.0,,,LIVE,No trade warranted
2026-09-03 04:30:00,2026-09-03,NIFTY,24005.0,SIDEWAYS,NEUTRAL,NO_TRADE,NO_TRADE,50,No valid setup — conditions not satisfied,,,Breakout below — or above —,Range: — – —,,,NO_TRADE,,0.0,0.0,,,LIVE,No trade warranted
2026-09-03 04:35:00,2026-09-03,NIFTY,24002.650390625,SIDEWAYS,NEUTRAL,NO_TRADE,NO_TRADE,50,No valid setup — conditions not satisfied,,,Breakout below — or above —,Range: — – —,,,NO_TRADE,,0.0,0.0,,,LIVE,No trade warranted
2026-09-03 04:40:00,2026-09-03,NIFTY,23992.55078125,SIDEWAYS,NEUTRAL,NO_TRADE,NO_TRADE,50,No valid setup — conditions not satisfied,,,Breakout below — or above —,Range: — – —,,,NO_TRADE,,0.0,0.0,,,LIVE,No trade warranted
2026-09-03 04:45:00,2026-09-03,NIFTY,23999.0,SIDEWAYS,NEUTRAL,NO_TRADE,NO_TRADE,50,No valid setup — conditions not satisfied,,,Breakout below — or above —,Range: — – —,,,NO_TRADE,,0.0,0.0,,,LIVE,No trade warranted
2026-09-03 04:50:00,2026-09-03,NIFTY,24000.69921875,SIDEWAYS,NEUTRAL,NO_TRADE,NO_TRADE,50,No valid setup — conditions not satisfied,,,Breakout below — or above —,Range: — – —,,,NO_TRADE,,0.0,0.0,,,LIVE,No trade warranted
2026-09-03 04:55:00,2026-09-03,NIFTY,23985.25,SIDEWAYS,NEUTRAL,NO_TRADE,NO_TRADE,50,No valid setup — conditions not satisfied,,,Breakout below — or above —,Range: — – —,,,NO_TRADE,,0.0,0.0,,,LIVE,No trade warranted
2026-09-03 05:00:00,2026-09-03,NIFTY,23978.650390625,SIDEWAYS,NEUTRAL,NO_TRADE,NO_TRADE,50,No valid setup — conditions not satisfied,,,Breakout below — or above —,Range: — – —,,,NO_TRADE,,0.0,0.0,,,LIVE,No trade warranted
2026-09-03 05:05:00,2026-09-03,NIFTY,23974.349609375,SIDEWAYS,NEUTRAL,NO_TRADE,NO_TRADE,50,No valid setup — conditions not satisfied,,,Breakout below — or above —,Range: — – —,,,NO_TRADE,,0.0,0.0,,,LIVE,No trade warranted
2026-09-03 05:10:00,2026-09-03,NIFTY,23965.80078125,VOLATILE_EXPANSION,MIXED,NO_TRADE,NO_TRADE,40,No valid setup — conditions not satisfied,,,Close below — or above — with VIX spike,ATR-based range: ±0.00,,,NO_TRADE,,0.0,0.0,,,LIVE,No trade warranted
2026-09-03 05:15:00,2026-09-03,NIFTY,23971.05078125,VOLATILE_EXPANSION,MIXED,NO_TRADE,NO_TRADE,40,No valid setup — conditions not satisfied,,,Close below — or above — with VIX spike,ATR-based range: ±0.00,,,NO_TRADE,,0.0,0.0,,,LIVE,No trade warranted
2026-09-03 05:20:00,2026-09-03,NIFTY,23958.5,VOLATILE_EXPANSION,MIXED,NO_TRADE,NO_TRADE,40,No valid setup — conditions not satisfied,,,Close below 23988.25 or above 23989.45 with VIX spike,ATR-based range: ±10.50,,,NO_TRADE,,0.0,0.0,,,LIVE,No trade warranted
2026-09-03 05:25:00,2026-09-03,NIFTY,23960.650390625,VOLATILE_EXPANSION,MIXED,NO_TRADE,NO_TRADE,40,No valid setup — conditions not satisfied,,,Close below 23988.25 or above 23989.35 with VIX spike,ATR-based range: ±8.90,,,NO_TRADE,,0.0,0.0,,,LIVE,No trade warranted
2026-09-03 05:30:00,2026-09-03,NIFTY,23952.44921875,VOLATILE_EXPANSION,MIXED,NO_TRADE,NO_TRADE,40,No valid setup — conditions not satisfied,,,Close below 23988.25 or above 23989.45 with VIX spike,ATR-based range: ±10.50,,,NO_TRADE,,0.0,0.0,,,LIVE,No trade warranted
2026-09-03 05:35:00,2026-09-03,NIFTY,23929.5,VOLATILE_EXPANSION,MIXED,NO_TRADE,NO_TRADE,40,No valid setup — conditions not satisfied,,,Close below 23984.25 or above 23989.45 with VIX spike,ATR-based range: ±12.12,,,NO_TRADE,,0.0,0.0,,,LIVE,No trade warranted
2026-09-03 05:40:00,2026-09-03,NIFTY,23926.900390625,VOLATILE_EXPANSION,MIXED,NO_TRADE,NO_TRADE,40,No valid setup — conditions not satisfied,,,Close below 23976.8 or above 23989.45 with VIX spike,ATR-based range: ±20.35,,,NO_TRADE,,0.0,0.0,,,LIVE,No trade warranted
2026-09-03 05:45:00,2026-09-03,NIFTY,23948.44921875,VOLATILE_EXPANSION,MIXED,NO_TRADE,NO_TRADE,40,No valid setup — conditions not satisfied,,,Close below 23976.8 or above 23980.25 with VIX spike,ATR-based range: ±20.27,,,NO_TRADE,,0.0,0.0,,,LIVE,No trade warranted
2026-09-03 05:50:00,2026-09-03,NIFTY,23949.19921875,VOLATILE_EXPANSION,MIXED,NO_TRADE,NO_TRADE,40,No valid setup — conditions not satisfied,,,Close below 23963.05 or above 23980.25 with VIX spike,ATR-based range: ±21.90,,,NO_TRADE,,0.0,0.0,,,LIVE,No trade warranted
2026-09-03 05:55:00,2026-09-03,NIFTY,23964.30078125,VOLATILE_EXPANSION,MIXED,NO_TRADE,NO_TRADE,40,No valid setup — conditions not satisfied,,,Close below 23963.05 or above 23973.95 with VIX spike,ATR-based range: ±9.40,,,NO_TRADE,,0.0,0.0,,,LIVE,No trade warranted
2026-09-03 06:00:00,2026-09-03,NIFTY,23968.30078125,VOLATILE_EXPANSION,MIXED,NO_TRADE,NO_TRADE,40,No valid setup — conditions not satisfied,,,Close below 23963.4 or above 23973.0 with VIX spike,ATR-based range: ±7.48,,,NO_TRADE,,0.0,0.0,,,LIVE,No trade warranted
2026-09-03 06:05:00,2026-09-03,NIFTY,23969.19921875,VOLATILE_EXPANSION,MIXED,NO_TRADE,NO_TRADE,40,No valid setup — conditions not satisfied,,,Close below 23966.1 or above 23973.0 with VIX spike,ATR-based range: ±6.20,,,NO_TRADE,,0.0,0.0,,,LIVE,No trade warranted
2026-09-03 06:10:00,2026-09-03,NIFTY,23965.05078125,SIDEWAYS,NEUTRAL,NO_TRADE,NO_TRADE,50,No valid setup — conditions not satisfied,,,Breakout below 23966.1 or above 23968.25,Range: 23966.1 – 23968.25,,,NO_TRADE,,0.0,0.0,,,LIVE,No trade warranted
2026-09-03 06:15:00,2026-09-03,NIFTY,23964.400390625,SIDEWAYS,NEUTRAL,NO_TRADE,NO_TRADE,50,No valid setup — conditions not satisfied,,,Breakout below 23966.1 or above 23966.6,Range: 23966.1 – 23966.6,,,NO_TRADE,,0.0,0.0,,,LIVE,No trade warranted
2026-09-03 06:20:00,2026-09-03,NIFTY,23959.0,SIDEWAYS,NEUTRAL,NO_TRADE,NO_TRADE,50,No valid setup — conditions not satisfied,,,Breakout below 23963.4 or above 23966.15,Range: 23963.4 – 23966.15,,,NO_TRADE,,0.0,0.0,,,LIVE,No trade warranted
2026-09-03 06:25:00,2026-09-03,NIFTY,23956.55078125,SIDEWAYS,NEUTRAL,NO_TRADE,NO_TRADE,50,No valid setup — conditions not satisfied,,,Breakout below 23960.5 or above 23966.15,Range: 23960.5 – 23966.15,,,NO_TRADE,,0.0,0.0,,,LIVE,No trade warranted
2026-09-03 06:30:00,2026-09-03,NIFTY,23937.75,SIDEWAYS,NEUTRAL,NO_TRADE,NO_TRADE,50,No valid setup — conditions not satisfied,,,Breakout below 23957.85 or above 23960.1,Range: 23957.85 – 23960.1,,,NO_TRADE,,0.0,0.0,,,LIVE,No trade warranted
2026-09-03 06:35:00,2026-09-03,NIFTY,23928.900390625,VOLATILE_EXPANSION,MIXED,NO_TRADE,NO_TRADE,40,No valid setup — conditions not satisfied,,,Close below 23955.1 or above 23960.1 with VIX spike,ATR-based range: ±6.78,,,NO_TRADE,,0.0,0.0,,,LIVE,No trade warranted
2026-09-03 06:40:00,2026-09-03,NIFTY,23936.650390625,SIDEWAYS,NEUTRAL,NO_TRADE,NO_TRADE,50,No valid setup — conditions not satisfied,,,Breakout below 23952.6 or above 23960.1,Range: 23952.6 – 23960.1,,,NO_TRADE,,0.0,0.0,,,LIVE,No trade warranted
2026-09-03 06:45:00,2026-09-03,NIFTY,23918.0,SIDEWAYS,NEUTRAL,NO_TRADE,NO_TRADE,50,No valid setup — conditions not satisfied,,,Breakout below 23949.2 or above 23953.85,Range: 23949.2 – 23953.85,,,NO_TRADE,,0.0,0.0,,,LIVE,No trade warranted
2026-09-03 06:50:00,2026-09-03,NIFTY,23907.19921875,SIDEWAYS,NEUTRAL,NO_TRADE,NO_TRADE,50,No valid setup — conditions not satisfied,,,Breakout below 23948.2 or above 23949.45,Range: 23948.2 – 23949.45,,,NO_TRADE,,0.0,0.0,,,LIVE,No trade warranted
2026-09-03 06:55:00,2026-09-03,NIFTY,23908.55078125,VOLATILE_EXPANSION,MIXED,NO_TRADE,NO_TRADE,40,No valid setup — conditions not satisfied,,,Close below 23944.8 or above 23949.45 with VIX spike,ATR-based range: ±15.80,,,NO_TRADE,,0.0,0.0,,,LIVE,No trade warranted
2026-09-03 07:00:00,2026-09-03,NIFTY,23909.25,VOLATILE_EXPANSION,MIXED,NO_TRADE,NO_TRADE,40,No valid setup — conditions not satisfied,,,Close below 23930.7 or above 23944.0 with VIX spike,ATR-based range: ±12.97,,,NO_TRADE,,0.0,0.0,,,LIVE,No trade warranted
2026-09-03 07:05:00,2026-09-03,NIFTY,23915.80078125,VOLATILE_EXPANSION,MIXED,NO_TRADE,NO_TRADE,40,No valid setup — conditions not satisfied,,,Close below 23930.7 or above 23944.0 with VIX spike,ATR-based range: ±12.97,,,NO_TRADE,,0.0,0.0,,,LIVE,No trade warranted
2026-09-03 07:10:00,2026-09-03,NIFTY,23910.0,VOLATILE_EXPANSION,MIXED,NO_TRADE,NO_TRADE,40,No valid setup — conditions not satisfied,,,Close below 23930.7 or above 23940.1 with VIX spike,ATR-based range: ±8.05,,,NO_TRADE,,0.0,0.0,,,LIVE,No trade warranted
2026-09-03 07:15:00,2026-09-03,NIFTY,23909.849609375,VOLATILE_EXPANSION,MIXED,NO_TRADE,NO_TRADE,40,No valid setup — conditions not satisfied,,,Close below 23930.7 or above 23938.15 with VIX spike,ATR-based range: ±6.58,,,NO_TRADE,,0.0,0.0,,,LIVE,No trade warranted
2026-09-03 07:20:00,2026-09-03,NIFTY,23924.19921875,VOLATILE_EXPANSION,MIXED,NO_TRADE,NO_TRADE,40,No valid setup — conditions not satisfied,,,Close below 23930.7 or above 23938.15 with VIX spike,ATR-based range: ±8.45,,,NO_TRADE,,0.0,0.0,,,LIVE,No trade warranted
2026-09-03 07:25:00,2026-09-03,NIFTY,23920.0,VOLATILE_EXPANSION,MIXED,NO_TRADE,NO_TRADE,40,No valid setup — conditions not satisfied,,,Close below 23930.7 or above 23938.15 with VIX spike,ATR-based range: ±8.45,,,NO_TRADE,,0.0,0.0,,,LIVE,No trade warranted
2026-09-03 07:30:00,2026-09-03,NIFTY,23920.05078125,VOLATILE_EXPANSION,MIXED,NO_TRADE,NO_TRADE,40,No valid setup — conditions not satisfied,,,Close below 23930.7 or above 23938.15 with VIX spike,ATR-based range: ±8.45,,,NO_TRADE,,0.0,0.0,,,LIVE,No trade warranted
2026-09-03 07:35:00,2026-09-03,NIFTY,23924.55078125,VOLATILE_EXPANSION,MIXED,NO_TRADE,NO_TRADE,40,No valid setup — conditions not satisfied,,,Close below 23930.7 or above 23938.15 with VIX spike,ATR-based range: ±8.45,,,NO_TRADE,,0.0,0.0,,,LIVE,No trade warranted
2026-09-03 07:40:00,2026-09-03,NIFTY,23925.94921875,SIDEWAYS,NEUTRAL,NO_TRADE,NO_TRADE,50,No valid setup — conditions not satisfied,,,Breakout below 23927.9 or above 23936.15,Range: 23927.9 – 23936.15,,,NO_TRADE,,0.0,0.0,,,LIVE,No trade warranted
2026-09-03 07:45:00,2026-09-03,NIFTY,23930.19921875,SIDEWAYS,NEUTRAL,NO_TRADE,NO_TRADE,50,No valid setup — conditions not satisfied,,,Breakout below 23927.9 or above 23929.75,Range: 23927.9 – 23929.75,,,NO_TRADE,,0.0,0.0,,,LIVE,No trade warranted
2026-09-03 07:50:00,2026-09-03,NIFTY,23911.44921875,SIDEWAYS_TO_BEARISH,MILD_BEARISH,MILD_DIRECTIONAL,CONDITIONAL,40,Conditional — requires breakout above 23928.15 or breakdown below 23924.15,2026-09-03 07:55:00,23910.19921875,Close above 23929.75 invalidates bearish view,S1 23924.15 – S2 23920.85,2026-09-07 04:45:00,23789.5,LOSS,-0.51,221.4657,-3.3158,5,5575,LIVE,Invalidation reached before target
2026-09-03 07:55:00,2026-09-03,NIFTY,23910.19921875,SIDEWAYS,NEUTRAL,NO_TRADE,NO_TRADE,30,No valid setup — conditions not satisfied,,,Breakout below 23920.85 or above 23925.25,Range: 23920.85 – 23925.25,,,NO_TRADE,,0.0,0.0,,,LIVE,No trade warranted
2026-09-03 08:00:00,2026-09-03,NIFTY,23930.19921875,SIDEWAYS,NEUTRAL,NO_TRADE,NO_TRADE,50,No valid setup — conditions not satisfied,,,Breakout below 23920.85 or above 23922.15,Range: 23920.85 – 23922.15,,,NO_TRADE,,0.0,0.0,,,LIVE,No trade warranted
2026-09-03 08:05:00,2026-09-03,NIFTY,23910.650390625,SIDEWAYS,NEUTRAL,NO_TRADE,NO_TRADE,30,No valid setup — conditions not satisfied,,,Breakout below 23917.95 or above 23919.9,Range: 23917.95 – 23919.9,,,NO_TRADE,,0.0,0.0,,,LIVE,No trade warranted
2026-09-03 08:10:00,2026-09-03,NIFTY,23907.349609375,SIDEWAYS,NEUTRAL,NO_TRADE,NO_TRADE,30,No valid setup — conditions not satisfied,,,Breakout below 23915.05 or above 23918.15,Range: 23915.05 – 23918.15,,,NO_TRADE,,0.0,0.0,,,LIVE,No trade warranted
2026-09-03 08:15:00,2026-09-03,NIFTY,23912.0,SIDEWAYS,NEUTRAL,NO_TRADE,NO_TRADE,30,No valid setup — conditions not satisfied,,,Breakout below 23915.05 or above 23918.15,Range: 23915.05 – 23918.15,,,NO_TRADE,,0.0,0.0,,,LIVE,No trade warranted
2026-09-03 08:20:00,2026-09-03,NIFTY,23906.05078125,SIDEWAYS,NEUTRAL,NO_TRADE,NO_TRADE,30,No valid setup — conditions not satisfied,,,Breakout below 23915.05 or above 23915.6,Range: 23915.05 – 23915.6,,,NO_TRADE,,0.0,0.0,,,LIVE,No trade warranted
2026-09-03 08:25:00,2026-09-03,NIFTY,23918.099609375,SIDEWAYS,NEUTRAL,NO_TRADE,NO_TRADE,30,No valid setup — conditions not satisfied,,,Breakout below 23912.7 or above 23915.6,Range: 23912.7 – 23915.6,,,NO_TRADE,,0.0,0.0,,,LIVE,No trade warranted
2026-09-03 08:30:00,2026-09-03,NIFTY,23911.5,SIDEWAYS,NEUTRAL,NO_TRADE,NO_TRADE,30,No valid setup — conditions not satisfied,,,Breakout below 23912.7 or above 23917.05,Range: 23912.7 – 23917.05,,,NO_TRADE,,0.0,0.0,,,LIVE,No trade warranted
2026-09-03 08:35:00,2026-09-03,NIFTY,23912.349609375,SIDEWAYS,NEUTRAL,NO_TRADE,NO_TRADE,30,No valid setup — conditions not satisfied,,,Breakout below 23912.7 or above 23917.9,Range: 23912.7 – 23917.9,,,NO_TRADE,,0.0,0.0,,,LIVE,No trade warranted
2026-09-03 08:40:00,2026-09-03,NIFTY,23912.94921875,SIDEWAYS,NEUTRAL,NO_TRADE,NO_TRADE,30,No valid setup — conditions not satisfied,,,Breakout below 23912.7 or above 23917.9,Range: 23912.7 – 23917.9,,,NO_TRADE,,0.0,0.0,,,LIVE,No trade warranted
2026-09-03 08:45:00,2026-09-03,NIFTY,23912.400390625,SIDEWAYS,NEUTRAL,NO_TRADE,NO_TRADE,30,No valid setup — conditions not satisfied,,,Breakout below 23912.7 or above 23917.9,Range: 23912.7 – 23917.9,,,NO_TRADE,,0.0,0.0,,,LIVE,No trade warranted
2026-09-03 08:50:00,2026-09-03,NIFTY,23913.30078125,SIDEWAYS,NEUTRAL,NO_TRADE,NO_TRADE,30,No valid setup — conditions not satisfied,,,Breakout below 23912.7 or above 23917.9,Range: 23912.7 – 23917.9,,,NO_TRADE,,0.0,0.0,,,LIVE,No trade warranted
2026-09-03 08:55:00,2026-09-03,NIFTY,23921.400390625,SIDEWAYS,NEUTRAL,NO_TRADE,NO_TRADE,50,No valid setup — conditions not satisfied,,,Breakout below 23912.7 or above 23917.9,Range: 23912.7 – 23917.9,,,NO_TRADE,,0.0,0.0,,,LIVE,No trade warranted
2026-09-03 09:00:00,2026-09-03,NIFTY,23920.69921875,SIDEWAYS,NEUTRAL,NO_TRADE,NO_TRADE,50,No valid setup — conditions not satisfied,,,Breakout below 23912.7 or above 23917.9,Range: 23912.7 – 23917.9,,,NO_TRADE,,0.0,0.0,,,LIVE,No trade warranted
2026-09-03 09:05:00,2026-09-03,NIFTY,23911.25,SIDEWAYS,NEUTRAL,NO_TRADE,NO_TRADE,30,No valid setup — conditions not satisfied,,,Breakout below 23911.85 or above 23917.9,Range: 23911.85 – 23917.9,,,NO_TRADE,,0.0,0.0,,,LIVE,No trade warranted
2026-09-03 09:10:00,2026-09-03,NIFTY,23908.599609375,SIDEWAYS_TO_BEARISH,MILD_BEARISH,MILD_DIRECTIONAL,CONDITIONAL,40,Conditional — requires breakout above 23915.75 or breakdown below 23911.6,2026-09-03 09:15:00,23908.55078125,Close above 23917.9 invalidates bearish view,S1 23911.6 – S2 23910.9,2026-09-07 05:20:00,23788.05078125,LOSS,-0.5042,221.504,-3.3043,5,5530,LIVE,Invalidation reached before target
2026-09-03 09:15:00,2026-09-03,NIFTY,23908.55078125,SIDEWAYS,NEUTRAL,NO_TRADE,NO_TRADE,30,No valid setup — conditions not satisfied,,,Breakout below 23911.6 or above 23915.4,Range: 23911.6 – 23915.4,,,NO_TRADE,,0.0,0.0,,,LIVE,No trade warranted
2026-09-03 09:20:00,2026-09-03,NIFTY,23910.05078125,SIDEWAYS,NEUTRAL,NO_TRADE,NO_TRADE,30,No valid setup — conditions not satisfied,,,Breakout below 23911.6 or above 23914.6,Range: 23911.6 – 23914.6,,,NO_TRADE,,0.0,0.0,,,LIVE,No trade warranted
2026-09-03 09:25:00,2026-09-03,NIFTY,23898.349609375,SIDEWAYS_TO_BEARISH,MILD_BEARISH,MILD_DIRECTIONAL,CONDITIONAL,40,Conditional — requires breakout above 23912.65 or breakdown below 23911.6,2026-09-03 09:30:00,23889.69921875,Close above 23912.9 invalidates bearish view,S1 23911.6 – S2 23910.9,2026-09-07 05:30:00,23772.30078125,LOSS,-0.5274,221.6419,-3.2628,5,5525,LIVE,Invalidation reached before target
2026-09-03 09:30:00,2026-09-03,NIFTY,23889.69921875,SIDEWAYS_TO_BEARISH,MILD_BEARISH,MILD_DIRECTIONAL,CONDITIONAL,40,Conditional — requires breakout above 23912.65 or breakdown below 23910.9,2026-09-03 09:35:00,23887.94921875,Close above 23912.9 invalidates bearish view,S1 23910.9 – S2 23910.05,2026-09-07 05:35:00,23768.80078125,LOSS,-0.5061,221.7583,-3.2277,5,5525,LIVE,Invalidation reached before target
2026-09-03 09:35:00,2026-09-03,NIFTY,23887.94921875,SIDEWAYS,NEUTRAL,NO_TRADE,NO_TRADE,30,No valid setup — conditions not satisfied,,,Breakout below 23910.05 or above 23912.65,Range: 23910.05 – 23912.65,,,NO_TRADE,,0.0,0.0,,,LIVE,No trade warranted
2026-09-03 09:40:00,2026-09-03,NIFTY,23904.849609375,SIDEWAYS,NEUTRAL,NO_TRADE,NO_TRADE,30,No valid setup — conditions not satisfied,,,Breakout below 23908.25 or above 23909.3,Range: 23908.25 – 23909.3,,,NO_TRADE,,0.0,0.0,,,LIVE,No trade warranted
2026-09-03 09:45:00,2026-09-03,NIFTY,23904.099609375,SIDEWAYS,NEUTRAL,NO_TRADE,NO_TRADE,30,No valid setup — conditions not satisfied,,,Breakout below 23908.05 or above 23909.3,Range: 23908.05 – 23909.3,,,NO_TRADE,,0.0,0.0,,,LIVE,No trade warranted
2026-09-03 09:50:00,2026-09-03,NIFTY,23904.099609375,SIDEWAYS,NEUTRAL,NO_TRADE,NO_TRADE,30,No valid setup — conditions not satisfied,,,Breakout below 23908.05 or above 23909.3,Range: 23908.05 – 23909.3,,,NO_TRADE,,0.0,0.0,,,LIVE,No trade warranted
2026-09-03 09:55:00,2026-09-03,NIFTY,23873.44921875,SIDEWAYS,NEUTRAL,NO_TRADE,NO_TRADE,30,No valid setup — conditions not satisfied,,,Breakout below 23904.1 or above 23909.3,Range: 23904.1 – 23909.3,,,NO_TRADE,,0.0,0.0,,,LIVE,No trade warranted
2026-09-04 03:45:00,2026-09-04,NIFTY,23927.19921875,SIDEWAYS,NEUTRAL,NO_TRADE,NO_TRADE,50,No valid setup — conditions not satisfied,,,Breakout below — or above —,Range: — – —,,,NO_TRADE,,0.0,0.0,,,LIVE,No trade warranted
2026-09-04 03:50:00,2026-09-04,NIFTY,23915.30078125,SIDEWAYS,NEUTRAL,NO_TRADE,NO_TRADE,50,No valid setup — conditions not satisfied,,,Breakout below — or above —,Range: — – —,,,NO_TRADE,,0.0,0.0,,,LIVE,No trade warranted
2026-09-04 03:55:00,2026-09-04,NIFTY,23908.349609375,SIDEWAYS,NEUTRAL,NO_TRADE,NO_TRADE,50,No valid setup — conditions not satisfied,,,Breakout below — or above —,Range: — – —,,,NO_TRADE,,0.0,0.0,,,LIVE,No trade warranted
2026-09-04 04:00:00,2026-09-04,NIFTY,23907.19921875,SIDEWAYS,NEUTRAL,NO_TRADE,NO_TRADE,50,No valid setup — conditions not satisfied,,,Breakout below — or above —,Range: — – —,,,NO_TRADE,,0.0,0.0,,,LIVE,No trade warranted
2026-09-04 04:05:00,2026-09-04,NIFTY,23904.0,SIDEWAYS,NEUTRAL,NO_TRADE,NO_TRADE,50,No valid setup — conditions not satisfied,,,Breakout below — or above —,Range: — – —,,,NO_TRADE,,0.0,0.0,,,LIVE,No trade warranted
2026-09-04 04:10:00,2026-09-04,NIFTY,23910.55078125,SIDEWAYS,NEUTRAL,NO_TRADE,NO_TRADE,50,No valid setup — conditions not satisfied,,,Breakout below — or above —,Range: — – —,,,NO_TRADE,,0.0,0.0,,,LIVE,No trade warranted
2026-09-04 04:15:00,2026-09-04,NIFTY,23925.44921875,SIDEWAYS,NEUTRAL,NO_TRADE,NO_TRADE,50,No valid setup — conditions not satisfied,,,Breakout below — or above —,Range: — – —,,,NO_TRADE,,0.0,0.0,,,LIVE,No trade warranted
2026-09-04 04:20:00,2026-09-04,NIFTY,23945.150390625,SIDEWAYS,NEUTRAL,NO_TRADE,NO_TRADE,50,No valid setup — conditions not satisfied,,,Breakout below — or above —,Range: — – —,,,NO_TRADE,,0.0,0.0,,,LIVE,No trade warranted
2026-09-04 04:25:00,2026-09-04,NIFTY,23948.400390625,SIDEWAYS,NEUTRAL,NO_TRADE,NO_TRADE,50,No valid setup — conditions not satisfied,,,Breakout below — or above —,Range: — – —,,,NO_TRADE,,0.0,0.0,,,LIVE,No trade warranted
2026-09-04 04:30:00,2026-09-04,NIFTY,23959.30078125,SIDEWAYS,NEUTRAL,NO_TRADE,NO_TRADE,50,No valid setup — conditions not satisfied,,,Breakout below — or above —,Range: — – —,,,NO_TRADE,,0.0,0.0,,,LIVE,No trade warranted
2026-09-04 04:35:00,2026-09-04,NIFTY,23945.900390625,SIDEWAYS,NEUTRAL,NO_TRADE,NO_TRADE,50,No valid setup — conditions not satisfied,,,Breakout below — or above —,Range: — – —,,,NO_TRADE,,0.0,0.0,,,LIVE,No trade warranted
2026-09-04 04:40:00,2026-09-04,NIFTY,23939.44921875,SIDEWAYS,NEUTRAL,NO_TRADE,NO_TRADE,50,No valid setup — conditions not satisfied,,,Breakout below — or above —,Range: — – —,,,NO_TRADE,,0.0,0.0,,,LIVE,No trade warranted
2026-09-04 04:45:00,2026-09-04,NIFTY,23946.150390625,SIDEWAYS,NEUTRAL,NO_TRADE,NO_TRADE,50,No valid setup — conditions not satisfied,,,Breakout below — or above —,Range: — – —,,,NO_TRADE,,0.0,0.0,,,LIVE,No trade warranted
2026-09-04 04:50:00,2026-09-04,NIFTY,23951.849609375,SIDEWAYS,NEUTRAL,NO_TRADE,NO_TRADE,50,No valid setup — conditions not satisfied,,,Breakout below — or above —,Range: — – —,,,NO_TRADE,,0.0,0.0,,,LIVE,No trade warranted
2026-09-04 04:55:00,2026-09-04,NIFTY,23963.80078125,VOLATILE_EXPANSION,MIXED,NO_TRADE,NO_TRADE,40,No valid setup — conditions not satisfied,,,Close below — or above — with VIX spike,ATR-based range: ±0.00,,,NO_TRADE,,0.0,0.0,,,LIVE,No trade warranted
2026-09-04 05:00:00,2026-09-04,NIFTY,23959.94921875,VOLATILE_EXPANSION,MIXED,NO_TRADE,NO_TRADE,40,No valid setup — conditions not satisfied,,,Close below — or above — with VIX spike,ATR-based range: ±0.00,,,NO_TRADE,,0.0,0.0,,,LIVE,No trade warranted
2026-09-04 05:05:00,2026-09-04,NIFTY,23960.599609375,VOLATILE_EXPANSION,MIXED,NO_TRADE,NO_TRADE,40,No valid setup — conditions not satisfied,,,Close below — or above — with VIX spike,ATR-based range: ±0.00,,,NO_TRADE,,0.0,0.0,,,LIVE,No trade warranted
2026-09-04 05:10:00,2026-09-04,NIFTY,23953.19921875,VOLATILE_EXPANSION,MIXED,NO_TRADE,NO_TRADE,40,No valid setup — conditions not satisfied,,,Close below — or above — with VIX spike,ATR-based range: ±0.00,,,NO_TRADE,,0.0,0.0,,,LIVE,No trade warranted
2026-09-04 05:15:00,2026-09-04,NIFTY,23959.150390625,VOLATILE_EXPANSION,MIXED,NO_TRADE,NO_TRADE,40,No valid setup — conditions not satisfied,,,Close below — or above — with VIX spike,ATR-based range: ±0.00,,,NO_TRADE,,0.0,0.0,,,LIVE,No trade warranted
2026-09-04 05:20:00,2026-09-04,NIFTY,23963.05078125,VOLATILE_EXPANSION,MIXED,NO_TRADE,NO_TRADE,40,No valid setup — conditions not satisfied,,,Close below 23936.45 or above 23947.55 with VIX spike,ATR-based range: ±11.65,,,NO_TRADE,,0.0,0.0,,,LIVE,No trade warranted
2026-09-04 05:25:00,2026-09-04,NIFTY,23967.05078125,VOLATILE_EXPANSION,MIXED,NO_TRADE,NO_TRADE,40,No valid setup — conditions not satisfied,,,Close below 23936.45 or above 23947.55 with VIX spike,ATR-based range: ±13.75,,,NO_TRADE,,0.0,0.0,,,LIVE,No trade warranted
2026-09-04 05:30:00,2026-09-04,NIFTY,23965.349609375,VOLATILE_EXPANSION,MIXED,NO_TRADE,NO_TRADE,40,No valid setup — conditions not satisfied,,,Close below 23936.45 or above 23947.55 with VIX spike,ATR-based range: ±13.75,,,NO_TRADE,,0.0,0.0,,,LIVE,No trade warranted
2026-09-04 05:35:00,2026-09-04,NIFTY,23971.650390625,VOLATILE_EXPANSION,MIXED,NO_TRADE,NO_TRADE,40,No valid setup — conditions not satisfied,,,Close below 23947.15 or above 23947.55 with VIX spike,ATR-based range: ±3.43,,,NO_TRADE,,0.0,0.0,,,LIVE,No trade warranted
2026-09-04 05:40:00,2026-09-04,NIFTY,23965.05078125,VOLATILE_EXPANSION,MIXED,NO_TRADE,NO_TRADE,40,No valid setup — conditions not satisfied,,,Close below 23947.15 or above 23952.7 with VIX spike,ATR-based range: ±5.28,,,NO_TRADE,,0.0,0.0,,,LIVE,No trade warranted
2026-09-04 05:45:00,2026-09-04,NIFTY,23974.69921875,VOLATILE_EXPANSION,MIXED,NO_TRADE,NO_TRADE,40,No valid setup — conditions not satisfied,,,Close below 23952.85 or above 23954.9 with VIX spike,ATR-based range: ±4.48,,,NO_TRADE,,0.0,0.0,,,LIVE,No trade warranted
2026-09-04 05:50:00,2026-09-04,NIFTY,23979.900390625,VOLATILE_EXPANSION,MIXED,NO_TRADE,NO_TRADE,40,No valid setup — conditions not satisfied,,,Close below 23955.35 or above 23960.75 with VIX spike,ATR-based range: ±5.00,,,NO_TRADE,,0.0,0.0,,,LIVE,No trade warranted
2026-09-04 05:55:00,2026-09-04,NIFTY,23982.150390625,VOLATILE_EXPANSION,MIXED,NO_TRADE,NO_TRADE,40,No valid setup — conditions not satisfied,,,Close below 23959.85 or above 23960.75 with VIX spike,ATR-based range: ±3.55,,,NO_TRADE,,0.0,0.0,,,LIVE,No trade warranted
2026-09-04 06:00:00,2026-09-04,NIFTY,23987.599609375,VOLATILE_EXPANSION,MIXED,NO_TRADE,NO_TRADE,40,No valid setup — conditions not satisfied,,,Close below 23961.8 or above 23962.45 with VIX spike,ATR-based range: ±2.30,,,NO_TRADE,,0.0,0.0,,,LIVE,No trade warranted
2026-09-04 06:05:00,2026-09-04,NIFTY,23999.05078125,VOLATILE_EXPANSION,MIXED,NO_TRADE,NO_TRADE,40,No valid setup — conditions not satisfied,,,Close below 23962.95 or above 23965.2 with VIX spike,ATR-based range: ±5.10,,,NO_TRADE,,0.0,0.0,,,LIVE,No trade warranted
2026-09-04 06:10:00,2026-09-04,NIFTY,23981.5,VOLATILE_EXPANSION,MIXED,NO_TRADE,NO_TRADE,40,No valid setup — conditions not satisfied,,,Close below 23962.95 or above 23967.25 with VIX spike,ATR-based range: ±5.48,,,NO_TRADE,,0.0,0.0,,,LIVE,No trade warranted
2026-09-04 06:15:00,2026-09-04,NIFTY,23984.150390625,VOLATILE_EXPANSION,MIXED,NO_TRADE,NO_TRADE,40,No valid setup — conditions not satisfied,,,Close below 23962.95 or above 23971.15 with VIX spike,ATR-based range: ±6.55,,,NO_TRADE,,0.0,0.0,,,LIVE,No trade warranted
2026-09-04 06:20:00,2026-09-04,NIFTY,23985.25,VOLATILE_EXPANSION,MIXED,NO_TRADE,NO_TRADE,40,No valid setup — conditions not satisfied,,,Close below 23962.95 or above 23971.15 with VIX spike,ATR-based range: ±6.55,,,NO_TRADE,,0.0,0.0,,,LIVE,No trade warranted
2026-09-04 06:25:00,2026-09-04,NIFTY,23978.650390625,VOLATILE_EXPANSION,MIXED,NO_TRADE,NO_TRADE,40,No valid setup — conditions not satisfied,,,Close below 23971.2 or above 23971.9 with VIX spike,ATR-based range: ±6.58,,,NO_TRADE,,0.0,0.0,,,LIVE,No trade warranted
2026-09-04 06:30:00,2026-09-04,NIFTY,23959.099609375,SIDEWAYS,NEUTRAL,NO_TRADE,NO_TRADE,50,No valid setup — conditions not satisfied,,,Breakout below 23971.2 or above 23974.05,Range: 23971.2 – 23974.05,,,NO_TRADE,,0.0,0.0,,,LIVE,No trade warranted
2026-09-04 06:35:00,2026-09-04,NIFTY,23964.5,SIDEWAYS,NEUTRAL,NO_TRADE,NO_TRADE,50,No valid setup — conditions not satisfied,,,Breakout below 23971.2 or above 23974.05,Range: 23971.2 – 23974.05,,,NO_TRADE,,0.0,0.0,,,LIVE,No trade warranted
2026-09-04 06:40:00,2026-09-04,NIFTY,23952.849609375,SIDEWAYS,NEUTRAL,NO_TRADE,NO_TRADE,50,No valid setup — conditions not satisfied,,,Breakout below 23971.2 or above 23971.9,Range: 23971.2 – 23971.9,,,NO_TRADE,,0.0,0.0,,,LIVE,No trade warranted
2026-09-04 06:45:00,2026-09-04,NIFTY,23948.55078125,SIDEWAYS,NEUTRAL,NO_TRADE,NO_TRADE,50,No valid setup — conditions not satisfied,,,Breakout below 23962.95 or above 23971.9,Range: 23962.95 – 23971.9,,,NO_TRADE,,0.0,0.0,,,LIVE,No trade warranted
2026-09-04 06:50:00,2026-09-04,NIFTY,23940.5,SIDEWAYS,NEUTRAL,NO_TRADE,NO_TRADE,50,No valid setup — conditions not satisfied,,,Breakout below 23962.95 or above 23971.9,Range: 23962.95 – 23971.9,,,NO_TRADE,,0.0,0.0,,,LIVE,No trade warranted
2026-09-04 06:55:00,2026-09-04,NIFTY,23947.0,SIDEWAYS,NEUTRAL,NO_TRADE,NO_TRADE,50,No valid setup — conditions not satisfied,,,Breakout below 23962.95 or above 23971.9,Range: 23962.95 – 23971.9,,,NO_TRADE,,0.0,0.0,,,LIVE,No trade warranted
2026-09-04 07:00:00,2026-09-04,NIFTY,23944.94921875,VOLATILE_EXPANSION,MIXED,NO_TRADE,NO_TRADE,40,No valid setup — conditions not satisfied,,,Close below 23962.95 or above 23971.9 with VIX spike,ATR-based range: ±7.00,,,NO_TRADE,,0.0,0.0,,,LIVE,No trade warranted
2026-09-04 07:05:00,2026-09-04,NIFTY,23942.30078125,VOLATILE_EXPANSION,MIXED,NO_TRADE,NO_TRADE,40,No valid setup — conditions not satisfied,,,Close below 23962.95 or above 23971.9 with VIX spike,ATR-based range: ±7.00,,,NO_TRADE,,0.0,0.0,,,LIVE,No trade warranted
2026-09-04 07:10:00,2026-09-04,NIFTY,23938.599609375,VOLATILE_EXPANSION,MIXED,NO_TRADE,NO_TRADE,40,No valid setup — conditions not satisfied,,,Close below 23962.95 or above 23966.65 with VIX spike,ATR-based range: ±7.00,,,NO_TRADE,,0.0,0.0,,,LIVE,No trade warranted
2026-09-04 07:15:00,2026-09-04,NIFTY,23940.400390625,VOLATILE_EXPANSION,MIXED,NO_TRADE,NO_TRADE,40,No valid setup — conditions not satisfied,,,Close below 23962.95 or above 23965.7 with VIX spike,ATR-based range: ±8.12,,,NO_TRADE,,0.0,0.0,,,LIVE,No trade warranted
2026-09-04 07:20:00,2026-09-04,NIFTY,23942.25,VOLATILE_EXPANSION,MIXED,NO_TRADE,NO_TRADE,40,No valid setup — conditions not satisfied,,,Close below 23960.95 or above 23965.7 with VIX spike,ATR-based range: ±8.95,,,NO_TRADE,,0.0,0.0,,,LIVE,No trade warranted
2026-09-04 07:25:00,2026-09-04,NIFTY,23935.099609375,VOLATILE_EXPANSION,MIXED,NO_TRADE,NO_TRADE,40,No valid setup — conditions not satisfied,,,Close below 23958.7 or above 23965.7 with VIX spike,ATR-based range: ±16.45,,,NO_TRADE,,0.0,0.0,,,LIVE,No trade warranted
2026-09-04 07:30:00,2026-09-04,NIFTY,23935.30078125,VOLATILE_EXPANSION,MIXED,NO_TRADE,NO_TRADE,40,No valid setup — conditions not satisfied,,,Close below 23958.7 or above 23965.7 with VIX spike,ATR-based range: ±16.45,,,NO_TRADE,,0.0,0.0,,,LIVE,No trade warranted
2026-09-04 07:35:00,2026-09-04,NIFTY,23943.75,VOLATILE_EXPANSION,MIXED,NO_TRADE,NO_TRADE,40,No valid setup — conditions not satisfied,,,Close below 23957.05 or above 23965.7 with VIX spike,ATR-based range: ±18.27,,,NO_TRADE,,0.0,0.0,,,LIVE,No trade warranted
2026-09-04 07:40:00,2026-09-04,NIFTY,23946.349609375,VOLATILE_EXPANSION,MIXED,NO_TRADE,NO_TRADE,40,No valid setup — conditions not satisfied,,,Close below 23946.8 or above 23965.7 with VIX spike,ATR-based range: ±18.27,,,NO_TRADE,,0.0,0.0,,,LIVE,No trade warranted
2026-09-04 07:45:00,2026-09-04,NIFTY,23951.099609375,VOLATILE_EXPANSION,MIXED,NO_TRADE,NO_TRADE,40,No valid setup — conditions not satisfied,,,Close below 23946.8 or above 23954.35 with VIX spike,ATR-based range: ±11.23,,,NO_TRADE,,0.0,0.0,,,LIVE,No trade warranted
2026-09-04 07:50:00,2026-09-04,NIFTY,23953.400390625,SIDEWAYS,NEUTRAL,NO_TRADE,NO_TRADE,30,No valid setup — conditions not satisfied,,,Breakout below 23947.95 or above 23952.65,Range: 23947.95 – 23952.65,,,NO_TRADE,,0.0,0.0,,,LIVE,No trade warranted
2026-09-04 07:55:00,2026-09-04,NIFTY,23939.400390625,SIDEWAYS,NEUTRAL,NO_TRADE,NO_TRADE,30,No valid setup — conditions not satisfied,,,Breakout below 23947.95 or above 23949.6,Range: 23947.95 – 23949.6,,,NO_TRADE,,0.0,0.0,,,LIVE,No trade warranted
2026-09-04 08:00:00,2026-09-04,NIFTY,23933.69921875,SIDEWAYS,NEUTRAL,NO_TRADE,NO_TRADE,30,No valid setup — conditions not satisfied,,,Breakout below 23946.8 or above 23947.5,Range: 23946.8 – 23947.5,,,NO_TRADE,,0.0,0.0,,,LIVE,No trade warranted
2026-09-04 08:05:00,2026-09-04,NIFTY,23942.19921875,SIDEWAYS,NEUTRAL,NO_TRADE,NO_TRADE,30,No valid setup — conditions not satisfied,,,Breakout below 23945.0 or above 23946.7,Range: 23945.0 – 23946.7,,,NO_TRADE,,0.0,0.0,,,LIVE,No trade warranted
2026-09-04 08:10:00,2026-09-04,NIFTY,23944.349609375,SIDEWAYS,NEUTRAL,NO_TRADE,NO_TRADE,30,No valid setup — conditions not satisfied,,,Breakout below 23943.25 or above 23944.6,Range: 23943.25 – 23944.6,,,NO_TRADE,,0.0,0.0,,,LIVE,No trade warranted
2026-09-04 08:15:00,2026-09-04,NIFTY,23948.75,SIDEWAYS,NEUTRAL,NO_TRADE,NO_TRADE,30,No valid setup — conditions not satisfied,,,Breakout below 23943.25 or above 23944.05,Range: 23943.25 – 23944.05,,,NO_TRADE,,0.0,0.0,,,LIVE,No trade warranted
2026-09-04 08:20:00,2026-09-04,NIFTY,23941.599609375,SIDEWAYS,NEUTRAL,NO_TRADE,NO_TRADE,30,No valid setup — conditions not satisfied,,,Breakout below 23942.2 or above 23943.35,Range: 23942.2 – 23943.35,,,NO_TRADE,,0.0,0.0,,,LIVE,No trade warranted
2026-09-04 08:25:00,2026-09-04,NIFTY,23939.150390625,SIDEWAYS,NEUTRAL,NO_TRADE,NO_TRADE,30,No valid setup — conditions not satisfied,,,Breakout below 23942.2 or above 23942.8,Range: 23942.2 – 23942.8,,,NO_TRADE,,0.0,0.0,,,LIVE,No trade warranted
2026-09-04 08:30:00,2026-09-04,NIFTY,23943.150390625,SIDEWAYS,NEUTRAL,NO_TRADE,NO_TRADE,30,No valid setup — conditions not satisfied,,,Breakout below 23942.2 or above 23942.8,Range: 23942.2 – 23942.8,,,NO_TRADE,,0.0,0.0,,,LIVE,No trade warranted
2026-09-04 08:35:00,2026-09-04,NIFTY,23942.80078125,SIDEWAYS,NEUTRAL,NO_TRADE,NO_TRADE,30,No valid setup — conditions not satisfied,,,Breakout below 23942.2 or above 23942.8,Range: 23942.2 – 23942.8,,,NO_TRADE,,0.0,0.0,,,LIVE,No trade warranted
2026-09-04 08:40:00,2026-09-04,NIFTY,23948.19921875,SIDEWAYS,NEUTRAL,NO_TRADE,NO_TRADE,30,No valid setup — conditions not satisfied,,,Breakout below 23942.45 or above 23942.8,Range: 23942.45 – 23942.8,,,NO_TRADE,,0.0,0.0,,,LIVE,No trade warranted
2026-09-04 08:45:00,2026-09-04,NIFTY,23946.349609375,SIDEWAYS,NEUTRAL,NO_TRADE,NO_TRADE,50,No valid setup — conditions not satisfied,,,Breakout below 23942.45 or above 23942.8,Range: 23942.45 – 23942.8,,,NO_TRADE,,0.0,0.0,,,LIVE,No trade warranted
2026-09-04 08:50:00,2026-09-04,NIFTY,23947.44921875,SIDEWAYS,NEUTRAL,NO_TRADE,NO_TRADE,30,No valid setup — conditions not satisfied,,,Breakout below 23942.45 or above 23943.35,Range: 23942.45 – 23943.35,,,NO_TRADE,,0.0,0.0,,,LIVE,No trade warranted
2026-09-04 08:55:00,2026-09-04,NIFTY,23957.599609375,SIDEWAYS,NEUTRAL,NO_TRADE,NO_TRADE,30,No valid setup — conditions not satisfied,,,Breakout below 23943.8 or above 23944.6,Range: 23943.8 – 23944.6,,,NO_TRADE,,0.0,0.0,,,LIVE,No trade warranted
2026-09-04 09:00:00,2026-09-04,NIFTY,23956.349609375,SIDEWAYS,NEUTRAL,NO_TRADE,NO_TRADE,30,No valid setup — conditions not satisfied,,,Breakout below 23944.3 or above 23946.25,Range: 23944.3 – 23946.25,,,NO_TRADE,,0.0,0.0,,,LIVE,No trade warranted
2026-09-04 09:05:00,2026-09-04,NIFTY,23941.650390625,SIDEWAYS,NEUTRAL,NO_TRADE,NO_TRADE,30,No valid setup — conditions not satisfied,,,Breakout below 23945.0 or above 23946.25,Range: 23945.0 – 23946.25,,,NO_TRADE,,0.0,0.0,,,LIVE,No trade warranted
2026-09-04 09:10:00,2026-09-04,NIFTY,23937.25,SIDEWAYS,NEUTRAL,NO_TRADE,NO_TRADE,30,No valid setup — conditions not satisfied,,,Breakout below 23945.0 or above 23946.25,Range: 23945.0 – 23946.25,,,NO_TRADE,,0.0,0.0,,,LIVE,No trade warranted
2026-09-04 09:15:00,2026-09-04,NIFTY,23939.94921875,SIDEWAYS,NEUTRAL,NO_TRADE,NO_TRADE,30,No valid setup — conditions not satisfied,,,Breakout below 23945.0 or above 23946.25,Range: 23945.0 – 23946.25,,,NO_TRADE,,0.0,0.0,,,LIVE,No trade warranted
2026-09-04 09:20:00,2026-09-04,NIFTY,23940.55078125,SIDEWAYS,NEUTRAL,NO_TRADE,NO_TRADE,30,No valid setup — conditions not satisfied,,,Breakout below 23944.3 or above 23944.75,Range: 23944.3 – 23944.75,,,NO_TRADE,,0.0,0.0,,,LIVE,No trade warranted
2026-09-04 09:25:00,2026-09-04,NIFTY,23938.099609375,SIDEWAYS,NEUTRAL,NO_TRADE,NO_TRADE,30,No valid setup — conditions not satisfied,,,Breakout below 23943.8 or above 23944.75,Range: 23943.8 – 23944.75,,,NO_TRADE,,0.0,0.0,,,LIVE,No trade warranted
2026-09-04 09:30:00,2026-09-04,NIFTY,23931.0,SIDEWAYS,NEUTRAL,NO_TRADE,NO_TRADE,30,No valid setup — conditions not satisfied,,,Breakout below 23942.45 or above 23943.3,Range: 23942.45 – 23943.3,,,NO_TRADE,,0.0,0.0,,,LIVE,No trade warranted
2026-09-04 09:35:00,2026-09-04,NIFTY,23938.599609375,SIDEWAYS,NEUTRAL,NO_TRADE,NO_TRADE,30,No valid setup — conditions not satisfied,,,Breakout below 23942.45 or above 23942.95,Range: 23942.45 – 23942.95,,,NO_TRADE,,0.0,0.0,,,LIVE,No trade warranted
2026-09-04 09:40:00,2026-09-04,NIFTY,23938.400390625,SIDEWAYS,NEUTRAL,NO_TRADE,NO_TRADE,30,No valid setup — conditions not satisfied,,,Breakout below 23942.45 or above 23943.3,Range: 23942.45 – 23943.3,,,NO_TRADE,,0.0,0.0,,,LIVE,No trade warranted
2026-09-04 09:45:00,2026-09-04,NIFTY,23937.900390625,SIDEWAYS,NEUTRAL,NO_TRADE,NO_TRADE,30,No valid setup — conditions not satisfied,,,Breakout below 23942.45 or above 23943.3,Range: 23942.45 – 23943.3,,,NO_TRADE,,0.0,0.0,,,LIVE,No trade warranted
2026-09-04 09:50:00,2026-09-04,NIFTY,23937.900390625,SIDEWAYS,NEUTRAL,NO_TRADE,NO_TRADE,30,No valid setup — conditions not satisfied,,,Breakout below 23942.45 or above 23942.95,Range: 23942.45 – 23942.95,,,NO_TRADE,,0.0,0.0,,,LIVE,No trade warranted
2026-09-04 09:55:00,2026-09-04,NIFTY,23897.69921875,SIDEWAYS,NEUTRAL,NO_TRADE,NO_TRADE,30,No valid setup — conditions not satisfied,,,Breakout below 23939.4 or above 23940.85,Range: 23939.4 – 23940.85,,,NO_TRADE,,0.0,0.0,,,LIVE,No trade warranted
2026-09-07 03:45:00,2026-09-07,NIFTY,23858.80078125,SIDEWAYS,NEUTRAL,NO_TRADE,NO_TRADE,50,No valid setup — conditions not satisfied,,,Breakout below — or above —,Range: — – —,,,NO_TRADE,,0.0,0.0,,,LIVE,No trade warranted
2026-09-07 03:50:00,2026-09-07,NIFTY,23838.25,SIDEWAYS,NEUTRAL,NO_TRADE,NO_TRADE,50,No valid setup — conditions not satisfied,,,Breakout below — or above —,Range: — – —,,,NO_TRADE,,0.0,0.0,,,LIVE,No trade warranted
2026-09-07 03:55:00,2026-09-07,NIFTY,23828.650390625,SIDEWAYS,NEUTRAL,NO_TRADE,NO_TRADE,50,No valid setup — conditions not satisfied,,,Breakout below — or above —,Range: — – —,,,NO_TRADE,,0.0,0.0,,,LIVE,No trade warranted
2026-09-07 04:00:00,2026-09-07,NIFTY,23839.19921875,SIDEWAYS,NEUTRAL,NO_TRADE,NO_TRADE,50,No valid setup — conditions not satisfied,,,Breakout below — or above —,Range: — – —,,,NO_TRADE,,0.0,0.0,,,LIVE,No trade warranted
2026-09-07 04:05:00,2026-09-07,NIFTY,23838.0,SIDEWAYS,NEUTRAL,NO_TRADE,NO_TRADE,50,No valid setup — conditions not satisfied,,,Breakout below — or above —,Range: — – —,,,NO_TRADE,,0.0,0.0,,,LIVE,No trade warranted
2026-09-07 04:10:00,2026-09-07,NIFTY,23835.849609375,SIDEWAYS,NEUTRAL,NO_TRADE,NO_TRADE,50,No valid setup — conditions not satisfied,,,Breakout below — or above —,Range: — – —,,,NO_TRADE,,0.0,0.0,,,LIVE,No trade warranted
2026-09-07 04:15:00,2026-09-07,NIFTY,23829.25,SIDEWAYS,NEUTRAL,NO_TRADE,NO_TRADE,50,No valid setup — conditions not satisfied,,,Breakout below — or above —,Range: — – —,,,NO_TRADE,,0.0,0.0,,,LIVE,No trade warranted
2026-09-07 04:20:00,2026-09-07,NIFTY,23817.150390625,SIDEWAYS,NEUTRAL,NO_TRADE,NO_TRADE,50,No valid setup — conditions not satisfied,,,Breakout below — or above —,Range: — – —,,,NO_TRADE,,0.0,0.0,,,LIVE,No trade warranted
2026-09-07 04:25:00,2026-09-07,NIFTY,23815.94921875,SIDEWAYS,NEUTRAL,NO_TRADE,NO_TRADE,50,No valid setup — conditions not satisfied,,,Breakout below — or above —,Range: — – —,,,NO_TRADE,,0.0,0.0,,,LIVE,No trade warranted
2026-09-07 04:30:00,2026-09-07,NIFTY,23822.150390625,SIDEWAYS,NEUTRAL,NO_TRADE,NO_TRADE,50,No valid setup — conditions not satisfied,,,Breakout below — or above —,Range: — – —,,,NO_TRADE,,0.0,0.0,,,LIVE,No trade warranted
2026-09-07 04:35:00,2026-09-07,NIFTY,23816.94921875,SIDEWAYS,NEUTRAL,NO_TRADE,NO_TRADE,50,No valid setup — conditions not satisfied,,,Breakout below — or above —,Range: — – —,,,NO_TRADE,,0.0,0.0,,,LIVE,No trade warranted
2026-09-07 04:40:00,2026-09-07,NIFTY,23806.44921875,SIDEWAYS,NEUTRAL,NO_TRADE,NO_TRADE,50,No valid setup — conditions not satisfied,,,Breakout below — or above —,Range: — – —,,,NO_TRADE,,0.0,0.0,,,LIVE,No trade warranted
2026-09-07 04:45:00,2026-09-07,NIFTY,23796.55078125,SIDEWAYS,NEUTRAL,NO_TRADE,NO_TRADE,50,No valid setup — conditions not satisfied,,,Breakout below — or above —,Range: — – —,,,NO_TRADE,,0.0,0.0,,,LIVE,No trade warranted
2026-09-07 04:50:00,2026-09-07,NIFTY,23801.599609375,SIDEWAYS,NEUTRAL,NO_TRADE,NO_TRADE,50,No valid setup — conditions not satisfied,,,Breakout below — or above —,Range: — – —,,,NO_TRADE,,0.0,0.0,,,LIVE,No trade warranted
2026-09-07 04:55:00,2026-09-07,NIFTY,23799.599609375,VOLATILE_EXPANSION,MIXED,NO_TRADE,NO_TRADE,40,No valid setup — conditions not satisfied,,,Close below — or above — with VIX spike,ATR-based range: ±0.00,,,NO_TRADE,,0.0,0.0,,,LIVE,No trade warranted
2026-09-07 05:00:00,2026-09-07,NIFTY,23799.099609375,VOLATILE_EXPANSION,MIXED,NO_TRADE,NO_TRADE,40,No valid setup — conditions not satisfied,,,Close below — or above — with VIX spike,ATR-based range: ±0.00,,,NO_TRADE,,0.0,0.0,,,LIVE,No trade warranted
2026-09-07 05:05:00,2026-09-07,NIFTY,23799.150390625,VOLATILE_EXPANSION,MIXED,NO_TRADE,NO_TRADE,40,No valid setup — conditions not satisfied,,,Close below — or above — with VIX spike,ATR-based range: ±0.00,,,NO_TRADE,,0.0,0.0,,,LIVE,No trade warranted
2026-09-07 05:10:00,2026-09-07,NIFTY,23802.05078125,VOLATILE_EXPANSION,MIXED,NO_TRADE,NO_TRADE,40,No valid setup — conditions not satisfied,,,Close below — or above — with VIX spike,ATR-based range: ±0.00,,,NO_TRADE,,0.0,0.0,,,LIVE,No trade warranted
2026-09-07 05:15:00,2026-09-07,NIFTY,23794.30078125,VOLATILE_EXPANSION,MIXED,NO_TRADE,NO_TRADE,40,No valid setup — conditions not satisfied,,,Close below — or above — with VIX spike,ATR-based range: ±0.00,,,NO_TRADE,,0.0,0.0,,,LIVE,No trade warranted
2026-09-07 05:20:00,2026-09-07,NIFTY,23789.0,VOLATILE_EXPANSION,MIXED,NO_TRADE,NO_TRADE,40,No valid setup — conditions not satisfied,,,Close below 23816.15 or above 23820.65 with VIX spike,ATR-based range: ±7.48,,,NO_TRADE,,0.0,0.0,,,LIVE,No trade warranted
2026-09-07 05:25:00,2026-09-07,NIFTY,23788.150390625,VOLATILE_EXPANSION,MIXED,NO_TRADE,NO_TRADE,40,No valid setup — conditions not satisfied,,,Close below 23812.1 or above 23820.65 with VIX spike,ATR-based range: ±10.42,,,NO_TRADE,,0.0,0.0,,,LIVE,No trade warranted
2026-09-07 05:30:00,2026-09-07,NIFTY,23774.099609375,VOLATILE_EXPANSION,MIXED,NO_TRADE,NO_TRADE,40,No valid setup — conditions not satisfied,,,Close below 23806.2 or above 23811.15 with VIX spike,ATR-based range: ±12.57,,,NO_TRADE,,0.0,0.0,,,LIVE,No trade warranted
2026-09-07 05:35:00,2026-09-07,NIFTY,23770.19921875,VOLATILE_EXPANSION,MIXED,NO_TRADE,NO_TRADE,40,No valid setup — conditions not satisfied,,,Close below 23806.2 or above 23809.45 with VIX spike,ATR-based range: ±11.12,,,NO_TRADE,,0.0,0.0,,,LIVE,No trade warranted
2026-09-07 05:40:00,2026-09-07,NIFTY,23768.30078125,VOLATILE_EXPANSION,MIXED,NO_TRADE,NO_TRADE,40,No valid setup — conditions not satisfied,,,Close below 23798.5 or above 23803.9 with VIX spike,ATR-based range: ±4.68,,,NO_TRADE,,0.0,0.0,,,LIVE,No trade warranted
2026-09-07 05:45:00,2026-09-07,NIFTY,23769.30078125,VOLATILE_EXPANSION,MIXED,NO_TRADE,NO_TRADE,40,No valid setup — conditions not satisfied,,,Close below 23798.5 or above 23799.8 with VIX spike,ATR-based range: ±3.90,,,NO_TRADE,,0.0,0.0,,,LIVE,No trade warranted
2026-09-07 05:50:00,2026-09-07,NIFTY,23770.30078125,VOLATILE_EXPANSION,MIXED,NO_TRADE,NO_TRADE,40,No valid setup — conditions not satisfied,,,Close below 23796.1 or above 23799.8 with VIX spike,ATR-based range: ±4.40,,,NO_TRADE,,0.0,0.0,,,LIVE,No trade warranted
2026-09-07 05:55:00,2026-09-07,NIFTY,23766.599609375,VOLATILE_EXPANSION,MIXED,NO_TRADE,NO_TRADE,40,No valid setup — conditions not satisfied,,,Close below 23791.75 or above 23795.35 with VIX spike,ATR-based range: ±7.38,,,NO_TRADE,,0.0,0.0,,,LIVE,No trade warranted
2026-09-07 06:00:00,2026-09-07,NIFTY,23767.150390625,VOLATILE_EXPANSION,MIXED,NO_TRADE,NO_TRADE,40,No valid setup — conditions not satisfied,,,Close below 23789.5 or above 23795.35 with VIX spike,ATR-based range: ±8.55,,,NO_TRADE,,0.0,0.0,,,LIVE,No trade warranted
2026-09-07 06:05:00,2026-09-07,NIFTY,23764.5,VOLATILE_EXPANSION,MIXED,NO_TRADE,NO_TRADE,40,No valid setup — conditions not satisfied,,,Close below 23788.05 or above 23789.2 with VIX spike,ATR-based range: ±13.75,,,NO_TRADE,,0.0,0.0,,,LIVE,No trade warranted
2026-09-07 06:10:00,2026-09-07,NIFTY,23771.900390625,VOLATILE_EXPANSION,MIXED,NO_TRADE,NO_TRADE,40,No valid setup — conditions not satisfied,,,Close below 23785.7 or above 23789.2 with VIX spike,ATR-based range: ±15.50,,,NO_TRADE,,0.0,0.0,,,LIVE,No trade warranted
2026-09-07 06:15:00,2026-09-07,NIFTY,23768.849609375,VOLATILE_EXPANSION,MIXED,NO_TRADE,NO_TRADE,40,No valid setup — conditions not satisfied,,,Close below 23772.3 or above 23789.2 with VIX spike,ATR-based range: ±15.95,,,NO_TRADE,,0.0,0.0,,,LIVE,No trade warranted
2026-09-07 06:20:00,2026-09-07,NIFTY,23775.5,VOLATILE_EXPANSION,MIXED,NO_TRADE,NO_TRADE,40,No valid setup — conditions not satisfied,,,Close below 23772.3 or above 23789.2 with VIX spike,ATR-based range: ±15.65,,,NO_TRADE,,0.0,0.0,,,LIVE,No trade warranted
2026-09-07 06:25:00,2026-09-07,NIFTY,23774.75,VOLATILE_EXPANSION,MIXED,NO_TRADE,NO_TRADE,40,No valid setup — conditions not satisfied,,,Close below 23772.3 or above 23789.2 with VIX spike,ATR-based range: ±15.50,,,NO_TRADE,,0.0,0.0,,,LIVE,No trade warranted
2026-09-07 06:30:00,2026-09-07,NIFTY,23774.80078125,SIDEWAYS,NEUTRAL,NO_TRADE,NO_TRADE,50,No valid setup — conditions not satisfied,,,Breakout below 23772.3 or above 23789.2,Range: 23772.3 – 23789.2,,,NO_TRADE,,0.0,0.0,,,LIVE,No trade warranted
2026-09-07 06:35:00,2026-09-07,NIFTY,23787.099609375,SIDEWAYS,NEUTRAL,NO_TRADE,NO_TRADE,50,No valid setup — conditions not satisfied,,,Breakout below 23772.3 or above 23779.35,Range: 23772.3 – 23779.35,,,NO_TRADE,,0.0,0.0,,,LIVE,No trade warranted
2026-09-07 06:40:00,2026-09-07,NIFTY,23785.94921875,VOLATILE_EXPANSION,MIXED,NO_TRADE,NO_TRADE,40,No valid setup — conditions not satisfied,,,Close below 23772.3 or above 23778.25 with VIX spike,ATR-based range: ±8.73,,,NO_TRADE,,0.0,0.0,,,LIVE,No trade warranted
2026-09-07 06:45:00,2026-09-07,NIFTY,23769.400390625,SIDEWAYS,NEUTRAL,NO_TRADE,NO_TRADE,50,No valid setup — conditions not satisfied,,,Breakout below 23772.3 or above 23777.0,Range: 23772.3 – 23777.0,,,NO_TRADE,,0.0,0.0,,,LIVE,No trade warranted
2026-09-07 06:50:00,2026-09-07,NIFTY,23767.849609375,SIDEWAYS,NEUTRAL,NO_TRADE,NO_TRADE,50,No valid setup — conditions not satisfied,,,Breakout below 23772.3 or above 23775.0,Range: 23772.3 – 23775.0,,,NO_TRADE,,0.0,0.0,,,LIVE,No trade warranted
2026-09-07 06:55:00,2026-09-07,NIFTY,23761.400390625,SIDEWAYS,NEUTRAL,NO_TRADE,NO_TRADE,50,No valid setup — conditions not satisfied,,,Breakout below 23772.3 or above 23775.0,Range: 23772.3 – 23775.0,,,NO_TRADE,,0.0,0.0,,,LIVE,No trade warranted
2026-09-07 07:00:00,2026-09-07,NIFTY,23761.400390625,SIDEWAYS,NEUTRAL,NO_TRADE,NO_TRADE,50,No valid setup — conditions not satisfied,,,Breakout below 23771.45 or above 23772.05,Range: 23771.45 – 23772.05,,,NO_TRADE,,0.0,0.0,,,LIVE,No trade warranted
2026-09-07 07:05:00,2026-09-07,NIFTY,23761.0,SIDEWAYS,NEUTRAL,NO_TRADE,NO_TRADE,50,No valid setup — conditions not satisfied,,,Breakout below 23770.3 or above 23771.45,Range: 23770.3 – 23771.45,,,NO_TRADE,,0.0,0.0,,,LIVE,No trade warranted
2026-09-07 07:10:00,2026-09-07,NIFTY,23758.400390625,SIDEWAYS,NEUTRAL,NO_TRADE,NO_TRADE,50,No valid setup — conditions not satisfied,,,Breakout below 23769.25 or above 23771.45,Range: 23769.25 – 23771.45,,,NO_TRADE,,0.0,0.0,,,LIVE,No trade warranted
2026-09-07 07:15:00,2026-09-07,NIFTY,23752.75,SIDEWAYS,NEUTRAL,NO_TRADE,NO_TRADE,50,No valid setup — conditions not satisfied,,,Breakout below 23768.5 or above 23771.45,Range: 23768.5 – 23771.45,,,NO_TRADE,,0.0,0.0,,,LIVE,No trade warranted
2026-09-07 07:20:00,2026-09-07,NIFTY,23744.650390625,VOLATILE_EXPANSION,MIXED,NO_TRADE,NO_TRADE,40,No valid setup — conditions not satisfied,,,Close below 23767.5 or above 23768.15 with VIX spike,ATR-based range: ±2.05,,,NO_TRADE,,0.0,0.0,,,LIVE,No trade warranted
2026-09-07 07:25:00,2026-09-07,NIFTY,23744.44921875,VOLATILE_EXPANSION,MIXED,NO_TRADE,NO_TRADE,40,No valid setup — conditions not satisfied,,,Close below 23764.45 or above 23768.15 with VIX spike,ATR-based range: ±2.35,,,NO_TRADE,,0.0,0.0,,,LIVE,No trade warranted
2026-09-07 07:30:00,2026-09-07,NIFTY,23746.25,VOLATILE_EXPANSION,MIXED,NO_TRADE,NO_TRADE,40,No valid setup — conditions not satisfied,,,Close below 23764.45 or above 23768.15 with VIX spike,ATR-based range: ±2.35,,,NO_TRADE,,0.0,0.0,,,LIVE,No trade warranted
2026-09-07 07:35:00,2026-09-07,NIFTY,23751.400390625,SIDEWAYS,NEUTRAL,NO_TRADE,NO_TRADE,50,No valid setup — conditions not satisfied,,,Breakout below 23764.25 or above 23768.15,Range: 23764.25 – 23768.15,,,NO_TRADE,,0.0,0.0,,,LIVE,No trade warranted
2026-09-07 07:40:00,2026-09-07,NIFTY,23750.150390625,SIDEWAYS,NEUTRAL,NO_TRADE,NO_TRADE,50,No valid setup — conditions not satisfied,,,Breakout below 23762.45 or above 23764.0,Range: 23762.45 – 23764.0,,,NO_TRADE,,0.0,0.0,,,LIVE,No trade warranted
2026-09-07 07:45:00,2026-09-07,NIFTY,23754.05078125,VOLATILE_EXPANSION,MIXED,NO_TRADE,NO_TRADE,40,No valid setup — conditions not satisfied,,,Close below 23759.8 or above 23764.0 with VIX spike,ATR-based range: ±6.55,,,NO_TRADE,,0.0,0.0,,,LIVE,No trade warranted
2026-09-07 07:50:00,2026-09-07,NIFTY,23756.55078125,SIDEWAYS,NEUTRAL,NO_TRADE,NO_TRADE,30,No valid setup — conditions not satisfied,,,Breakout below 23759.8 or above 23764.0,Range: 23759.8 – 23764.0,,,NO_TRADE,,0.0,0.0,,,LIVE,No trade warranted
2026-09-07 07:55:00,2026-09-07,NIFTY,23756.849609375,SIDEWAYS_TO_BEARISH,MILD_BEARISH,MILD_DIRECTIONAL,CONDITIONAL,40,Conditional — requires breakout above 23763.75 or breakdown below 23759.8,2026-09-07 08:00:00,23756.099609375,Close above 23764.0 invalidates bearish view,S1 23759.8 – S2 23755.45,2026-09-08 08:15:00,23636.099609375,LOSS,-0.5083,220.6092,-2.6866,5,1460,LIVE,Invalidation reached before target
2026-09-07 08:00:00,2026-09-07,NIFTY,23756.099609375,SIDEWAYS_TO_BEARISH,MILD_BEARISH,MILD_DIRECTIONAL,CONDITIONAL,40,Conditional — requires breakout above 23761.15 or breakdown below 23759.8,2026-09-07 08:05:00,23759.94921875,Close above 23763.75 invalidates bearish view,S1 23759.8 – S2 23755.45,2026-09-08 08:15:00,23636.099609375,LOSS,-0.5051,220.6193,-2.6835,5,1455,LIVE,Invalidation reached before target
2026-09-07 08:05:00,2026-09-07,NIFTY,23759.94921875,SIDEWAYS,NEUTRAL,NO_TRADE,NO_TRADE,30,No valid setup — conditions not satisfied,,,Breakout below 23759.8 or above 23760.45,Range: 23759.8 – 23760.45,,,NO_TRADE,,0.0,0.0,,,LIVE,No trade warranted
2026-09-07 08:10:00,2026-09-07,NIFTY,23761.80078125,SIDEWAYS,NEUTRAL,NO_TRADE,NO_TRADE,50,No valid setup — conditions not satisfied,,,Breakout below 23757.15 or above 23760.45,Range: 23757.15 – 23760.45,,,NO_TRADE,,0.0,0.0,,,LIVE,No trade warranted
2026-09-07 08:15:00,2026-09-07,NIFTY,23765.94921875,SIDEWAYS,NEUTRAL,NO_TRADE,NO_TRADE,50,No valid setup — conditions not satisfied,,,Breakout below 23757.15 or above 23760.45,Range: 23757.15 – 23760.45,,,NO_TRADE,,0.0,0.0,,,LIVE,No trade warranted
2026-09-07 08:20:00,2026-09-07,NIFTY,23778.19921875,VOLATILE_EXPANSION,MIXED,NO_TRADE,NO_TRADE,40,No valid setup — conditions not satisfied,,,Close below 23757.15 or above 23758.3 with VIX spike,ATR-based range: ±2.90,,,NO_TRADE,,0.0,0.0,,,LIVE,No trade warranted
2026-09-07 08:25:00,2026-09-07,NIFTY,23775.05078125,VOLATILE_EXPANSION,MIXED,NO_TRADE,NO_TRADE,40,No valid setup — conditions not satisfied,,,Close below 23757.15 or above 23758.3 with VIX spike,ATR-based range: ±2.90,,,NO_TRADE,,0.0,0.0,,,LIVE,No trade warranted
2026-09-07 08:30:00,2026-09-07,NIFTY,23780.150390625,SIDEWAYS,NEUTRAL,NO_TRADE,NO_TRADE,30,No valid setup — conditions not satisfied,,,Breakout below 23757.15 or above 23760.45,Range: 23757.15 – 23760.45,,,NO_TRADE,,0.0,0.0,,,LIVE,No trade warranted
2026-09-07 08:35:00,2026-09-07,NIFTY,23771.80078125,VOLATILE_EXPANSION,MIXED,NO_TRADE,NO_TRADE,40,No valid setup — conditions not satisfied,,,Close below 23757.15 or above 23760.45 with VIX spike,ATR-based range: ±3.93,,,NO_TRADE,,0.0,0.0,,,LIVE,No trade warranted
2026-09-07 08:40:00,2026-09-07,NIFTY,23774.05078125,VOLATILE_EXPANSION,MIXED,NO_TRADE,NO_TRADE,40,No valid setup — conditions not satisfied,,,Close below 23759.45 or above 23760.45 with VIX spike,ATR-based range: ±3.88,,,NO_TRADE,,0.0,0.0,,,LIVE,No trade warranted
2026-09-07 08:45:00,2026-09-07,NIFTY,23771.69921875,VOLATILE_EXPANSION,MIXED,NO_TRADE,NO_TRADE,40,No valid setup — conditions not satisfied,,,Close below 23759.45 or above 23761.15 with VIX spike,ATR-based range: ±4.15,,,NO_TRADE,,0.0,0.0,,,LIVE,No trade warranted
2026-09-07 08:50:00,2026-09-07,NIFTY,23780.19921875,SIDEWAYS,NEUTRAL,NO_TRADE,NO_TRADE,30,No valid setup — conditions not satisfied,,,Breakout below 23759.45 or above 23763.2,Range: 23759.45 – 23763.2,,,NO_TRADE,,0.0,0.0,,,LIVE,No trade warranted
2026-09-07 08:55:00,2026-09-07,NIFTY,23784.150390625,SIDEWAYS,NEUTRAL,NO_TRADE,NO_TRADE,30,No valid setup — conditions not satisfied,,,Breakout below 23759.45 or above 23763.2,Range: 23759.45 – 23763.2,,,NO_TRADE,,0.0,0.0,,,LIVE,No trade warranted
2026-09-07 09:00:00,2026-09-07,NIFTY,23774.25,SIDEWAYS,NEUTRAL,NO_TRADE,NO_TRADE,50,No valid setup — conditions not satisfied,,,Breakout below 23764.1 or above 23765.35,Range: 23764.1 – 23765.35,,,NO_TRADE,,0.0,0.0,,,LIVE,No trade warranted
2026-09-07 09:05:00,2026-09-07,NIFTY,23766.5,SIDEWAYS,NEUTRAL,NO_TRADE,NO_TRADE,30,No valid setup — conditions not satisfied,,,Breakout below 23765.75 or above 23770.0,Range: 23765.75 – 23770.0,,,NO_TRADE,,0.0,0.0,,,LIVE,No trade warranted
2026-09-07 09:10:00,2026-09-07,NIFTY,23758.69921875,SIDEWAYS,NEUTRAL,NO_TRADE,NO_TRADE,30,No valid setup — conditions not satisfied,,,Breakout below 23765.75 or above 23767.2,Range: 23765.75 – 23767.2,,,NO_TRADE,,0.0,0.0,,,LIVE,No trade warranted
2026-09-07 09:15:00,2026-09-07,NIFTY,23754.400390625,SIDEWAYS,NEUTRAL,NO_TRADE,NO_TRADE,30,No valid setup — conditions not satisfied,,,Breakout below 23765.75 or above 23767.2,Range: 23765.75 – 23767.2,,,NO_TRADE,,0.0,0.0,,,LIVE,No trade warranted
2026-09-07 09:20:00,2026-09-07,NIFTY,23750.599609375,SIDEWAYS,NEUTRAL,NO_TRADE,NO_TRADE,30,No valid setup — conditions not satisfied,,,Breakout below 23765.75 or above 23767.2,Range: 23765.75 – 23767.2,,,NO_TRADE,,0.0,0.0,,,LIVE,No trade warranted
2026-09-07 09:25:00,2026-09-07,NIFTY,23749.400390625,SIDEWAYS_TO_BEARISH,MILD_BEARISH,MILD_DIRECTIONAL,CONDITIONAL,40,Conditional — requires breakout above 23767.2 or breakdown below 23765.75,2026-09-07 09:30:00,23750.150390625,Close above 23770.0 invalidates bearish view,S1 23765.75 – S2 23764.1,2026-09-08 08:20:00,23623.25,LOSS,-0.5312,220.7098,-2.6561,5,1375,LIVE,Invalidation reached before target
2026-09-07 09:30:00,2026-09-07,NIFTY,23750.150390625,SIDEWAYS,NEUTRAL,NO_TRADE,NO_TRADE,30,No valid setup — conditions not satisfied,,,Breakout below 23765.75 or above 23767.2,Range: 23765.75 – 23767.2,,,NO_TRADE,,0.0,0.0,,,LIVE,No trade warranted
2026-09-07 09:35:00,2026-09-07,NIFTY,23740.69921875,SIDEWAYS,NEUTRAL,NO_TRADE,NO_TRADE,30,No valid setup — conditions not satisfied,,,Breakout below 23764.1 or above 23765.35,Range: 23764.1 – 23765.35,,,NO_TRADE,,0.0,0.0,,,LIVE,No trade warranted
2026-09-07 09:40:00,2026-09-07,NIFTY,23759.400390625,SIDEWAYS_TO_BEARISH,MILD_BEARISH,MILD_DIRECTIONAL,CONDITIONAL,40,Conditional — requires breakout above 23765.5 or breakdown below 23764.1,2026-09-07 09:45:00,23760.30078125,Close above 23765.7 invalidates bearish view,S1 23764.1 – S2 23759.45,2026-09-08 06:35:00,23638.19921875,LOSS,-0.5101,220.5748,-2.697,5,1255,LIVE,Invalidation reached before target
2026-09-07 09:45:00,2026-09-07,NIFTY,23760.30078125,SIDEWAYS,NEUTRAL,NO_TRADE,NO_TRADE,30,No valid setup — conditions not satisfied,,,Breakout below 23764.1 or above 23765.5,Range: 23764.1 – 23765.5,,,NO_TRADE,,0.0,0.0,,,LIVE,No trade warranted
2026-09-07 09:50:00,2026-09-07,NIFTY,23760.30078125,SIDEWAYS,NEUTRAL,NO_TRADE,NO_TRADE,30,No valid setup — conditions not satisfied,,,Breakout below 23764.1 or above 23765.5,Range: 23764.1 – 23765.5,,,NO_TRADE,,0.0,0.0,,,LIVE,No trade warranted
2026-09-07 09:55:00,2026-09-07,NIFTY,23779.150390625,SIDEWAYS,NEUTRAL,NO_TRADE,NO_TRADE,30,No valid setup — conditions not satisfied,,,Breakout below 23765.75 or above 23767.2,Range: 23765.75 – 23767.2,,,NO_TRADE,,0.0,0.0,,,LIVE,No trade warranted
2026-09-08 03:45:00,2026-09-08,NIFTY,23694.150390625,SIDEWAYS,NEUTRAL,NO_TRADE,NO_TRADE,50,No valid setup — conditions not satisfied,,,Breakout below — or above —,Range: — – —,,,NO_TRADE,,0.0,0.0,,,LIVE,No trade warranted
2026-09-08 03:50:00,2026-09-08,NIFTY,23679.5,SIDEWAYS,NEUTRAL,NO_TRADE,NO_TRADE,50,No valid setup — conditions not satisfied,,,Breakout below — or above —,Range: — – —,,,NO_TRADE,,0.0,0.0,,,LIVE,No trade warranted
2026-09-08 03:55:00,2026-09-08,NIFTY,23672.5,SIDEWAYS,NEUTRAL,NO_TRADE,NO_TRADE,50,No valid setup — conditions not satisfied,,,Breakout below — or above —,Range: — – —,,,NO_TRADE,,0.0,0.0,,,LIVE,No trade warranted
2026-09-08 04:00:00,2026-09-08,NIFTY,23676.0,SIDEWAYS,NEUTRAL,NO_TRADE,NO_TRADE,50,No valid setup — conditions not satisfied,,,Breakout below — or above —,Range: — – —,,,NO_TRADE,,0.0,0.0,,,LIVE,No trade warranted
2026-09-08 04:05:00,2026-09-08,NIFTY,23686.69921875,SIDEWAYS,NEUTRAL,NO_TRADE,NO_TRADE,50,No valid setup — conditions not satisfied,,,Breakout below — or above —,Range: — – —,,,NO_TRADE,,0.0,0.0,,,LIVE,No trade warranted
2026-09-08 04:10:00,2026-09-08,NIFTY,23674.349609375,SIDEWAYS,NEUTRAL,NO_TRADE,NO_TRADE,50,No valid setup — conditions not satisfied,,,Breakout below — or above —,Range: — – —,,,NO_TRADE,,0.0,0.0,,,LIVE,No trade warranted
2026-09-08 04:15:00,2026-09-08,NIFTY,23686.44921875,SIDEWAYS,NEUTRAL,NO_TRADE,NO_TRADE,50,No valid setup — conditions not satisfied,,,Breakout below — or above —,Range: — – —,,,NO_TRADE,,0.0,0.0,,,LIVE,No trade warranted
2026-09-08 04:20:00,2026-09-08,NIFTY,23678.55078125,SIDEWAYS,NEUTRAL,NO_TRADE,NO_TRADE,50,No valid setup — conditions not satisfied,,,Breakout below — or above —,Range: — – —,,,NO_TRADE,,0.0,0.0,,,LIVE,No trade warranted
2026-09-08 04:25:00,2026-09-08,NIFTY,23666.94921875,SIDEWAYS,NEUTRAL,NO_TRADE,NO_TRADE,50,No valid setup — conditions not satisfied,,,Breakout below — or above —,Range: — – —,,,NO_TRADE,,0.0,0.0,,,LIVE,No trade warranted
2026-09-08 04:30:00,2026-09-08,NIFTY,23659.69921875,SIDEWAYS,NEUTRAL,NO_TRADE,NO_TRADE,50,No valid setup — conditions not satisfied,,,Breakout below — or above —,Range: — – —,,,NO_TRADE,,0.0,0.0,,,LIVE,No trade warranted
2026-09-08 04:35:00,2026-09-08,NIFTY,23681.650390625,SIDEWAYS,NEUTRAL,NO_TRADE,NO_TRADE,50,No valid setup — conditions not satisfied,,,Breakout below — or above —,Range: — – —,,,NO_TRADE,,0.0,0.0,,,LIVE,No trade warranted
2026-09-08 04:40:00,2026-09-08,NIFTY,23707.900390625,SIDEWAYS,NEUTRAL,NO_TRADE,NO_TRADE,50,No valid setup — conditions not satisfied,,,Breakout below — or above —,Range: — – —,,,NO_TRADE,,0.0,0.0,,,LIVE,No trade warranted
2026-09-08 04:45:00,2026-09-08,NIFTY,23703.650390625,SIDEWAYS,NEUTRAL,NO_TRADE,NO_TRADE,50,No valid setup — conditions not satisfied,,,Breakout below — or above —,Range: — – —,,,NO_TRADE,,0.0,0.0,,,LIVE,No trade warranted
2026-09-08 04:50:00,2026-09-08,NIFTY,23698.25,SIDEWAYS,NEUTRAL,NO_TRADE,NO_TRADE,50,No valid setup — conditions not satisfied,,,Breakout below — or above —,Range: — – —,,,NO_TRADE,,0.0,0.0,,,LIVE,No trade warranted
2026-09-08 04:55:00,2026-09-08,NIFTY,23693.900390625,SIDEWAYS,NEUTRAL,NO_TRADE,NO_TRADE,50,No valid setup — conditions not satisfied,,,Breakout below — or above —,Range: — – —,,,NO_TRADE,,0.0,0.0,,,LIVE,No trade warranted
2026-09-08 05:00:00,2026-09-08,NIFTY,23692.349609375,SIDEWAYS,NEUTRAL,NO_TRADE,NO_TRADE,50,No valid setup — conditions not satisfied,,,Breakout below — or above —,Range: — – —,,,NO_TRADE,,0.0,0.0,,,LIVE,No trade warranted
2026-09-08 05:05:00,2026-09-08,NIFTY,23671.849609375,SIDEWAYS,NEUTRAL,NO_TRADE,NO_TRADE,50,No valid setup — conditions not satisfied,,,Breakout below — or above —,Range: — – —,,,NO_TRADE,,0.0,0.0,,,LIVE,No trade warranted
2026-09-08 05:10:00,2026-09-08,NIFTY,23669.30078125,SIDEWAYS,NEUTRAL,NO_TRADE,NO_TRADE,50,No valid setup — conditions not satisfied,,,Breakout below — or above —,Range: — – —,,,NO_TRADE,,0.0,0.0,,,LIVE,No trade warranted
2026-09-08 05:15:00,2026-09-08,NIFTY,23689.25,SIDEWAYS,NEUTRAL,NO_TRADE,NO_TRADE,50,No valid setup — conditions not satisfied,,,Breakout below — or above —,Range: — – —,,,NO_TRADE,,0.0,0.0,,,LIVE,No trade warranted
2026-09-08 05:20:00,2026-09-08,NIFTY,23682.349609375,SIDEWAYS,NEUTRAL,NO_TRADE,NO_TRADE,50,No valid setup — conditions not satisfied,,,Breakout below 23681.7 or above 23685.05,Range: 23681.7 – 23685.05,,,NO_TRADE,,0.0,0.0,,,LIVE,No trade warranted
2026-09-08 05:25:00,2026-09-08,NIFTY,23670.349609375,SIDEWAYS,NEUTRAL,NO_TRADE,NO_TRADE,50,No valid setup — conditions not satisfied,,,Breakout below 23681.7 or above 23683.25,Range: 23681.7 – 23683.25,,,NO_TRADE,,0.0,0.0,,,LIVE,No trade warranted
2026-09-08 05:30:00,2026-09-08,NIFTY,23662.599609375,SIDEWAYS,NEUTRAL,NO_TRADE,NO_TRADE,50,No valid setup — conditions not satisfied,,,Breakout below 23678.85 or above 23683.25,Range: 23678.85 – 23683.25,,,NO_TRADE,,0.0,0.0,,,LIVE,No trade warranted
2026-09-08 05:35:00,2026-09-08,NIFTY,23676.30078125,SIDEWAYS,NEUTRAL,NO_TRADE,NO_TRADE,50,No valid setup — conditions not satisfied,,,Breakout below 23678.85 or above 23683.25,Range: 23678.85 – 23683.25,,,NO_TRADE,,0.0,0.0,,,LIVE,No trade warranted
2026-09-08 05:40:00,2026-09-08,NIFTY,23677.650390625,SIDEWAYS,NEUTRAL,NO_TRADE,NO_TRADE,50,No valid setup — conditions not satisfied,,,Breakout below 23678.85 or above 23683.25,Range: 23678.85 – 23683.25,,,NO_TRADE,,0.0,0.0,,,LIVE,No trade warranted
2026-09-08 05:45:00,2026-09-08,NIFTY,23684.349609375,SIDEWAYS,NEUTRAL,NO_TRADE,NO_TRADE,50,No valid setup — conditions not satisfied,,,Breakout below 23678.85 or above 23683.25,Range: 23678.85 – 23683.25,,,NO_TRADE,,0.0,0.0,,,LIVE,No trade warranted
2026-09-08 05:50:00,2026-09-08,NIFTY,23672.55078125,SIDEWAYS,NEUTRAL,NO_TRADE,NO_TRADE,50,No valid setup — conditions not satisfied,,,Breakout below 23678.85 or above 23683.25,Range: 23678.85 – 23683.25,,,NO_TRADE,,0.0,0.0,,,LIVE,No trade warranted
2026-09-08 05:55:00,2026-09-08,NIFTY,23672.900390625,SIDEWAYS,NEUTRAL,NO_TRADE,NO_TRADE,50,No valid setup — conditions not satisfied,,,Breakout below 23678.85 or above 23681.1,Range: 23678.85 – 23681.1,,,NO_TRADE,,0.0,0.0,,,LIVE,No trade warranted
2026-09-08 06:00:00,2026-09-08,NIFTY,23667.55078125,SIDEWAYS,NEUTRAL,NO_TRADE,NO_TRADE,50,No valid setup — conditions not satisfied,,,Breakout below 23678.85 or above 23680.4,Range: 23678.85 – 23680.4,,,NO_TRADE,,0.0,0.0,,,LIVE,No trade warranted
2026-09-08 06:05:00,2026-09-08,NIFTY,23672.25,SIDEWAYS,NEUTRAL,NO_TRADE,NO_TRADE,50,No valid setup — conditions not satisfied,,,Breakout below 23678.85 or above 23680.4,Range: 23678.85 – 23680.4,,,NO_TRADE,,0.0,0.0,,,LIVE,No trade warranted
2026-09-08 06:10:00,2026-09-08,NIFTY,23673.349609375,SIDEWAYS,NEUTRAL,NO_TRADE,NO_TRADE,50,No valid setup — conditions not satisfied,,,Breakout below 23678.85 or above 23681.1,Range: 23678.85 – 23681.1,,,NO_TRADE,,0.0,0.0,,,LIVE,No trade warranted
2026-09-08 06:15:00,2026-09-08,NIFTY,23662.849609375,SIDEWAYS,NEUTRAL,NO_TRADE,NO_TRADE,50,No valid setup — conditions not satisfied,,,Breakout below 23678.85 or above 23680.4,Range: 23678.85 – 23680.4,,,NO_TRADE,,0.0,0.0,,,LIVE,No trade warranted
2026-09-08 06:20:00,2026-09-08,NIFTY,23668.75,SIDEWAYS,NEUTRAL,NO_TRADE,NO_TRADE,50,No valid setup — conditions not satisfied,,,Breakout below 23671.3 or above 23680.4,Range: 23671.3 – 23680.4,,,NO_TRADE,,0.0,0.0,,,LIVE,No trade warranted
2026-09-08 06:25:00,2026-09-08,NIFTY,23657.25,SIDEWAYS,NEUTRAL,NO_TRADE,NO_TRADE,50,No valid setup — conditions not satisfied,,,Breakout below 23671.3 or above 23676.8,Range: 23671.3 – 23676.8,,,NO_TRADE,,0.0,0.0,,,LIVE,No trade warranted
2026-09-08 06:30:00,2026-09-08,NIFTY,23649.099609375,VOLATILE_EXPANSION,MIXED,NO_TRADE,NO_TRADE,40,No valid setup — conditions not satisfied,,,Close below 23671.3 or above 23674.0 with VIX spike,ATR-based range: ±3.07,,,NO_TRADE,,0.0,0.0,,,LIVE,No trade warranted
2026-09-08 06:35:00,2026-09-08,NIFTY,23644.349609375,VOLATILE_EXPANSION,MIXED,NO_TRADE,NO_TRADE,40,No valid setup — conditions not satisfied,,,Close below 23670.65 or above 23671.45 with VIX spike,ATR-based range: ±2.23,,,NO_TRADE,,0.0,0.0,,,LIVE,No trade warranted
2026-09-08 06:40:00,2026-09-08,NIFTY,23649.69921875,SIDEWAYS,NEUTRAL,NO_TRADE,NO_TRADE,50,No valid setup — conditions not satisfied,,,Breakout below 23667.9 or above 23670.5,Range: 23667.9 – 23670.5,,,NO_TRADE,,0.0,0.0,,,LIVE,No trade warranted
2026-09-08 06:45:00,2026-09-08,NIFTY,23651.69921875,VOLATILE_EXPANSION,MIXED,NO_TRADE,NO_TRADE,40,No valid setup — conditions not satisfied,,,Close below 23666.75 or above 23670.5 with VIX spike,ATR-based range: ±4.62,,,NO_TRADE,,0.0,0.0,,,LIVE,No trade warranted
2026-09-08 06:50:00,2026-09-08,NIFTY,23658.849609375,SIDEWAYS,NEUTRAL,NO_TRADE,NO_TRADE,50,No valid setup — conditions not satisfied,,,Breakout below 23666.75 or above 23670.5,Range: 23666.75 – 23670.5,,,NO_TRADE,,0.0,0.0,,,LIVE,No trade warranted
2026-09-08 06:55:00,2026-09-08,NIFTY,23662.599609375,VOLATILE_EXPANSION,MIXED,NO_TRADE,NO_TRADE,40,No valid setup — conditions not satisfied,,,Close below 23663.7 or above 23670.5 with VIX spike,ATR-based range: ±4.83,,,NO_TRADE,,0.0,0.0,,,LIVE,No trade warranted
2026-09-08 07:00:00,2026-09-08,NIFTY,23663.80078125,SIDEWAYS,NEUTRAL,NO_TRADE,NO_TRADE,50,No valid setup — conditions not satisfied,,,Breakout below 23663.7 or above 23669.2,Range: 23663.7 – 23669.2,,,NO_TRADE,,0.0,0.0,,,LIVE,No trade warranted
2026-09-08 07:05:00,2026-09-08,NIFTY,23667.94921875,SIDEWAYS,NEUTRAL,NO_TRADE,NO_TRADE,50,No valid setup — conditions not satisfied,,,Breakout below 23663.8 or above 23669.2,Range: 23663.8 – 23669.2,,,NO_TRADE,,0.0,0.0,,,LIVE,No trade warranted
2026-09-08 07:10:00,2026-09-08,NIFTY,23660.650390625,SIDEWAYS,NEUTRAL,NO_TRADE,NO_TRADE,50,No valid setup — conditions not satisfied,,,Breakout below 23663.8 or above 23669.2,Range: 23663.8 – 23669.2,,,NO_TRADE,,0.0,0.0,,,LIVE,No trade warranted
2026-09-08 07:15:00,2026-09-08,NIFTY,23654.75,SIDEWAYS,NEUTRAL,NO_TRADE,NO_TRADE,50,No valid setup — conditions not satisfied,,,Breakout below 23661.45 or above 23669.2,Range: 23661.45 – 23669.2,,,NO_TRADE,,0.0,0.0,,,LIVE,No trade warranted
2026-09-08 07:20:00,2026-09-08,NIFTY,23656.599609375,SIDEWAYS,NEUTRAL,NO_TRADE,NO_TRADE,50,No valid setup — conditions not satisfied,,,Breakout below 23661.45 or above 23663.0,Range: 23661.45 – 23663.0,,,NO_TRADE,,0.0,0.0,,,LIVE,No trade warranted
2026-09-08 07:25:00,2026-09-08,NIFTY,23655.099609375,SIDEWAYS,NEUTRAL,NO_TRADE,NO_TRADE,50,No valid setup — conditions not satisfied,,,Breakout below 23659.95 or above 23661.45,Range: 23659.95 – 23661.45,,,NO_TRADE,,0.0,0.0,,,LIVE,No trade warranted
2026-09-08 07:30:00,2026-09-08,NIFTY,23650.44921875,SIDEWAYS,NEUTRAL,NO_TRADE,NO_TRADE,50,No valid setup — conditions not satisfied,,,Breakout below 23659.95 or above 23660.8,Range: 23659.95 – 23660.8,,,NO_TRADE,,0.0,0.0,,,LIVE,No trade warranted
2026-09-08 07:35:00,2026-09-08,NIFTY,23653.599609375,SIDEWAYS,NEUTRAL,NO_TRADE,NO_TRADE,50,No valid setup — conditions not satisfied,,,Breakout below 23657.3 or above 23660.8,Range: 23657.3 – 23660.8,,,NO_TRADE,,0.0,0.0,,,LIVE,No trade warranted
2026-09-08 07:40:00,2026-09-08,NIFTY,23661.30078125,SIDEWAYS,NEUTRAL,NO_TRADE,NO_TRADE,50,No valid setup — conditions not satisfied,,,Breakout below 23657.3 or above 23660.8,Range: 23657.3 – 23660.8,,,NO_TRADE,,0.0,0.0,,,LIVE,No trade warranted
2026-09-08 07:45:00,2026-09-08,NIFTY,23655.599609375,SIDEWAYS,NEUTRAL,NO_TRADE,NO_TRADE,50,No valid setup — conditions not satisfied,,,Breakout below 23657.3 or above 23658.55,Range: 23657.3 – 23658.55,,,NO_TRADE,,0.0,0.0,,,LIVE,No trade warranted
2026-09-08 07:50:00,2026-09-08,NIFTY,23652.75,SIDEWAYS,NEUTRAL,NO_TRADE,NO_TRADE,30,No valid setup — conditions not satisfied,,,Breakout below 23654.9 or above 23657.75,Range: 23654.9 – 23657.75,,,NO_TRADE,,0.0,0.0,,,LIVE,No trade warranted
2026-09-08 07:55:00,2026-09-08,NIFTY,23647.05078125,SIDEWAYS,NEUTRAL,NO_TRADE,NO_TRADE,30,No valid setup — conditions not satisfied,,,Breakout below 23654.9 or above 23656.6,Range: 23654.9 – 23656.6,,,NO_TRADE,,0.0,0.0,,,LIVE,No trade warranted
2026-09-08 08:00:00,2026-09-08,NIFTY,23642.650390625,SIDEWAYS_TO_BEARISH,MILD_BEARISH,MILD_DIRECTIONAL,CONDITIONAL,40,Conditional — requires breakout above 23656.6 or breakdown below 23654.3,2026-09-08 08:05:00,23644.849609375,Close above 23657.75 invalidates bearish view,S1 23654.3 – S2 23653.55,2026-09-09 03:45:00,23478.94921875,LOSS,-0.6924,219.951,-2.2165,5,1185,LIVE,Invalidation reached before target
2026-09-08 08:05:00,2026-09-08,NIFTY,23644.849609375,SIDEWAYS_TO_BEARISH,MILD_BEARISH,MILD_DIRECTIONAL,CONDITIONAL,40,Conditional — requires breakout above 23654.65 or breakdown below 23652.5,2026-09-08 08:10:00,23638.55078125,Close above 23656.6 invalidates bearish view,S1 23652.5 – S2 23651.5,2026-09-09 03:45:00,23478.94921875,LOSS,-0.7016,219.9213,-2.2256,5,1180,LIVE,Invalidation reached before target
2026-09-08 08:10:00,2026-09-08,NIFTY,23638.55078125,SIDEWAYS_TO_BEARISH,MILD_BEARISH,MILD_DIRECTIONAL,CONDITIONAL,40,Conditional — requires breakout above 23653.85 or breakdown below 23652.5,2026-09-08 08:15:00,23639.75,Close above 23653.95 invalidates bearish view,S1 23652.5 – S2 23651.5,2026-09-09 03:45:00,23478.94921875,LOSS,-0.6752,220.0065,-2.1996,5,1175,LIVE,Invalidation reached before target
2026-09-08 08:15:00,2026-09-08,NIFTY,23639.75,SIDEWAYS,NEUTRAL,NO_TRADE,NO_TRADE,30,No valid setup — conditions not satisfied,,,Breakout below 23652.5 or above 23653.85,Range: 23652.5 – 23653.85,,,NO_TRADE,,0.0,0.0,,,LIVE,No trade warranted
2026-09-08 08:20:00,2026-09-08,NIFTY,23631.69921875,SIDEWAYS,NEUTRAL,NO_TRADE,NO_TRADE,30,No valid setup — conditions not satisfied,,,Breakout below 23652.5 or above 23653.85,Range: 23652.5 – 23653.85,,,NO_TRADE,,0.0,0.0,,,LIVE,No trade warranted
2026-09-08 08:25:00,2026-09-08,NIFTY,23633.75,SIDEWAYS,NEUTRAL,NO_TRADE,NO_TRADE,30,No valid setup — conditions not satisfied,,,Breakout below 23651.5 or above 23653.85,Range: 23651.5 – 23653.85,,,NO_TRADE,,0.0,0.0,,,LIVE,No trade warranted
2026-09-08 08:30:00,2026-09-08,NIFTY,23644.849609375,SIDEWAYS,NEUTRAL,NO_TRADE,NO_TRADE,30,No valid setup — conditions not satisfied,,,Breakout below 23649.4 or above 23651.3,Range: 23649.4 – 23651.3,,,NO_TRADE,,0.0,0.0,,,LIVE,No trade warranted
2026-09-08 08:35:00,2026-09-08,NIFTY,23648.150390625,SIDEWAYS,NEUTRAL,NO_TRADE,NO_TRADE,30,No valid setup — conditions not satisfied,,,Breakout below 23649.4 or above 23651.3,Range: 23649.4 – 23651.3,,,NO_TRADE,,0.0,0.0,,,LIVE,No trade warranted
2026-09-08 08:40:00,2026-09-08,NIFTY,23649.099609375,SIDEWAYS,NEUTRAL,NO_TRADE,NO_TRADE,50,No valid setup — conditions not satisfied,,,Breakout below 23649.4 or above 23650.1,Range: 23649.4 – 23650.1,,,NO_TRADE,,0.0,0.0,,,LIVE,No trade warranted
2026-09-08 08:45:00,2026-09-08,NIFTY,23653.19921875,SIDEWAYS,NEUTRAL,NO_TRADE,NO_TRADE,50,No valid setup — conditions not satisfied,,,Breakout below 23648.35 or above 23650.1,Range: 23648.35 – 23650.1,,,NO_TRADE,,0.0,0.0,,,LIVE,No trade warranted
2026-09-08 08:50:00,2026-09-08,NIFTY,23650.599609375,SIDEWAYS,NEUTRAL,NO_TRADE,NO_TRADE,50,No valid setup — conditions not satisfied,,,Breakout below 23646.7 or above 23650.1,Range: 23646.7 – 23650.1,,,NO_TRADE,,0.0,0.0,,,LIVE,No trade warranted
2026-09-08 08:55:00,2026-09-08,NIFTY,23654.0,SIDEWAYS,NEUTRAL,NO_TRADE,NO_TRADE,50,No valid setup — conditions not satisfied,,,Breakout below 23646.7 or above 23650.1,Range: 23646.7 – 23650.1,,,NO_TRADE,,0.0,0.0,,,LIVE,No trade warranted
2026-09-08 09:00:00,2026-09-08,NIFTY,23656.650390625,SIDEWAYS,NEUTRAL,NO_TRADE,NO_TRADE,50,No valid setup — conditions not satisfied,,,Breakout below 23646.7 or above 23650.1,Range: 23646.7 – 23650.1,,,NO_TRADE,,0.0,0.0,,,LIVE,No trade warranted
2026-09-08 09:05:00,2026-09-08,NIFTY,23649.0,SIDEWAYS,NEUTRAL,NO_TRADE,NO_TRADE,30,No valid setup — conditions not satisfied,,,Breakout below 23646.7 or above 23650.1,Range: 23646.7 – 23650.1,,,NO_TRADE,,0.0,0.0,,,LIVE,No trade warranted
2026-09-08 09:10:00,2026-09-08,NIFTY,23648.150390625,SIDEWAYS,NEUTRAL,NO_TRADE,NO_TRADE,30,No valid setup — conditions not satisfied,,,Breakout below 23646.7 or above 23650.1,Range: 23646.7 – 23650.1,,,NO_TRADE,,0.0,0.0,,,LIVE,No trade warranted
2026-09-08 09:15:00,2026-09-08,NIFTY,23641.30078125,SIDEWAYS,NEUTRAL,NO_TRADE,NO_TRADE,30,No valid setup — conditions not satisfied,,,Breakout below 23646.7 or above 23649.2,Range: 23646.7 – 23649.2,,,NO_TRADE,,0.0,0.0,,,LIVE,No trade warranted
2026-09-08 09:20:00,2026-09-08,NIFTY,23647.849609375,SIDEWAYS,NEUTRAL,NO_TRADE,NO_TRADE,30,No valid setup — conditions not satisfied,,,Breakout below 23646.0 or above 23646.5,Range: 23646.0 – 23646.5,,,NO_TRADE,,0.0,0.0,,,LIVE,No trade warranted
2026-09-08 09:25:00,2026-09-08,NIFTY,23644.55078125,SIDEWAYS,NEUTRAL,NO_TRADE,NO_TRADE,30,No valid setup — conditions not satisfied,,,Breakout below 23645.85 or above 23646.5,Range: 23645.85 – 23646.5,,,NO_TRADE,,0.0,0.0,,,LIVE,No trade warranted
2026-09-08 09:30:00,2026-09-08,NIFTY,23642.25,SIDEWAYS,NEUTRAL,NO_TRADE,NO_TRADE,30,No valid setup — conditions not satisfied,,,Breakout below 23643.55 or above 23645.65,Range: 23643.55 – 23645.65,,,NO_TRADE,,0.0,0.0,,,LIVE,No trade warranted
2026-09-08 09:35:00,2026-09-08,NIFTY,23647.30078125,SIDEWAYS,NEUTRAL,NO_TRADE,NO_TRADE,30,No valid setup — conditions not satisfied,,,Breakout below 23643.55 or above 23645.65,Range: 23643.55 – 23645.65,,,NO_TRADE,,0.0,0.0,,,LIVE,No trade warranted
2026-09-08 09:40:00,2026-09-08,NIFTY,23641.099609375,SIDEWAYS,NEUTRAL,NO_TRADE,NO_TRADE,30,No valid setup — conditions not satisfied,,,Breakout below 23643.55 or above 23645.65,Range: 23643.55 – 23645.65,,,NO_TRADE,,0.0,0.0,,,LIVE,No trade warranted
2026-09-08 09:45:00,2026-09-08,NIFTY,23640.05078125,SIDEWAYS,NEUTRAL,NO_TRADE,NO_TRADE,30,No valid setup — conditions not satisfied,,,Breakout below 23643.55 or above 23645.65,Range: 23643.55 – 23645.65,,,NO_TRADE,,0.0,0.0,,,LIVE,No trade warranted
2026-09-08 09:50:00,2026-09-08,NIFTY,23640.05078125,SIDEWAYS,NEUTRAL,NO_TRADE,NO_TRADE,30,No valid setup — conditions not satisfied,,,Breakout below 23643.55 or above 23645.65,Range: 23643.55 – 23645.65,,,NO_TRADE,,0.0,0.0,,,LIVE,No trade warranted
2026-09-08 09:55:00,2026-09-08,NIFTY,23635.099609375,SIDEWAYS_TO_BEARISH,MILD_BEARISH,MILD_DIRECTIONAL,CONDITIONAL,40,Conditional — requires breakout above 23646.5 or breakdown below 23643.55,2026-09-09 03:45:00,23500.44921875,Close above 23647.3 invalidates bearish view,S1 23643.55 – S2 23642.7,2026-09-09 03:45:00,23478.94921875,LOSS,-0.6607,219.7691,-2.1853,1070,1070,LIVE,Invalidation reached before target
2026-09-09 03:45:00,2026-09-09,NIFTY,23500.44921875,SIDEWAYS,NEUTRAL,NO_TRADE,NO_TRADE,50,No valid setup — conditions not satisfied,,,Breakout below — or above —,Range: — – —,,,NO_TRADE,,0.0,0.0,,,LIVE,No trade warranted
2026-09-09 03:50:00,2026-09-09,NIFTY,23512.400390625,SIDEWAYS,NEUTRAL,NO_TRADE,NO_TRADE,50,No valid setup — conditions not satisfied,,,Breakout below — or above —,Range: — – —,,,NO_TRADE,,0.0,0.0,,,LIVE,No trade warranted
2026-09-09 03:55:00,2026-09-09,NIFTY,23509.400390625,SIDEWAYS,NEUTRAL,NO_TRADE,NO_TRADE,50,No valid setup — conditions not satisfied,,,Breakout below — or above —,Range: — – —,,,NO_TRADE,,0.0,0.0,,,LIVE,No trade warranted
2026-09-09 04:00:00,2026-09-09,NIFTY,23515.900390625,SIDEWAYS,NEUTRAL,NO_TRADE,NO_TRADE,50,No valid setup — conditions not satisfied,,,Breakout below — or above —,Range: — – —,,,NO_TRADE,,0.0,0.0,,,LIVE,No trade warranted
2026-09-09 04:05:00,2026-09-09,NIFTY,23526.25,SIDEWAYS,NEUTRAL,NO_TRADE,NO_TRADE,50,No valid setup — conditions not satisfied,,,Breakout below — or above —,Range: — – —,,,NO_TRADE,,0.0,0.0,,,LIVE,No trade warranted
2026-09-09 04:10:00,2026-09-09,NIFTY,23525.44921875,SIDEWAYS,NEUTRAL,NO_TRADE,NO_TRADE,50,No valid setup — conditions not satisfied,,,Breakout below — or above —,Range: — – —,,,NO_TRADE,,0.0,0.0,,,LIVE,No trade warranted
2026-09-09 04:15:00,2026-09-09,NIFTY,23499.19921875,SIDEWAYS,NEUTRAL,NO_TRADE,NO_TRADE,50,No valid setup — conditions not satisfied,,,Breakout below — or above —,Range: — – —,,,NO_TRADE,,0.0,0.0,,,LIVE,No trade warranted
2026-09-09 04:20:00,2026-09-09,NIFTY,23497.400390625,SIDEWAYS,NEUTRAL,NO_TRADE,NO_TRADE,50,No valid setup — conditions not satisfied,,,Breakout below — or above —,Range: — – —,,,NO_TRADE,,0.0,0.0,,,LIVE,No trade warranted
2026-09-09 04:25:00,2026-09-09,NIFTY,23488.69921875,SIDEWAYS,NEUTRAL,NO_TRADE,NO_TRADE,50,No valid setup — conditions not satisfied,,,Breakout below — or above —,Range: — – —,,,NO_TRADE,,0.0,0.0,,,LIVE,No trade warranted
2026-09-09 04:30:00,2026-09-09,NIFTY,23480.0,SIDEWAYS,NEUTRAL,NO_TRADE,NO_TRADE,50,No valid setup — conditions not satisfied,,,Breakout below — or above —,Range: — – —,,,NO_TRADE,,0.0,0.0,,,LIVE,No trade warranted
2026-09-09 04:35:00,2026-09-09,NIFTY,23475.599609375,SIDEWAYS,NEUTRAL,NO_TRADE,NO_TRADE,50,No valid setup — conditions not satisfied,,,Breakout below — or above —,Range: — – —,,,NO_TRADE,,0.0,0.0,,,LIVE,No trade warranted
2026-09-09 04:40:00,2026-09-09,NIFTY,23485.400390625,SIDEWAYS,NEUTRAL,NO_TRADE,NO_TRADE,50,No valid setup — conditions not satisfied,,,Breakout below — or above —,Range: — – —,,,NO_TRADE,,0.0,0.0,,,LIVE,No trade warranted
2026-09-09 04:45:00,2026-09-09,NIFTY,23516.80078125,SIDEWAYS,NEUTRAL,NO_TRADE,NO_TRADE,50,No valid setup — conditions not satisfied,,,Breakout below — or above —,Range: — – —,,,NO_TRADE,,0.0,0.0,,,LIVE,No trade warranted
2026-09-09 04:50:00,2026-09-09,NIFTY,23538.25,SIDEWAYS,NEUTRAL,NO_TRADE,NO_TRADE,50,No valid setup — conditions not satisfied,,,Breakout below — or above —,Range: — – —,,,NO_TRADE,,0.0,0.0,,,LIVE,No trade warranted
2026-09-09 04:55:00,2026-09-09,NIFTY,23539.5,SIDEWAYS,NEUTRAL,NO_TRADE,NO_TRADE,50,No valid setup — conditions not satisfied,,,Breakout below — or above —,Range: — – —,,,NO_TRADE,,0.0,0.0,,,LIVE,No trade warranted
2026-09-09 05:00:00,2026-09-09,NIFTY,23525.80078125,SIDEWAYS,NEUTRAL,NO_TRADE,NO_TRADE,50,No valid setup — conditions not satisfied,,,Breakout below — or above —,Range: — – —,,,NO_TRADE,,0.0,0.0,,,LIVE,No trade warranted
2026-09-09 05:05:00,2026-09-09,NIFTY,23511.55078125,SIDEWAYS,NEUTRAL,NO_TRADE,NO_TRADE,50,No valid setup — conditions not satisfied,,,Breakout below — or above —,Range: — – —,,,NO_TRADE,,0.0,0.0,,,LIVE,No trade warranted
2026-09-09 05:10:00,2026-09-09,NIFTY,23509.849609375,SIDEWAYS,NEUTRAL,NO_TRADE,NO_TRADE,50,No valid setup — conditions not satisfied,,,Breakout below — or above —,Range: — – —,,,NO_TRADE,,0.0,0.0,,,LIVE,No trade warranted
2026-09-09 05:15:00,2026-09-09,NIFTY,23518.80078125,SIDEWAYS,NEUTRAL,NO_TRADE,NO_TRADE,50,No valid setup — conditions not satisfied,,,Breakout below — or above —,Range: — – —,,,NO_TRADE,,0.0,0.0,,,LIVE,No trade warranted
2026-09-09 05:20:00,2026-09-09,NIFTY,23523.150390625,SIDEWAYS,NEUTRAL,NO_TRADE,NO_TRADE,50,No valid setup — conditions not satisfied,,,Breakout below 23507.85 or above 23512.35,Range: 23507.85 – 23512.35,,,NO_TRADE,,0.0,0.0,,,LIVE,No trade warranted
2026-09-09 05:25:00,2026-09-09,NIFTY,23535.599609375,SIDEWAYS,NEUTRAL,NO_TRADE,NO_TRADE,50,No valid setup — conditions not satisfied,,,Breakout below 23507.85 or above 23512.35,Range: 23507.85 – 23512.35,,,NO_TRADE,,0.0,0.0,,,LIVE,No trade warranted
2026-09-09 05:30:00,2026-09-09,NIFTY,23536.80078125,VOLATILE_EXPANSION,MIXED,NO_TRADE,NO_TRADE,40,No valid setup — conditions not satisfied,,,Close below 23507.85 or above 23518.2 with VIX spike,ATR-based range: ±7.77,,,NO_TRADE,,0.0,0.0,,,LIVE,No trade warranted
2026-09-09 05:35:00,2026-09-09,NIFTY,23530.650390625,VOLATILE_EXPANSION,MIXED,NO_TRADE,NO_TRADE,40,No valid setup — conditions not satisfied,,,Close below 23507.85 or above 23518.2 with VIX spike,ATR-based range: ±8.80,,,NO_TRADE,,0.0,0.0,,,LIVE,No trade warranted
2026-09-09 05:40:00,2026-09-09,NIFTY,23524.94921875,VOLATILE_EXPANSION,MIXED,NO_TRADE,NO_TRADE,40,No valid setup — conditions not satisfied,,,Close below 23514.35 or above 23519.85 with VIX spike,ATR-based range: ±9.30,,,NO_TRADE,,0.0,0.0,,,LIVE,No trade warranted
2026-09-09 05:45:00,2026-09-09,NIFTY,23526.0,VOLATILE_EXPANSION,MIXED,NO_TRADE,NO_TRADE,40,No valid setup — conditions not satisfied,,,Close below 23514.35 or above 23519.85 with VIX spike,ATR-based range: ±9.68,,,NO_TRADE,,0.0,0.0,,,LIVE,No trade warranted
2026-09-09 05:50:00,2026-09-09,NIFTY,23517.30078125,VOLATILE_EXPANSION,MIXED,NO_TRADE,NO_TRADE,40,No valid setup — conditions not satisfied,,,Close below 23514.05 or above 23519.85 with VIX spike,ATR-based range: ±9.68,,,NO_TRADE,,0.0,0.0,,,LIVE,No trade warranted
2026-09-09 05:55:00,2026-09-09,NIFTY,23517.5,SIDEWAYS,NEUTRAL,NO_TRADE,NO_TRADE,50,No valid setup — conditions not satisfied,,,Breakout below 23514.35 or above 23519.85,Range: 23514.35 – 23519.85,,,NO_TRADE,,0.0,0.0,,,LIVE,No trade warranted
2026-09-09 06:00:00,2026-09-09,NIFTY,23515.44921875,SIDEWAYS,NEUTRAL,NO_TRADE,NO_TRADE,50,No valid setup — conditions not satisfied,,,Breakout below 23515.55 or above 23519.85,Range: 23515.55 – 23519.85,,,NO_TRADE,,0.0,0.0,,,LIVE,No trade warranted
2026-09-09 06:05:00,2026-09-09,NIFTY,23516.80078125,SIDEWAYS,NEUTRAL,NO_TRADE,NO_TRADE,50,No valid setup — conditions not satisfied,,,Breakout below 23515.55 or above 23519.85,Range: 23515.55 – 23519.85,,,NO_TRADE,,0.0,0.0,,,LIVE,No trade warranted
2026-09-09 06:10:00,2026-09-09,NIFTY,23528.05078125,SIDEWAYS,NEUTRAL,NO_TRADE,NO_TRADE,50,No valid setup — conditions not satisfied,,,Breakout below 23518.0 or above 23519.85,Range: 23518.0 – 23519.85,,,NO_TRADE,,0.0,0.0,,,LIVE,No trade warranted
2026-09-09 06:15:00,2026-09-09,NIFTY,23517.30078125,SIDEWAYS,NEUTRAL,NO_TRADE,NO_TRADE,50,No valid setup — conditions not satisfied,,,Breakout below 23518.0 or above 23522.8,Range: 23518.0 – 23522.8,,,NO_TRADE,,0.0,0.0,,,LIVE,No trade warranted
2026-09-09 06:20:00,2026-09-09,NIFTY,23502.349609375,SIDEWAYS,NEUTRAL,NO_TRADE,NO_TRADE,50,No valid setup — conditions not satisfied,,,Breakout below 23518.0 or above 23522.8,Range: 23518.0 – 23522.8,,,NO_TRADE,,0.0,0.0,,,LIVE,No trade warranted
2026-09-09 06:25:00,2026-09-09,NIFTY,23488.19921875,SIDEWAYS,NEUTRAL,NO_TRADE,NO_TRADE,50,No valid setup — conditions not satisfied,,,Breakout below 23518.0 or above 23522.8,Range: 23518.0 – 23522.8,,,NO_TRADE,,0.0,0.0,,,LIVE,No trade warranted
2026-09-09 06:30:00,2026-09-09,NIFTY,23481.150390625,VOLATILE_EXPANSION,MIXED,NO_TRADE,NO_TRADE,40,No valid setup — conditions not satisfied,,,Close below 23518.0 or above 23520.1 with VIX spike,ATR-based range: ±3.67,,,NO_TRADE,,0.0,0.0,,,LIVE,No trade warranted
2026-09-09 06:35:00,2026-09-09,NIFTY,23474.900390625,VOLATILE_EXPANSION,MIXED,NO_TRADE,NO_TRADE,40,No valid setup — conditions not satisfied,,,Close below 23514.65 or above 23518.15 with VIX spike,ATR-based range: ±3.23,,,NO_TRADE,,0.0,0.0,,,LIVE,No trade warranted
2026-09-09 06:40:00,2026-09-09,NIFTY,23486.650390625,VOLATILE_EXPANSION,MIXED,NO_TRADE,NO_TRADE,40,No valid setup — conditions not satisfied,,,Close below 23513.15 or above 23518.15 with VIX spike,ATR-based range: ±6.33,,,NO_TRADE,,0.0,0.0,,,LIVE,No trade warranted
2026-09-09 06:45:00,2026-09-09,NIFTY,23479.25,VOLATILE_EXPANSION,MIXED,NO_TRADE,NO_TRADE,40,No valid setup — conditions not satisfied,,,Close below 23507.85 or above 23512.35 with VIX spike,ATR-based range: ±9.25,,,NO_TRADE,,0.0,0.0,,,LIVE,No trade warranted
2026-09-09 06:50:00,2026-09-09,NIFTY,23487.099609375,VOLATILE_EXPANSION,MIXED,NO_TRADE,NO_TRADE,40,No valid setup — conditions not satisfied,,,Close below 23507.85 or above 23518.15 with VIX spike,ATR-based range: ±16.77,,,NO_TRADE,,0.0,0.0,,,LIVE,No trade warranted
2026-09-09 06:55:00,2026-09-09,NIFTY,23510.75,SIDEWAYS,NEUTRAL,NO_TRADE,NO_TRADE,50,No valid setup — conditions not satisfied,,,Breakout below 23502.2 or above 23511.1,Range: 23502.2 – 23511.1,,,NO_TRADE,,0.0,0.0,,,LIVE,No trade warranted
2026-09-09 07:00:00,2026-09-09,NIFTY,23547.69921875,SIDEWAYS,NEUTRAL,NO_TRADE,NO_TRADE,50,No valid setup — conditions not satisfied,,,Breakout below 23510.6 or above 23518.15,Range: 23510.6 – 23518.15,,,NO_TRADE,,0.0,0.0,,,LIVE,No trade warranted
2026-09-09 07:05:00,2026-09-09,NIFTY,23557.44921875,VOLATILE_EXPANSION,MIXED,NO_TRADE,NO_TRADE,40,No valid setup — conditions not satisfied,,,Close below 23510.6 or above 23518.15 with VIX spike,ATR-based range: ±16.77,,,NO_TRADE,,0.0,0.0,,,LIVE,No trade warranted
2026-09-09 07:10:00,2026-09-09,NIFTY,23565.94921875,VOLATILE_EXPANSION,MIXED,NO_TRADE,NO_TRADE,40,No valid setup — conditions not satisfied,,,Close below 23513.15 or above 23518.15 with VIX spike,ATR-based range: ±4.95,,,NO_TRADE,,0.0,0.0,,,LIVE,No trade warranted
2026-09-09 07:15:00,2026-09-09,NIFTY,23558.900390625,VOLATILE_EXPANSION,MIXED,NO_TRADE,NO_TRADE,40,No valid setup — conditions not satisfied,,,Close below 23514.65 or above 23518.15 with VIX spike,ATR-based range: ±3.67,,,NO_TRADE,,0.0,0.0,,,LIVE,No trade warranted
2026-09-09 07:20:00,2026-09-09,NIFTY,23548.55078125,SIDEWAYS,NEUTRAL,NO_TRADE,NO_TRADE,50,No valid setup — conditions not satisfied,,,Breakout below 23515.45 or above 23518.15,Range: 23515.45 – 23518.15,,,NO_TRADE,,0.0,0.0,,,LIVE,No trade warranted
2026-09-09 07:25:00,2026-09-09,NIFTY,23566.0,SIDEWAYS,NEUTRAL,NO_TRADE,NO_TRADE,50,No valid setup — conditions not satisfied,,,Breakout below 23516.6 or above 23520.1,Range: 23516.6 – 23520.1,,,NO_TRADE,,0.0,0.0,,,LIVE,No trade warranted
2026-09-09 07:30:00,2026-09-09,NIFTY,23548.5,VOLATILE_EXPANSION,MIXED,NO_TRADE,NO_TRADE,40,No valid setup — conditions not satisfied,,,Close below 23516.6 or above 23520.1 with VIX spike,ATR-based range: ±4.07,,,NO_TRADE,,0.0,0.0,,,LIVE,No trade warranted
2026-09-09 07:35:00,2026-09-09,NIFTY,23549.80078125,VOLATILE_EXPANSION,MIXED,NO_TRADE,NO_TRADE,40,No valid setup — conditions not satisfied,,,Close below 23516.6 or above 23531.45 with VIX spike,ATR-based range: ±19.90,,,NO_TRADE,,0.0,0.0,,,LIVE,No trade warranted
2026-09-09 07:40:00,2026-09-09,NIFTY,23543.94921875,VOLATILE_EXPANSION,MIXED,NO_TRADE,NO_TRADE,40,No valid setup — conditions not satisfied,,,Close below 23516.6 or above 23531.45 with VIX spike,ATR-based range: ±18.72,,,NO_TRADE,,0.0,0.0,,,LIVE,No trade warranted
2026-09-09 07:45:00,2026-09-09,NIFTY,23541.099609375,VOLATILE_EXPANSION,MIXED,NO_TRADE,NO_TRADE,40,No valid setup — conditions not satisfied,,,Close below 23516.6 or above 23531.45 with VIX spike,ATR-based range: ±17.28,,,NO_TRADE,,0.0,0.0,,,LIVE,No trade warranted
2026-09-09 07:50:00,2026-09-09,NIFTY,23545.650390625,SIDEWAYS,NEUTRAL,NO_TRADE,NO_TRADE,30,No valid setup — conditions not satisfied,,,Breakout below 23515.45 or above 23532.35,Range: 23515.45 – 23532.35,,,NO_TRADE,,0.0,0.0,,,LIVE,No trade warranted
2026-09-09 07:55:00,2026-09-09,NIFTY,23558.55078125,SIDEWAYS,NEUTRAL,NO_TRADE,NO_TRADE,30,No valid setup — conditions not satisfied,,,Breakout below 23510.6 or above 23545.15,Range: 23510.6 – 23545.15,,,NO_TRADE,,0.0,0.0,,,LIVE,No trade warranted
2026-09-09 08:00:00,2026-09-09,NIFTY,23545.099609375,SIDEWAYS,NEUTRAL,NO_TRADE,NO_TRADE,30,No valid setup — conditions not satisfied,,,Breakout below 23510.6 or above 23545.15,Range: 23510.6 – 23545.15,,,NO_TRADE,,0.0,0.0,,,LIVE,No trade warranted
2026-09-09 08:05:00,2026-09-09,NIFTY,23555.400390625,SIDEWAYS,NEUTRAL,NO_TRADE,NO_TRADE,30,No valid setup — conditions not satisfied,,,Breakout below 23510.6 or above 23545.15,Range: 23510.6 – 23545.15,,,NO_TRADE,,0.0,0.0,,,LIVE,No trade warranted
2026-09-09 08:10:00,2026-09-09,NIFTY,23553.80078125,SIDEWAYS,NEUTRAL,NO_TRADE,NO_TRADE,30,No valid setup — conditions not satisfied,,,Breakout below 23510.6 or above 23545.15,Range: 23510.6 – 23545.15,,,NO_TRADE,,0.0,0.0,,,LIVE,No trade warranted
2026-09-09 08:15:00,2026-09-09,NIFTY,23553.5,SIDEWAYS,NEUTRAL,NO_TRADE,NO_TRADE,30,No valid setup — conditions not satisfied,,,Breakout below 23538.25 or above 23545.15,Range: 23538.25 – 23545.15,,,NO_TRADE,,0.0,0.0,,,LIVE,No trade warranted
2026-09-09 08:20:00,2026-09-09,NIFTY,23543.849609375,SIDEWAYS,NEUTRAL,NO_TRADE,NO_TRADE,30,No valid setup — conditions not satisfied,,,Breakout below 23542.7 or above 23545.15,Range: 23542.7 – 23545.15,,,NO_TRADE,,0.0,0.0,,,LIVE,No trade warranted
2026-09-09 08:25:00,2026-09-09,NIFTY,23551.75,SIDEWAYS,NEUTRAL,NO_TRADE,NO_TRADE,30,No valid setup — conditions not satisfied,,,Breakout below 23545.55 or above 23550.6,Range: 23545.55 – 23550.6,,,NO_TRADE,,0.0,0.0,,,LIVE,No trade warranted
2026-09-09 08:30:00,2026-09-09,NIFTY,23554.94921875,SIDEWAYS,NEUTRAL,NO_TRADE,NO_TRADE,30,No valid setup — conditions not satisfied,,,Breakout below 23548.9 or above 23550.6,Range: 23548.9 – 23550.6,,,NO_TRADE,,0.0,0.0,,,LIVE,No trade warranted
2026-09-09 08:35:00,2026-09-09,NIFTY,23555.650390625,SIDEWAYS,NEUTRAL,NO_TRADE,NO_TRADE,30,No valid setup — conditions not satisfied,,,Breakout below 23550.95 or above 23554.45,Range: 23550.95 – 23554.45,,,NO_TRADE,,0.0,0.0,,,LIVE,No trade warranted
2026-09-09 08:40:00,2026-09-09,NIFTY,23547.19921875,SIDEWAYS,NEUTRAL,NO_TRADE,NO_TRADE,30,No valid setup — conditions not satisfied,,,Breakout below 23550.95 or above 23556.25,Range: 23550.95 – 23556.25,,,NO_TRADE,,0.0,0.0,,,LIVE,No trade warranted
2026-09-09 08:45:00,2026-09-09,NIFTY,23543.44921875,SIDEWAYS,NEUTRAL,NO_TRADE,NO_TRADE,50,No valid setup — conditions not satisfied,,,Breakout below 23550.95 or above 23552.2,Range: 23550.95 – 23552.2,,,NO_TRADE,,0.0,0.0,,,LIVE,No trade warranted
2026-09-09 08:50:00,2026-09-09,NIFTY,23540.80078125,SIDEWAYS,NEUTRAL,NO_TRADE,NO_TRADE,50,No valid setup — conditions not satisfied,,,Breakout below 23548.9 or above 23550.6,Range: 23548.9 – 23550.6,,,NO_TRADE,,0.0,0.0,,,LIVE,No trade warranted
2026-09-09 08:55:00,2026-09-09,NIFTY,23536.099609375,SIDEWAYS,NEUTRAL,NO_TRADE,NO_TRADE,50,No valid setup — conditions not satisfied,,,Breakout below 23548.9 or above 23550.6,Range: 23548.9 – 23550.6,,,NO_TRADE,,0.0,0.0,,,LIVE,No trade warranted
2026-09-09 09:00:00,2026-09-09,NIFTY,23511.349609375,SIDEWAYS,NEUTRAL,NO_TRADE,NO_TRADE,30,No valid setup — conditions not satisfied,,,Breakout below 23547.2 or above 23548.75,Range: 23547.2 – 23548.75,,,NO_TRADE,,0.0,0.0,,,LIVE,No trade warranted
2026-09-09 09:05:00,2026-09-09,NIFTY,23493.849609375,SIDEWAYS,NEUTRAL,NO_TRADE,NO_TRADE,30,No valid setup — conditions not satisfied,,,Breakout below 23543.25 or above 23544.15,Range: 23543.25 – 23544.15,,,NO_TRADE,,0.0,0.0,,,LIVE,No trade warranted
2026-09-09 09:10:00,2026-09-09,NIFTY,23488.0,SIDEWAYS,NEUTRAL,NO_TRADE,NO_TRADE,30,No valid setup — conditions not satisfied,,,Breakout below 23538.25 or above 23544.15,Range: 23538.25 – 23544.15,,,NO_TRADE,,0.0,0.0,,,LIVE,No trade warranted
2026-09-09 09:15:00,2026-09-09,NIFTY,23487.400390625,SIDEWAYS,NEUTRAL,NO_TRADE,NO_TRADE,30,No valid setup — conditions not satisfied,,,Breakout below 23537.15 or above 23537.95,Range: 23537.15 – 23537.95,,,NO_TRADE,,0.0,0.0,,,LIVE,No trade warranted
2026-09-09 09:20:00,2026-09-09,NIFTY,23487.44921875,SIDEWAYS,NEUTRAL,NO_TRADE,NO_TRADE,30,No valid setup — conditions not satisfied,,,Breakout below 23533.5 or above 23537.95,Range: 23533.5 – 23537.95,,,NO_TRADE,,0.0,0.0,,,LIVE,No trade warranted
2026-09-09 09:25:00,2026-09-09,NIFTY,23486.099609375,SIDEWAYS,NEUTRAL,NO_TRADE,NO_TRADE,30,No valid setup — conditions not satisfied,,,Breakout below 23510.95 or above 23537.95,Range: 23510.95 – 23537.95,,,NO_TRADE,,0.0,0.0,,,LIVE,No trade warranted
2026-09-09 09:30:00,2026-09-09,NIFTY,23461.400390625,SIDEWAYS,NEUTRAL,NO_TRADE,NO_TRADE,30,No valid setup — conditions not satisfied,,,Breakout below 23510.95 or above 23537.95,Range: 23510.95 – 23537.95,,,NO_TRADE,,0.0,0.0,,,LIVE,No trade warranted
2026-09-09 09:35:00,2026-09-09,NIFTY,23470.349609375,SIDEWAYS,NEUTRAL,NO_TRADE,NO_TRADE,30,No valid setup — conditions not satisfied,,,Breakout below 23510.95 or above 23537.95,Range: 23510.95 – 23537.95,,,NO_TRADE,,0.0,0.0,,,LIVE,No trade warranted
2026-09-09 09:40:00,2026-09-09,NIFTY,23462.150390625,SIDEWAYS,NEUTRAL,NO_TRADE,NO_TRADE,30,No valid setup — conditions not satisfied,,,Breakout below 23510.95 or above 23537.95,Range: 23510.95 – 23537.95,,,NO_TRADE,,0.0,0.0,,,LIVE,No trade warranted
2026-09-09 09:45:00,2026-09-09,NIFTY,23462.44921875,SIDEWAYS,NEUTRAL,NO_TRADE,NO_TRADE,30,No valid setup — conditions not satisfied,,,Breakout below 23510.95 or above 23516.6,Range: 23510.95 – 23516.6,,,NO_TRADE,,0.0,0.0,,,LIVE,No trade warranted
2026-09-09 09:50:00,2026-09-09,NIFTY,23462.44921875,SIDEWAYS,NEUTRAL,NO_TRADE,NO_TRADE,30,No valid setup — conditions not satisfied,,,Breakout below 23490.1 or above 23516.6,Range: 23490.1 – 23516.6,,,NO_TRADE,,0.0,0.0,,,LIVE,No trade warranted
2026-09-09 09:55:00,2026-09-09,NIFTY,23431.5,SIDEWAYS,NEUTRAL,NO_TRADE,NO_TRADE,30,No valid setup — conditions not satisfied,,,Breakout below 23490.1 or above 23516.6,Range: 23490.1 – 23516.6,,,NO_TRADE,,0.0,0.0,,,LIVE,No trade warranted
2026-09-10 03:45:00,2026-09-10,NIFTY,23459.44921875,SIDEWAYS,NEUTRAL,NO_TRADE,NO_TRADE,50,No valid setup — conditions not satisfied,,,Breakout below — or above —,Range: — – —,,,NO_TRADE,,0.0,0.0,,,LIVE,No trade warranted
2026-09-10 03:50:00,2026-09-10,NIFTY,23428.400390625,SIDEWAYS,NEUTRAL,NO_TRADE,NO_TRADE,50,No valid setup — conditions not satisfied,,,Breakout below — or above —,Range: — – —,,,NO_TRADE,,0.0,0.0,,,LIVE,No trade warranted
2026-09-10 03:55:00,2026-09-10,NIFTY,23437.19921875,SIDEWAYS,NEUTRAL,NO_TRADE,NO_TRADE,50,No valid setup — conditions not satisfied,,,Breakout below — or above —,Range: — – —,,,NO_TRADE,,0.0,0.0,,,LIVE,No trade warranted
2026-09-10 04:00:00,2026-09-10,NIFTY,23432.44921875,SIDEWAYS,NEUTRAL,NO_TRADE,NO_TRADE,50,No valid setup — conditions not satisfied,,,Breakout below — or above —,Range: — – —,,,NO_TRADE,,0.0,0.0,,,LIVE,No trade warranted
2026-09-10 04:05:00,2026-09-10,NIFTY,23418.5,SIDEWAYS,NEUTRAL,NO_TRADE,NO_TRADE,50,No valid setup — conditions not satisfied,,,Breakout below — or above —,Range: — – —,,,NO_TRADE,,0.0,0.0,,,LIVE,No trade warranted
2026-09-10 04:10:00,2026-09-10,NIFTY,23422.80078125,SIDEWAYS,NEUTRAL,NO_TRADE,NO_TRADE,50,No valid setup — conditions not satisfied,,,Breakout below — or above —,Range: — – —,,,NO_TRADE,,0.0,0.0,,,LIVE,No trade warranted
2026-09-10 04:15:00,2026-09-10,NIFTY,23435.44921875,SIDEWAYS,NEUTRAL,NO_TRADE,NO_TRADE,50,No valid setup — conditions not satisfied,,,Breakout below — or above —,Range: — – —,,,NO_TRADE,,0.0,0.0,,,LIVE,No trade warranted
2026-09-10 04:20:00,2026-09-10,NIFTY,23442.44921875,SIDEWAYS,NEUTRAL,NO_TRADE,NO_TRADE,50,No valid setup — conditions not satisfied,,,Breakout below — or above —,Range: — – —,,,NO_TRADE,,0.0,0.0,,,LIVE,No trade warranted
2026-09-10 04:25:00,2026-09-10,NIFTY,23428.150390625,SIDEWAYS,NEUTRAL,NO_TRADE,NO_TRADE,50,No valid setup — conditions not satisfied,,,Breakout below — or above —,Range: — – —,,,NO_TRADE,,0.0,0.0,,,LIVE,No trade warranted
2026-09-10 04:30:00,2026-09-10,NIFTY,23422.94921875,SIDEWAYS,NEUTRAL,NO_TRADE,NO_TRADE,50,No valid setup — conditions not satisfied,,,Breakout below — or above —,Range: — – —,,,NO_TRADE,,0.0,0.0,,,LIVE,No trade warranted
2026-09-10 04:35:00,2026-09-10,NIFTY,23414.900390625,SIDEWAYS,NEUTRAL,NO_TRADE,NO_TRADE,50,No valid setup — conditions not satisfied,,,Breakout below — or above —,Range: — – —,,,NO_TRADE,,0.0,0.0,,,LIVE,No trade warranted
2026-09-10 04:40:00,2026-09-10,NIFTY,23411.400390625,SIDEWAYS,NEUTRAL,NO_TRADE,NO_TRADE,50,No valid setup — conditions not satisfied,,,Breakout below — or above —,Range: — – —,,,NO_TRADE,,0.0,0.0,,,LIVE,No trade warranted
2026-09-10 04:45:00,2026-09-10,NIFTY,23426.94921875,SIDEWAYS,NEUTRAL,NO_TRADE,NO_TRADE,50,No valid setup — conditions not satisfied,,,Breakout below — or above —,Range: — – —,,,NO_TRADE,,0.0,0.0,,,LIVE,No trade warranted
2026-09-10 04:50:00,2026-09-10,NIFTY,23424.30078125,SIDEWAYS,NEUTRAL,NO_TRADE,NO_TRADE,50,No valid setup — conditions not satisfied,,,Breakout below — or above —,Range: — – —,,,NO_TRADE,,0.0,0.0,,,LIVE,No trade warranted
2026-09-10 04:55:00,2026-09-10,NIFTY,23424.75,SIDEWAYS,NEUTRAL,NO_TRADE,NO_TRADE,50,No valid setup — conditions not satisfied,,,Breakout below — or above —,Range: — – —,,,NO_TRADE,,0.0,0.0,,,LIVE,No trade warranted
2026-09-10 05:00:00,2026-09-10,NIFTY,23427.849609375,SIDEWAYS,NEUTRAL,NO_TRADE,NO_TRADE,50,No valid setup — conditions not satisfied,,,Breakout below — or above —,Range: — – —,,,NO_TRADE,,0.0,0.0,,,LIVE,No trade warranted
2026-09-10 05:05:00,2026-09-10,NIFTY,23436.400390625,SIDEWAYS,NEUTRAL,NO_TRADE,NO_TRADE,50,No valid setup — conditions not satisfied,,,Breakout below — or above —,Range: — – —,,,NO_TRADE,,0.0,0.0,,,LIVE,No trade warranted
2026-09-10 05:10:00,2026-09-10,NIFTY,23448.0,SIDEWAYS,NEUTRAL,NO_TRADE,NO_TRADE,50,No valid setup — conditions not satisfied,,,Breakout below — or above —,Range: — – —,,,NO_TRADE,,0.0,0.0,,,LIVE,No trade warranted
2026-09-10 05:15:00,2026-09-10,NIFTY,23424.19921875,SIDEWAYS,NEUTRAL,NO_TRADE,NO_TRADE,50,No valid setup — conditions not satisfied,,,Breakout below — or above —,Range: — – —,,,NO_TRADE,,0.0,0.0,,,LIVE,No trade warranted
2026-09-10 05:20:00,2026-09-10,NIFTY,23411.0,SIDEWAYS,NEUTRAL,NO_TRADE,NO_TRADE,50,No valid setup — conditions not satisfied,,,Breakout below 23426.1 or above 23430.2,Range: 23426.1 – 23430.2,,,NO_TRADE,,0.0,0.0,,,LIVE,No trade warranted
2026-09-10 05:25:00,2026-09-10,NIFTY,23409.75,SIDEWAYS,NEUTRAL,NO_TRADE,NO_TRADE,50,No valid setup — conditions not satisfied,,,Breakout below 23426.1 or above 23427.0,Range: 23426.1 – 23427.0,,,NO_TRADE,,0.0,0.0,,,LIVE,No trade warranted
2026-09-10 05:30:00,2026-09-10,NIFTY,23417.400390625,SIDEWAYS,NEUTRAL,NO_TRADE,NO_TRADE,50,No valid setup — conditions not satisfied,,,Breakout below 23424.8 or above 23426.2,Range: 23424.8 – 23426.2,,,NO_TRADE,,0.0,0.0,,,LIVE,No trade warranted
2026-09-10 05:35:00,2026-09-10,NIFTY,23417.400390625,SIDEWAYS,NEUTRAL,NO_TRADE,NO_TRADE,50,No valid setup — conditions not satisfied,,,Breakout below 23424.8 or above 23426.2,Range: 23424.8 – 23426.2,,,NO_TRADE,,0.0,0.0,,,LIVE,No trade warranted
2026-09-10 05:40:00,2026-09-10,NIFTY,23439.099609375,SIDEWAYS,NEUTRAL,NO_TRADE,NO_TRADE,50,No valid setup — conditions not satisfied,,,Breakout below 23424.8 or above 23426.2,Range: 23424.8 – 23426.2,,,NO_TRADE,,0.0,0.0,,,LIVE,No trade warranted
2026-09-10 05:45:00,2026-09-10,NIFTY,23436.75,VOLATILE_EXPANSION,MIXED,NO_TRADE,NO_TRADE,40,No valid setup — conditions not satisfied,,,Close below 23424.8 or above 23426.2 with VIX spike,ATR-based range: ±2.50,,,NO_TRADE,,0.0,0.0,,,LIVE,No trade warranted
2026-09-10 05:50:00,2026-09-10,NIFTY,23433.849609375,SIDEWAYS,NEUTRAL,NO_TRADE,NO_TRADE,50,No valid setup — conditions not satisfied,,,Breakout below 23426.1 or above 23427.0,Range: 23426.1 – 23427.0,,,NO_TRADE,,0.0,0.0,,,LIVE,No trade warranted
2026-09-10 05:55:00,2026-09-10,NIFTY,23426.94921875,SIDEWAYS,NEUTRAL,NO_TRADE,NO_TRADE,50,No valid setup — conditions not satisfied,,,Breakout below 23426.1 or above 23427.0,Range: 23426.1 – 23427.0,,,NO_TRADE,,0.0,0.0,,,LIVE,No trade warranted
2026-09-10 06:00:00,2026-09-10,NIFTY,23420.44921875,SIDEWAYS,NEUTRAL,NO_TRADE,NO_TRADE,50,No valid setup — conditions not satisfied,,,Breakout below 23424.8 or above 23426.2,Range: 23424.8 – 23426.2,,,NO_TRADE,,0.0,0.0,,,LIVE,No trade warranted
2026-09-10 06:05:00,2026-09-10,NIFTY,23412.94921875,SIDEWAYS,NEUTRAL,NO_TRADE,NO_TRADE,50,No valid setup — conditions not satisfied,,,Breakout below 23424.25 or above 23425.25,Range: 23424.25 – 23425.25,,,NO_TRADE,,0.0,0.0,,,LIVE,No trade warranted
2026-09-10 06:10:00,2026-09-10,NIFTY,23421.55078125,SIDEWAYS,NEUTRAL,NO_TRADE,NO_TRADE,50,No valid setup — conditions not satisfied,,,Breakout below 23424.25 or above 23425.25,Range: 23424.25 – 23425.25,,,NO_TRADE,,0.0,0.0,,,LIVE,No trade warranted
2026-09-10 06:15:00,2026-09-10,NIFTY,23431.80078125,SIDEWAYS,NEUTRAL,NO_TRADE,NO_TRADE,50,No valid setup — conditions not satisfied,,,Breakout below 23424.8 or above 23425.25,Range: 23424.8 – 23425.25,,,NO_TRADE,,0.0,0.0,,,LIVE,No trade warranted
2026-09-10 06:20:00,2026-09-10,NIFTY,23432.05078125,SIDEWAYS,NEUTRAL,NO_TRADE,NO_TRADE,50,No valid setup — conditions not satisfied,,,Breakout below 23426.1 or above 23426.2,Range: 23426.1 – 23426.2,,,NO_TRADE,,0.0,0.0,,,LIVE,No trade warranted
2026-09-10 06:25:00,2026-09-10,NIFTY,23439.099609375,SIDEWAYS,NEUTRAL,NO_TRADE,NO_TRADE,50,No valid setup — conditions not satisfied,,,Breakout below 23426.25 or above 23428.6,Range: 23426.25 – 23428.6,,,NO_TRADE,,0.0,0.0,,,LIVE,No trade warranted
2026-09-10 06:30:00,2026-09-10,NIFTY,23446.94921875,SIDEWAYS,NEUTRAL,NO_TRADE,NO_TRADE,50,No valid setup — conditions not satisfied,,,Breakout below 23426.25 or above 23428.6,Range: 23426.25 – 23428.6,,,NO_TRADE,,0.0,0.0,,,LIVE,No trade warranted
2026-09-10 06:35:00,2026-09-10,NIFTY,23438.0,SIDEWAYS,NEUTRAL,NO_TRADE,NO_TRADE,50,No valid setup — conditions not satisfied,,,Breakout below 23426.25 or above 23430.85,Range: 23426.25 – 23430.85,,,NO_TRADE,,0.0,0.0,,,LIVE,No trade warranted
2026-09-10 06:40:00,2026-09-10,NIFTY,23458.44921875,SIDEWAYS,NEUTRAL,NO_TRADE,NO_TRADE,50,No valid setup — conditions not satisfied,,,Breakout below 23426.25 or above 23433.55,Range: 23426.25 – 23433.55,,,NO_TRADE,,0.0,0.0,,,LIVE,No trade warranted
2026-09-10 06:45:00,2026-09-10,NIFTY,23462.19921875,SIDEWAYS,NEUTRAL,NO_TRADE,NO_TRADE,50,No valid setup — conditions not satisfied,,,Breakout below 23426.25 or above 23433.55,Range: 23426.25 – 23433.55,,,NO_TRADE,,0.0,0.0,,,LIVE,No trade warranted
2026-09-10 06:50:00,2026-09-10,NIFTY,23458.099609375,SIDEWAYS,NEUTRAL,NO_TRADE,NO_TRADE,50,No valid setup — conditions not satisfied,,,Breakout below 23426.25 or above 23433.55,Range: 23426.25 – 23433.55,,,NO_TRADE,,0.0,0.0,,,LIVE,No trade warranted
2026-09-10 06:55:00,2026-09-10,NIFTY,23457.69921875,SIDEWAYS,NEUTRAL,NO_TRADE,NO_TRADE,50,No valid setup — conditions not satisfied,,,Breakout below 23426.25 or above 23435.5,Range: 23426.25 – 23435.5,,,NO_TRADE,,0.0,0.0,,,LIVE,No trade warranted
2026-09-10 07:00:00,2026-09-10,NIFTY,23450.349609375,SIDEWAYS,NEUTRAL,NO_TRADE,NO_TRADE,50,No valid setup — conditions not satisfied,,,Breakout below 23435.3 or above 23436.45,Range: 23435.3 – 23436.45,,,NO_TRADE,,0.0,0.0,,,LIVE,No trade warranted
2026-09-10 07:05:00,2026-09-10,NIFTY,23446.30078125,SIDEWAYS,NEUTRAL,NO_TRADE,NO_TRADE,50,No valid setup — conditions not satisfied,,,Breakout below 23437.3 or above 23438.1,Range: 23437.3 – 23438.1,,,NO_TRADE,,0.0,0.0,,,LIVE,No trade warranted
2026-09-10 07:10:00,2026-09-10,NIFTY,23458.599609375,SIDEWAYS,NEUTRAL,NO_TRADE,NO_TRADE,50,No valid setup — conditions not satisfied,,,Breakout below 23439.4 or above 23439.6,Range: 23439.4 – 23439.6,,,NO_TRADE,,0.0,0.0,,,LIVE,No trade warranted
2026-09-10 07:15:00,2026-09-10,NIFTY,23456.55078125,VOLATILE_EXPANSION,MIXED,NO_TRADE,NO_TRADE,40,No valid setup — conditions not satisfied,,,Close below 23439.7 or above 23446.8 with VIX spike,ATR-based range: ±6.05,,,NO_TRADE,,0.0,0.0,,,LIVE,No trade warranted
2026-09-10 07:20:00,2026-09-10,NIFTY,23452.25,VOLATILE_EXPANSION,MIXED,NO_TRADE,NO_TRADE,40,No valid setup — conditions not satisfied,,,Close below 23439.7 or above 23446.8 with VIX spike,ATR-based range: ±6.05,,,NO_TRADE,,0.0,0.0,,,LIVE,No trade warranted
2026-09-10 07:25:00,2026-09-10,NIFTY,23437.80078125,SIDEWAYS,NEUTRAL,NO_TRADE,NO_TRADE,50,No valid setup — conditions not satisfied,,,Breakout below 23439.7 or above 23448.85,Range: 23439.7 – 23448.85,,,NO_TRADE,,0.0,0.0,,,LIVE,No trade warranted
2026-09-10 07:30:00,2026-09-10,NIFTY,23438.0,SIDEWAYS,NEUTRAL,NO_TRADE,NO_TRADE,50,No valid setup — conditions not satisfied,,,Breakout below 23439.7 or above 23442.8,Range: 23439.7 – 23442.8,,,NO_TRADE,,0.0,0.0,,,LIVE,No trade warranted
2026-09-10 07:35:00,2026-09-10,NIFTY,23436.650390625,SIDEWAYS,NEUTRAL,NO_TRADE,NO_TRADE,50,No valid setup — conditions not satisfied,,,Breakout below 23439.7 or above 23442.8,Range: 23439.7 – 23442.8,,,NO_TRADE,,0.0,0.0,,,LIVE,No trade warranted
2026-09-10 07:40:00,2026-09-10,NIFTY,23448.44921875,SIDEWAYS,NEUTRAL,NO_TRADE,NO_TRADE,50,No valid setup — conditions not satisfied,,,Breakout below 23443.25 or above 23448.45,Range: 23443.25 – 23448.45,,,NO_TRADE,,0.0,0.0,,,LIVE,No trade warranted
2026-09-10 07:45:00,2026-09-10,NIFTY,23435.150390625,SIDEWAYS,NEUTRAL,NO_TRADE,NO_TRADE,50,No valid setup — conditions not satisfied,,,Breakout below 23443.25 or above 23448.45,Range: 23443.25 – 23448.45,,,NO_TRADE,,0.0,0.0,,,LIVE,No trade warranted
2026-09-10 07:50:00,2026-09-10,NIFTY,23440.19921875,SIDEWAYS_TO_BEARISH,MILD_BEARISH,MILD_DIRECTIONAL,CONDITIONAL,40,Conditional — requires breakout above 23448.45 or breakdown below 23443.25,2026-09-10 07:55:00,23430.150390625,Close above 23448.85 invalidates bearish view,S1 23443.25 – S2 23439.7,2026-09-11 03:45:00,23232.25,LOSS,-0.8871,222.4279,-1.372,5,1195,LIVE,Invalidation reached before target
2026-09-10 07:55:00,2026-09-10,NIFTY,23430.150390625,SIDEWAYS_TO_BEARISH,MILD_BEARISH,MILD_DIRECTIONAL,CONDITIONAL,40,Conditional — requires breakout above 23448.45 or breakdown below 23443.25,2026-09-10 08:00:00,23428.5,Close above 23448.85 invalidates bearish view,S1 23443.25 – S2 23439.7,2026-09-11 03:45:00,23232.25,LOSS,-0.8446,222.5662,-1.3297,5,1190,LIVE,Invalidation reached before target
2026-09-10 08:00:00,2026-09-10,NIFTY,23428.5,SIDEWAYS,NEUTRAL,NO_TRADE,NO_TRADE,30,No valid setup — conditions not satisfied,,,Breakout below 23443.25 or above 23448.45,Range: 23443.25 – 23448.45,,,NO_TRADE,,0.0,0.0,,,LIVE,No trade warranted
2026-09-10 08:05:00,2026-09-10,NIFTY,23439.55078125,SIDEWAYS,NEUTRAL,NO_TRADE,NO_TRADE,30,No valid setup — conditions not satisfied,,,Breakout below 23443.25 or above 23448.45,Range: 23443.25 – 23448.45,,,NO_TRADE,,0.0,0.0,,,LIVE,No trade warranted
2026-09-10 08:10:00,2026-09-10,NIFTY,23440.05078125,SIDEWAYS,NEUTRAL,NO_TRADE,NO_TRADE,30,No valid setup — conditions not satisfied,,,Breakout below 23443.25 or above 23446.35,Range: 23443.25 – 23446.35,,,NO_TRADE,,0.0,0.0,,,LIVE,No trade warranted
2026-09-10 08:15:00,2026-09-10,NIFTY,23431.349609375,SIDEWAYS,NEUTRAL,NO_TRADE,NO_TRADE,30,No valid setup — conditions not satisfied,,,Breakout below 23443.25 or above 23446.35,Range: 23443.25 – 23446.35,,,NO_TRADE,,0.0,0.0,,,LIVE,No trade warranted
2026-09-10 08:20:00,2026-09-10,NIFTY,23431.150390625,SIDEWAYS,NEUTRAL,NO_TRADE,NO_TRADE,30,No valid setup — conditions not satisfied,,,Breakout below 23443.25 or above 23446.35,Range: 23443.25 – 23446.35,,,NO_TRADE,,0.0,0.0,,,LIVE,No trade warranted
2026-09-10 08:25:00,2026-09-10,NIFTY,23425.25,SIDEWAYS,NEUTRAL,NO_TRADE,NO_TRADE,30,No valid setup — conditions not satisfied,,,Breakout below 23439.7 or above 23442.8,Range: 23439.7 – 23442.8,,,NO_TRADE,,0.0,0.0,,,LIVE,No trade warranted
2026-09-10 08:30:00,2026-09-10,NIFTY,23417.55078125,SIDEWAYS,NEUTRAL,NO_TRADE,NO_TRADE,30,No valid setup — conditions not satisfied,,,Breakout below 23439.7 or above 23440.5,Range: 23439.7 – 23440.5,,,NO_TRADE,,0.0,0.0,,,LIVE,No trade warranted
2026-09-10 08:35:00,2026-09-10,NIFTY,23418.849609375,SIDEWAYS,NEUTRAL,NO_TRADE,NO_TRADE,30,No valid setup — conditions not satisfied,,,Breakout below 23437.05 or above 23440.5,Range: 23437.05 – 23440.5,,,NO_TRADE,,0.0,0.0,,,LIVE,No trade warranted
2026-09-10 08:40:00,2026-09-10,NIFTY,23417.94921875,SIDEWAYS,NEUTRAL,NO_TRADE,NO_TRADE,30,No valid setup — conditions not satisfied,,,Breakout below 23436.35 or above 23437.65,Range: 23436.35 – 23437.65,,,NO_TRADE,,0.0,0.0,,,LIVE,No trade warranted
2026-09-10 08:45:00,2026-09-10,NIFTY,23410.0,SIDEWAYS,NEUTRAL,NO_TRADE,NO_TRADE,30,No valid setup — conditions not satisfied,,,Breakout below 23434.55 or above 23435.35,Range: 23434.55 – 23435.35,,,NO_TRADE,,0.0,0.0,,,LIVE,No trade warranted
2026-09-10 08:50:00,2026-09-10,NIFTY,23424.69921875,SIDEWAYS,NEUTRAL,NO_TRADE,NO_TRADE,30,No valid setup — conditions not satisfied,,,Breakout below 23432.4 or above 23433.55,Range: 23432.4 – 23433.55,,,NO_TRADE,,0.0,0.0,,,LIVE,No trade warranted
2026-09-10 08:55:00,2026-09-10,NIFTY,23418.55078125,SIDEWAYS,NEUTRAL,NO_TRADE,NO_TRADE,30,No valid setup — conditions not satisfied,,,Breakout below 23429.3 or above 23433.55,Range: 23429.3 – 23433.55,,,NO_TRADE,,0.0,0.0,,,LIVE,No trade warranted
2026-09-10 09:00:00,2026-09-10,NIFTY,23416.099609375,SIDEWAYS,NEUTRAL,NO_TRADE,NO_TRADE,30,No valid setup — conditions not satisfied,,,Breakout below 23428.7 or above 23430.15,Range: 23428.7 – 23430.15,,,NO_TRADE,,0.0,0.0,,,LIVE,No trade warranted
2026-09-10 09:05:00,2026-09-10,NIFTY,23406.0,SIDEWAYS,NEUTRAL,NO_TRADE,NO_TRADE,30,No valid setup — conditions not satisfied,,,Breakout below 23427.15 or above 23428.15,Range: 23427.15 – 23428.15,,,NO_TRADE,,0.0,0.0,,,LIVE,No trade warranted
2026-09-10 09:10:00,2026-09-10,NIFTY,23414.349609375,SIDEWAYS,NEUTRAL,NO_TRADE,NO_TRADE,30,No valid setup — conditions not satisfied,,,Breakout below 23424.55 or above 23428.15,Range: 23424.55 – 23428.15,,,NO_TRADE,,0.0,0.0,,,LIVE,No trade warranted
2026-09-10 09:15:00,2026-09-10,NIFTY,23425.5,VOLATILE_EXPANSION,MIXED,NO_TRADE,NO_TRADE,40,No valid setup — conditions not satisfied,,,Close below 23424.55 or above 23428.15 with VIX spike,ATR-based range: ±8.25,,,NO_TRADE,,0.0,0.0,,,LIVE,No trade warranted
2026-09-10 09:20:00,2026-09-10,NIFTY,23424.44921875,SIDEWAYS,NEUTRAL,NO_TRADE,NO_TRADE,50,No valid setup — conditions not satisfied,,,Breakout below 23424.55 or above 23425.55,Range: 23424.55 – 23425.55,,,NO_TRADE,,0.0,0.0,,,LIVE,No trade warranted
2026-09-10 09:25:00,2026-09-10,NIFTY,23412.150390625,SIDEWAYS,NEUTRAL,NO_TRADE,NO_TRADE,30,No valid setup — conditions not satisfied,,,Breakout below 23423.05 or above 23425.55,Range: 23423.05 – 23425.55,,,NO_TRADE,,0.0,0.0,,,LIVE,No trade warranted
2026-09-10 09:30:00,2026-09-10,NIFTY,23391.599609375,SIDEWAYS,NEUTRAL,NO_TRADE,NO_TRADE,30,No valid setup — conditions not satisfied,,,Breakout below 23420.25 or above 23421.45,Range: 23420.25 – 23421.45,,,NO_TRADE,,0.0,0.0,,,LIVE,No trade warranted
2026-09-10 09:35:00,2026-09-10,NIFTY,23391.0,SIDEWAYS,NEUTRAL,NO_TRADE,NO_TRADE,30,No valid setup — conditions not satisfied,,,Breakout below 23417.05 or above 23421.45,Range: 23417.05 – 23421.45,,,NO_TRADE,,0.0,0.0,,,LIVE,No trade warranted
2026-09-10 09:40:00,2026-09-10,NIFTY,23389.400390625,SIDEWAYS,NEUTRAL,NO_TRADE,NO_TRADE,30,No valid setup — conditions not satisfied,,,Breakout below 23417.05 or above 23417.55,Range: 23417.05 – 23417.55,,,NO_TRADE,,0.0,0.0,,,LIVE,No trade warranted
2026-09-10 09:45:00,2026-09-10,NIFTY,23389.25,SIDEWAYS,NEUTRAL,NO_TRADE,NO_TRADE,30,No valid setup — conditions not satisfied,,,Breakout below 23414.35 or above 23416.45,Range: 23414.35 – 23416.45,,,NO_TRADE,,0.0,0.0,,,LIVE,No trade warranted
2026-09-10 09:50:00,2026-09-10,NIFTY,23389.25,SIDEWAYS,NEUTRAL,NO_TRADE,NO_TRADE,30,No valid setup — conditions not satisfied,,,Breakout below 23411.65 or above 23412.25,Range: 23411.65 – 23412.25,,,NO_TRADE,,0.0,0.0,,,LIVE,No trade warranted
2026-09-10 09:55:00,2026-09-10,NIFTY,23477.80078125,SIDEWAYS,NEUTRAL,NO_TRADE,NO_TRADE,30,No valid setup — conditions not satisfied,,,Breakout below 23414.35 or above 23416.45,Range: 23414.35 – 23416.45,,,NO_TRADE,,0.0,0.0,,,LIVE,No trade warranted
2026-09-11 03:45:00,2026-09-11,NIFTY,23258.599609375,SIDEWAYS,NEUTRAL,NO_TRADE,NO_TRADE,50,No valid setup — conditions not satisfied,,,Breakout below — or above —,Range: — – —,,,NO_TRADE,,0.0,0.0,,,LIVE,No trade warranted
2026-09-11 03:50:00,2026-09-11,NIFTY,23258.94921875,SIDEWAYS,NEUTRAL,NO_TRADE,NO_TRADE,50,No valid setup — conditions not satisfied,,,Breakout below — or above —,Range: — – —,,,NO_TRADE,,0.0,0.0,,,LIVE,No trade warranted
2026-09-11 03:55:00,2026-09-11,NIFTY,23258.25,SIDEWAYS,NEUTRAL,NO_TRADE,NO_TRADE,50,No valid setup — conditions not satisfied,,,Breakout below — or above —,Range: — – —,,,NO_TRADE,,0.0,0.0,,,LIVE,No trade warranted
2026-09-11 04:00:00,2026-09-11,NIFTY,23256.05078125,SIDEWAYS,NEUTRAL,NO_TRADE,NO_TRADE,50,No valid setup — conditions not satisfied,,,Breakout below — or above —,Range: — – —,,,NO_TRADE,,0.0,0.0,,,LIVE,No trade warranted
2026-09-11 04:05:00,2026-09-11,NIFTY,23259.150390625,SIDEWAYS,NEUTRAL,NO_TRADE,NO_TRADE,50,No valid setup — conditions not satisfied,,,Breakout below — or above —,Range: — – —,,,NO_TRADE,,0.0,0.0,,,LIVE,No trade warranted
2026-09-11 04:10:00,2026-09-11,NIFTY,23248.19921875,SIDEWAYS,NEUTRAL,NO_TRADE,NO_TRADE,50,No valid setup — conditions not satisfied,,,Breakout below — or above —,Range: — – —,,,NO_TRADE,,0.0,0.0,,,LIVE,No trade warranted
2026-09-11 04:15:00,2026-09-11,NIFTY,23246.55078125,SIDEWAYS,NEUTRAL,NO_TRADE,NO_TRADE,50,No valid setup — conditions not satisfied,,,Breakout below — or above —,Range: — – —,,,NO_TRADE,,0.0,0.0,,,LIVE,No trade warranted
2026-09-11 04:20:00,2026-09-11,NIFTY,23246.25,SIDEWAYS,NEUTRAL,NO_TRADE,NO_TRADE,50,No valid setup — conditions not satisfied,,,Breakout below — or above —,Range: — – —,,,NO_TRADE,,0.0,0.0,,,LIVE,No trade warranted
2026-09-11 04:25:00,2026-09-11,NIFTY,23259.25,SIDEWAYS,NEUTRAL,NO_TRADE,NO_TRADE,50,No valid setup — conditions not satisfied,,,Breakout below — or above —,Range: — – —,,,NO_TRADE,,0.0,0.0,,,LIVE,No trade warranted
2026-09-11 04:30:00,2026-09-11,NIFTY,23271.900390625,SIDEWAYS,NEUTRAL,NO_TRADE,NO_TRADE,50,No valid setup — conditions not satisfied,,,Breakout below — or above —,Range: — – —,,,NO_TRADE,,0.0,0.0,,,LIVE,No trade warranted
2026-09-11 04:35:00,2026-09-11,NIFTY,23284.69921875,SIDEWAYS,NEUTRAL,NO_TRADE,NO_TRADE,50,No valid setup — conditions not satisfied,,,Breakout below — or above —,Range: — – —,,,NO_TRADE,,0.0,0.0,,,LIVE,No trade warranted
2026-09-11 04:40:00,2026-09-11,NIFTY,23297.19921875,SIDEWAYS,NEUTRAL,NO_TRADE,NO_TRADE,50,No valid setup — conditions not satisfied,,,Breakout below — or above —,Range: — – —,,,NO_TRADE,,0.0,0.0,,,LIVE,No trade warranted
2026-09-11 04:45:00,2026-09-11,NIFTY,23292.5,SIDEWAYS,NEUTRAL,NO_TRADE,NO_TRADE,50,No valid setup — conditions not satisfied,,,Breakout below — or above —,Range: — – —,,,NO_TRADE,,0.0,0.0,,,LIVE,No trade warranted
2026-09-11 04:50:00,2026-09-11,NIFTY,23300.19921875,SIDEWAYS,NEUTRAL,NO_TRADE,NO_TRADE,50,No valid setup — conditions not satisfied,,,Breakout below — or above —,Range: — – —,,,NO_TRADE,,0.0,0.0,,,LIVE,No trade warranted
2026-09-11 04:55:00,2026-09-11,NIFTY,23275.44921875,SIDEWAYS,NEUTRAL,NO_TRADE,NO_TRADE,50,No valid setup — conditions not satisfied,,,Breakout below — or above —,Range: — – —,,,NO_TRADE,,0.0,0.0,,,LIVE,No trade warranted
2026-09-11 05:00:00,2026-09-11,NIFTY,23285.5,SIDEWAYS,NEUTRAL,NO_TRADE,NO_TRADE,50,No valid setup — conditions not satisfied,,,Breakout below — or above —,Range: — – —,,,NO_TRADE,,0.0,0.0,,,LIVE,No trade warranted
2026-09-11 05:05:00,2026-09-11,NIFTY,23293.80078125,SIDEWAYS,NEUTRAL,NO_TRADE,NO_TRADE,50,No valid setup — conditions not satisfied,,,Breakout below — or above —,Range: — – —,,,NO_TRADE,,0.0,0.0,,,LIVE,No trade warranted
2026-09-11 05:10:00,2026-09-11,NIFTY,23305.30078125,VOLATILE_EXPANSION,MIXED,NO_TRADE,NO_TRADE,40,No valid setup — conditions not satisfied,,,Close below — or above — with VIX spike,ATR-based range: ±0.00,,,NO_TRADE,,0.0,0.0,,,LIVE,No trade warranted
2026-09-11 05:15:00,2026-09-11,NIFTY,23296.650390625,VOLATILE_EXPANSION,MIXED,NO_TRADE,NO_TRADE,40,No valid setup — conditions not satisfied,,,Close below — or above — with VIX spike,ATR-based range: ±0.00,,,NO_TRADE,,0.0,0.0,,,LIVE,No trade warranted
2026-09-11 05:20:00,2026-09-11,NIFTY,23280.599609375,VOLATILE_EXPANSION,MIXED,NO_TRADE,NO_TRADE,40,No valid setup — conditions not satisfied,,,Close below 23272.6 or above 23274.8 with VIX spike,ATR-based range: ±15.88,,,NO_TRADE,,0.0,0.0,,,LIVE,No trade warranted
2026-09-11 05:25:00,2026-09-11,NIFTY,23278.75,VOLATILE_EXPANSION,MIXED,NO_TRADE,NO_TRADE,40,No valid setup — conditions not satisfied,,,Close below 23273.15 or above 23274.8 with VIX spike,ATR-based range: ±7.98,,,NO_TRADE,,0.0,0.0,,,LIVE,No trade warranted
2026-09-11 05:30:00,2026-09-11,NIFTY,23283.150390625,VOLATILE_EXPANSION,MIXED,NO_TRADE,NO_TRADE,40,No valid setup — conditions not satisfied,,,Close below 23275.45 or above 23283.15 with VIX spike,ATR-based range: ±8.23,,,NO_TRADE,,0.0,0.0,,,LIVE,No trade warranted
2026-09-11 05:35:00,2026-09-11,NIFTY,23297.94921875,VOLATILE_EXPANSION,MIXED,NO_TRADE,NO_TRADE,40,No valid setup — conditions not satisfied,,,Close below 23275.45 or above 23283.15 with VIX spike,ATR-based range: ±8.23,,,NO_TRADE,,0.0,0.0,,,LIVE,No trade warranted
2026-09-11 05:40:00,2026-09-11,NIFTY,23337.900390625,VOLATILE_EXPANSION,MIXED,NO_TRADE,NO_TRADE,40,No valid setup — conditions not satisfied,,,Close below 23280.55 or above 23283.15 with VIX spike,ATR-based range: ±4.45,,,NO_TRADE,,0.0,0.0,,,LIVE,No trade warranted
2026-09-11 05:45:00,2026-09-11,NIFTY,23342.0,VOLATILE_EXPANSION,MIXED,NO_TRADE,NO_TRADE,40,No valid setup — conditions not satisfied,,,Close below 23284.4 or above 23289.05 with VIX spike,ATR-based range: ±8.48,,,NO_TRADE,,0.0,0.0,,,LIVE,No trade warranted
2026-09-11 05:50:00,2026-09-11,NIFTY,23348.849609375,VOLATILE_EXPANSION,MIXED,NO_TRADE,NO_TRADE,40,No valid setup — conditions not satisfied,,,Close below 23290.8 or above 23293.4 with VIX spike,ATR-based range: ±4.53,,,NO_TRADE,,0.0,0.0,,,LIVE,No trade warranted
2026-09-11 05:55:00,2026-09-11,NIFTY,23341.849609375,VOLATILE_EXPANSION,MIXED,NO_TRADE,NO_TRADE,40,No valid setup — conditions not satisfied,,,Close below 23292.0 or above 23297.3 with VIX spike,ATR-based range: ±4.05,,,NO_TRADE,,0.0,0.0,,,LIVE,No trade warranted
2026-09-11 06:00:00,2026-09-11,NIFTY,23345.400390625,VOLATILE_EXPANSION,MIXED,NO_TRADE,NO_TRADE,40,No valid setup — conditions not satisfied,,,Close below 23296.35 or above 23301.15 with VIX spike,ATR-based range: ±10.43,,,NO_TRADE,,0.0,0.0,,,LIVE,No trade warranted
2026-09-11 06:05:00,2026-09-11,NIFTY,23344.650390625,VOLATILE_EXPANSION,MIXED,NO_TRADE,NO_TRADE,40,No valid setup — conditions not satisfied,,,Close below 23296.35 or above 23305.35 with VIX spike,ATR-based range: ±11.23,,,NO_TRADE,,0.0,0.0,,,LIVE,No trade warranted
2026-09-11 06:10:00,2026-09-11,NIFTY,23355.25,VOLATILE_EXPANSION,MIXED,NO_TRADE,NO_TRADE,40,No valid setup — conditions not satisfied,,,Close below 23296.35 or above 23311.65 with VIX spike,ATR-based range: ±24.12,,,NO_TRADE,,0.0,0.0,,,LIVE,No trade warranted
2026-09-11 06:15:00,2026-09-11,NIFTY,23341.5,VOLATILE_EXPANSION,MIXED,NO_TRADE,NO_TRADE,40,No valid setup — conditions not satisfied,,,Close below 23296.35 or above 23313.25 with VIX spike,ATR-based range: ±29.73,,,NO_TRADE,,0.0,0.0,,,LIVE,No trade warranted
2026-09-11 06:20:00,2026-09-11,NIFTY,23344.05078125,VOLATILE_EXPANSION,MIXED,NO_TRADE,NO_TRADE,40,No valid setup — conditions not satisfied,,,Close below 23296.35 or above 23339.05 with VIX spike,ATR-based range: ±29.73,,,NO_TRADE,,0.0,0.0,,,LIVE,No trade warranted
2026-09-11 06:25:00,2026-09-11,NIFTY,23352.30078125,VOLATILE_EXPANSION,MIXED,NO_TRADE,NO_TRADE,40,No valid setup — conditions not satisfied,,,Close below 23296.35 or above 23339.05 with VIX spike,ATR-based range: ±29.73,,,NO_TRADE,,0.0,0.0,,,LIVE,No trade warranted
2026-09-11 06:30:00,2026-09-11,NIFTY,23349.650390625,VOLATILE_EXPANSION,MIXED,NO_TRADE,NO_TRADE,40,No valid setup — conditions not satisfied,,,Close below 23296.35 or above 23339.05 with VIX spike,ATR-based range: ±29.73,,,NO_TRADE,,0.0,0.0,,,LIVE,No trade warranted
2026-09-11 06:35:00,2026-09-11,NIFTY,23346.599609375,VOLATILE_EXPANSION,MIXED,NO_TRADE,NO_TRADE,40,No valid setup — conditions not satisfied,,,Close below 23296.35 or above 23339.05 with VIX spike,ATR-based range: ±29.73,,,NO_TRADE,,0.0,0.0,,,LIVE,No trade warranted
2026-09-11 06:40:00,2026-09-11,NIFTY,23332.0,VOLATILE_EXPANSION,MIXED,NO_TRADE,NO_TRADE,40,No valid setup — conditions not satisfied,,,Close below 23323.85 or above 23339.05 with VIX spike,ATR-based range: ±25.83,,,NO_TRADE,,0.0,0.0,,,LIVE,No trade warranted
2026-09-11 06:45:00,2026-09-11,NIFTY,23339.650390625,VOLATILE_EXPANSION,MIXED,NO_TRADE,NO_TRADE,40,No valid setup — conditions not satisfied,,,Close below 23327.1 or above 23339.05 with VIX spike,ATR-based range: ±11.85,,,NO_TRADE,,0.0,0.0,,,LIVE,No trade warranted
2026-09-11 06:50:00,2026-09-11,NIFTY,23341.80078125,SIDEWAYS,NEUTRAL,NO_TRADE,NO_TRADE,50,No valid setup — conditions not satisfied,,,Breakout below 23327.1 or above 23339.05,Range: 23327.1 – 23339.05,,,NO_TRADE,,0.0,0.0,,,LIVE,No trade warranted
2026-09-11 06:55:00,2026-09-11,NIFTY,23337.150390625,VOLATILE_EXPANSION,MIXED,NO_TRADE,NO_TRADE,40,No valid setup — conditions not satisfied,,,Close below 23330.25 or above 23339.05 with VIX spike,ATR-based range: ±9.78,,,NO_TRADE,,0.0,0.0,,,LIVE,No trade warranted
2026-09-11 07:00:00,2026-09-11,NIFTY,23346.0,SIDEWAYS,NEUTRAL,NO_TRADE,NO_TRADE,50,No valid setup — conditions not satisfied,,,Breakout below 23335.3 or above 23339.05,Range: 23335.3 – 23339.05,,,NO_TRADE,,0.0,0.0,,,LIVE,No trade warranted
2026-09-11 07:05:00,2026-09-11,NIFTY,23346.0,SIDEWAYS,NEUTRAL,NO_TRADE,NO_TRADE,50,No valid setup — conditions not satisfied,,,Breakout below 23335.7 or above 23339.05,Range: 23335.7 – 23339.05,,,NO_TRADE,,0.0,0.0,,,LIVE,No trade warranted
2026-09-11 07:10:00,2026-09-11,NIFTY,23349.5,SIDEWAYS,NEUTRAL,NO_TRADE,NO_TRADE,50,No valid setup — conditions not satisfied,,,Breakout below 23341.0 or above 23343.4,Range: 23341.0 – 23343.4,,,NO_TRADE,,0.0,0.0,,,LIVE,No trade warranted
2026-09-11 07:15:00,2026-09-11,NIFTY,23342.55078125,SIDEWAYS,NEUTRAL,NO_TRADE,NO_TRADE,50,No valid setup — conditions not satisfied,,,Breakout below 23343.45 or above 23347.05,Range: 23343.45 – 23347.05,,,NO_TRADE,,0.0,0.0,,,LIVE,No trade warranted
2026-09-11 07:20:00,2026-09-11,NIFTY,23347.75,SIDEWAYS,NEUTRAL,NO_TRADE,NO_TRADE,50,No valid setup — conditions not satisfied,,,Breakout below 23343.45 or above 23347.05,Range: 23343.45 – 23347.05,,,NO_TRADE,,0.0,0.0,,,LIVE,No trade warranted
2026-09-11 07:25:00,2026-09-11,NIFTY,23353.900390625,SIDEWAYS,NEUTRAL,NO_TRADE,NO_TRADE,50,No valid setup — conditions not satisfied,,,Breakout below 23344.9 or above 23347.05,Range: 23344.9 – 23347.05,,,NO_TRADE,,0.0,0.0,,,LIVE,No trade warranted
2026-09-11 07:30:00,2026-09-11,NIFTY,23331.150390625,SIDEWAYS,NEUTRAL,NO_TRADE,NO_TRADE,50,No valid setup — conditions not satisfied,,,Breakout below 23343.45 or above 23347.05,Range: 23343.45 – 23347.05,,,NO_TRADE,,0.0,0.0,,,LIVE,No trade warranted
2026-09-11 07:35:00,2026-09-11,NIFTY,23328.150390625,SIDEWAYS,NEUTRAL,NO_TRADE,NO_TRADE,50,No valid setup — conditions not satisfied,,,Breakout below 23343.45 or above 23344.2,Range: 23343.45 – 23344.2,,,NO_TRADE,,0.0,0.0,,,LIVE,No trade warranted
2026-09-11 07:40:00,2026-09-11,NIFTY,23337.099609375,VOLATILE_EXPANSION,MIXED,NO_TRADE,NO_TRADE,40,No valid setup — conditions not satisfied,,,Close below 23343.15 or above 23343.4 with VIX spike,ATR-based range: ±3.02,,,NO_TRADE,,0.0,0.0,,,LIVE,No trade warranted
2026-09-11 07:45:00,2026-09-11,NIFTY,23328.5,VOLATILE_EXPANSION,MIXED,NO_TRADE,NO_TRADE,40,No valid setup — conditions not satisfied,,,Close below 23341.0 or above 23343.4 with VIX spike,ATR-based range: ±5.02,,,NO_TRADE,,0.0,0.0,,,LIVE,No trade warranted
2026-09-11 07:50:00,2026-09-11,NIFTY,23337.849609375,SIDEWAYS,NEUTRAL,NO_TRADE,NO_TRADE,30,No valid setup — conditions not satisfied,,,Breakout below 23341.0 or above 23341.9,Range: 23341.0 – 23341.9,,,NO_TRADE,,0.0,0.0,,,LIVE,No trade warranted
2026-09-11 07:55:00,2026-09-11,NIFTY,23352.69921875,SIDEWAYS,NEUTRAL,NO_TRADE,NO_TRADE,30,No valid setup — conditions not satisfied,,,Breakout below 23341.0 or above 23343.4,Range: 23341.0 – 23343.4,,,NO_TRADE,,0.0,0.0,,,LIVE,No trade warranted
2026-09-11 08:00:00,2026-09-11,NIFTY,23347.75,SIDEWAYS,NEUTRAL,NO_TRADE,NO_TRADE,30,No valid setup — conditions not satisfied,,,Breakout below 23341.0 or above 23343.4,Range: 23341.0 – 23343.4,,,NO_TRADE,,0.0,0.0,,,LIVE,No trade warranted
2026-09-11 08:05:00,2026-09-11,NIFTY,23337.69921875,SIDEWAYS,NEUTRAL,NO_TRADE,NO_TRADE,50,No valid setup — conditions not satisfied,,,Breakout below 23337.0 or above 23341.9,Range: 23337.0 – 23341.9,,,NO_TRADE,,0.0,0.0,,,LIVE,No trade warranted
2026-09-11 08:10:00,2026-09-11,NIFTY,23336.650390625,SIDEWAYS,NEUTRAL,NO_TRADE,NO_TRADE,50,No valid setup — conditions not satisfied,,,Breakout below 23337.0 or above 23341.9,Range: 23337.0 – 23341.9,,,NO_TRADE,,0.0,0.0,,,LIVE,No trade warranted
2026-09-11 08:15:00,2026-09-11,NIFTY,23338.849609375,SIDEWAYS,NEUTRAL,NO_TRADE,NO_TRADE,30,No valid setup — conditions not satisfied,,,Breakout below 23337.0 or above 23341.9,Range: 23337.0 – 23341.9,,,NO_TRADE,,0.0,0.0,,,LIVE,No trade warranted
2026-09-11 08:20:00,2026-09-11,NIFTY,23349.19921875,SIDEWAYS,NEUTRAL,NO_TRADE,NO_TRADE,30,No valid setup — conditions not satisfied,,,Breakout below 23338.2 or above 23341.9,Range: 23338.2 – 23341.9,,,NO_TRADE,,0.0,0.0,,,LIVE,No trade warranted
2026-09-11 08:25:00,2026-09-11,NIFTY,23386.150390625,SIDEWAYS_TO_BULLISH,MILD_BULLISH,MILD_DIRECTIONAL,CONDITIONAL,40,Conditional — requires breakout above 23344.2 or breakdown below 23343.15,2026-09-11 08:30:00,23436.599609375,Close below 23342.8 invalidates bullish view,R1 23344.2 – R2 23346.1,2026-09-15 08:00:00,23263.0,LOSS,-0.5266,221.4583,-1.1441,5,5735,LIVE,Invalidation reached before target
2026-09-11 08:30:00,2026-09-11,NIFTY,23436.599609375,SIDEWAYS,NEUTRAL,NO_TRADE,NO_TRADE,30,No valid setup — conditions not satisfied,,,Breakout below 23348.55 or above 23348.7,Range: 23348.55 – 23348.7,,,NO_TRADE,,0.0,0.0,,,LIVE,No trade warranted
2026-09-11 08:35:00,2026-09-11,NIFTY,23415.75,SIDEWAYS,NEUTRAL,NO_TRADE,NO_TRADE,30,No valid setup — conditions not satisfied,,,Breakout below 23348.55 or above 23355.15,Range: 23348.55 – 23355.15,,,NO_TRADE,,0.0,0.0,,,LIVE,No trade warranted
2026-09-11 08:40:00,2026-09-11,NIFTY,23417.150390625,SIDEWAYS,NEUTRAL,NO_TRADE,NO_TRADE,30,No valid setup — conditions not satisfied,,,Breakout below 23348.55 or above 23356.3,Range: 23348.55 – 23356.3,,,NO_TRADE,,0.0,0.0,,,LIVE,No trade warranted
2026-09-11 08:45:00,2026-09-11,NIFTY,23406.05078125,SIDEWAYS,NEUTRAL,NO_TRADE,NO_TRADE,30,No valid setup — conditions not satisfied,,,Breakout below 23348.55 or above 23359.75,Range: 23348.55 – 23359.75,,,NO_TRADE,,0.0,0.0,,,LIVE,No trade warranted
2026-09-11 08:50:00,2026-09-11,NIFTY,23416.900390625,SIDEWAYS,NEUTRAL,NO_TRADE,NO_TRADE,30,No valid setup — conditions not satisfied,,,Breakout below 23348.55 or above 23380.25,Range: 23348.55 – 23380.25,,,NO_TRADE,,0.0,0.0,,,LIVE,No trade warranted
2026-09-11 08:55:00,2026-09-11,NIFTY,23424.400390625,SIDEWAYS,NEUTRAL,NO_TRADE,NO_TRADE,30,No valid setup — conditions not satisfied,,,Breakout below 23348.55 or above 23380.25,Range: 23348.55 – 23380.25,,,NO_TRADE,,0.0,0.0,,,LIVE,No trade warranted
2026-09-11 09:00:00,2026-09-11,NIFTY,23424.0,SIDEWAYS,NEUTRAL,NO_TRADE,NO_TRADE,30,No valid setup — conditions not satisfied,,,Breakout below 23348.55 or above 23380.25,Range: 23348.55 – 23380.25,,,NO_TRADE,,0.0,0.0,,,LIVE,No trade warranted
2026-09-11 09:05:00,2026-09-11,NIFTY,23428.400390625,SIDEWAYS,NEUTRAL,NO_TRADE,NO_TRADE,30,No valid setup — conditions not satisfied,,,Breakout below 23348.55 or above 23380.25,Range: 23348.55 – 23380.25,,,NO_TRADE,,0.0,0.0,,,LIVE,No trade warranted
2026-09-11 09:10:00,2026-09-11,NIFTY,23433.80078125,SIDEWAYS,NEUTRAL,NO_TRADE,NO_TRADE,30,No valid setup — conditions not satisfied,,,Breakout below 23348.55 or above 23380.25,Range: 23348.55 – 23380.25,,,NO_TRADE,,0.0,0.0,,,LIVE,No trade warranted
2026-09-11 09:15:00,2026-09-11,NIFTY,23424.69921875,SIDEWAYS,NEUTRAL,NO_TRADE,NO_TRADE,30,No valid setup — conditions not satisfied,,,Breakout below 23383.3 or above 23390.2,Range: 23383.3 – 23390.2,,,NO_TRADE,,0.0,0.0,,,LIVE,No trade warranted
2026-09-11 09:20:00,2026-09-11,NIFTY,23422.75,SIDEWAYS,NEUTRAL,NO_TRADE,NO_TRADE,30,No valid setup — conditions not satisfied,,,Breakout below 23383.3 or above 23390.2,Range: 23383.3 – 23390.2,,,NO_TRADE,,0.0,0.0,,,LIVE,No trade warranted
2026-09-11 09:25:00,2026-09-11,NIFTY,23420.25,SIDEWAYS,NEUTRAL,NO_TRADE,NO_TRADE,30,No valid setup — conditions not satisfied,,,Breakout below 23383.3 or above 23418.65,Range: 23383.3 – 23418.65,,,NO_TRADE,,0.0,0.0,,,LIVE,No trade warranted
2026-09-11 09:30:00,2026-09-11,NIFTY,23396.55078125,VOLATILE_EXPANSION,MIXED,NO_TRADE,NO_TRADE,40,No valid setup — conditions not satisfied,,,Close below 23394.25 or above 23418.65 with VIX spike,ATR-based range: ±35.18,,,NO_TRADE,,0.0,0.0,,,LIVE,No trade warranted
2026-09-11 09:35:00,2026-09-11,NIFTY,23413.94921875,SIDEWAYS,NEUTRAL,NO_TRADE,NO_TRADE,30,No valid setup — conditions not satisfied,,,Breakout below 23394.25 or above 23415.9,Range: 23394.25 – 23415.9,,,NO_TRADE,,0.0,0.0,,,LIVE,No trade warranted
2026-09-11 09:40:00,2026-09-11,NIFTY,23435.30078125,SIDEWAYS,NEUTRAL,NO_TRADE,NO_TRADE,30,No valid setup — conditions not satisfied,,,Breakout below 23394.25 or above 23415.9,Range: 23394.25 – 23415.9,,,NO_TRADE,,0.0,0.0,,,LIVE,No trade warranted
2026-09-11 09:45:00,2026-09-11,NIFTY,23435.099609375,SIDEWAYS,NEUTRAL,NO_TRADE,NO_TRADE,30,No valid setup — conditions not satisfied,,,Breakout below 23407.25 or above 23415.9,Range: 23407.25 – 23415.9,,,NO_TRADE,,0.0,0.0,,,LIVE,No trade warranted
2026-09-11 09:50:00,2026-09-11,NIFTY,23435.099609375,SIDEWAYS,NEUTRAL,NO_TRADE,NO_TRADE,30,No valid setup — conditions not satisfied,,,Breakout below 23412.75 or above 23415.9,Range: 23412.75 – 23415.9,,,NO_TRADE,,0.0,0.0,,,LIVE,No trade warranted
2026-09-11 09:55:00,2026-09-11,NIFTY,23398.099609375,VOLATILE_EXPANSION,MIXED,NO_TRADE,NO_TRADE,40,No valid setup — conditions not satisfied,,,Close below 23415.5 or above 23418.65 with VIX spike,ATR-based range: ±3.33,,,NO_TRADE,,0.0,0.0,,,LIVE,No trade warranted
2026-09-15 03:45:00,2026-09-15,NIFTY,23501.05078125,SIDEWAYS,NEUTRAL,NO_TRADE,NO_TRADE,50,No valid setup — conditions not satisfied,,,Breakout below — or above —,Range: — – —,,,NO_TRADE,,0.0,0.0,,,LIVE,No trade warranted
2026-09-15 03:50:00,2026-09-15,NIFTY,23474.19921875,SIDEWAYS,NEUTRAL,NO_TRADE,NO_TRADE,50,No valid setup — conditions not satisfied,,,Breakout below — or above —,Range: — – —,,,NO_TRADE,,0.0,0.0,,,LIVE,No trade warranted
2026-09-15 03:55:00,2026-09-15,NIFTY,23463.900390625,SIDEWAYS,NEUTRAL,NO_TRADE,NO_TRADE,50,No valid setup — conditions not satisfied,,,Breakout below — or above —,Range: — – —,,,NO_TRADE,,0.0,0.0,,,LIVE,No trade warranted
2026-09-15 04:00:00,2026-09-15,NIFTY,23455.55078125,SIDEWAYS,NEUTRAL,NO_TRADE,NO_TRADE,50,No valid setup — conditions not satisfied,,,Breakout below — or above —,Range: — – —,,,NO_TRADE,,0.0,0.0,,,LIVE,No trade warranted
2026-09-15 04:05:00,2026-09-15,NIFTY,23456.75,SIDEWAYS,NEUTRAL,NO_TRADE,NO_TRADE,50,No valid setup — conditions not satisfied,,,Breakout below — or above —,Range: — – —,,,NO_TRADE,,0.0,0.0,,,LIVE,No trade warranted
2026-09-15 04:10:00,2026-09-15,NIFTY,23448.099609375,SIDEWAYS,NEUTRAL,NO_TRADE,NO_TRADE,50,No valid setup — conditions not satisfied,,,Breakout below — or above —,Range: — – —,,,NO_TRADE,,0.0,0.0,,,LIVE,No trade warranted
2026-09-15 04:15:00,2026-09-15,NIFTY,23417.19921875,SIDEWAYS,NEUTRAL,NO_TRADE,NO_TRADE,50,No valid setup — conditions not satisfied,,,Breakout below — or above —,Range: — – —,,,NO_TRADE,,0.0,0.0,,,LIVE,No trade warranted
2026-09-15 04:20:00,2026-09-15,NIFTY,23403.5,SIDEWAYS,NEUTRAL,NO_TRADE,NO_TRADE,50,No valid setup — conditions not satisfied,,,Breakout below — or above —,Range: — – —,,,NO_TRADE,,0.0,0.0,,,LIVE,No trade warranted
2026-09-15 04:25:00,2026-09-15,NIFTY,23394.599609375,SIDEWAYS,NEUTRAL,NO_TRADE,NO_TRADE,50,No valid setup — conditions not satisfied,,,Breakout below — or above —,Range: — – —,,,NO_TRADE,,0.0,0.0,,,LIVE,No trade warranted
2026-09-15 04:30:00,2026-09-15,NIFTY,23385.19921875,SIDEWAYS,NEUTRAL,NO_TRADE,NO_TRADE,50,No valid setup — conditions not satisfied,,,Breakout below — or above —,Range: — – —,,,NO_TRADE,,0.0,0.0,,,LIVE,No trade warranted
2026-09-15 04:35:00,2026-09-15,NIFTY,23374.349609375,SIDEWAYS,NEUTRAL,NO_TRADE,NO_TRADE,50,No valid setup — conditions not satisfied,,,Breakout below — or above —,Range: — – —,,,NO_TRADE,,0.0,0.0,,,LIVE,No trade warranted
2026-09-15 04:40:00,2026-09-15,NIFTY,23386.75,SIDEWAYS,NEUTRAL,NO_TRADE,NO_TRADE,50,No valid setup — conditions not satisfied,,,Breakout below — or above —,Range: — – —,,,NO_TRADE,,0.0,0.0,,,LIVE,No trade warranted
2026-09-15 04:45:00,2026-09-15,NIFTY,23389.55078125,SIDEWAYS,NEUTRAL,NO_TRADE,NO_TRADE,50,No valid setup — conditions not satisfied,,,Breakout below — or above —,Range: — – —,,,NO_TRADE,,0.0,0.0,,,LIVE,No trade warranted
2026-09-15 04:50:00,2026-09-15,NIFTY,23383.44921875,SIDEWAYS,NEUTRAL,NO_TRADE,NO_TRADE,50,No valid setup — conditions not satisfied,,,Breakout below — or above —,Range: — – —,,,NO_TRADE,,0.0,0.0,,,LIVE,No trade warranted
2026-09-15 04:55:00,2026-09-15,NIFTY,23362.650390625,VOLATILE_EXPANSION,MIXED,NO_TRADE,NO_TRADE,40,No valid setup — conditions not satisfied,,,Close below — or above — with VIX spike,ATR-based range: ±0.00,,,NO_TRADE,,0.0,0.0,,,LIVE,No trade warranted
2026-09-15 05:00:00,2026-09-15,NIFTY,23365.599609375,VOLATILE_EXPANSION,MIXED,NO_TRADE,NO_TRADE,40,No valid setup — conditions not satisfied,,,Close below — or above — with VIX spike,ATR-based range: ±0.00,,,NO_TRADE,,0.0,0.0,,,LIVE,No trade warranted
2026-09-15 05:05:00,2026-09-15,NIFTY,23371.400390625,VOLATILE_EXPANSION,MIXED,NO_TRADE,NO_TRADE,40,No valid setup — conditions not satisfied,,,Close below — or above — with VIX spike,ATR-based range: ±0.00,,,NO_TRADE,,0.0,0.0,,,LIVE,No trade warranted
2026-09-15 05:10:00,2026-09-15,NIFTY,23351.19921875,VOLATILE_EXPANSION,MIXED,NO_TRADE,NO_TRADE,40,No valid setup — conditions not satisfied,,,Close below — or above — with VIX spike,ATR-based range: ±0.00,,,NO_TRADE,,0.0,0.0,,,LIVE,No trade warranted
2026-09-15 05:15:00,2026-09-15,NIFTY,23339.19921875,VOLATILE_EXPANSION,MIXED,NO_TRADE,NO_TRADE,40,No valid setup — conditions not satisfied,,,Close below — or above — with VIX spike,ATR-based range: ±0.00,,,NO_TRADE,,0.0,0.0,,,LIVE,No trade warranted
2026-09-15 05:20:00,2026-09-15,NIFTY,23336.0,VOLATILE_EXPANSION,MIXED,NO_TRADE,NO_TRADE,40,No valid setup — conditions not satisfied,,,Close below 23402.9 or above 23404.35 with VIX spike,ATR-based range: ±36.60,,,NO_TRADE,,0.0,0.0,,,LIVE,No trade warranted
2026-09-15 05:25:00,2026-09-15,NIFTY,23338.349609375,VOLATILE_EXPANSION,MIXED,NO_TRADE,NO_TRADE,40,No valid setup — conditions not satisfied,,,Close below 23375.25 or above 23395.7 with VIX spike,ATR-based range: ±13.17,,,NO_TRADE,,0.0,0.0,,,LIVE,No trade warranted
2026-09-15 05:30:00,2026-09-15,NIFTY,23360.44921875,VOLATILE_EXPANSION,MIXED,NO_TRADE,NO_TRADE,40,No valid setup — conditions not satisfied,,,Close below 23375.25 or above 23391.7 with VIX spike,ATR-based range: ±11.38,,,NO_TRADE,,0.0,0.0,,,LIVE,No trade warranted
2026-09-15 05:35:00,2026-09-15,NIFTY,23333.900390625,VOLATILE_EXPANSION,MIXED,NO_TRADE,NO_TRADE,40,No valid setup — conditions not satisfied,,,Close below 23375.25 or above 23384.7 with VIX spike,ATR-based range: ±10.20,,,NO_TRADE,,0.0,0.0,,,LIVE,No trade warranted
2026-09-15 05:40:00,2026-09-15,NIFTY,23345.400390625,VOLATILE_EXPANSION,MIXED,NO_TRADE,NO_TRADE,40,No valid setup — conditions not satisfied,,,Close below 23375.25 or above 23384.7 with VIX spike,ATR-based range: ±10.20,,,NO_TRADE,,0.0,0.0,,,LIVE,No trade warranted
2026-09-15 05:45:00,2026-09-15,NIFTY,23322.099609375,VOLATILE_EXPANSION,MIXED,NO_TRADE,NO_TRADE,40,No valid setup — conditions not satisfied,,,Close below 23369.8 or above 23370.65 with VIX spike,ATR-based range: ±7.20,,,NO_TRADE,,0.0,0.0,,,LIVE,No trade warranted
2026-09-15 05:50:00,2026-09-15,NIFTY,23331.349609375,VOLATILE_EXPANSION,MIXED,NO_TRADE,NO_TRADE,40,No valid setup — conditions not satisfied,,,Close below 23364.25 or above 23370.65 with VIX spike,ATR-based range: ±12.08,,,NO_TRADE,,0.0,0.0,,,LIVE,No trade warranted
2026-09-15 05:55:00,2026-09-15,NIFTY,23317.650390625,VOLATILE_EXPANSION,MIXED,NO_TRADE,NO_TRADE,40,No valid setup — conditions not satisfied,,,Close below 23351.5 or above 23360.2 with VIX spike,ATR-based range: ±16.12,,,NO_TRADE,,0.0,0.0,,,LIVE,No trade warranted
2026-09-15 06:00:00,2026-09-15,NIFTY,23323.900390625,VOLATILE_EXPANSION,MIXED,NO_TRADE,NO_TRADE,40,No valid setup — conditions not satisfied,,,Close below 23351.5 or above 23355.9 with VIX spike,ATR-based range: ±11.02,,,NO_TRADE,,0.0,0.0,,,LIVE,No trade warranted
2026-09-15 06:05:00,2026-09-15,NIFTY,23345.75,SIDEWAYS,NEUTRAL,NO_TRADE,NO_TRADE,50,No valid setup — conditions not satisfied,,,Breakout below 23351.5 or above 23355.9,Range: 23351.5 – 23355.9,,,NO_TRADE,,0.0,0.0,,,LIVE,No trade warranted
2026-09-15 06:10:00,2026-09-15,NIFTY,23342.05078125,SIDEWAYS,NEUTRAL,NO_TRADE,NO_TRADE,50,No valid setup — conditions not satisfied,,,Breakout below 23348.5 or above 23351.5,Range: 23348.5 – 23351.5,,,NO_TRADE,,0.0,0.0,,,LIVE,No trade warranted
2026-09-15 06:15:00,2026-09-15,NIFTY,23329.849609375,SIDEWAYS,NEUTRAL,NO_TRADE,NO_TRADE,50,No valid setup — conditions not satisfied,,,Breakout below 23348.5 or above 23349.35,Range: 23348.5 – 23349.35,,,NO_TRADE,,0.0,0.0,,,LIVE,No trade warranted
2026-09-15 06:20:00,2026-09-15,NIFTY,23322.94921875,SIDEWAYS,NEUTRAL,NO_TRADE,NO_TRADE,50,No valid setup — conditions not satisfied,,,Breakout below 23338.4 or above 23347.1,Range: 23338.4 – 23347.1,,,NO_TRADE,,0.0,0.0,,,LIVE,No trade warranted
2026-09-15 06:25:00,2026-09-15,NIFTY,23336.400390625,SIDEWAYS,NEUTRAL,NO_TRADE,NO_TRADE,50,No valid setup — conditions not satisfied,,,Breakout below 23338.4 or above 23343.25,Range: 23338.4 – 23343.25,,,NO_TRADE,,0.0,0.0,,,LIVE,No trade warranted
2026-09-15 06:30:00,2026-09-15,NIFTY,23345.30078125,SIDEWAYS,NEUTRAL,NO_TRADE,NO_TRADE,50,No valid setup — conditions not satisfied,,,Breakout below 23338.4 or above 23343.25,Range: 23338.4 – 23343.25,,,NO_TRADE,,0.0,0.0,,,LIVE,No trade warranted
2026-09-15 06:35:00,2026-09-15,NIFTY,23338.400390625,SIDEWAYS,NEUTRAL,NO_TRADE,NO_TRADE,50,No valid setup — conditions not satisfied,,,Breakout below 23338.4 or above 23343.25,Range: 23338.4 – 23343.25,,,NO_TRADE,,0.0,0.0,,,LIVE,No trade warranted
2026-09-15 06:40:00,2026-09-15,NIFTY,23335.849609375,SIDEWAYS,NEUTRAL,NO_TRADE,NO_TRADE,50,No valid setup — conditions not satisfied,,,Breakout below 23336.8 or above 23338.45,Range: 23336.8 – 23338.45,,,NO_TRADE,,0.0,0.0,,,LIVE,No trade warranted
2026-09-15 06:45:00,2026-09-15,NIFTY,23326.69921875,SIDEWAYS,NEUTRAL,NO_TRADE,NO_TRADE,50,No valid setup — conditions not satisfied,,,Breakout below 23334.3 or above 23336.15,Range: 23334.3 – 23336.15,,,NO_TRADE,,0.0,0.0,,,LIVE,No trade warranted
2026-09-15 06:50:00,2026-09-15,NIFTY,23332.400390625,SIDEWAYS,NEUTRAL,NO_TRADE,NO_TRADE,50,No valid setup — conditions not satisfied,,,Breakout below 23334.3 or above 23335.35,Range: 23334.3 – 23335.35,,,NO_TRADE,,0.0,0.0,,,LIVE,No trade warranted
2026-09-15 06:55:00,2026-09-15,NIFTY,23337.400390625,SIDEWAYS,NEUTRAL,NO_TRADE,NO_TRADE,50,No valid setup — conditions not satisfied,,,Breakout below 23334.3 or above 23335.35,Range: 23334.3 – 23335.35,,,NO_TRADE,,0.0,0.0,,,LIVE,No trade warranted
2026-09-15 07:00:00,2026-09-15,NIFTY,23320.55078125,SIDEWAYS,NEUTRAL,NO_TRADE,NO_TRADE,50,No valid setup — conditions not satisfied,,,Breakout below 23334.3 or above 23335.35,Range: 23334.3 – 23335.35,,,NO_TRADE,,0.0,0.0,,,LIVE,No trade warranted
2026-09-15 07:05:00,2026-09-15,NIFTY,23322.55078125,SIDEWAYS,NEUTRAL,NO_TRADE,NO_TRADE,50,No valid setup — conditions not satisfied,,,Breakout below 23332.85 or above 23335.35,Range: 23332.85 – 23335.35,,,NO_TRADE,,0.0,0.0,,,LIVE,No trade warranted
2026-09-15 07:10:00,2026-09-15,NIFTY,23315.05078125,SIDEWAYS,NEUTRAL,NO_TRADE,NO_TRADE,50,No valid setup — conditions not satisfied,,,Breakout below 23330.2 or above 23332.1,Range: 23330.2 – 23332.1,,,NO_TRADE,,0.0,0.0,,,LIVE,No trade warranted
2026-09-15 07:15:00,2026-09-15,NIFTY,23327.150390625,SIDEWAYS,NEUTRAL,NO_TRADE,NO_TRADE,50,No valid setup — conditions not satisfied,,,Breakout below 23330.2 or above 23332.1,Range: 23330.2 – 23332.1,,,NO_TRADE,,0.0,0.0,,,LIVE,No trade warranted
2026-09-15 07:20:00,2026-09-15,NIFTY,23328.900390625,SIDEWAYS,NEUTRAL,NO_TRADE,NO_TRADE,50,No valid setup — conditions not satisfied,,,Breakout below 23329.15 or above 23332.1,Range: 23329.15 – 23332.1,,,NO_TRADE,,0.0,0.0,,,LIVE,No trade warranted
2026-09-15 07:25:00,2026-09-15,NIFTY,23308.599609375,VOLATILE_EXPANSION,MIXED,NO_TRADE,NO_TRADE,40,No valid setup — conditions not satisfied,,,Close below 23329.15 or above 23331.35 with VIX spike,ATR-based range: ±4.27,,,NO_TRADE,,0.0,0.0,,,LIVE,No trade warranted
2026-09-15 07:30:00,2026-09-15,NIFTY,23308.599609375,SIDEWAYS,NEUTRAL,NO_TRADE,NO_TRADE,50,No valid setup — conditions not satisfied,,,Breakout below 23327.5 or above 23328.4,Range: 23327.5 – 23328.4,,,NO_TRADE,,0.0,0.0,,,LIVE,No trade warranted
2026-09-15 07:35:00,2026-09-15,NIFTY,23305.900390625,SIDEWAYS,NEUTRAL,NO_TRADE,NO_TRADE,50,No valid setup — conditions not satisfied,,,Breakout below 23327.5 or above 23327.8,Range: 23327.5 – 23327.8,,,NO_TRADE,,0.0,0.0,,,LIVE,No trade warranted
2026-09-15 07:40:00,2026-09-15,NIFTY,23294.94921875,VOLATILE_EXPANSION,MIXED,NO_TRADE,NO_TRADE,40,No valid setup — conditions not satisfied,,,Close below 23324.95 or above 23327.8 with VIX spike,ATR-based range: ±3.85,,,NO_TRADE,,0.0,0.0,,,LIVE,No trade warranted
2026-09-15 07:45:00,2026-09-15,NIFTY,23294.150390625,VOLATILE_EXPANSION,MIXED,NO_TRADE,NO_TRADE,40,No valid setup — conditions not satisfied,,,Close below 23323.35 or above 23327.8 with VIX spike,ATR-based range: ±5.90,,,NO_TRADE,,0.0,0.0,,,LIVE,No trade warranted
2026-09-15 07:50:00,2026-09-15,NIFTY,23285.400390625,SIDEWAYS,NEUTRAL,NO_TRADE,NO_TRADE,30,No valid setup — conditions not satisfied,,,Breakout below 23319.85 or above 23327.8,Range: 23319.85 – 23327.8,,,NO_TRADE,,0.0,0.0,,,LIVE,No trade warranted
2026-09-15 07:55:00,2026-09-15,NIFTY,23281.05078125,SIDEWAYS,NEUTRAL,NO_TRADE,NO_TRADE,30,No valid setup — conditions not satisfied,,,Breakout below 23316.0 or above 23327.8,Range: 23316.0 – 23327.8,,,NO_TRADE,,0.0,0.0,,,LIVE,No trade warranted
2026-09-15 08:00:00,2026-09-15,NIFTY,23272.05078125,SIDEWAYS,NEUTRAL,NO_TRADE,NO_TRADE,30,No valid setup — conditions not satisfied,,,Breakout below 23315.05 or above 23327.8,Range: 23315.05 – 23327.8,,,NO_TRADE,,0.0,0.0,,,LIVE,No trade warranted
2026-09-15 08:05:00,2026-09-15,NIFTY,23269.30078125,SIDEWAYS,NEUTRAL,NO_TRADE,NO_TRADE,30,No valid setup — conditions not satisfied,,,Breakout below 23303.45 or above 23313.25,Range: 23303.45 – 23313.25,,,NO_TRADE,,0.0,0.0,,,LIVE,No trade warranted
2026-09-15 08:10:00,2026-09-15,NIFTY,23263.25,SIDEWAYS,NEUTRAL,NO_TRADE,NO_TRADE,30,No valid setup — conditions not satisfied,,,Breakout below 23303.45 or above 23310.85,Range: 23303.45 – 23310.85,,,NO_TRADE,,0.0,0.0,,,LIVE,No trade warranted
2026-09-15 08:15:00,2026-09-15,NIFTY,23271.349609375,SIDEWAYS,NEUTRAL,NO_TRADE,NO_TRADE,30,No valid setup — conditions not satisfied,,,Breakout below 23303.45 or above 23310.85,Range: 23303.45 – 23310.85,,,NO_TRADE,,0.0,0.0,,,LIVE,No trade warranted
2026-09-15 08:20:00,2026-09-15,NIFTY,23269.099609375,SIDEWAYS,NEUTRAL,NO_TRADE,NO_TRADE,30,No valid setup — conditions not satisfied,,,Breakout below 23301.7 or above 23310.85,Range: 23301.7 – 23310.85,,,NO_TRADE,,0.0,0.0,,,LIVE,No trade warranted
2026-09-15 08:25:00,2026-09-15,NIFTY,23272.349609375,SIDEWAYS,NEUTRAL,NO_TRADE,NO_TRADE,30,No valid setup — conditions not satisfied,,,Breakout below 23297.5 or above 23300.5,Range: 23297.5 – 23300.5,,,NO_TRADE,,0.0,0.0,,,LIVE,No trade warranted
2026-09-15 08:30:00,2026-09-15,NIFTY,23271.44921875,SIDEWAYS,NEUTRAL,NO_TRADE,NO_TRADE,30,No valid setup — conditions not satisfied,,,Breakout below 23288.8 or above 23296.55,Range: 23288.8 – 23296.55,,,NO_TRADE,,0.0,0.0,,,LIVE,No trade warranted
2026-09-15 08:35:00,2026-09-15,NIFTY,23260.099609375,SIDEWAYS,NEUTRAL,NO_TRADE,NO_TRADE,30,No valid setup — conditions not satisfied,,,Breakout below 23288.8 or above 23296.55,Range: 23288.8 – 23296.55,,,NO_TRADE,,0.0,0.0,,,LIVE,No trade warranted
2026-09-15 08:40:00,2026-09-15,NIFTY,23230.19921875,SIDEWAYS,NEUTRAL,NO_TRADE,NO_TRADE,30,No valid setup — conditions not satisfied,,,Breakout below 23281.15 or above 23296.55,Range: 23281.15 – 23296.55,,,NO_TRADE,,0.0,0.0,,,LIVE,No trade warranted
2026-09-15 08:45:00,2026-09-15,NIFTY,23197.80078125,SIDEWAYS,NEUTRAL,NO_TRADE,NO_TRADE,30,No valid setup — conditions not satisfied,,,Breakout below 23281.15 or above 23282.2,Range: 23281.15 – 23282.2,,,NO_TRADE,,0.0,0.0,,,LIVE,No trade warranted
2026-09-15 08:50:00,2026-09-15,NIFTY,23206.25,SIDEWAYS,NEUTRAL,NO_TRADE,NO_TRADE,30,No valid setup — conditions not satisfied,,,Breakout below 23268.7 or above 23276.05,Range: 23268.7 – 23276.05,,,NO_TRADE,,0.0,0.0,,,LIVE,No trade warranted
2026-09-15 08:55:00,2026-09-15,NIFTY,23202.80078125,SIDEWAYS,NEUTRAL,NO_TRADE,NO_TRADE,30,No valid setup — conditions not satisfied,,,Breakout below 23268.7 or above 23272.85,Range: 23268.7 – 23272.85,,,NO_TRADE,,0.0,0.0,,,LIVE,No trade warranted
2026-09-15 09:00:00,2026-09-15,NIFTY,23210.19921875,SIDEWAYS,NEUTRAL,NO_TRADE,NO_TRADE,30,No valid setup — conditions not satisfied,,,Breakout below 23263.0 or above 23269.25,Range: 23263.0 – 23269.25,,,NO_TRADE,,0.0,0.0,,,LIVE,No trade warranted
2026-09-15 09:05:00,2026-09-15,NIFTY,23215.849609375,SIDEWAYS,NEUTRAL,NO_TRADE,NO_TRADE,30,No valid setup — conditions not satisfied,,,Breakout below 23258.7 or above 23260.95,Range: 23258.7 – 23260.95,,,NO_TRADE,,0.0,0.0,,,LIVE,No trade warranted
2026-09-15 09:10:00,2026-09-15,NIFTY,23215.75,SIDEWAYS,NEUTRAL,NO_TRADE,NO_TRADE,30,No valid setup — conditions not satisfied,,,Breakout below 23251.85 or above 23260.95,Range: 23251.85 – 23260.95,,,NO_TRADE,,0.0,0.0,,,LIVE,No trade warranted
2026-09-15 09:15:00,2026-09-15,NIFTY,23164.0,SIDEWAYS,NEUTRAL,NO_TRADE,NO_TRADE,30,No valid setup — conditions not satisfied,,,Breakout below 23229.4 or above 23260.95,Range: 23229.4 – 23260.95,,,NO_TRADE,,0.0,0.0,,,LIVE,No trade warranted
2026-09-15 09:20:00,2026-09-15,NIFTY,23177.75,SIDEWAYS,NEUTRAL,NO_TRADE,NO_TRADE,30,No valid setup — conditions not satisfied,,,Breakout below 23229.4 or above 23260.95,Range: 23229.4 – 23260.95,,,NO_TRADE,,0.0,0.0,,,LIVE,No trade warranted
2026-09-15 09:25:00,2026-09-15,NIFTY,23174.900390625,SIDEWAYS,NEUTRAL,NO_TRADE,NO_TRADE,30,No valid setup — conditions not satisfied,,,Breakout below 23229.4 or above 23260.95,Range: 23229.4 – 23260.95,,,NO_TRADE,,0.0,0.0,,,LIVE,No trade warranted
2026-09-15 09:30:00,2026-09-15,NIFTY,23182.75,SIDEWAYS,NEUTRAL,NO_TRADE,NO_TRADE,30,No valid setup — conditions not satisfied,,,Breakout below 23229.4 or above 23260.95,Range: 23229.4 – 23260.95,,,NO_TRADE,,0.0,0.0,,,LIVE,No trade warranted
2026-09-15 09:35:00,2026-09-15,NIFTY,23172.94921875,SIDEWAYS,NEUTRAL,NO_TRADE,NO_TRADE,30,No valid setup — conditions not satisfied,,,Breakout below 23212.45 or above 23225.2,Range: 23212.45 – 23225.2,,,NO_TRADE,,0.0,0.0,,,LIVE,No trade warranted
2026-09-15 09:40:00,2026-09-15,NIFTY,23172.25,SIDEWAYS,NEUTRAL,NO_TRADE,NO_TRADE,30,No valid setup — conditions not satisfied,,,Breakout below 23212.45 or above 23220.35,Range: 23212.45 – 23220.35,,,NO_TRADE,,0.0,0.0,,,LIVE,No trade warranted
2026-09-15 09:45:00,2026-09-15,NIFTY,23172.349609375,SIDEWAYS,NEUTRAL,NO_TRADE,NO_TRADE,30,No valid setup — conditions not satisfied,,,Breakout below 23212.45 or above 23217.55,Range: 23212.45 – 23217.55,,,NO_TRADE,,0.0,0.0,,,LIVE,No trade warranted
2026-09-15 09:50:00,2026-09-15,NIFTY,23172.349609375,SIDEWAYS,NEUTRAL,NO_TRADE,NO_TRADE,30,No valid setup — conditions not satisfied,,,Breakout below 23206.45 or above 23213.3,Range: 23206.45 – 23213.3,,,NO_TRADE,,0.0,0.0,,,LIVE,No trade warranted
2026-09-15 09:55:00,2026-09-15,NIFTY,23118.599609375,SIDEWAYS,NEUTRAL,NO_TRADE,NO_TRADE,30,No valid setup — conditions not satisfied,,,Breakout below 23199.95 or above 23213.3,Range: 23199.95 – 23213.3,,,NO_TRADE,,0.0,0.0,,,LIVE,No trade warranted
