trade_id,entry_time_ist,entry_price,entry_utc,exit_time_ist,exit_price,exit_utc,trigger_delay_min,total_time_min,market_structure,directional_bias,trade_class,trade_status,confidence,outcome,return_pct,reason,mfe_pct,mae_pct
1,2026-08-04 09:15:00 IST,24599.80078125,2026-08-04 03:45:00,,,,,,SIDEWAYS,NEUTRAL,NO_TRADE,NO_TRADE,50,NO_TRADE,,No trade warranted,0.0,0.0
2,2026-08-04 09:20:00 IST,24615.849609375,2026-08-04 03:50:00,,,,,,SIDEWAYS,NEUTRAL,NO_TRADE,NO_TRADE,50,NO_TRADE,,No trade warranted,0.0,0.0
3,2026-08-04 09:25:00 IST,24597.599609375,2026-08-04 03:55:00,,,,,,SIDEWAYS,NEUTRAL,NO_TRADE,NO_TRADE,50,NO_TRADE,,No trade warranted,0.0,0.0
4,2026-08-04 09:30:00 IST,24590.650390625,2026-08-04 04:00:00,,,,,,SIDEWAYS,NEUTRAL,NO_TRADE,NO_TRADE,50,NO_TRADE,,No trade warranted,0.0,0.0
5,2026-08-04 09:35:00 IST,24604.650390625,2026-08-04 04:05:00,,,,,,SIDEWAYS,NEUTRAL,NO_TRADE,NO_TRADE,50,NO_TRADE,,No trade warranted,0.0,0.0
6,2026-08-04 09:40:00 IST,24623.599609375,2026-08-04 04:10:00,,,,,,SIDEWAYS,NEUTRAL,NO_TRADE,NO_TRADE,50,NO_TRADE,,No trade warranted,0.0,0.0
7,2026-08-04 09:45:00 IST,24635.150390625,2026-08-04 04:15:00,,,,,,SIDEWAYS,NEUTRAL,NO_TRADE,NO_TRADE,50,NO_TRADE,,No trade warranted,0.0,0.0
8,2026-08-04 09:50:00 IST,24634.150390625,2026-08-04 04:20:00,,,,,,SIDEWAYS,NEUTRAL,NO_TRADE,NO_TRADE,50,NO_TRADE,,No trade warranted,0.0,0.0
9,2026-08-04 09:55:00 IST,24631.55078125,2026-08-04 04:25:00,,,,,,SIDEWAYS,NEUTRAL,NO_TRADE,NO_TRADE,50,NO_TRADE,,No trade warranted,0.0,0.0
10,2026-08-04 10:00:00 IST,24626.400390625,2026-08-04 04:30:00,,,,,,SIDEWAYS,NEUTRAL,NO_TRADE,NO_TRADE,50,NO_TRADE,,No trade warranted,0.0,0.0
11,2026-08-04 10:05:00 IST,24611.400390625,2026-08-04 04:35:00,,,,,,SIDEWAYS,NEUTRAL,NO_TRADE,NO_TRADE,50,NO_TRADE,,No trade warranted,0.0,0.0
12,2026-08-04 10:10:00 IST,24615.5,2026-08-04 04:40:00,,,,,,SIDEWAYS,NEUTRAL,NO_TRADE,NO_TRADE,50,NO_TRADE,,No trade warranted,0.0,0.0
13,2026-08-04 10:15:00 IST,24616.19921875,2026-08-04 04:45:00,,,,,,SIDEWAYS,NEUTRAL,NO_TRADE,NO_TRADE,50,NO_TRADE,,No trade warranted,0.0,0.0
14,2026-08-04 10:20:00 IST,24593.80078125,2026-08-04 04:50:00,,,,,,SIDEWAYS,NEUTRAL,NO_TRADE,NO_TRADE,50,NO_TRADE,,No trade warranted,0.0,0.0
15,2026-08-04 10:25:00 IST,24592.80078125,2026-08-04 04:55:00,,,,,,SIDEWAYS,NEUTRAL,NO_TRADE,NO_TRADE,50,NO_TRADE,,No trade warranted,0.0,0.0
16,2026-08-04 10:30:00 IST,24582.900390625,2026-08-04 05:00:00,,,,,,SIDEWAYS,NEUTRAL,NO_TRADE,NO_TRADE,50,NO_TRADE,,No trade warranted,0.0,0.0
17,2026-08-04 10:35:00 IST,24581.94921875,2026-08-04 05:05:00,,,,,,SIDEWAYS,NEUTRAL,NO_TRADE,NO_TRADE,50,NO_TRADE,,No trade warranted,0.0,0.0
18,2026-08-04 10:40:00 IST,24582.0,2026-08-04 05:10:00,,,,,,SIDEWAYS,NEUTRAL,NO_TRADE,NO_TRADE,50,NO_TRADE,,No trade warranted,0.0,0.0
19,2026-08-04 10:45:00 IST,24583.5,2026-08-04 05:15:00,,,,,,SIDEWAYS,NEUTRAL,NO_TRADE,NO_TRADE,50,NO_TRADE,,No trade warranted,0.0,0.0
20,2026-08-04 10:50:00 IST,24581.80078125,2026-08-04 05:20:00,,,,,,VOLATILE_EXPANSION,MIXED,NO_TRADE,NO_TRADE,40,NO_TRADE,,No trade warranted,0.0,0.0
21,2026-08-04 10:55:00 IST,24575.400390625,2026-08-04 05:25:00,,,,,,VOLATILE_EXPANSION,MIXED,NO_TRADE,NO_TRADE,40,NO_TRADE,,No trade warranted,0.0,0.0
22,2026-08-04 11:00:00 IST,24589.19921875,2026-08-04 05:30:00,,,,,,VOLATILE_EXPANSION,MIXED,NO_TRADE,NO_TRADE,40,NO_TRADE,,No trade warranted,0.0,0.0
23,2026-08-04 11:05:00 IST,24587.900390625,2026-08-04 05:35:00,,,,,,VOLATILE_EXPANSION,MIXED,NO_TRADE,NO_TRADE,40,NO_TRADE,,No trade warranted,0.0,0.0
24,2026-08-04 11:10:00 IST,24590.900390625,2026-08-04 05:40:00,,,,,,VOLATILE_EXPANSION,MIXED,NO_TRADE,NO_TRADE,40,NO_TRADE,,No trade warranted,0.0,0.0
25,2026-08-04 11:15:00 IST,24593.349609375,2026-08-04 05:45:00,,,,,,VOLATILE_EXPANSION,MIXED,NO_TRADE,NO_TRADE,40,NO_TRADE,,No trade warranted,0.0,0.0
26,2026-08-04 11:20:00 IST,24585.900390625,2026-08-04 05:50:00,,,,,,VOLATILE_EXPANSION,MIXED,NO_TRADE,NO_TRADE,40,NO_TRADE,,No trade warranted,0.0,0.0
27,2026-08-04 11:25:00 IST,24577.05078125,2026-08-04 05:55:00,,,,,,VOLATILE_EXPANSION,MIXED,NO_TRADE,NO_TRADE,40,NO_TRADE,,No trade warranted,0.0,0.0
28,2026-08-04 11:30:00 IST,24568.80078125,2026-08-04 06:00:00,,,,,,VOLATILE_EXPANSION,MIXED,NO_TRADE,NO_TRADE,40,NO_TRADE,,No trade warranted,0.0,0.0
29,2026-08-04 11:35:00 IST,24571.05078125,2026-08-04 06:05:00,,,,,,VOLATILE_EXPANSION,MIXED,NO_TRADE,NO_TRADE,40,NO_TRADE,,No trade warranted,0.0,0.0
30,2026-08-04 11:40:00 IST,24555.44921875,2026-08-04 06:10:00,,,,,,VOLATILE_EXPANSION,MIXED,NO_TRADE,NO_TRADE,40,NO_TRADE,,No trade warranted,0.0,0.0
31,2026-08-04 11:45:00 IST,24532.80078125,2026-08-04 06:15:00,,,,,,VOLATILE_EXPANSION,MIXED,NO_TRADE,NO_TRADE,40,NO_TRADE,,No trade warranted,0.0,0.0
32,2026-08-04 11:50:00 IST,24532.75,2026-08-04 06:20:00,,,,,,VOLATILE_EXPANSION,MIXED,NO_TRADE,NO_TRADE,40,NO_TRADE,,No trade warranted,0.0,0.0
33,2026-08-04 11:55:00 IST,24524.150390625,2026-08-04 06:25:00,,,,,,VOLATILE_EXPANSION,MIXED,NO_TRADE,NO_TRADE,40,NO_TRADE,,No trade warranted,0.0,0.0
34,2026-08-04 12:00:00 IST,24521.900390625,2026-08-04 06:30:00,,,,,,VOLATILE_EXPANSION,MIXED,NO_TRADE,NO_TRADE,40,NO_TRADE,,No trade warranted,0.0,0.0
35,2026-08-04 12:05:00 IST,24506.349609375,2026-08-04 06:35:00,,,,,,VOLATILE_EXPANSION,MIXED,NO_TRADE,NO_TRADE,40,NO_TRADE,,No trade warranted,0.0,0.0
36,2026-08-04 12:10:00 IST,24511.30078125,2026-08-04 06:40:00,,,,,,VOLATILE_EXPANSION,MIXED,NO_TRADE,NO_TRADE,40,NO_TRADE,,No trade warranted,0.0,0.0
37,2026-08-04 12:15:00 IST,24519.75,2026-08-04 06:45:00,,,,,,VOLATILE_EXPANSION,MIXED,NO_TRADE,NO_TRADE,40,NO_TRADE,,No trade warranted,0.0,0.0
38,2026-08-04 12:20:00 IST,24519.349609375,2026-08-04 06:50:00,,,,,,VOLATILE_EXPANSION,MIXED,NO_TRADE,NO_TRADE,40,NO_TRADE,,No trade warranted,0.0,0.0
39,2026-08-04 12:25:00 IST,24515.69921875,2026-08-04 06:55:00,,,,,,VOLATILE_EXPANSION,MIXED,NO_TRADE,NO_TRADE,40,NO_TRADE,,No trade warranted,0.0,0.0
40,2026-08-04 12:30:00 IST,24507.55078125,2026-08-04 07:00:00,,,,,,VOLATILE_EXPANSION,MIXED,NO_TRADE,NO_TRADE,40,NO_TRADE,,No trade warranted,0.0,0.0
41,2026-08-04 12:35:00 IST,24503.25,2026-08-04 07:05:00,,,,,,VOLATILE_EXPANSION,MIXED,NO_TRADE,NO_TRADE,40,NO_TRADE,,No trade warranted,0.0,0.0
42,2026-08-04 12:40:00 IST,24493.349609375,2026-08-04 07:10:00,,,,,,VOLATILE_EXPANSION,MIXED,NO_TRADE,NO_TRADE,40,NO_TRADE,,No trade warranted,0.0,0.0
43,2026-08-04 12:45:00 IST,24503.30078125,2026-08-04 07:15:00,,,,,,VOLATILE_EXPANSION,MIXED,NO_TRADE,NO_TRADE,40,NO_TRADE,,No trade warranted,0.0,0.0
44,2026-08-04 12:50:00 IST,24500.05078125,2026-08-04 07:20:00,,,,,,VOLATILE_EXPANSION,MIXED,NO_TRADE,NO_TRADE,40,NO_TRADE,,No trade warranted,0.0,0.0
45,2026-08-04 12:55:00 IST,24491.75,2026-08-04 07:25:00,,,,,,VOLATILE_EXPANSION,MIXED,NO_TRADE,NO_TRADE,40,NO_TRADE,,No trade warranted,0.0,0.0
46,2026-08-04 13:00:00 IST,24493.650390625,2026-08-04 07:30:00,,,,,,VOLATILE_EXPANSION,MIXED,NO_TRADE,NO_TRADE,40,NO_TRADE,,No trade warranted,0.0,0.0
47,2026-08-04 13:05:00 IST,24483.69921875,2026-08-04 07:35:00,,,,,,VOLATILE_EXPANSION,MIXED,NO_TRADE,NO_TRADE,40,NO_TRADE,,No trade warranted,0.0,0.0
48,2026-08-04 13:10:00 IST,24479.599609375,2026-08-04 07:40:00,,,,,,VOLATILE_EXPANSION,MIXED,NO_TRADE,NO_TRADE,40,NO_TRADE,,No trade warranted,0.0,0.0
49,2026-08-04 13:15:00 IST,24482.05078125,2026-08-04 07:45:00,,,,,,VOLATILE_EXPANSION,MIXED,NO_TRADE,NO_TRADE,40,NO_TRADE,,No trade warranted,0.0,0.0
50,2026-08-04 13:20:00 IST,24491.80078125,2026-08-04 07:50:00,,,,,,SIDEWAYS,NEUTRAL,NO_TRADE,NO_TRADE,30,NO_TRADE,,No trade warranted,0.0,0.0
51,2026-08-04 13:25:00 IST,24471.19921875,2026-08-04 07:55:00,,,,,,SIDEWAYS,NEUTRAL,NO_TRADE,NO_TRADE,30,NO_TRADE,,No trade warranted,0.0,0.0
52,2026-08-04 13:30:00 IST,24463.69921875,2026-08-04 08:00:00,,,,,,SIDEWAYS,NEUTRAL,NO_TRADE,NO_TRADE,30,NO_TRADE,,No trade warranted,0.0,0.0
53,2026-08-04 13:35:00 IST,24468.19921875,2026-08-04 08:05:00,,,,,,SIDEWAYS,NEUTRAL,NO_TRADE,NO_TRADE,30,NO_TRADE,,No trade warranted,0.0,0.0
54,2026-08-04 13:40:00 IST,24453.80078125,2026-08-04 08:10:00,,,,,,SIDEWAYS,NEUTRAL,NO_TRADE,NO_TRADE,30,NO_TRADE,,No trade warranted,0.0,0.0
55,2026-08-04 13:45:00 IST,24465.44921875,2026-08-04 08:15:00,,,,,,SIDEWAYS,NEUTRAL,NO_TRADE,NO_TRADE,30,NO_TRADE,,No trade warranted,0.0,0.0
56,2026-08-04 13:50:00 IST,24446.69921875,2026-08-04 08:20:00,,,,,,SIDEWAYS,NEUTRAL,NO_TRADE,NO_TRADE,30,NO_TRADE,,No trade warranted,0.0,0.0
57,2026-08-04 13:55:00 IST,24448.900390625,2026-08-04 08:25:00,,,,,,SIDEWAYS,NEUTRAL,NO_TRADE,NO_TRADE,30,NO_TRADE,,No trade warranted,0.0,0.0
58,2026-08-04 14:00:00 IST,24445.400390625,2026-08-04 08:30:00,,,,,,SIDEWAYS,NEUTRAL,NO_TRADE,NO_TRADE,30,NO_TRADE,,No trade warranted,0.0,0.0
59,2026-08-04 14:05:00 IST,24450.19921875,2026-08-04 08:35:00,,,,,,SIDEWAYS,NEUTRAL,NO_TRADE,NO_TRADE,30,NO_TRADE,,No trade warranted,0.0,0.0
60,2026-08-04 14:10:00 IST,24462.349609375,2026-08-04 08:40:00,,,,,,SIDEWAYS,NEUTRAL,NO_TRADE,NO_TRADE,30,NO_TRADE,,No trade warranted,0.0,0.0
61,2026-08-04 14:15:00 IST,24486.0,2026-08-04 08:45:00,,,,,,SIDEWAYS,NEUTRAL,NO_TRADE,NO_TRADE,50,NO_TRADE,,No trade warranted,0.0,0.0
62,2026-08-04 14:20:00 IST,24473.400390625,2026-08-04 08:50:00,,,,,,SIDEWAYS,NEUTRAL,NO_TRADE,NO_TRADE,30,NO_TRADE,,No trade warranted,0.0,0.0
63,2026-08-04 14:25:00 IST,24470.5,2026-08-04 08:55:00,,,,,,SIDEWAYS,NEUTRAL,NO_TRADE,NO_TRADE,30,NO_TRADE,,No trade warranted,0.0,0.0
64,2026-08-04 14:30:00 IST,24463.150390625,2026-08-04 09:00:00,,,,,,SIDEWAYS,NEUTRAL,NO_TRADE,NO_TRADE,30,NO_TRADE,,No trade warranted,0.0,0.0
65,2026-08-04 14:35:00 IST,24463.30078125,2026-08-04 09:05:00,,,,,,SIDEWAYS,NEUTRAL,NO_TRADE,NO_TRADE,30,NO_TRADE,,No trade warranted,0.0,0.0
66,2026-08-04 14:40:00 IST,24456.650390625,2026-08-04 09:10:00,,,,,,SIDEWAYS,NEUTRAL,NO_TRADE,NO_TRADE,30,NO_TRADE,,No trade warranted,0.0,0.0
67,2026-08-04 14:45:00 IST,24469.19921875,2026-08-04 09:15:00,,,,,,SIDEWAYS,NEUTRAL,NO_TRADE,NO_TRADE,30,NO_TRADE,,No trade warranted,0.0,0.0
68,2026-08-04 14:50:00 IST,24474.80078125,2026-08-04 09:20:00,,,,,,VOLATILE_EXPANSION,MIXED,NO_TRADE,NO_TRADE,40,NO_TRADE,,No trade warranted,0.0,0.0
69,2026-08-04 14:55:00 IST,24465.849609375,2026-08-04 09:25:00,,,,,,SIDEWAYS,NEUTRAL,NO_TRADE,NO_TRADE,30,NO_TRADE,,No trade warranted,0.0,0.0
70,2026-08-04 15:00:00 IST,24450.349609375,2026-08-04 09:30:00,,,,,,SIDEWAYS,NEUTRAL,NO_TRADE,NO_TRADE,30,NO_TRADE,,No trade warranted,0.0,0.0
71,2026-08-04 15:05:00 IST,24452.30078125,2026-08-04 09:35:00,,,,,,SIDEWAYS,NEUTRAL,NO_TRADE,NO_TRADE,30,NO_TRADE,,No trade warranted,0.0,0.0
72,2026-08-04 15:10:00 IST,24462.94921875,2026-08-04 09:40:00,,,,,,SIDEWAYS,NEUTRAL,NO_TRADE,NO_TRADE,30,NO_TRADE,,No trade warranted,0.0,0.0
73,2026-08-04 15:15:00 IST,24463.44921875,2026-08-04 09:45:00,,,,,,SIDEWAYS,NEUTRAL,NO_TRADE,NO_TRADE,30,NO_TRADE,,No trade warranted,0.0,0.0
74,2026-08-04 15:20:00 IST,24463.44921875,2026-08-04 09:50:00,,,,,,SIDEWAYS,NEUTRAL,NO_TRADE,NO_TRADE,30,NO_TRADE,,No trade warranted,0.0,0.0
75,2026-08-04 15:25:00 IST,24614.900390625,2026-08-04 09:55:00,,,,,,SIDEWAYS,NEUTRAL,NO_TRADE,NO_TRADE,30,NO_TRADE,,No trade warranted,0.0,0.0
76,2026-08-05 09:15:00 IST,24635.19921875,2026-08-05 03:45:00,,,,,,SIDEWAYS,NEUTRAL,NO_TRADE,NO_TRADE,50,NO_TRADE,,No trade warranted,0.0,0.0
77,2026-08-05 09:20:00 IST,24625.30078125,2026-08-05 03:50:00,,,,,,SIDEWAYS,NEUTRAL,NO_TRADE,NO_TRADE,50,NO_TRADE,,No trade warranted,0.0,0.0
78,2026-08-05 09:25:00 IST,24621.44921875,2026-08-05 03:55:00,,,,,,SIDEWAYS,NEUTRAL,NO_TRADE,NO_TRADE,50,NO_TRADE,,No trade warranted,0.0,0.0
79,2026-08-05 09:30:00 IST,24611.05078125,2026-08-05 04:00:00,,,,,,SIDEWAYS,NEUTRAL,NO_TRADE,NO_TRADE,50,NO_TRADE,,No trade warranted,0.0,0.0
80,2026-08-05 09:35:00 IST,24622.05078125,2026-08-05 04:05:00,,,,,,SIDEWAYS,NEUTRAL,NO_TRADE,NO_TRADE,50,NO_TRADE,,No trade warranted,0.0,0.0
81,2026-08-05 09:40:00 IST,24627.94921875,2026-08-05 04:10:00,,,,,,SIDEWAYS,NEUTRAL,NO_TRADE,NO_TRADE,50,NO_TRADE,,No trade warranted,0.0,0.0
82,2026-08-05 09:45:00 IST,24628.349609375,2026-08-05 04:15:00,,,,,,SIDEWAYS,NEUTRAL,NO_TRADE,NO_TRADE,50,NO_TRADE,,No trade warranted,0.0,0.0
83,2026-08-05 09:50:00 IST,24591.19921875,2026-08-05 04:20:00,,,,,,SIDEWAYS,NEUTRAL,NO_TRADE,NO_TRADE,50,NO_TRADE,,No trade warranted,0.0,0.0
84,2026-08-05 09:55:00 IST,24594.05078125,2026-08-05 04:25:00,,,,,,SIDEWAYS,NEUTRAL,NO_TRADE,NO_TRADE,50,NO_TRADE,,No trade warranted,0.0,0.0
85,2026-08-05 10:00:00 IST,24612.0,2026-08-05 04:30:00,,,,,,SIDEWAYS,NEUTRAL,NO_TRADE,NO_TRADE,50,NO_TRADE,,No trade warranted,0.0,0.0
86,2026-08-05 10:05:00 IST,24605.900390625,2026-08-05 04:35:00,,,,,,SIDEWAYS,NEUTRAL,NO_TRADE,NO_TRADE,50,NO_TRADE,,No trade warranted,0.0,0.0
87,2026-08-05 10:10:00 IST,24620.900390625,2026-08-05 04:40:00,,,,,,SIDEWAYS,NEUTRAL,NO_TRADE,NO_TRADE,50,NO_TRADE,,No trade warranted,0.0,0.0
88,2026-08-05 10:15:00 IST,24611.80078125,2026-08-05 04:45:00,,,,,,SIDEWAYS,NEUTRAL,NO_TRADE,NO_TRADE,50,NO_TRADE,,No trade warranted,0.0,0.0
89,2026-08-05 10:20:00 IST,24615.900390625,2026-08-05 04:50:00,,,,,,SIDEWAYS,NEUTRAL,NO_TRADE,NO_TRADE,50,NO_TRADE,,No trade warranted,0.0,0.0
90,2026-08-05 10:25:00 IST,24582.400390625,2026-08-05 04:55:00,,,,,,VOLATILE_EXPANSION,MIXED,NO_TRADE,NO_TRADE,40,NO_TRADE,,No trade warranted,0.0,0.0
91,2026-08-05 10:30:00 IST,24580.05078125,2026-08-05 05:00:00,,,,,,VOLATILE_EXPANSION,MIXED,NO_TRADE,NO_TRADE,40,NO_TRADE,,No trade warranted,0.0,0.0
92,2026-08-05 10:35:00 IST,24581.650390625,2026-08-05 05:05:00,,,,,,SIDEWAYS,NEUTRAL,NO_TRADE,NO_TRADE,50,NO_TRADE,,No trade warranted,0.0,0.0
93,2026-08-05 10:40:00 IST,24594.400390625,2026-08-05 05:10:00,,,,,,SIDEWAYS,NEUTRAL,NO_TRADE,NO_TRADE,50,NO_TRADE,,No trade warranted,0.0,0.0
94,2026-08-05 10:45:00 IST,24609.400390625,2026-08-05 05:15:00,,,,,,SIDEWAYS,NEUTRAL,NO_TRADE,NO_TRADE,50,NO_TRADE,,No trade warranted,0.0,0.0
95,2026-08-05 10:50:00 IST,24617.19921875,2026-08-05 05:20:00,,,,,,SIDEWAYS,NEUTRAL,NO_TRADE,NO_TRADE,50,NO_TRADE,,No trade warranted,0.0,0.0
96,2026-08-05 10:55:00 IST,24643.05078125,2026-08-05 05:25:00,,,,,,SIDEWAYS,NEUTRAL,NO_TRADE,NO_TRADE,50,NO_TRADE,,No trade warranted,0.0,0.0
97,2026-08-05 11:00:00 IST,24648.30078125,2026-08-05 05:30:00,,,,,,SIDEWAYS,NEUTRAL,NO_TRADE,NO_TRADE,50,NO_TRADE,,No trade warranted,0.0,0.0
98,2026-08-05 11:05:00 IST,24626.19921875,2026-08-05 05:35:00,,,,,,SIDEWAYS,NEUTRAL,NO_TRADE,NO_TRADE,50,NO_TRADE,,No trade warranted,0.0,0.0
99,2026-08-05 11:10:00 IST,24631.400390625,2026-08-05 05:40:00,,,,,,SIDEWAYS,NEUTRAL,NO_TRADE,NO_TRADE,50,NO_TRADE,,No trade warranted,0.0,0.0
100,2026-08-05 11:15:00 IST,24623.05078125,2026-08-05 05:45:00,,,,,,SIDEWAYS,NEUTRAL,NO_TRADE,NO_TRADE,50,NO_TRADE,,No trade warranted,0.0,0.0
101,2026-08-05 11:20:00 IST,24619.599609375,2026-08-05 05:50:00,,,,,,SIDEWAYS,NEUTRAL,NO_TRADE,NO_TRADE,50,NO_TRADE,,No trade warranted,0.0,0.0
102,2026-08-05 11:25:00 IST,24611.25,2026-08-05 05:55:00,,,,,,SIDEWAYS,NEUTRAL,NO_TRADE,NO_TRADE,50,NO_TRADE,,No trade warranted,0.0,0.0
103,2026-08-05 11:30:00 IST,24590.099609375,2026-08-05 06:00:00,,,,,,SIDEWAYS,NEUTRAL,NO_TRADE,NO_TRADE,50,NO_TRADE,,No trade warranted,0.0,0.0
104,2026-08-05 11:35:00 IST,24598.19921875,2026-08-05 06:05:00,,,,,,SIDEWAYS,NEUTRAL,NO_TRADE,NO_TRADE,50,NO_TRADE,,No trade warranted,0.0,0.0
105,2026-08-05 11:40:00 IST,24594.400390625,2026-08-05 06:10:00,,,,,,SIDEWAYS,NEUTRAL,NO_TRADE,NO_TRADE,50,NO_TRADE,,No trade warranted,0.0,0.0
106,2026-08-05 11:45:00 IST,24584.25,2026-08-05 06:15:00,,,,,,SIDEWAYS,NEUTRAL,NO_TRADE,NO_TRADE,50,NO_TRADE,,No trade warranted,0.0,0.0
107,2026-08-05 11:50:00 IST,24574.30078125,2026-08-05 06:20:00,,,,,,SIDEWAYS,NEUTRAL,NO_TRADE,NO_TRADE,50,NO_TRADE,,No trade warranted,0.0,0.0
108,2026-08-05 11:55:00 IST,24570.94921875,2026-08-05 06:25:00,,,,,,SIDEWAYS,NEUTRAL,NO_TRADE,NO_TRADE,50,NO_TRADE,,No trade warranted,0.0,0.0
109,2026-08-05 12:00:00 IST,24575.599609375,2026-08-05 06:30:00,,,,,,VOLATILE_EXPANSION,MIXED,NO_TRADE,NO_TRADE,40,NO_TRADE,,No trade warranted,0.0,0.0
110,2026-08-05 12:05:00 IST,24576.5,2026-08-05 06:35:00,,,,,,VOLATILE_EXPANSION,MIXED,NO_TRADE,NO_TRADE,40,NO_TRADE,,No trade warranted,0.0,0.0
111,2026-08-05 12:10:00 IST,24573.599609375,2026-08-05 06:40:00,,,,,,VOLATILE_EXPANSION,MIXED,NO_TRADE,NO_TRADE,40,NO_TRADE,,No trade warranted,0.0,0.0
112,2026-08-05 12:15:00 IST,24566.849609375,2026-08-05 06:45:00,,,,,,VOLATILE_EXPANSION,MIXED,NO_TRADE,NO_TRADE,40,NO_TRADE,,No trade warranted,0.0,0.0
113,2026-08-05 12:20:00 IST,24571.94921875,2026-08-05 06:50:00,,,,,,VOLATILE_EXPANSION,MIXED,NO_TRADE,NO_TRADE,40,NO_TRADE,,No trade warranted,0.0,0.0
114,2026-08-05 12:25:00 IST,24566.900390625,2026-08-05 06:55:00,,,,,,VOLATILE_EXPANSION,MIXED,NO_TRADE,NO_TRADE,40,NO_TRADE,,No trade warranted,0.0,0.0
115,2026-08-05 12:30:00 IST,24543.849609375,2026-08-05 07:00:00,,,,,,VOLATILE_EXPANSION,MIXED,NO_TRADE,NO_TRADE,40,NO_TRADE,,No trade warranted,0.0,0.0
116,2026-08-05 12:35:00 IST,24540.05078125,2026-08-05 07:05:00,,,,,,VOLATILE_EXPANSION,MIXED,NO_TRADE,NO_TRADE,40,NO_TRADE,,No trade warranted,0.0,0.0
117,2026-08-05 12:40:00 IST,24532.05078125,2026-08-05 07:10:00,,,,,,VOLATILE_EXPANSION,MIXED,NO_TRADE,NO_TRADE,40,NO_TRADE,,No trade warranted,0.0,0.0
118,2026-08-05 12:45:00 IST,24523.69921875,2026-08-05 07:15:00,,,,,,VOLATILE_EXPANSION,MIXED,NO_TRADE,NO_TRADE,40,NO_TRADE,,No trade warranted,0.0,0.0
119,2026-08-05 12:50:00 IST,24522.650390625,2026-08-05 07:20:00,,,,,,VOLATILE_EXPANSION,MIXED,NO_TRADE,NO_TRADE,40,NO_TRADE,,No trade warranted,0.0,0.0
120,2026-08-05 12:55:00 IST,24516.099609375,2026-08-05 07:25:00,,,,,,VOLATILE_EXPANSION,MIXED,NO_TRADE,NO_TRADE,40,NO_TRADE,,No trade warranted,0.0,0.0
121,2026-08-05 13:00:00 IST,24530.80078125,2026-08-05 07:30:00,,,,,,VOLATILE_EXPANSION,MIXED,NO_TRADE,NO_TRADE,40,NO_TRADE,,No trade warranted,0.0,0.0
122,2026-08-05 13:05:00 IST,24536.19921875,2026-08-05 07:35:00,,,,,,VOLATILE_EXPANSION,MIXED,NO_TRADE,NO_TRADE,40,NO_TRADE,,No trade warranted,0.0,0.0
123,2026-08-05 13:10:00 IST,24535.05078125,2026-08-05 07:40:00,,,,,,VOLATILE_EXPANSION,MIXED,NO_TRADE,NO_TRADE,40,NO_TRADE,,No trade warranted,0.0,0.0
124,2026-08-05 13:15:00 IST,24547.25,2026-08-05 07:45:00,,,,,,VOLATILE_EXPANSION,MIXED,NO_TRADE,NO_TRADE,40,NO_TRADE,,No trade warranted,0.0,0.0
125,2026-08-05 13:20:00 IST,24526.0,2026-08-05 07:50:00,2026-08-05 15:25:00 IST,24624.650390625,2026-08-05 09:55:00,,125,SIDEWAYS_TO_BEARISH,MILD_BEARISH,MILD_DIRECTIONAL,CONDITIONAL,40,LOSS,0.4022,EOD: Price moved against predicted direction,0.5975,-0.0932
126,2026-08-05 13:25:00 IST,24528.69921875,2026-08-05 07:55:00,,,,,,SIDEWAYS,NEUTRAL,NO_TRADE,NO_TRADE,30,NO_TRADE,,No trade warranted,0.0,0.0
127,2026-08-05 13:30:00 IST,24520.05078125,2026-08-05 08:00:00,,,,,,SIDEWAYS,NEUTRAL,NO_TRADE,NO_TRADE,30,NO_TRADE,,No trade warranted,0.0,0.0
128,2026-08-05 13:35:00 IST,24520.5,2026-08-05 08:05:00,2026-08-05 15:25:00 IST,24624.650390625,2026-08-05 09:55:00,,110,SIDEWAYS_TO_BEARISH,MILD_BEARISH,MILD_DIRECTIONAL,CONDITIONAL,40,LOSS,0.4247,EOD: Price moved against predicted direction,0.6201,-0.0708
129,2026-08-05 13:40:00 IST,24503.150390625,2026-08-05 08:10:00,2026-08-05 15:25:00 IST,24624.650390625,2026-08-05 09:55:00,,105,SIDEWAYS_TO_BEARISH,MILD_BEARISH,MILD_DIRECTIONAL,CONDITIONAL,40,LOSS,0.4959,EOD: Price moved against predicted direction,0.6913,0.0
130,2026-08-05 13:45:00 IST,24527.599609375,2026-08-05 08:15:00,,,,,,SIDEWAYS,NEUTRAL,NO_TRADE,NO_TRADE,30,NO_TRADE,,No trade warranted,0.0,0.0
131,2026-08-05 13:50:00 IST,24517.25,2026-08-05 08:20:00,,,,,,SIDEWAYS,NEUTRAL,NO_TRADE,NO_TRADE,30,NO_TRADE,,No trade warranted,0.0,0.0
132,2026-08-05 13:55:00 IST,24514.55078125,2026-08-05 08:25:00,,,,,,SIDEWAYS,NEUTRAL,NO_TRADE,NO_TRADE,30,NO_TRADE,,No trade warranted,0.0,0.0
133,2026-08-05 14:00:00 IST,24524.80078125,2026-08-05 08:30:00,,,,,,SIDEWAYS,NEUTRAL,NO_TRADE,NO_TRADE,30,NO_TRADE,,No trade warranted,0.0,0.0
134,2026-08-05 14:05:00 IST,24523.44921875,2026-08-05 08:35:00,,,,,,SIDEWAYS,NEUTRAL,NO_TRADE,NO_TRADE,30,NO_TRADE,,No trade warranted,0.0,0.0
135,2026-08-05 14:10:00 IST,24513.650390625,2026-08-05 08:40:00,,,,,,SIDEWAYS,NEUTRAL,NO_TRADE,NO_TRADE,30,NO_TRADE,,No trade warranted,0.0,0.0
136,2026-08-05 14:15:00 IST,24507.44921875,2026-08-05 08:45:00,2026-08-05 15:25:00 IST,24624.650390625,2026-08-05 09:55:00,,70,SIDEWAYS_TO_BEARISH,MILD_BEARISH,MILD_DIRECTIONAL,CONDITIONAL,40,LOSS,0.4782,EOD: Price moved against predicted direction,0.6737,-0.012
137,2026-08-05 14:20:00 IST,24505.349609375,2026-08-05 08:50:00,2026-08-05 15:25:00 IST,24624.650390625,2026-08-05 09:55:00,,65,SIDEWAYS_TO_BEARISH,MILD_BEARISH,MILD_DIRECTIONAL,CONDITIONAL,40,LOSS,0.4868,EOD: Price moved against predicted direction,0.6823,-0.0035
138,2026-08-05 14:25:00 IST,24504.5,2026-08-05 08:55:00,2026-08-05 15:25:00 IST,24624.650390625,2026-08-05 09:55:00,,60,SIDEWAYS_TO_BEARISH,MILD_BEARISH,MILD_DIRECTIONAL,CONDITIONAL,40,LOSS,0.4903,EOD: Price moved against predicted direction,0.6858,0.0
139,2026-08-05 14:30:00 IST,24505.099609375,2026-08-05 09:00:00,2026-08-05 15:25:00 IST,24624.650390625,2026-08-05 09:55:00,,55,SIDEWAYS_TO_BEARISH,MILD_BEARISH,MILD_DIRECTIONAL,CONDITIONAL,40,LOSS,0.4879,EOD: Price moved against predicted direction,0.6833,0.0
140,2026-08-05 14:35:00 IST,24516.349609375,2026-08-05 09:05:00,,,,,,SIDEWAYS,NEUTRAL,NO_TRADE,NO_TRADE,30,NO_TRADE,,No trade warranted,0.0,0.0
141,2026-08-05 14:40:00 IST,24505.69921875,2026-08-05 09:10:00,,,,,,SIDEWAYS,NEUTRAL,NO_TRADE,NO_TRADE,30,NO_TRADE,,No trade warranted,0.0,0.0
142,2026-08-05 14:45:00 IST,24517.05078125,2026-08-05 09:15:00,,,,,,SIDEWAYS,NEUTRAL,NO_TRADE,NO_TRADE,30,NO_TRADE,,No trade warranted,0.0,0.0
143,2026-08-05 14:50:00 IST,24511.25,2026-08-05 09:20:00,,,,,,SIDEWAYS,NEUTRAL,NO_TRADE,NO_TRADE,30,NO_TRADE,,No trade warranted,0.0,0.0
144,2026-08-05 14:55:00 IST,24524.19921875,2026-08-05 09:25:00,,,,,,SIDEWAYS,NEUTRAL,NO_TRADE,NO_TRADE,50,NO_TRADE,,No trade warranted,0.0,0.0
145,2026-08-05 15:00:00 IST,24532.44921875,2026-08-05 09:30:00,,,,,,SIDEWAYS,NEUTRAL,NO_TRADE,NO_TRADE,50,NO_TRADE,,No trade warranted,0.0,0.0
146,2026-08-05 15:05:00 IST,24540.099609375,2026-08-05 09:35:00,,,,,,VOLATILE_EXPANSION,MIXED,NO_TRADE,NO_TRADE,40,NO_TRADE,,No trade warranted,0.0,0.0
147,2026-08-05 15:10:00 IST,24572.25,2026-08-05 09:40:00,,,,,,SIDEWAYS,NEUTRAL,NO_TRADE,NO_TRADE,30,NO_TRADE,,No trade warranted,0.0,0.0
148,2026-08-05 15:15:00 IST,24570.19921875,2026-08-05 09:45:00,,,,,,SIDEWAYS,NEUTRAL,NO_TRADE,NO_TRADE,30,NO_TRADE,,No trade warranted,0.0,0.0
149,2026-08-05 15:20:00 IST,24570.19921875,2026-08-05 09:50:00,,,,,,SIDEWAYS,NEUTRAL,NO_TRADE,NO_TRADE,30,NO_TRADE,,No trade warranted,0.0,0.0
150,2026-08-05 15:25:00 IST,24624.650390625,2026-08-05 09:55:00,,,,,,SIDEWAYS,NEUTRAL,NO_TRADE,NO_TRADE,30,NO_TRADE,,No trade warranted,0.0,0.0
151,2026-08-06 09:15:00 IST,24625.94921875,2026-08-06 03:45:00,,,,,,SIDEWAYS,NEUTRAL,NO_TRADE,NO_TRADE,50,NO_TRADE,,No trade warranted,0.0,0.0
152,2026-08-06 09:20:00 IST,24637.5,2026-08-06 03:50:00,,,,,,SIDEWAYS,NEUTRAL,NO_TRADE,NO_TRADE,50,NO_TRADE,,No trade warranted,0.0,0.0
153,2026-08-06 09:25:00 IST,24635.25,2026-08-06 03:55:00,,,,,,SIDEWAYS,NEUTRAL,NO_TRADE,NO_TRADE,50,NO_TRADE,,No trade warranted,0.0,0.0
154,2026-08-06 09:30:00 IST,24624.55078125,2026-08-06 04:00:00,,,,,,SIDEWAYS,NEUTRAL,NO_TRADE,NO_TRADE,50,NO_TRADE,,No trade warranted,0.0,0.0
155,2026-08-06 09:35:00 IST,24632.94921875,2026-08-06 04:05:00,,,,,,SIDEWAYS,NEUTRAL,NO_TRADE,NO_TRADE,50,NO_TRADE,,No trade warranted,0.0,0.0
156,2026-08-06 09:40:00 IST,24645.150390625,2026-08-06 04:10:00,,,,,,SIDEWAYS,NEUTRAL,NO_TRADE,NO_TRADE,50,NO_TRADE,,No trade warranted,0.0,0.0
157,2026-08-06 09:45:00 IST,24659.650390625,2026-08-06 04:15:00,,,,,,SIDEWAYS,NEUTRAL,NO_TRADE,NO_TRADE,50,NO_TRADE,,No trade warranted,0.0,0.0
158,2026-08-06 09:50:00 IST,24662.30078125,2026-08-06 04:20:00,,,,,,SIDEWAYS,NEUTRAL,NO_TRADE,NO_TRADE,50,NO_TRADE,,No trade warranted,0.0,0.0
159,2026-08-06 09:55:00 IST,24636.349609375,2026-08-06 04:25:00,,,,,,SIDEWAYS,NEUTRAL,NO_TRADE,NO_TRADE,50,NO_TRADE,,No trade warranted,0.0,0.0
160,2026-08-06 10:00:00 IST,24614.55078125,2026-08-06 04:30:00,,,,,,SIDEWAYS,NEUTRAL,NO_TRADE,NO_TRADE,50,NO_TRADE,,No trade warranted,0.0,0.0
161,2026-08-06 10:05:00 IST,24620.69921875,2026-08-06 04:35:00,,,,,,SIDEWAYS,NEUTRAL,NO_TRADE,NO_TRADE,50,NO_TRADE,,No trade warranted,0.0,0.0
162,2026-08-06 10:10:00 IST,24630.849609375,2026-08-06 04:40:00,,,,,,SIDEWAYS,NEUTRAL,NO_TRADE,NO_TRADE,50,NO_TRADE,,No trade warranted,0.0,0.0
163,2026-08-06 10:15:00 IST,24619.900390625,2026-08-06 04:45:00,,,,,,SIDEWAYS,NEUTRAL,NO_TRADE,NO_TRADE,50,NO_TRADE,,No trade warranted,0.0,0.0
164,2026-08-06 10:20:00 IST,24638.650390625,2026-08-06 04:50:00,,,,,,SIDEWAYS,NEUTRAL,NO_TRADE,NO_TRADE,50,NO_TRADE,,No trade warranted,0.0,0.0
165,2026-08-06 10:25:00 IST,24635.69921875,2026-08-06 04:55:00,,,,,,SIDEWAYS,NEUTRAL,NO_TRADE,NO_TRADE,50,NO_TRADE,,No trade warranted,0.0,0.0
166,2026-08-06 10:30:00 IST,24635.55078125,2026-08-06 05:00:00,,,,,,SIDEWAYS,NEUTRAL,NO_TRADE,NO_TRADE,50,NO_TRADE,,No trade warranted,0.0,0.0
167,2026-08-06 10:35:00 IST,24639.599609375,2026-08-06 05:05:00,,,,,,SIDEWAYS,NEUTRAL,NO_TRADE,NO_TRADE,50,NO_TRADE,,No trade warranted,0.0,0.0
168,2026-08-06 10:40:00 IST,24636.650390625,2026-08-06 05:10:00,,,,,,SIDEWAYS,NEUTRAL,NO_TRADE,NO_TRADE,50,NO_TRADE,,No trade warranted,0.0,0.0
169,2026-08-06 10:45:00 IST,24626.900390625,2026-08-06 05:15:00,,,,,,SIDEWAYS,NEUTRAL,NO_TRADE,NO_TRADE,50,NO_TRADE,,No trade warranted,0.0,0.0
170,2026-08-06 10:50:00 IST,24628.05078125,2026-08-06 05:20:00,,,,,,SIDEWAYS,NEUTRAL,NO_TRADE,NO_TRADE,50,NO_TRADE,,No trade warranted,0.0,0.0
171,2026-08-06 10:55:00 IST,24630.69921875,2026-08-06 05:25:00,,,,,,SIDEWAYS,NEUTRAL,NO_TRADE,NO_TRADE,50,NO_TRADE,,No trade warranted,0.0,0.0
172,2026-08-06 11:00:00 IST,24629.75,2026-08-06 05:30:00,,,,,,SIDEWAYS,NEUTRAL,NO_TRADE,NO_TRADE,50,NO_TRADE,,No trade warranted,0.0,0.0
173,2026-08-06 11:05:00 IST,24638.349609375,2026-08-06 05:35:00,,,,,,SIDEWAYS,NEUTRAL,NO_TRADE,NO_TRADE,50,NO_TRADE,,No trade warranted,0.0,0.0
174,2026-08-06 11:10:00 IST,24652.44921875,2026-08-06 05:40:00,,,,,,VOLATILE_EXPANSION,MIXED,NO_TRADE,NO_TRADE,40,NO_TRADE,,No trade warranted,0.0,0.0
175,2026-08-06 11:15:00 IST,24663.900390625,2026-08-06 05:45:00,,,,,,VOLATILE_EXPANSION,MIXED,NO_TRADE,NO_TRADE,40,NO_TRADE,,No trade warranted,0.0,0.0
176,2026-08-06 11:20:00 IST,24669.650390625,2026-08-06 05:50:00,,,,,,VOLATILE_EXPANSION,MIXED,NO_TRADE,NO_TRADE,40,NO_TRADE,,No trade warranted,0.0,0.0
177,2026-08-06 11:25:00 IST,24672.55078125,2026-08-06 05:55:00,,,,,,VOLATILE_EXPANSION,MIXED,NO_TRADE,NO_TRADE,40,NO_TRADE,,No trade warranted,0.0,0.0
178,2026-08-06 11:30:00 IST,24659.75,2026-08-06 06:00:00,,,,,,VOLATILE_EXPANSION,MIXED,NO_TRADE,NO_TRADE,40,NO_TRADE,,No trade warranted,0.0,0.0
179,2026-08-06 11:35:00 IST,24651.5,2026-08-06 06:05:00,,,,,,SIDEWAYS,NEUTRAL,NO_TRADE,NO_TRADE,50,NO_TRADE,,No trade warranted,0.0,0.0
180,2026-08-06 11:40:00 IST,24633.650390625,2026-08-06 06:10:00,,,,,,SIDEWAYS,NEUTRAL,NO_TRADE,NO_TRADE,50,NO_TRADE,,No trade warranted,0.0,0.0
181,2026-08-06 11:45:00 IST,24635.650390625,2026-08-06 06:15:00,,,,,,SIDEWAYS,NEUTRAL,NO_TRADE,NO_TRADE,50,NO_TRADE,,No trade warranted,0.0,0.0
182,2026-08-06 11:50:00 IST,24645.30078125,2026-08-06 06:20:00,,,,,,SIDEWAYS,NEUTRAL,NO_TRADE,NO_TRADE,50,NO_TRADE,,No trade warranted,0.0,0.0
183,2026-08-06 11:55:00 IST,24659.900390625,2026-08-06 06:25:00,,,,,,SIDEWAYS,NEUTRAL,NO_TRADE,NO_TRADE,50,NO_TRADE,,No trade warranted,0.0,0.0
184,2026-08-06 12:00:00 IST,24654.69921875,2026-08-06 06:30:00,,,,,,VOLATILE_EXPANSION,MIXED,NO_TRADE,NO_TRADE,40,NO_TRADE,,No trade warranted,0.0,0.0
185,2026-08-06 12:05:00 IST,24651.650390625,2026-08-06 06:35:00,,,,,,SIDEWAYS,NEUTRAL,NO_TRADE,NO_TRADE,50,NO_TRADE,,No trade warranted,0.0,0.0
186,2026-08-06 12:10:00 IST,24643.150390625,2026-08-06 06:40:00,,,,,,SIDEWAYS,NEUTRAL,NO_TRADE,NO_TRADE,50,NO_TRADE,,No trade warranted,0.0,0.0
187,2026-08-06 12:15:00 IST,24646.349609375,2026-08-06 06:45:00,,,,,,SIDEWAYS,NEUTRAL,NO_TRADE,NO_TRADE,50,NO_TRADE,,No trade warranted,0.0,0.0
188,2026-08-06 12:20:00 IST,24635.599609375,2026-08-06 06:50:00,,,,,,SIDEWAYS,NEUTRAL,NO_TRADE,NO_TRADE,50,NO_TRADE,,No trade warranted,0.0,0.0
189,2026-08-06 12:25:00 IST,24637.05078125,2026-08-06 06:55:00,,,,,,SIDEWAYS,NEUTRAL,NO_TRADE,NO_TRADE,50,NO_TRADE,,No trade warranted,0.0,0.0
190,2026-08-06 12:30:00 IST,24645.30078125,2026-08-06 07:00:00,,,,,,SIDEWAYS,NEUTRAL,NO_TRADE,NO_TRADE,50,NO_TRADE,,No trade warranted,0.0,0.0
191,2026-08-06 12:35:00 IST,24642.650390625,2026-08-06 07:05:00,,,,,,SIDEWAYS,NEUTRAL,NO_TRADE,NO_TRADE,50,NO_TRADE,,No trade warranted,0.0,0.0
192,2026-08-06 12:40:00 IST,24646.25,2026-08-06 07:10:00,,,,,,SIDEWAYS,NEUTRAL,NO_TRADE,NO_TRADE,50,NO_TRADE,,No trade warranted,0.0,0.0
193,2026-08-06 12:45:00 IST,24636.30078125,2026-08-06 07:15:00,,,,,,SIDEWAYS,NEUTRAL,NO_TRADE,NO_TRADE,50,NO_TRADE,,No trade warranted,0.0,0.0
194,2026-08-06 12:50:00 IST,24631.94921875,2026-08-06 07:20:00,,,,,,SIDEWAYS,NEUTRAL,NO_TRADE,NO_TRADE,50,NO_TRADE,,No trade warranted,0.0,0.0
195,2026-08-06 12:55:00 IST,24629.05078125,2026-08-06 07:25:00,,,,,,SIDEWAYS,NEUTRAL,NO_TRADE,NO_TRADE,50,NO_TRADE,,No trade warranted,0.0,0.0
196,2026-08-06 13:00:00 IST,24642.55078125,2026-08-06 07:30:00,,,,,,SIDEWAYS,NEUTRAL,NO_TRADE,NO_TRADE,50,NO_TRADE,,No trade warranted,0.0,0.0
197,2026-08-06 13:05:00 IST,24627.150390625,2026-08-06 07:35:00,,,,,,SIDEWAYS,NEUTRAL,NO_TRADE,NO_TRADE,50,NO_TRADE,,No trade warranted,0.0,0.0
198,2026-08-06 13:10:00 IST,24622.19921875,2026-08-06 07:40:00,,,,,,SIDEWAYS,NEUTRAL,NO_TRADE,NO_TRADE,50,NO_TRADE,,No trade warranted,0.0,0.0
199,2026-08-06 13:15:00 IST,24651.599609375,2026-08-06 07:45:00,,,,,,SIDEWAYS,NEUTRAL,NO_TRADE,NO_TRADE,50,NO_TRADE,,No trade warranted,0.0,0.0
200,2026-08-06 13:20:00 IST,24618.900390625,2026-08-06 07:50:00,,,,,,SIDEWAYS,NEUTRAL,NO_TRADE,NO_TRADE,30,NO_TRADE,,No trade warranted,0.0,0.0
201,2026-08-06 13:25:00 IST,24628.0,2026-08-06 07:55:00,,,,,,SIDEWAYS,NEUTRAL,NO_TRADE,NO_TRADE,30,NO_TRADE,,No trade warranted,0.0,0.0
202,2026-08-06 13:30:00 IST,24640.69921875,2026-08-06 08:00:00,,,,,,SIDEWAYS,NEUTRAL,NO_TRADE,NO_TRADE,30,NO_TRADE,,No trade warranted,0.0,0.0
203,2026-08-06 13:35:00 IST,24633.80078125,2026-08-06 08:05:00,,,,,,SIDEWAYS,NEUTRAL,NO_TRADE,NO_TRADE,30,NO_TRADE,,No trade warranted,0.0,0.0
204,2026-08-06 13:40:00 IST,24633.05078125,2026-08-06 08:10:00,,,,,,SIDEWAYS,NEUTRAL,NO_TRADE,NO_TRADE,30,NO_TRADE,,No trade warranted,0.0,0.0
205,2026-08-06 13:45:00 IST,24613.599609375,2026-08-06 08:15:00,,,,,,SIDEWAYS,NEUTRAL,NO_TRADE,NO_TRADE,30,NO_TRADE,,No trade warranted,0.0,0.0
206,2026-08-06 13:50:00 IST,24629.25,2026-08-06 08:20:00,,,,,,SIDEWAYS,NEUTRAL,NO_TRADE,NO_TRADE,30,NO_TRADE,,No trade warranted,0.0,0.0
207,2026-08-06 13:55:00 IST,24647.25,2026-08-06 08:25:00,,,,,,SIDEWAYS,NEUTRAL,NO_TRADE,NO_TRADE,30,NO_TRADE,,No trade warranted,0.0,0.0
208,2026-08-06 14:00:00 IST,24648.05078125,2026-08-06 08:30:00,,,,,,SIDEWAYS,NEUTRAL,NO_TRADE,NO_TRADE,30,NO_TRADE,,No trade warranted,0.0,0.0
209,2026-08-06 14:05:00 IST,24649.19921875,2026-08-06 08:35:00,,,,,,SIDEWAYS,NEUTRAL,NO_TRADE,NO_TRADE,30,NO_TRADE,,No trade warranted,0.0,0.0
210,2026-08-06 14:10:00 IST,24651.099609375,2026-08-06 08:40:00,,,,,,SIDEWAYS,NEUTRAL,NO_TRADE,NO_TRADE,30,NO_TRADE,,No trade warranted,0.0,0.0
211,2026-08-06 14:15:00 IST,24654.30078125,2026-08-06 08:45:00,,,,,,SIDEWAYS,NEUTRAL,NO_TRADE,NO_TRADE,30,NO_TRADE,,No trade warranted,0.0,0.0
212,2026-08-06 14:20:00 IST,24657.5,2026-08-06 08:50:00,2026-08-06 15:25:00 IST,24636.0,2026-08-06 09:55:00,,65,SIDEWAYS_TO_BULLISH,MILD_BULLISH,MILD_DIRECTIONAL,CONDITIONAL,40,LOSS,-0.0872,EOD: Price moved against predicted direction,0.0,-0.5299
213,2026-08-06 14:25:00 IST,24654.900390625,2026-08-06 08:55:00,,,,,,SIDEWAYS,NEUTRAL,NO_TRADE,NO_TRADE,30,NO_TRADE,,No trade warranted,0.0,0.0
214,2026-08-06 14:30:00 IST,24649.30078125,2026-08-06 09:00:00,2026-08-06 15:25:00 IST,24636.0,2026-08-06 09:55:00,,55,SIDEWAYS_TO_BULLISH,MILD_BULLISH,MILD_DIRECTIONAL,CONDITIONAL,40,LOSS,-0.054,EOD: Price moved against predicted direction,0.0,-0.4968
215,2026-08-06 14:35:00 IST,24643.599609375,2026-08-06 09:05:00,,,,,,SIDEWAYS,NEUTRAL,NO_TRADE,NO_TRADE,50,NO_TRADE,,No trade warranted,0.0,0.0
216,2026-08-06 14:40:00 IST,24638.349609375,2026-08-06 09:10:00,,,,,,SIDEWAYS,NEUTRAL,NO_TRADE,NO_TRADE,30,NO_TRADE,,No trade warranted,0.0,0.0
217,2026-08-06 14:45:00 IST,24644.55078125,2026-08-06 09:15:00,,,,,,SIDEWAYS,NEUTRAL,NO_TRADE,NO_TRADE,30,NO_TRADE,,No trade warranted,0.0,0.0
218,2026-08-06 14:50:00 IST,24636.25,2026-08-06 09:20:00,,,,,,SIDEWAYS,NEUTRAL,NO_TRADE,NO_TRADE,30,NO_TRADE,,No trade warranted,0.0,0.0
219,2026-08-06 14:55:00 IST,24633.0,2026-08-06 09:25:00,,,,,,SIDEWAYS,NEUTRAL,NO_TRADE,NO_TRADE,30,NO_TRADE,,No trade warranted,0.0,0.0
220,2026-08-06 15:00:00 IST,24621.69921875,2026-08-06 09:30:00,,,,,,SIDEWAYS,NEUTRAL,NO_TRADE,NO_TRADE,30,NO_TRADE,,No trade warranted,0.0,0.0
221,2026-08-06 15:05:00 IST,24628.19921875,2026-08-06 09:35:00,,,,,,SIDEWAYS,NEUTRAL,NO_TRADE,NO_TRADE,30,NO_TRADE,,No trade warranted,0.0,0.0
222,2026-08-06 15:10:00 IST,24628.5,2026-08-06 09:40:00,,,,,,SIDEWAYS,NEUTRAL,NO_TRADE,NO_TRADE,30,NO_TRADE,,No trade warranted,0.0,0.0
223,2026-08-06 15:15:00 IST,24627.94921875,2026-08-06 09:45:00,,,,,,SIDEWAYS,NEUTRAL,NO_TRADE,NO_TRADE,30,NO_TRADE,,No trade warranted,0.0,0.0
224,2026-08-06 15:20:00 IST,24627.94921875,2026-08-06 09:50:00,,,,,,SIDEWAYS,NEUTRAL,NO_TRADE,NO_TRADE,30,NO_TRADE,,No trade warranted,0.0,0.0
225,2026-08-06 15:25:00 IST,24636.0,2026-08-06 09:55:00,,,,,,VOLATILE_EXPANSION,MIXED,NO_TRADE,NO_TRADE,40,NO_TRADE,,No trade warranted,0.0,0.0
226,2026-08-07 09:15:00 IST,24592.19921875,2026-08-07 03:45:00,,,,,,SIDEWAYS,NEUTRAL,NO_TRADE,NO_TRADE,50,NO_TRADE,,No trade warranted,0.0,0.0
227,2026-08-07 09:20:00 IST,24611.69921875,2026-08-07 03:50:00,,,,,,SIDEWAYS,NEUTRAL,NO_TRADE,NO_TRADE,50,NO_TRADE,,No trade warranted,0.0,0.0
228,2026-08-07 09:25:00 IST,24601.599609375,2026-08-07 03:55:00,,,,,,SIDEWAYS,NEUTRAL,NO_TRADE,NO_TRADE,50,NO_TRADE,,No trade warranted,0.0,0.0
229,2026-08-07 09:30:00 IST,24601.69921875,2026-08-07 04:00:00,,,,,,SIDEWAYS,NEUTRAL,NO_TRADE,NO_TRADE,50,NO_TRADE,,No trade warranted,0.0,0.0
230,2026-08-07 09:35:00 IST,24604.400390625,2026-08-07 04:05:00,,,,,,SIDEWAYS,NEUTRAL,NO_TRADE,NO_TRADE,50,NO_TRADE,,No trade warranted,0.0,0.0
231,2026-08-07 09:40:00 IST,24618.0,2026-08-07 04:10:00,,,,,,SIDEWAYS,NEUTRAL,NO_TRADE,NO_TRADE,50,NO_TRADE,,No trade warranted,0.0,0.0
232,2026-08-07 09:45:00 IST,24611.099609375,2026-08-07 04:15:00,,,,,,SIDEWAYS,NEUTRAL,NO_TRADE,NO_TRADE,50,NO_TRADE,,No trade warranted,0.0,0.0
233,2026-08-07 09:50:00 IST,24622.150390625,2026-08-07 04:20:00,,,,,,SIDEWAYS,NEUTRAL,NO_TRADE,NO_TRADE,50,NO_TRADE,,No trade warranted,0.0,0.0
234,2026-08-07 09:55:00 IST,24626.5,2026-08-07 04:25:00,,,,,,SIDEWAYS,NEUTRAL,NO_TRADE,NO_TRADE,50,NO_TRADE,,No trade warranted,0.0,0.0
235,2026-08-07 10:00:00 IST,24613.55078125,2026-08-07 04:30:00,,,,,,SIDEWAYS,NEUTRAL,NO_TRADE,NO_TRADE,50,NO_TRADE,,No trade warranted,0.0,0.0
236,2026-08-07 10:05:00 IST,24613.19921875,2026-08-07 04:35:00,,,,,,SIDEWAYS,NEUTRAL,NO_TRADE,NO_TRADE,50,NO_TRADE,,No trade warranted,0.0,0.0
237,2026-08-07 10:10:00 IST,24599.69921875,2026-08-07 04:40:00,,,,,,SIDEWAYS,NEUTRAL,NO_TRADE,NO_TRADE,50,NO_TRADE,,No trade warranted,0.0,0.0
238,2026-08-07 10:15:00 IST,24576.900390625,2026-08-07 04:45:00,,,,,,SIDEWAYS,NEUTRAL,NO_TRADE,NO_TRADE,50,NO_TRADE,,No trade warranted,0.0,0.0
239,2026-08-07 10:20:00 IST,24574.599609375,2026-08-07 04:50:00,,,,,,SIDEWAYS,NEUTRAL,NO_TRADE,NO_TRADE,50,NO_TRADE,,No trade warranted,0.0,0.0
240,2026-08-07 10:25:00 IST,24566.900390625,2026-08-07 04:55:00,,,,,,SIDEWAYS,NEUTRAL,NO_TRADE,NO_TRADE,50,NO_TRADE,,No trade warranted,0.0,0.0
241,2026-08-07 10:30:00 IST,24571.150390625,2026-08-07 05:00:00,,,,,,VOLATILE_EXPANSION,MIXED,NO_TRADE,NO_TRADE,40,NO_TRADE,,No trade warranted,0.0,0.0
242,2026-08-07 10:35:00 IST,24574.75,2026-08-07 05:05:00,,,,,,VOLATILE_EXPANSION,MIXED,NO_TRADE,NO_TRADE,40,NO_TRADE,,No trade warranted,0.0,0.0
243,2026-08-07 10:40:00 IST,24569.349609375,2026-08-07 05:10:00,,,,,,VOLATILE_EXPANSION,MIXED,NO_TRADE,NO_TRADE,40,NO_TRADE,,No trade warranted,0.0,0.0
244,2026-08-07 10:45:00 IST,24577.44921875,2026-08-07 05:15:00,,,,,,VOLATILE_EXPANSION,MIXED,NO_TRADE,NO_TRADE,40,NO_TRADE,,No trade warranted,0.0,0.0
245,2026-08-07 10:50:00 IST,24582.150390625,2026-08-07 05:20:00,,,,,,VOLATILE_EXPANSION,MIXED,NO_TRADE,NO_TRADE,40,NO_TRADE,,No trade warranted,0.0,0.0
246,2026-08-07 10:55:00 IST,24570.349609375,2026-08-07 05:25:00,,,,,,VOLATILE_EXPANSION,MIXED,NO_TRADE,NO_TRADE,40,NO_TRADE,,No trade warranted,0.0,0.0
247,2026-08-07 11:00:00 IST,24555.05078125,2026-08-07 05:30:00,,,,,,VOLATILE_EXPANSION,MIXED,NO_TRADE,NO_TRADE,40,NO_TRADE,,No trade warranted,0.0,0.0
248,2026-08-07 11:05:00 IST,24567.05078125,2026-08-07 05:35:00,,,,,,VOLATILE_EXPANSION,MIXED,NO_TRADE,NO_TRADE,40,NO_TRADE,,No trade warranted,0.0,0.0
249,2026-08-07 11:10:00 IST,24567.599609375,2026-08-07 05:40:00,,,,,,VOLATILE_EXPANSION,MIXED,NO_TRADE,NO_TRADE,40,NO_TRADE,,No trade warranted,0.0,0.0
250,2026-08-07 11:15:00 IST,24562.849609375,2026-08-07 05:45:00,,,,,,VOLATILE_EXPANSION,MIXED,NO_TRADE,NO_TRADE,40,NO_TRADE,,No trade warranted,0.0,0.0
251,2026-08-07 11:20:00 IST,24576.94921875,2026-08-07 05:50:00,,,,,,VOLATILE_EXPANSION,MIXED,NO_TRADE,NO_TRADE,40,NO_TRADE,,No trade warranted,0.0,0.0
252,2026-08-07 11:25:00 IST,24584.80078125,2026-08-07 05:55:00,,,,,,SIDEWAYS,NEUTRAL,NO_TRADE,NO_TRADE,50,NO_TRADE,,No trade warranted,0.0,0.0
253,2026-08-07 11:30:00 IST,24578.599609375,2026-08-07 06:00:00,,,,,,SIDEWAYS,NEUTRAL,NO_TRADE,NO_TRADE,50,NO_TRADE,,No trade warranted,0.0,0.0
254,2026-08-07 11:35:00 IST,24585.69921875,2026-08-07 06:05:00,,,,,,SIDEWAYS,NEUTRAL,NO_TRADE,NO_TRADE,50,NO_TRADE,,No trade warranted,0.0,0.0
255,2026-08-07 11:40:00 IST,24579.349609375,2026-08-07 06:10:00,,,,,,SIDEWAYS,NEUTRAL,NO_TRADE,NO_TRADE,50,NO_TRADE,,No trade warranted,0.0,0.0
256,2026-08-07 11:45:00 IST,24563.150390625,2026-08-07 06:15:00,,,,,,SIDEWAYS,NEUTRAL,NO_TRADE,NO_TRADE,50,NO_TRADE,,No trade warranted,0.0,0.0
257,2026-08-07 11:50:00 IST,24556.44921875,2026-08-07 06:20:00,,,,,,SIDEWAYS,NEUTRAL,NO_TRADE,NO_TRADE,50,NO_TRADE,,No trade warranted,0.0,0.0
258,2026-08-07 11:55:00 IST,24560.94921875,2026-08-07 06:25:00,,,,,,VOLATILE_EXPANSION,MIXED,NO_TRADE,NO_TRADE,40,NO_TRADE,,No trade warranted,0.0,0.0
259,2026-08-07 12:00:00 IST,24552.5,2026-08-07 06:30:00,,,,,,VOLATILE_EXPANSION,MIXED,NO_TRADE,NO_TRADE,40,NO_TRADE,,No trade warranted,0.0,0.0
260,2026-08-07 12:05:00 IST,24551.44921875,2026-08-07 06:35:00,,,,,,VOLATILE_EXPANSION,MIXED,NO_TRADE,NO_TRADE,40,NO_TRADE,,No trade warranted,0.0,0.0
261,2026-08-07 12:10:00 IST,24540.69921875,2026-08-07 06:40:00,,,,,,VOLATILE_EXPANSION,MIXED,NO_TRADE,NO_TRADE,40,NO_TRADE,,No trade warranted,0.0,0.0
262,2026-08-07 12:15:00 IST,24537.44921875,2026-08-07 06:45:00,,,,,,VOLATILE_EXPANSION,MIXED,NO_TRADE,NO_TRADE,40,NO_TRADE,,No trade warranted,0.0,0.0
263,2026-08-07 12:20:00 IST,24538.94921875,2026-08-07 06:50:00,,,,,,VOLATILE_EXPANSION,MIXED,NO_TRADE,NO_TRADE,40,NO_TRADE,,No trade warranted,0.0,0.0
264,2026-08-07 12:25:00 IST,24549.5,2026-08-07 06:55:00,,,,,,SIDEWAYS,NEUTRAL,NO_TRADE,NO_TRADE,50,NO_TRADE,,No trade warranted,0.0,0.0
265,2026-08-07 12:30:00 IST,24559.19921875,2026-08-07 07:00:00,,,,,,SIDEWAYS,NEUTRAL,NO_TRADE,NO_TRADE,50,NO_TRADE,,No trade warranted,0.0,0.0
266,2026-08-07 12:35:00 IST,24560.5,2026-08-07 07:05:00,,,,,,VOLATILE_EXPANSION,MIXED,NO_TRADE,NO_TRADE,40,NO_TRADE,,No trade warranted,0.0,0.0
267,2026-08-07 12:40:00 IST,24557.05078125,2026-08-07 07:10:00,,,,,,VOLATILE_EXPANSION,MIXED,NO_TRADE,NO_TRADE,40,NO_TRADE,,No trade warranted,0.0,0.0
268,2026-08-07 12:45:00 IST,24567.5,2026-08-07 07:15:00,,,,,,VOLATILE_EXPANSION,MIXED,NO_TRADE,NO_TRADE,40,NO_TRADE,,No trade warranted,0.0,0.0
269,2026-08-07 12:50:00 IST,24559.30078125,2026-08-07 07:20:00,,,,,,VOLATILE_EXPANSION,MIXED,NO_TRADE,NO_TRADE,40,NO_TRADE,,No trade warranted,0.0,0.0
270,2026-08-07 12:55:00 IST,24554.599609375,2026-08-07 07:25:00,,,,,,SIDEWAYS,NEUTRAL,NO_TRADE,NO_TRADE,50,NO_TRADE,,No trade warranted,0.0,0.0
271,2026-08-07 13:00:00 IST,24556.5,2026-08-07 07:30:00,,,,,,SIDEWAYS,NEUTRAL,NO_TRADE,NO_TRADE,50,NO_TRADE,,No trade warranted,0.0,0.0
272,2026-08-07 13:05:00 IST,24557.80078125,2026-08-07 07:35:00,,,,,,SIDEWAYS,NEUTRAL,NO_TRADE,NO_TRADE,50,NO_TRADE,,No trade warranted,0.0,0.0
273,2026-08-07 13:10:00 IST,24547.0,2026-08-07 07:40:00,,,,,,SIDEWAYS,NEUTRAL,NO_TRADE,NO_TRADE,50,NO_TRADE,,No trade warranted,0.0,0.0
274,2026-08-07 13:15:00 IST,24546.44921875,2026-08-07 07:45:00,,,,,,SIDEWAYS,NEUTRAL,NO_TRADE,NO_TRADE,50,NO_TRADE,,No trade warranted,0.0,0.0
275,2026-08-07 13:20:00 IST,24564.650390625,2026-08-07 07:50:00,,,,,,SIDEWAYS,NEUTRAL,NO_TRADE,NO_TRADE,50,NO_TRADE,,No trade warranted,0.0,0.0
276,2026-08-07 13:25:00 IST,24565.94921875,2026-08-07 07:55:00,,,,,,VOLATILE_EXPANSION,MIXED,NO_TRADE,NO_TRADE,40,NO_TRADE,,No trade warranted,0.0,0.0
277,2026-08-07 13:30:00 IST,24547.900390625,2026-08-07 08:00:00,,,,,,SIDEWAYS,NEUTRAL,NO_TRADE,NO_TRADE,30,NO_TRADE,,No trade warranted,0.0,0.0
278,2026-08-07 13:35:00 IST,24547.80078125,2026-08-07 08:05:00,,,,,,SIDEWAYS,NEUTRAL,NO_TRADE,NO_TRADE,30,NO_TRADE,,No trade warranted,0.0,0.0
279,2026-08-07 13:40:00 IST,24548.5,2026-08-07 08:10:00,,,,,,SIDEWAYS,NEUTRAL,NO_TRADE,NO_TRADE,30,NO_TRADE,,No trade warranted,0.0,0.0
280,2026-08-07 13:45:00 IST,24573.55078125,2026-08-07 08:15:00,,,,,,SIDEWAYS,NEUTRAL,NO_TRADE,NO_TRADE,30,NO_TRADE,,No trade warranted,0.0,0.0
281,2026-08-07 13:50:00 IST,24571.19921875,2026-08-07 08:20:00,,,,,,SIDEWAYS,NEUTRAL,NO_TRADE,NO_TRADE,30,NO_TRADE,,No trade warranted,0.0,0.0
282,2026-08-07 13:55:00 IST,24563.94921875,2026-08-07 08:25:00,,,,,,SIDEWAYS,NEUTRAL,NO_TRADE,NO_TRADE,50,NO_TRADE,,No trade warranted,0.0,0.0
283,2026-08-07 14:00:00 IST,24553.55078125,2026-08-07 08:30:00,,,,,,SIDEWAYS,NEUTRAL,NO_TRADE,NO_TRADE,30,NO_TRADE,,No trade warranted,0.0,0.0
284,2026-08-07 14:05:00 IST,24538.19921875,2026-08-07 08:35:00,,,,,,SIDEWAYS,NEUTRAL,NO_TRADE,NO_TRADE,30,NO_TRADE,,No trade warranted,0.0,0.0
285,2026-08-07 14:10:00 IST,24526.849609375,2026-08-07 08:40:00,2026-08-07 15:25:00 IST,24570.650390625,2026-08-07 09:55:00,,75,SIDEWAYS_TO_BEARISH,MILD_BEARISH,MILD_DIRECTIONAL,CONDITIONAL,40,LOSS,0.1786,EOD: Price moved against predicted direction,0.1786,0.0
286,2026-08-07 14:15:00 IST,24536.30078125,2026-08-07 08:45:00,,,,,,SIDEWAYS,NEUTRAL,NO_TRADE,NO_TRADE,30,NO_TRADE,,No trade warranted,0.0,0.0
287,2026-08-07 14:20:00 IST,24541.30078125,2026-08-07 08:50:00,,,,,,SIDEWAYS,NEUTRAL,NO_TRADE,NO_TRADE,30,NO_TRADE,,No trade warranted,0.0,0.0
288,2026-08-07 14:25:00 IST,24534.19921875,2026-08-07 08:55:00,,,,,,SIDEWAYS,NEUTRAL,NO_TRADE,NO_TRADE,30,NO_TRADE,,No trade warranted,0.0,0.0
289,2026-08-07 14:30:00 IST,24543.55078125,2026-08-07 09:00:00,,,,,,SIDEWAYS,NEUTRAL,NO_TRADE,NO_TRADE,30,NO_TRADE,,No trade warranted,0.0,0.0
290,2026-08-07 14:35:00 IST,24537.099609375,2026-08-07 09:05:00,2026-08-07 15:25:00 IST,24570.650390625,2026-08-07 09:55:00,,50,SIDEWAYS_TO_BEARISH,MILD_BEARISH,MILD_DIRECTIONAL,CONDITIONAL,40,LOSS,0.1367,EOD: Price moved against predicted direction,0.1367,-0.0218
291,2026-08-07 14:40:00 IST,24538.25,2026-08-07 09:10:00,,,,,,SIDEWAYS,NEUTRAL,NO_TRADE,NO_TRADE,30,NO_TRADE,,No trade warranted,0.0,0.0
292,2026-08-07 14:45:00 IST,24559.05078125,2026-08-07 09:15:00,,,,,,SIDEWAYS,NEUTRAL,NO_TRADE,NO_TRADE,30,NO_TRADE,,No trade warranted,0.0,0.0
293,2026-08-07 14:50:00 IST,24531.75,2026-08-07 09:20:00,,,,,,SIDEWAYS,NEUTRAL,NO_TRADE,NO_TRADE,30,NO_TRADE,,No trade warranted,0.0,0.0
294,2026-08-07 14:55:00 IST,24541.80078125,2026-08-07 09:25:00,2026-08-07 15:25:00 IST,24570.650390625,2026-08-07 09:55:00,,30,SIDEWAYS_TO_BEARISH,MILD_BEARISH,MILD_DIRECTIONAL,CONDITIONAL,40,LOSS,0.1176,EOD: Price moved against predicted direction,0.1176,0.0
295,2026-08-07 15:00:00 IST,24550.150390625,2026-08-07 09:30:00,,,,,,SIDEWAYS,NEUTRAL,NO_TRADE,NO_TRADE,50,NO_TRADE,,No trade warranted,0.0,0.0
296,2026-08-07 15:05:00 IST,24553.900390625,2026-08-07 09:35:00,,,,,,SIDEWAYS,NEUTRAL,NO_TRADE,NO_TRADE,50,NO_TRADE,,No trade warranted,0.0,0.0
297,2026-08-07 15:10:00 IST,24558.94921875,2026-08-07 09:40:00,,,,,,SIDEWAYS,NEUTRAL,NO_TRADE,NO_TRADE,30,NO_TRADE,,No trade warranted,0.0,0.0
298,2026-08-07 15:15:00 IST,24557.0,2026-08-07 09:45:00,,,,,,SIDEWAYS,NEUTRAL,NO_TRADE,NO_TRADE,30,NO_TRADE,,No trade warranted,0.0,0.0
299,2026-08-07 15:20:00 IST,24557.0,2026-08-07 09:50:00,,,,,,SIDEWAYS,NEUTRAL,NO_TRADE,NO_TRADE,30,NO_TRADE,,No trade warranted,0.0,0.0
300,2026-08-07 15:25:00 IST,24570.650390625,2026-08-07 09:55:00,,,,,,SIDEWAYS,NEUTRAL,NO_TRADE,NO_TRADE,30,NO_TRADE,,No trade warranted,0.0,0.0
301,2026-08-10 09:15:00 IST,24602.69921875,2026-08-10 03:45:00,,,,,,SIDEWAYS,NEUTRAL,NO_TRADE,NO_TRADE,50,NO_TRADE,,No trade warranted,0.0,0.0
302,2026-08-10 09:20:00 IST,24590.349609375,2026-08-10 03:50:00,,,,,,SIDEWAYS,NEUTRAL,NO_TRADE,NO_TRADE,50,NO_TRADE,,No trade warranted,0.0,0.0
303,2026-08-10 09:25:00 IST,24555.900390625,2026-08-10 03:55:00,,,,,,SIDEWAYS,NEUTRAL,NO_TRADE,NO_TRADE,50,NO_TRADE,,No trade warranted,0.0,0.0
304,2026-08-10 09:30:00 IST,24534.349609375,2026-08-10 04:00:00,,,,,,SIDEWAYS,NEUTRAL,NO_TRADE,NO_TRADE,50,NO_TRADE,,No trade warranted,0.0,0.0
305,2026-08-10 09:35:00 IST,24528.05078125,2026-08-10 04:05:00,,,,,,SIDEWAYS,NEUTRAL,NO_TRADE,NO_TRADE,50,NO_TRADE,,No trade warranted,0.0,0.0
306,2026-08-10 09:40:00 IST,24521.150390625,2026-08-10 04:10:00,,,,,,SIDEWAYS,NEUTRAL,NO_TRADE,NO_TRADE,50,NO_TRADE,,No trade warranted,0.0,0.0
307,2026-08-10 09:45:00 IST,24527.599609375,2026-08-10 04:15:00,,,,,,SIDEWAYS,NEUTRAL,NO_TRADE,NO_TRADE,50,NO_TRADE,,No trade warranted,0.0,0.0
308,2026-08-10 09:50:00 IST,24527.900390625,2026-08-10 04:20:00,,,,,,SIDEWAYS,NEUTRAL,NO_TRADE,NO_TRADE,50,NO_TRADE,,No trade warranted,0.0,0.0
309,2026-08-10 09:55:00 IST,24534.25,2026-08-10 04:25:00,,,,,,SIDEWAYS,NEUTRAL,NO_TRADE,NO_TRADE,50,NO_TRADE,,No trade warranted,0.0,0.0
310,2026-08-10 10:00:00 IST,24538.5,2026-08-10 04:30:00,,,,,,SIDEWAYS,NEUTRAL,NO_TRADE,NO_TRADE,50,NO_TRADE,,No trade warranted,0.0,0.0
311,2026-08-10 10:05:00 IST,24534.650390625,2026-08-10 04:35:00,,,,,,SIDEWAYS,NEUTRAL,NO_TRADE,NO_TRADE,50,NO_TRADE,,No trade warranted,0.0,0.0
312,2026-08-10 10:10:00 IST,24544.75,2026-08-10 04:40:00,,,,,,SIDEWAYS,NEUTRAL,NO_TRADE,NO_TRADE,50,NO_TRADE,,No trade warranted,0.0,0.0
313,2026-08-10 10:15:00 IST,24574.25,2026-08-10 04:45:00,,,,,,SIDEWAYS,NEUTRAL,NO_TRADE,NO_TRADE,50,NO_TRADE,,No trade warranted,0.0,0.0
314,2026-08-10 10:20:00 IST,24592.55078125,2026-08-10 04:50:00,,,,,,SIDEWAYS,NEUTRAL,NO_TRADE,NO_TRADE,50,NO_TRADE,,No trade warranted,0.0,0.0
315,2026-08-10 10:25:00 IST,24594.80078125,2026-08-10 04:55:00,,,,,,SIDEWAYS,NEUTRAL,NO_TRADE,NO_TRADE,50,NO_TRADE,,No trade warranted,0.0,0.0
316,2026-08-10 10:30:00 IST,24585.55078125,2026-08-10 05:00:00,,,,,,SIDEWAYS,NEUTRAL,NO_TRADE,NO_TRADE,50,NO_TRADE,,No trade warranted,0.0,0.0
317,2026-08-10 10:35:00 IST,24593.849609375,2026-08-10 05:05:00,,,,,,SIDEWAYS,NEUTRAL,NO_TRADE,NO_TRADE,50,NO_TRADE,,No trade warranted,0.0,0.0
318,2026-08-10 10:40:00 IST,24603.650390625,2026-08-10 05:10:00,,,,,,VOLATILE_EXPANSION,MIXED,NO_TRADE,NO_TRADE,40,NO_TRADE,,No trade warranted,0.0,0.0
319,2026-08-10 10:45:00 IST,24600.900390625,2026-08-10 05:15:00,,,,,,VOLATILE_EXPANSION,MIXED,NO_TRADE,NO_TRADE,40,NO_TRADE,,No trade warranted,0.0,0.0
320,2026-08-10 10:50:00 IST,24588.0,2026-08-10 05:20:00,,,,,,VOLATILE_EXPANSION,MIXED,NO_TRADE,NO_TRADE,40,NO_TRADE,,No trade warranted,0.0,0.0
321,2026-08-10 10:55:00 IST,24588.19921875,2026-08-10 05:25:00,,,,,,VOLATILE_EXPANSION,MIXED,NO_TRADE,NO_TRADE,40,NO_TRADE,,No trade warranted,0.0,0.0
322,2026-08-10 11:00:00 IST,24600.75,2026-08-10 05:30:00,,,,,,VOLATILE_EXPANSION,MIXED,NO_TRADE,NO_TRADE,40,NO_TRADE,,No trade warranted,0.0,0.0
323,2026-08-10 11:05:00 IST,24591.30078125,2026-08-10 05:35:00,,,,,,VOLATILE_EXPANSION,MIXED,NO_TRADE,NO_TRADE,40,NO_TRADE,,No trade warranted,0.0,0.0
324,2026-08-10 11:10:00 IST,24602.349609375,2026-08-10 05:40:00,,,,,,VOLATILE_EXPANSION,MIXED,NO_TRADE,NO_TRADE,40,NO_TRADE,,No trade warranted,0.0,0.0
325,2026-08-10 11:15:00 IST,24601.599609375,2026-08-10 05:45:00,,,,,,VOLATILE_EXPANSION,MIXED,NO_TRADE,NO_TRADE,40,NO_TRADE,,No trade warranted,0.0,0.0
326,2026-08-10 11:20:00 IST,24601.150390625,2026-08-10 05:50:00,,,,,,VOLATILE_EXPANSION,MIXED,NO_TRADE,NO_TRADE,40,NO_TRADE,,No trade warranted,0.0,0.0
327,2026-08-10 11:25:00 IST,24603.900390625,2026-08-10 05:55:00,,,,,,VOLATILE_EXPANSION,MIXED,NO_TRADE,NO_TRADE,40,NO_TRADE,,No trade warranted,0.0,0.0
328,2026-08-10 11:30:00 IST,24585.400390625,2026-08-10 06:00:00,,,,,,SIDEWAYS,NEUTRAL,NO_TRADE,NO_TRADE,50,NO_TRADE,,No trade warranted,0.0,0.0
329,2026-08-10 11:35:00 IST,24595.55078125,2026-08-10 06:05:00,,,,,,SIDEWAYS,NEUTRAL,NO_TRADE,NO_TRADE,50,NO_TRADE,,No trade warranted,0.0,0.0
330,2026-08-10 11:40:00 IST,24583.150390625,2026-08-10 06:10:00,,,,,,SIDEWAYS,NEUTRAL,NO_TRADE,NO_TRADE,50,NO_TRADE,,No trade warranted,0.0,0.0
331,2026-08-10 11:45:00 IST,24591.25,2026-08-10 06:15:00,,,,,,SIDEWAYS,NEUTRAL,NO_TRADE,NO_TRADE,50,NO_TRADE,,No trade warranted,0.0,0.0
332,2026-08-10 11:50:00 IST,24586.44921875,2026-08-10 06:20:00,,,,,,SIDEWAYS,NEUTRAL,NO_TRADE,NO_TRADE,50,NO_TRADE,,No trade warranted,0.0,0.0
333,2026-08-10 11:55:00 IST,24588.19921875,2026-08-10 06:25:00,,,,,,VOLATILE_EXPANSION,MIXED,NO_TRADE,NO_TRADE,40,NO_TRADE,,No trade warranted,0.0,0.0
334,2026-08-10 12:00:00 IST,24594.19921875,2026-08-10 06:30:00,,,,,,SIDEWAYS,NEUTRAL,NO_TRADE,NO_TRADE,50,NO_TRADE,,No trade warranted,0.0,0.0
335,2026-08-10 12:05:00 IST,24593.94921875,2026-08-10 06:35:00,,,,,,SIDEWAYS,NEUTRAL,NO_TRADE,NO_TRADE,50,NO_TRADE,,No trade warranted,0.0,0.0
336,2026-08-10 12:10:00 IST,24606.80078125,2026-08-10 06:40:00,,,,,,SIDEWAYS,NEUTRAL,NO_TRADE,NO_TRADE,50,NO_TRADE,,No trade warranted,0.0,0.0
337,2026-08-10 12:15:00 IST,24608.0,2026-08-10 06:45:00,,,,,,SIDEWAYS,NEUTRAL,NO_TRADE,NO_TRADE,50,NO_TRADE,,No trade warranted,0.0,0.0
338,2026-08-10 12:20:00 IST,24602.0,2026-08-10 06:50:00,,,,,,SIDEWAYS,NEUTRAL,NO_TRADE,NO_TRADE,50,NO_TRADE,,No trade warranted,0.0,0.0
339,2026-08-10 12:25:00 IST,24610.599609375,2026-08-10 06:55:00,,,,,,SIDEWAYS,NEUTRAL,NO_TRADE,NO_TRADE,50,NO_TRADE,,No trade warranted,0.0,0.0
340,2026-08-10 12:30:00 IST,24609.30078125,2026-08-10 07:00:00,,,,,,SIDEWAYS,NEUTRAL,NO_TRADE,NO_TRADE,50,NO_TRADE,,No trade warranted,0.0,0.0
341,2026-08-10 12:35:00 IST,24612.5,2026-08-10 07:05:00,,,,,,SIDEWAYS,NEUTRAL,NO_TRADE,NO_TRADE,50,NO_TRADE,,No trade warranted,0.0,0.0
342,2026-08-10 12:40:00 IST,24598.25,2026-08-10 07:10:00,,,,,,SIDEWAYS,NEUTRAL,NO_TRADE,NO_TRADE,50,NO_TRADE,,No trade warranted,0.0,0.0
343,2026-08-10 12:45:00 IST,24596.099609375,2026-08-10 07:15:00,,,,,,SIDEWAYS,NEUTRAL,NO_TRADE,NO_TRADE,50,NO_TRADE,,No trade warranted,0.0,0.0
344,2026-08-10 12:50:00 IST,24591.05078125,2026-08-10 07:20:00,,,,,,SIDEWAYS,NEUTRAL,NO_TRADE,NO_TRADE,50,NO_TRADE,,No trade warranted,0.0,0.0
345,2026-08-10 12:55:00 IST,24587.75,2026-08-10 07:25:00,,,,,,SIDEWAYS,NEUTRAL,NO_TRADE,NO_TRADE,50,NO_TRADE,,No trade warranted,0.0,0.0
346,2026-08-10 13:00:00 IST,24589.94921875,2026-08-10 07:30:00,,,,,,SIDEWAYS,NEUTRAL,NO_TRADE,NO_TRADE,50,NO_TRADE,,No trade warranted,0.0,0.0
347,2026-08-10 13:05:00 IST,24579.25,2026-08-10 07:35:00,,,,,,SIDEWAYS,NEUTRAL,NO_TRADE,NO_TRADE,50,NO_TRADE,,No trade warranted,0.0,0.0
348,2026-08-10 13:10:00 IST,24573.55078125,2026-08-10 07:40:00,,,,,,SIDEWAYS,NEUTRAL,NO_TRADE,NO_TRADE,50,NO_TRADE,,No trade warranted,0.0,0.0
349,2026-08-10 13:15:00 IST,24586.849609375,2026-08-10 07:45:00,,,,,,SIDEWAYS,NEUTRAL,NO_TRADE,NO_TRADE,50,NO_TRADE,,No trade warranted,0.0,0.0
350,2026-08-10 13:20:00 IST,24585.599609375,2026-08-10 07:50:00,2026-08-10 15:25:00 IST,24583.80078125,2026-08-10 09:55:00,,125,SIDEWAYS_TO_BEARISH,MILD_BEARISH,MILD_DIRECTIONAL,CONDITIONAL,40,WIN,-0.0073,EOD: Price moved in predicted direction,0.0844,-0.6286
351,2026-08-10 13:25:00 IST,24589.80078125,2026-08-10 07:55:00,,,,,,SIDEWAYS,NEUTRAL,NO_TRADE,NO_TRADE,30,NO_TRADE,,No trade warranted,0.0,0.0
352,2026-08-10 13:30:00 IST,24598.599609375,2026-08-10 08:00:00,,,,,,SIDEWAYS,NEUTRAL,NO_TRADE,NO_TRADE,30,NO_TRADE,,No trade warranted,0.0,0.0
353,2026-08-10 13:35:00 IST,24599.599609375,2026-08-10 08:05:00,,,,,,SIDEWAYS,NEUTRAL,NO_TRADE,NO_TRADE,30,NO_TRADE,,No trade warranted,0.0,0.0
354,2026-08-10 13:40:00 IST,24606.349609375,2026-08-10 08:10:00,,,,,,SIDEWAYS,NEUTRAL,NO_TRADE,NO_TRADE,30,NO_TRADE,,No trade warranted,0.0,0.0
355,2026-08-10 13:45:00 IST,24604.599609375,2026-08-10 08:15:00,,,,,,SIDEWAYS,NEUTRAL,NO_TRADE,NO_TRADE,30,NO_TRADE,,No trade warranted,0.0,0.0
356,2026-08-10 13:50:00 IST,24605.400390625,2026-08-10 08:20:00,,,,,,SIDEWAYS,NEUTRAL,NO_TRADE,NO_TRADE,30,NO_TRADE,,No trade warranted,0.0,0.0
357,2026-08-10 13:55:00 IST,24591.849609375,2026-08-10 08:25:00,,,,,,SIDEWAYS,NEUTRAL,NO_TRADE,NO_TRADE,30,NO_TRADE,,No trade warranted,0.0,0.0
358,2026-08-10 14:00:00 IST,24590.900390625,2026-08-10 08:30:00,,,,,,SIDEWAYS,NEUTRAL,NO_TRADE,NO_TRADE,30,NO_TRADE,,No trade warranted,0.0,0.0
359,2026-08-10 14:05:00 IST,24597.849609375,2026-08-10 08:35:00,,,,,,SIDEWAYS,NEUTRAL,NO_TRADE,NO_TRADE,30,NO_TRADE,,No trade warranted,0.0,0.0
360,2026-08-10 14:10:00 IST,24587.55078125,2026-08-10 08:40:00,,,,,,SIDEWAYS,NEUTRAL,NO_TRADE,NO_TRADE,30,NO_TRADE,,No trade warranted,0.0,0.0
361,2026-08-10 14:15:00 IST,24583.900390625,2026-08-10 08:45:00,,,,,,SIDEWAYS,NEUTRAL,NO_TRADE,NO_TRADE,30,NO_TRADE,,No trade warranted,0.0,0.0
362,2026-08-10 14:20:00 IST,24587.80078125,2026-08-10 08:50:00,,,,,,SIDEWAYS,NEUTRAL,NO_TRADE,NO_TRADE,30,NO_TRADE,,No trade warranted,0.0,0.0
363,2026-08-10 14:25:00 IST,24586.75,2026-08-10 08:55:00,,,,,,SIDEWAYS,NEUTRAL,NO_TRADE,NO_TRADE,30,NO_TRADE,,No trade warranted,0.0,0.0
364,2026-08-10 14:30:00 IST,24582.44921875,2026-08-10 09:00:00,,,,,,SIDEWAYS,NEUTRAL,NO_TRADE,NO_TRADE,30,NO_TRADE,,No trade warranted,0.0,0.0
365,2026-08-10 14:35:00 IST,24573.94921875,2026-08-10 09:05:00,2026-08-10 15:25:00 IST,24583.80078125,2026-08-10 09:55:00,,50,SIDEWAYS_TO_BEARISH,MILD_BEARISH,MILD_DIRECTIONAL,CONDITIONAL,40,LOSS,0.0401,EOD: Price moved against predicted direction,0.0401,-0.5815
366,2026-08-10 14:40:00 IST,24572.5,2026-08-10 09:10:00,,,,,,SIDEWAYS,NEUTRAL,NO_TRADE,NO_TRADE,30,NO_TRADE,,No trade warranted,0.0,0.0
367,2026-08-10 14:45:00 IST,24556.25,2026-08-10 09:15:00,,,,,,SIDEWAYS,NEUTRAL,NO_TRADE,NO_TRADE,30,NO_TRADE,,No trade warranted,0.0,0.0
368,2026-08-10 14:50:00 IST,24558.94921875,2026-08-10 09:20:00,,,,,,SIDEWAYS,NEUTRAL,NO_TRADE,NO_TRADE,30,NO_TRADE,,No trade warranted,0.0,0.0
369,2026-08-10 14:55:00 IST,24567.849609375,2026-08-10 09:25:00,,,,,,SIDEWAYS,NEUTRAL,NO_TRADE,NO_TRADE,30,NO_TRADE,,No trade warranted,0.0,0.0
370,2026-08-10 15:00:00 IST,24572.0,2026-08-10 09:30:00,,,,,,SIDEWAYS,NEUTRAL,NO_TRADE,NO_TRADE,30,NO_TRADE,,No trade warranted,0.0,0.0
371,2026-08-10 15:05:00 IST,24553.5,2026-08-10 09:35:00,,,,,,SIDEWAYS,NEUTRAL,NO_TRADE,NO_TRADE,30,NO_TRADE,,No trade warranted,0.0,0.0
372,2026-08-10 15:10:00 IST,24560.05078125,2026-08-10 09:40:00,,,,,,SIDEWAYS,NEUTRAL,NO_TRADE,NO_TRADE,30,NO_TRADE,,No trade warranted,0.0,0.0
373,2026-08-10 15:15:00 IST,24560.150390625,2026-08-10 09:45:00,,,,,,SIDEWAYS,NEUTRAL,NO_TRADE,NO_TRADE,30,NO_TRADE,,No trade warranted,0.0,0.0
374,2026-08-10 15:20:00 IST,24560.150390625,2026-08-10 09:50:00,,,,,,SIDEWAYS,NEUTRAL,NO_TRADE,NO_TRADE,30,NO_TRADE,,No trade warranted,0.0,0.0
375,2026-08-10 15:25:00 IST,24583.80078125,2026-08-10 09:55:00,,,,,,SIDEWAYS,NEUTRAL,NO_TRADE,NO_TRADE,30,NO_TRADE,,No trade warranted,0.0,0.0
376,2026-08-11 09:15:00 IST,24504.75,2026-08-11 03:45:00,,,,,,SIDEWAYS,NEUTRAL,NO_TRADE,NO_TRADE,50,NO_TRADE,,No trade warranted,0.0,0.0
377,2026-08-11 09:20:00 IST,24500.150390625,2026-08-11 03:50:00,,,,,,SIDEWAYS,NEUTRAL,NO_TRADE,NO_TRADE,50,NO_TRADE,,No trade warranted,0.0,0.0
378,2026-08-11 09:25:00 IST,24487.400390625,2026-08-11 03:55:00,,,,,,SIDEWAYS,NEUTRAL,NO_TRADE,NO_TRADE,50,NO_TRADE,,No trade warranted,0.0,0.0
379,2026-08-11 09:30:00 IST,24488.349609375,2026-08-11 04:00:00,,,,,,SIDEWAYS,NEUTRAL,NO_TRADE,NO_TRADE,50,NO_TRADE,,No trade warranted,0.0,0.0
380,2026-08-11 09:35:00 IST,24481.75,2026-08-11 04:05:00,,,,,,SIDEWAYS,NEUTRAL,NO_TRADE,NO_TRADE,50,NO_TRADE,,No trade warranted,0.0,0.0
381,2026-08-11 09:40:00 IST,24479.25,2026-08-11 04:10:00,,,,,,SIDEWAYS,NEUTRAL,NO_TRADE,NO_TRADE,50,NO_TRADE,,No trade warranted,0.0,0.0
382,2026-08-11 09:45:00 IST,24472.150390625,2026-08-11 04:15:00,,,,,,SIDEWAYS,NEUTRAL,NO_TRADE,NO_TRADE,50,NO_TRADE,,No trade warranted,0.0,0.0
383,2026-08-11 09:50:00 IST,24468.599609375,2026-08-11 04:20:00,,,,,,SIDEWAYS,NEUTRAL,NO_TRADE,NO_TRADE,50,NO_TRADE,,No trade warranted,0.0,0.0
384,2026-08-11 09:55:00 IST,24486.849609375,2026-08-11 04:25:00,,,,,,SIDEWAYS,NEUTRAL,NO_TRADE,NO_TRADE,50,NO_TRADE,,No trade warranted,0.0,0.0
385,2026-08-11 10:00:00 IST,24486.55078125,2026-08-11 04:30:00,,,,,,SIDEWAYS,NEUTRAL,NO_TRADE,NO_TRADE,50,NO_TRADE,,No trade warranted,0.0,0.0
386,2026-08-11 10:05:00 IST,24479.55078125,2026-08-11 04:35:00,,,,,,SIDEWAYS,NEUTRAL,NO_TRADE,NO_TRADE,50,NO_TRADE,,No trade warranted,0.0,0.0
387,2026-08-11 10:10:00 IST,24473.0,2026-08-11 04:40:00,,,,,,SIDEWAYS,NEUTRAL,NO_TRADE,NO_TRADE,50,NO_TRADE,,No trade warranted,0.0,0.0
388,2026-08-11 10:15:00 IST,24467.599609375,2026-08-11 04:45:00,,,,,,SIDEWAYS,NEUTRAL,NO_TRADE,NO_TRADE,50,NO_TRADE,,No trade warranted,0.0,0.0
389,2026-08-11 10:20:00 IST,24470.30078125,2026-08-11 04:50:00,,,,,,SIDEWAYS,NEUTRAL,NO_TRADE,NO_TRADE,50,NO_TRADE,,No trade warranted,0.0,0.0
390,2026-08-11 10:25:00 IST,24479.0,2026-08-11 04:55:00,,,,,,VOLATILE_EXPANSION,MIXED,NO_TRADE,NO_TRADE,40,NO_TRADE,,No trade warranted,0.0,0.0
391,2026-08-11 10:30:00 IST,24480.69921875,2026-08-11 05:00:00,,,,,,SIDEWAYS,NEUTRAL,NO_TRADE,NO_TRADE,50,NO_TRADE,,No trade warranted,0.0,0.0
392,2026-08-11 10:35:00 IST,24478.94921875,2026-08-11 05:05:00,,,,,,SIDEWAYS,NEUTRAL,NO_TRADE,NO_TRADE,50,NO_TRADE,,No trade warranted,0.0,0.0
393,2026-08-11 10:40:00 IST,24474.75,2026-08-11 05:10:00,,,,,,SIDEWAYS,NEUTRAL,NO_TRADE,NO_TRADE,50,NO_TRADE,,No trade warranted,0.0,0.0
394,2026-08-11 10:45:00 IST,24468.400390625,2026-08-11 05:15:00,,,,,,SIDEWAYS,NEUTRAL,NO_TRADE,NO_TRADE,50,NO_TRADE,,No trade warranted,0.0,0.0
395,2026-08-11 10:50:00 IST,24476.69921875,2026-08-11 05:20:00,,,,,,SIDEWAYS,NEUTRAL,NO_TRADE,NO_TRADE,50,NO_TRADE,,No trade warranted,0.0,0.0
396,2026-08-11 10:55:00 IST,24469.0,2026-08-11 05:25:00,,,,,,SIDEWAYS,NEUTRAL,NO_TRADE,NO_TRADE,50,NO_TRADE,,No trade warranted,0.0,0.0
397,2026-08-11 11:00:00 IST,24452.0,2026-08-11 05:30:00,,,,,,SIDEWAYS,NEUTRAL,NO_TRADE,NO_TRADE,50,NO_TRADE,,No trade warranted,0.0,0.0
398,2026-08-11 11:05:00 IST,24445.650390625,2026-08-11 05:35:00,,,,,,VOLATILE_EXPANSION,MIXED,NO_TRADE,NO_TRADE,40,NO_TRADE,,No trade warranted,0.0,0.0
399,2026-08-11 11:10:00 IST,24451.25,2026-08-11 05:40:00,,,,,,VOLATILE_EXPANSION,MIXED,NO_TRADE,NO_TRADE,40,NO_TRADE,,No trade warranted,0.0,0.0
400,2026-08-11 11:15:00 IST,24449.19921875,2026-08-11 05:45:00,,,,,,VOLATILE_EXPANSION,MIXED,NO_TRADE,NO_TRADE,40,NO_TRADE,,No trade warranted,0.0,0.0
401,2026-08-11 11:20:00 IST,24445.650390625,2026-08-11 05:50:00,,,,,,VOLATILE_EXPANSION,MIXED,NO_TRADE,NO_TRADE,40,NO_TRADE,,No trade warranted,0.0,0.0
402,2026-08-11 11:25:00 IST,24442.599609375,2026-08-11 05:55:00,,,,,,VOLATILE_EXPANSION,MIXED,NO_TRADE,NO_TRADE,40,NO_TRADE,,No trade warranted,0.0,0.0
403,2026-08-11 11:30:00 IST,24442.599609375,2026-08-11 06:00:00,,,,,,VOLATILE_EXPANSION,MIXED,NO_TRADE,NO_TRADE,40,NO_TRADE,,No trade warranted,0.0,0.0
404,2026-08-11 11:35:00 IST,24447.650390625,2026-08-11 06:05:00,,,,,,VOLATILE_EXPANSION,MIXED,NO_TRADE,NO_TRADE,40,NO_TRADE,,No trade warranted,0.0,0.0
405,2026-08-11 11:40:00 IST,24448.599609375,2026-08-11 06:10:00,,,,,,VOLATILE_EXPANSION,MIXED,NO_TRADE,NO_TRADE,40,NO_TRADE,,No trade warranted,0.0,0.0
406,2026-08-11 11:45:00 IST,24453.400390625,2026-08-11 06:15:00,,,,,,VOLATILE_EXPANSION,MIXED,NO_TRADE,NO_TRADE,40,NO_TRADE,,No trade warranted,0.0,0.0
407,2026-08-11 11:50:00 IST,24442.19921875,2026-08-11 06:20:00,,,,,,VOLATILE_EXPANSION,MIXED,NO_TRADE,NO_TRADE,40,NO_TRADE,,No trade warranted,0.0,0.0
408,2026-08-11 11:55:00 IST,24444.05078125,2026-08-11 06:25:00,,,,,,VOLATILE_EXPANSION,MIXED,NO_TRADE,NO_TRADE,40,NO_TRADE,,No trade warranted,0.0,0.0
409,2026-08-11 12:00:00 IST,24431.05078125,2026-08-11 06:30:00,,,,,,VOLATILE_EXPANSION,MIXED,NO_TRADE,NO_TRADE,40,NO_TRADE,,No trade warranted,0.0,0.0
410,2026-08-11 12:05:00 IST,24434.650390625,2026-08-11 06:35:00,,,,,,VOLATILE_EXPANSION,MIXED,NO_TRADE,NO_TRADE,40,NO_TRADE,,No trade warranted,0.0,0.0
411,2026-08-11 12:10:00 IST,24444.650390625,2026-08-11 06:40:00,,,,,,SIDEWAYS,NEUTRAL,NO_TRADE,NO_TRADE,50,NO_TRADE,,No trade warranted,0.0,0.0
412,2026-08-11 12:15:00 IST,24439.30078125,2026-08-11 06:45:00,,,,,,SIDEWAYS,NEUTRAL,NO_TRADE,NO_TRADE,50,NO_TRADE,,No trade warranted,0.0,0.0
413,2026-08-11 12:20:00 IST,24431.849609375,2026-08-11 06:50:00,,,,,,SIDEWAYS,NEUTRAL,NO_TRADE,NO_TRADE,50,NO_TRADE,,No trade warranted,0.0,0.0
414,2026-08-11 12:25:00 IST,24439.650390625,2026-08-11 06:55:00,,,,,,SIDEWAYS,NEUTRAL,NO_TRADE,NO_TRADE,50,NO_TRADE,,No trade warranted,0.0,0.0
415,2026-08-11 12:30:00 IST,24444.25,2026-08-11 07:00:00,,,,,,SIDEWAYS,NEUTRAL,NO_TRADE,NO_TRADE,50,NO_TRADE,,No trade warranted,0.0,0.0
416,2026-08-11 12:35:00 IST,24439.849609375,2026-08-11 07:05:00,,,,,,SIDEWAYS,NEUTRAL,NO_TRADE,NO_TRADE,50,NO_TRADE,,No trade warranted,0.0,0.0
417,2026-08-11 12:40:00 IST,24451.19921875,2026-08-11 07:10:00,,,,,,SIDEWAYS,NEUTRAL,NO_TRADE,NO_TRADE,50,NO_TRADE,,No trade warranted,0.0,0.0
418,2026-08-11 12:45:00 IST,24458.400390625,2026-08-11 07:15:00,,,,,,VOLATILE_EXPANSION,MIXED,NO_TRADE,NO_TRADE,40,NO_TRADE,,No trade warranted,0.0,0.0
419,2026-08-11 12:50:00 IST,24448.650390625,2026-08-11 07:20:00,,,,,,SIDEWAYS,NEUTRAL,NO_TRADE,NO_TRADE,50,NO_TRADE,,No trade warranted,0.0,0.0
420,2026-08-11 12:55:00 IST,24440.5,2026-08-11 07:25:00,,,,,,SIDEWAYS,NEUTRAL,NO_TRADE,NO_TRADE,50,NO_TRADE,,No trade warranted,0.0,0.0
421,2026-08-11 13:00:00 IST,24456.69921875,2026-08-11 07:30:00,,,,,,SIDEWAYS,NEUTRAL,NO_TRADE,NO_TRADE,50,NO_TRADE,,No trade warranted,0.0,0.0
422,2026-08-11 13:05:00 IST,24462.0,2026-08-11 07:35:00,,,,,,VOLATILE_EXPANSION,MIXED,NO_TRADE,NO_TRADE,40,NO_TRADE,,No trade warranted,0.0,0.0
423,2026-08-11 13:10:00 IST,24453.150390625,2026-08-11 07:40:00,,,,,,VOLATILE_EXPANSION,MIXED,NO_TRADE,NO_TRADE,40,NO_TRADE,,No trade warranted,0.0,0.0
424,2026-08-11 13:15:00 IST,24450.0,2026-08-11 07:45:00,,,,,,VOLATILE_EXPANSION,MIXED,NO_TRADE,NO_TRADE,40,NO_TRADE,,No trade warranted,0.0,0.0
425,2026-08-11 13:20:00 IST,24452.0,2026-08-11 07:50:00,,,,,,SIDEWAYS,NEUTRAL,NO_TRADE,NO_TRADE,50,NO_TRADE,,No trade warranted,0.0,0.0
426,2026-08-11 13:25:00 IST,24455.05078125,2026-08-11 07:55:00,,,,,,VOLATILE_EXPANSION,MIXED,NO_TRADE,NO_TRADE,40,NO_TRADE,,No trade warranted,0.0,0.0
427,2026-08-11 13:30:00 IST,24469.44921875,2026-08-11 08:00:00,,,,,,SIDEWAYS,NEUTRAL,NO_TRADE,NO_TRADE,30,NO_TRADE,,No trade warranted,0.0,0.0
428,2026-08-11 13:35:00 IST,24454.5,2026-08-11 08:05:00,,,,,,VOLATILE_EXPANSION,MIXED,NO_TRADE,NO_TRADE,40,NO_TRADE,,No trade warranted,0.0,0.0
429,2026-08-11 13:40:00 IST,24460.55078125,2026-08-11 08:10:00,,,,,,SIDEWAYS,NEUTRAL,NO_TRADE,NO_TRADE,30,NO_TRADE,,No trade warranted,0.0,0.0
430,2026-08-11 13:45:00 IST,24458.5,2026-08-11 08:15:00,,,,,,VOLATILE_EXPANSION,MIXED,NO_TRADE,NO_TRADE,40,NO_TRADE,,No trade warranted,0.0,0.0
431,2026-08-11 13:50:00 IST,24453.80078125,2026-08-11 08:20:00,,,,,,SIDEWAYS,NEUTRAL,NO_TRADE,NO_TRADE,30,NO_TRADE,,No trade warranted,0.0,0.0
432,2026-08-11 13:55:00 IST,24450.150390625,2026-08-11 08:25:00,,,,,,SIDEWAYS,NEUTRAL,NO_TRADE,NO_TRADE,30,NO_TRADE,,No trade warranted,0.0,0.0
433,2026-08-11 14:00:00 IST,24450.849609375,2026-08-11 08:30:00,,,,,,SIDEWAYS,NEUTRAL,NO_TRADE,NO_TRADE,30,NO_TRADE,,No trade warranted,0.0,0.0
434,2026-08-11 14:05:00 IST,24460.94921875,2026-08-11 08:35:00,,,,,,SIDEWAYS,NEUTRAL,NO_TRADE,NO_TRADE,30,NO_TRADE,,No trade warranted,0.0,0.0
435,2026-08-11 14:10:00 IST,24462.55078125,2026-08-11 08:40:00,,,,,,SIDEWAYS,NEUTRAL,NO_TRADE,NO_TRADE,30,NO_TRADE,,No trade warranted,0.0,0.0
436,2026-08-11 14:15:00 IST,24454.05078125,2026-08-11 08:45:00,,,,,,SIDEWAYS,NEUTRAL,NO_TRADE,NO_TRADE,30,NO_TRADE,,No trade warranted,0.0,0.0
437,2026-08-11 14:20:00 IST,24458.099609375,2026-08-11 08:50:00,,,,,,SIDEWAYS,NEUTRAL,NO_TRADE,NO_TRADE,50,NO_TRADE,,No trade warranted,0.0,0.0
438,2026-08-11 14:25:00 IST,24449.150390625,2026-08-11 08:55:00,,,,,,SIDEWAYS,NEUTRAL,NO_TRADE,NO_TRADE,30,NO_TRADE,,No trade warranted,0.0,0.0
439,2026-08-11 14:30:00 IST,24443.25,2026-08-11 09:00:00,,,,,,SIDEWAYS,NEUTRAL,NO_TRADE,NO_TRADE,30,NO_TRADE,,No trade warranted,0.0,0.0
440,2026-08-11 14:35:00 IST,24437.75,2026-08-11 09:05:00,,,,,,SIDEWAYS,NEUTRAL,NO_TRADE,NO_TRADE,30,NO_TRADE,,No trade warranted,0.0,0.0
441,2026-08-11 14:40:00 IST,24448.05078125,2026-08-11 09:10:00,2026-08-11 15:25:00 IST,24471.69921875,2026-08-11 09:55:00,,45,SIDEWAYS_TO_BEARISH,MILD_BEARISH,MILD_DIRECTIONAL,CONDITIONAL,40,LOSS,0.0967,EOD: Price moved against predicted direction,0.0988,-0.7401
442,2026-08-11 14:45:00 IST,24453.349609375,2026-08-11 09:15:00,,,,,,SIDEWAYS,NEUTRAL,NO_TRADE,NO_TRADE,50,NO_TRADE,,No trade warranted,0.0,0.0
443,2026-08-11 14:50:00 IST,24456.69921875,2026-08-11 09:20:00,,,,,,SIDEWAYS,NEUTRAL,NO_TRADE,NO_TRADE,50,NO_TRADE,,No trade warranted,0.0,0.0
444,2026-08-11 14:55:00 IST,24464.19921875,2026-08-11 09:25:00,,,,,,SIDEWAYS,NEUTRAL,NO_TRADE,NO_TRADE,30,NO_TRADE,,No trade warranted,0.0,0.0
445,2026-08-11 15:00:00 IST,24472.19921875,2026-08-11 09:30:00,,,,,,SIDEWAYS,NEUTRAL,NO_TRADE,NO_TRADE,30,NO_TRADE,,No trade warranted,0.0,0.0
446,2026-08-11 15:05:00 IST,24454.599609375,2026-08-11 09:35:00,,,,,,SIDEWAYS,NEUTRAL,NO_TRADE,NO_TRADE,30,NO_TRADE,,No trade warranted,0.0,0.0
447,2026-08-11 15:10:00 IST,24450.0,2026-08-11 09:40:00,,,,,,SIDEWAYS,NEUTRAL,NO_TRADE,NO_TRADE,30,NO_TRADE,,No trade warranted,0.0,0.0
448,2026-08-11 15:15:00 IST,24450.25,2026-08-11 09:45:00,,,,,,SIDEWAYS,NEUTRAL,NO_TRADE,NO_TRADE,30,NO_TRADE,,No trade warranted,0.0,0.0
449,2026-08-11 15:20:00 IST,24450.25,2026-08-11 09:50:00,,,,,,SIDEWAYS,NEUTRAL,NO_TRADE,NO_TRADE,30,NO_TRADE,,No trade warranted,0.0,0.0
450,2026-08-11 15:25:00 IST,24471.69921875,2026-08-11 09:55:00,,,,,,SIDEWAYS,NEUTRAL,NO_TRADE,NO_TRADE,30,NO_TRADE,,No trade warranted,0.0,0.0
451,2026-08-12 09:15:00 IST,24407.900390625,2026-08-12 03:45:00,,,,,,SIDEWAYS,NEUTRAL,NO_TRADE,NO_TRADE,50,NO_TRADE,,No trade warranted,0.0,0.0
452,2026-08-12 09:20:00 IST,24422.900390625,2026-08-12 03:50:00,,,,,,SIDEWAYS,NEUTRAL,NO_TRADE,NO_TRADE,50,NO_TRADE,,No trade warranted,0.0,0.0
453,2026-08-12 09:25:00 IST,24457.25,2026-08-12 03:55:00,,,,,,SIDEWAYS,NEUTRAL,NO_TRADE,NO_TRADE,50,NO_TRADE,,No trade warranted,0.0,0.0
454,2026-08-12 09:30:00 IST,24440.69921875,2026-08-12 04:00:00,,,,,,SIDEWAYS,NEUTRAL,NO_TRADE,NO_TRADE,50,NO_TRADE,,No trade warranted,0.0,0.0
455,2026-08-12 09:35:00 IST,24428.19921875,2026-08-12 04:05:00,,,,,,SIDEWAYS,NEUTRAL,NO_TRADE,NO_TRADE,50,NO_TRADE,,No trade warranted,0.0,0.0
456,2026-08-12 09:40:00 IST,24428.150390625,2026-08-12 04:10:00,,,,,,SIDEWAYS,NEUTRAL,NO_TRADE,NO_TRADE,50,NO_TRADE,,No trade warranted,0.0,0.0
457,2026-08-12 09:45:00 IST,24401.80078125,2026-08-12 04:15:00,,,,,,SIDEWAYS,NEUTRAL,NO_TRADE,NO_TRADE,50,NO_TRADE,,No trade warranted,0.0,0.0
458,2026-08-12 09:50:00 IST,24409.599609375,2026-08-12 04:20:00,,,,,,SIDEWAYS,NEUTRAL,NO_TRADE,NO_TRADE,50,NO_TRADE,,No trade warranted,0.0,0.0
459,2026-08-12 09:55:00 IST,24377.94921875,2026-08-12 04:25:00,,,,,,SIDEWAYS,NEUTRAL,NO_TRADE,NO_TRADE,50,NO_TRADE,,No trade warranted,0.0,0.0
460,2026-08-12 10:00:00 IST,24362.900390625,2026-08-12 04:30:00,,,,,,SIDEWAYS,NEUTRAL,NO_TRADE,NO_TRADE,50,NO_TRADE,,No trade warranted,0.0,0.0
461,2026-08-12 10:05:00 IST,24364.75,2026-08-12 04:35:00,,,,,,SIDEWAYS,NEUTRAL,NO_TRADE,NO_TRADE,50,NO_TRADE,,No trade warranted,0.0,0.0
462,2026-08-12 10:10:00 IST,24365.30078125,2026-08-12 04:40:00,,,,,,SIDEWAYS,NEUTRAL,NO_TRADE,NO_TRADE,50,NO_TRADE,,No trade warranted,0.0,0.0
463,2026-08-12 10:15:00 IST,24373.099609375,2026-08-12 04:45:00,,,,,,SIDEWAYS,NEUTRAL,NO_TRADE,NO_TRADE,50,NO_TRADE,,No trade warranted,0.0,0.0
464,2026-08-12 10:20:00 IST,24374.349609375,2026-08-12 04:50:00,,,,,,SIDEWAYS,NEUTRAL,NO_TRADE,NO_TRADE,50,NO_TRADE,,No trade warranted,0.0,0.0
465,2026-08-12 10:25:00 IST,24371.900390625,2026-08-12 04:55:00,,,,,,SIDEWAYS,NEUTRAL,NO_TRADE,NO_TRADE,50,NO_TRADE,,No trade warranted,0.0,0.0
466,2026-08-12 10:30:00 IST,24394.650390625,2026-08-12 05:00:00,,,,,,SIDEWAYS,NEUTRAL,NO_TRADE,NO_TRADE,50,NO_TRADE,,No trade warranted,0.0,0.0
467,2026-08-12 10:35:00 IST,24386.25,2026-08-12 05:05:00,,,,,,VOLATILE_EXPANSION,MIXED,NO_TRADE,NO_TRADE,40,NO_TRADE,,No trade warranted,0.0,0.0
468,2026-08-12 10:40:00 IST,24375.650390625,2026-08-12 05:10:00,,,,,,VOLATILE_EXPANSION,MIXED,NO_TRADE,NO_TRADE,40,NO_TRADE,,No trade warranted,0.0,0.0
469,2026-08-12 10:45:00 IST,24357.25,2026-08-12 05:15:00,,,,,,VOLATILE_EXPANSION,MIXED,NO_TRADE,NO_TRADE,40,NO_TRADE,,No trade warranted,0.0,0.0
470,2026-08-12 10:50:00 IST,24359.5,2026-08-12 05:20:00,,,,,,VOLATILE_EXPANSION,MIXED,NO_TRADE,NO_TRADE,40,NO_TRADE,,No trade warranted,0.0,0.0
471,2026-08-12 10:55:00 IST,24318.30078125,2026-08-12 05:25:00,,,,,,VOLATILE_EXPANSION,MIXED,NO_TRADE,NO_TRADE,40,NO_TRADE,,No trade warranted,0.0,0.0
472,2026-08-12 11:00:00 IST,24299.94921875,2026-08-12 05:30:00,,,,,,VOLATILE_EXPANSION,MIXED,NO_TRADE,NO_TRADE,40,NO_TRADE,,No trade warranted,0.0,0.0
473,2026-08-12 11:05:00 IST,24305.849609375,2026-08-12 05:35:00,,,,,,VOLATILE_EXPANSION,MIXED,NO_TRADE,NO_TRADE,40,NO_TRADE,,No trade warranted,0.0,0.0
474,2026-08-12 11:10:00 IST,24302.400390625,2026-08-12 05:40:00,,,,,,VOLATILE_EXPANSION,MIXED,NO_TRADE,NO_TRADE,40,NO_TRADE,,No trade warranted,0.0,0.0
475,2026-08-12 11:15:00 IST,24307.349609375,2026-08-12 05:45:00,,,,,,VOLATILE_EXPANSION,MIXED,NO_TRADE,NO_TRADE,40,NO_TRADE,,No trade warranted,0.0,0.0
476,2026-08-12 11:20:00 IST,24303.55078125,2026-08-12 05:50:00,,,,,,VOLATILE_EXPANSION,MIXED,NO_TRADE,NO_TRADE,40,NO_TRADE,,No trade warranted,0.0,0.0
477,2026-08-12 11:25:00 IST,24296.94921875,2026-08-12 05:55:00,,,,,,VOLATILE_EXPANSION,MIXED,NO_TRADE,NO_TRADE,40,NO_TRADE,,No trade warranted,0.0,0.0
478,2026-08-12 11:30:00 IST,24301.69921875,2026-08-12 06:00:00,,,,,,VOLATILE_EXPANSION,MIXED,NO_TRADE,NO_TRADE,40,NO_TRADE,,No trade warranted,0.0,0.0
479,2026-08-12 11:35:00 IST,24285.94921875,2026-08-12 06:05:00,,,,,,VOLATILE_EXPANSION,MIXED,NO_TRADE,NO_TRADE,40,NO_TRADE,,No trade warranted,0.0,0.0
480,2026-08-12 11:40:00 IST,24293.69921875,2026-08-12 06:10:00,,,,,,VOLATILE_EXPANSION,MIXED,NO_TRADE,NO_TRADE,40,NO_TRADE,,No trade warranted,0.0,0.0
481,2026-08-12 11:45:00 IST,24291.099609375,2026-08-12 06:15:00,,,,,,VOLATILE_EXPANSION,MIXED,NO_TRADE,NO_TRADE,40,NO_TRADE,,No trade warranted,0.0,0.0
482,2026-08-12 11:50:00 IST,24281.599609375,2026-08-12 06:20:00,,,,,,VOLATILE_EXPANSION,MIXED,NO_TRADE,NO_TRADE,40,NO_TRADE,,No trade warranted,0.0,0.0
483,2026-08-12 11:55:00 IST,24279.55078125,2026-08-12 06:25:00,,,,,,VOLATILE_EXPANSION,MIXED,NO_TRADE,NO_TRADE,40,NO_TRADE,,No trade warranted,0.0,0.0
484,2026-08-12 12:00:00 IST,24272.75,2026-08-12 06:30:00,,,,,,VOLATILE_EXPANSION,MIXED,NO_TRADE,NO_TRADE,40,NO_TRADE,,No trade warranted,0.0,0.0
485,2026-08-12 12:05:00 IST,24272.349609375,2026-08-12 06:35:00,,,,,,VOLATILE_EXPANSION,MIXED,NO_TRADE,NO_TRADE,40,NO_TRADE,,No trade warranted,0.0,0.0
486,2026-08-12 12:10:00 IST,24267.099609375,2026-08-12 06:40:00,,,,,,VOLATILE_EXPANSION,MIXED,NO_TRADE,NO_TRADE,40,NO_TRADE,,No trade warranted,0.0,0.0
487,2026-08-12 12:15:00 IST,24277.5,2026-08-12 06:45:00,,,,,,VOLATILE_EXPANSION,MIXED,NO_TRADE,NO_TRADE,40,NO_TRADE,,No trade warranted,0.0,0.0
488,2026-08-12 12:20:00 IST,24274.44921875,2026-08-12 06:50:00,,,,,,VOLATILE_EXPANSION,MIXED,NO_TRADE,NO_TRADE,40,NO_TRADE,,No trade warranted,0.0,0.0
489,2026-08-12 12:25:00 IST,24281.30078125,2026-08-12 06:55:00,,,,,,VOLATILE_EXPANSION,MIXED,NO_TRADE,NO_TRADE,40,NO_TRADE,,No trade warranted,0.0,0.0
490,2026-08-12 12:30:00 IST,24288.599609375,2026-08-12 07:00:00,,,,,,VOLATILE_EXPANSION,MIXED,NO_TRADE,NO_TRADE,40,NO_TRADE,,No trade warranted,0.0,0.0
491,2026-08-12 12:35:00 IST,24289.75,2026-08-12 07:05:00,,,,,,SIDEWAYS,NEUTRAL,NO_TRADE,NO_TRADE,50,NO_TRADE,,No trade warranted,0.0,0.0
492,2026-08-12 12:40:00 IST,24283.099609375,2026-08-12 07:10:00,,,,,,SIDEWAYS,NEUTRAL,NO_TRADE,NO_TRADE,50,NO_TRADE,,No trade warranted,0.0,0.0
493,2026-08-12 12:45:00 IST,24283.19921875,2026-08-12 07:15:00,,,,,,SIDEWAYS,NEUTRAL,NO_TRADE,NO_TRADE,50,NO_TRADE,,No trade warranted,0.0,0.0
494,2026-08-12 12:50:00 IST,24275.69921875,2026-08-12 07:20:00,,,,,,SIDEWAYS,NEUTRAL,NO_TRADE,NO_TRADE,50,NO_TRADE,,No trade warranted,0.0,0.0
495,2026-08-12 12:55:00 IST,24275.900390625,2026-08-12 07:25:00,,,,,,SIDEWAYS,NEUTRAL,NO_TRADE,NO_TRADE,50,NO_TRADE,,No trade warranted,0.0,0.0
496,2026-08-12 13:00:00 IST,24281.69921875,2026-08-12 07:30:00,,,,,,SIDEWAYS,NEUTRAL,NO_TRADE,NO_TRADE,50,NO_TRADE,,No trade warranted,0.0,0.0
497,2026-08-12 13:05:00 IST,24281.099609375,2026-08-12 07:35:00,,,,,,VOLATILE_EXPANSION,MIXED,NO_TRADE,NO_TRADE,40,NO_TRADE,,No trade warranted,0.0,0.0
498,2026-08-12 13:10:00 IST,24287.94921875,2026-08-12 07:40:00,,,,,,VOLATILE_EXPANSION,MIXED,NO_TRADE,NO_TRADE,40,NO_TRADE,,No trade warranted,0.0,0.0
499,2026-08-12 13:15:00 IST,24296.75,2026-08-12 07:45:00,,,,,,VOLATILE_EXPANSION,MIXED,NO_TRADE,NO_TRADE,40,NO_TRADE,,No trade warranted,0.0,0.0
500,2026-08-12 13:20:00 IST,24296.0,2026-08-12 07:50:00,,,,,,VOLATILE_EXPANSION,MIXED,NO_TRADE,NO_TRADE,40,NO_TRADE,,No trade warranted,0.0,0.0
501,2026-08-12 13:25:00 IST,24291.55078125,2026-08-12 07:55:00,,,,,,VOLATILE_EXPANSION,MIXED,NO_TRADE,NO_TRADE,40,NO_TRADE,,No trade warranted,0.0,0.0
502,2026-08-12 13:30:00 IST,24293.44921875,2026-08-12 08:00:00,,,,,,VOLATILE_EXPANSION,MIXED,NO_TRADE,NO_TRADE,40,NO_TRADE,,No trade warranted,0.0,0.0
503,2026-08-12 13:35:00 IST,24293.5,2026-08-12 08:05:00,,,,,,VOLATILE_EXPANSION,MIXED,NO_TRADE,NO_TRADE,40,NO_TRADE,,No trade warranted,0.0,0.0
504,2026-08-12 13:40:00 IST,24289.30078125,2026-08-12 08:10:00,,,,,,SIDEWAYS,NEUTRAL,NO_TRADE,NO_TRADE,30,NO_TRADE,,No trade warranted,0.0,0.0
505,2026-08-12 13:45:00 IST,24289.099609375,2026-08-12 08:15:00,,,,,,SIDEWAYS,NEUTRAL,NO_TRADE,NO_TRADE,30,NO_TRADE,,No trade warranted,0.0,0.0
506,2026-08-12 13:50:00 IST,24286.599609375,2026-08-12 08:20:00,,,,,,SIDEWAYS,NEUTRAL,NO_TRADE,NO_TRADE,30,NO_TRADE,,No trade warranted,0.0,0.0
507,2026-08-12 13:55:00 IST,24286.44921875,2026-08-12 08:25:00,,,,,,SIDEWAYS,NEUTRAL,NO_TRADE,NO_TRADE,30,NO_TRADE,,No trade warranted,0.0,0.0
508,2026-08-12 14:00:00 IST,24278.55078125,2026-08-12 08:30:00,,,,,,SIDEWAYS,NEUTRAL,NO_TRADE,NO_TRADE,30,NO_TRADE,,No trade warranted,0.0,0.0
509,2026-08-12 14:05:00 IST,24284.30078125,2026-08-12 08:35:00,,,,,,SIDEWAYS,NEUTRAL,NO_TRADE,NO_TRADE,30,NO_TRADE,,No trade warranted,0.0,0.0
510,2026-08-12 14:10:00 IST,24278.400390625,2026-08-12 08:40:00,,,,,,SIDEWAYS,NEUTRAL,NO_TRADE,NO_TRADE,30,NO_TRADE,,No trade warranted,0.0,0.0
511,2026-08-12 14:15:00 IST,24290.0,2026-08-12 08:45:00,,,,,,SIDEWAYS,NEUTRAL,NO_TRADE,NO_TRADE,50,NO_TRADE,,No trade warranted,0.0,0.0
512,2026-08-12 14:20:00 IST,24290.44921875,2026-08-12 08:50:00,,,,,,SIDEWAYS,NEUTRAL,NO_TRADE,NO_TRADE,50,NO_TRADE,,No trade warranted,0.0,0.0
513,2026-08-12 14:25:00 IST,24297.5,2026-08-12 08:55:00,,,,,,SIDEWAYS,NEUTRAL,NO_TRADE,NO_TRADE,50,NO_TRADE,,No trade warranted,0.0,0.0
514,2026-08-12 14:30:00 IST,24321.94921875,2026-08-12 09:00:00,2026-08-12 15:25:00 IST,24435.94921875,2026-08-12 09:55:00,,55,SIDEWAYS_TO_BULLISH,MILD_BULLISH,MILD_DIRECTIONAL,CONDITIONAL,40,WIN,0.4687,EOD: Price moved in predicted direction,0.4687,-0.0257
515,2026-08-12 14:35:00 IST,24315.69921875,2026-08-12 09:05:00,,,,,,SIDEWAYS,NEUTRAL,NO_TRADE,NO_TRADE,30,NO_TRADE,,No trade warranted,0.0,0.0
516,2026-08-12 14:40:00 IST,24325.94921875,2026-08-12 09:10:00,,,,,,SIDEWAYS,NEUTRAL,NO_TRADE,NO_TRADE,30,NO_TRADE,,No trade warranted,0.0,0.0
517,2026-08-12 14:45:00 IST,24322.900390625,2026-08-12 09:15:00,,,,,,SIDEWAYS,NEUTRAL,NO_TRADE,NO_TRADE,30,NO_TRADE,,No trade warranted,0.0,0.0
518,2026-08-12 14:50:00 IST,24373.94921875,2026-08-12 09:20:00,,,,,,SIDEWAYS,NEUTRAL,NO_TRADE,NO_TRADE,30,NO_TRADE,,No trade warranted,0.0,0.0
519,2026-08-12 14:55:00 IST,24370.05078125,2026-08-12 09:25:00,,,,,,SIDEWAYS,NEUTRAL,NO_TRADE,NO_TRADE,30,NO_TRADE,,No trade warranted,0.0,0.0
520,2026-08-12 15:00:00 IST,24364.0,2026-08-12 09:30:00,,,,,,SIDEWAYS,NEUTRAL,NO_TRADE,NO_TRADE,30,NO_TRADE,,No trade warranted,0.0,0.0
521,2026-08-12 15:05:00 IST,24355.75,2026-08-12 09:35:00,,,,,,SIDEWAYS,NEUTRAL,NO_TRADE,NO_TRADE,30,NO_TRADE,,No trade warranted,0.0,0.0
522,2026-08-12 15:10:00 IST,24369.30078125,2026-08-12 09:40:00,,,,,,SIDEWAYS,NEUTRAL,NO_TRADE,NO_TRADE,30,NO_TRADE,,No trade warranted,0.0,0.0
523,2026-08-12 15:15:00 IST,24361.69921875,2026-08-12 09:45:00,,,,,,SIDEWAYS,NEUTRAL,NO_TRADE,NO_TRADE,30,NO_TRADE,,No trade warranted,0.0,0.0
524,2026-08-12 15:20:00 IST,24361.69921875,2026-08-12 09:50:00,,,,,,SIDEWAYS,NEUTRAL,NO_TRADE,NO_TRADE,30,NO_TRADE,,No trade warranted,0.0,0.0
525,2026-08-12 15:25:00 IST,24435.94921875,2026-08-12 09:55:00,,,,,,SIDEWAYS,NEUTRAL,NO_TRADE,NO_TRADE,30,NO_TRADE,,No trade warranted,0.0,0.0
526,2026-08-13 09:15:00 IST,24342.55078125,2026-08-13 03:45:00,,,,,,SIDEWAYS,NEUTRAL,NO_TRADE,NO_TRADE,50,NO_TRADE,,No trade warranted,0.0,0.0
527,2026-08-13 09:20:00 IST,24348.19921875,2026-08-13 03:50:00,,,,,,SIDEWAYS,NEUTRAL,NO_TRADE,NO_TRADE,50,NO_TRADE,,No trade warranted,0.0,0.0
528,2026-08-13 09:25:00 IST,24339.150390625,2026-08-13 03:55:00,,,,,,SIDEWAYS,NEUTRAL,NO_TRADE,NO_TRADE,50,NO_TRADE,,No trade warranted,0.0,0.0
529,2026-08-13 09:30:00 IST,24324.349609375,2026-08-13 04:00:00,,,,,,SIDEWAYS,NEUTRAL,NO_TRADE,NO_TRADE,50,NO_TRADE,,No trade warranted,0.0,0.0
530,2026-08-13 09:35:00 IST,24339.650390625,2026-08-13 04:05:00,,,,,,SIDEWAYS,NEUTRAL,NO_TRADE,NO_TRADE,50,NO_TRADE,,No trade warranted,0.0,0.0
531,2026-08-13 09:40:00 IST,24346.349609375,2026-08-13 04:10:00,,,,,,SIDEWAYS,NEUTRAL,NO_TRADE,NO_TRADE,50,NO_TRADE,,No trade warranted,0.0,0.0
532,2026-08-13 09:45:00 IST,24349.55078125,2026-08-13 04:15:00,,,,,,SIDEWAYS,NEUTRAL,NO_TRADE,NO_TRADE,50,NO_TRADE,,No trade warranted,0.0,0.0
533,2026-08-13 09:50:00 IST,24354.44921875,2026-08-13 04:20:00,,,,,,SIDEWAYS,NEUTRAL,NO_TRADE,NO_TRADE,50,NO_TRADE,,No trade warranted,0.0,0.0
534,2026-08-13 09:55:00 IST,24351.55078125,2026-08-13 04:25:00,,,,,,SIDEWAYS,NEUTRAL,NO_TRADE,NO_TRADE,50,NO_TRADE,,No trade warranted,0.0,0.0
535,2026-08-13 10:00:00 IST,24342.80078125,2026-08-13 04:30:00,,,,,,SIDEWAYS,NEUTRAL,NO_TRADE,NO_TRADE,50,NO_TRADE,,No trade warranted,0.0,0.0
536,2026-08-13 10:05:00 IST,24337.19921875,2026-08-13 04:35:00,,,,,,SIDEWAYS,NEUTRAL,NO_TRADE,NO_TRADE,50,NO_TRADE,,No trade warranted,0.0,0.0
537,2026-08-13 10:10:00 IST,24343.55078125,2026-08-13 04:40:00,,,,,,SIDEWAYS,NEUTRAL,NO_TRADE,NO_TRADE,50,NO_TRADE,,No trade warranted,0.0,0.0
538,2026-08-13 10:15:00 IST,24336.599609375,2026-08-13 04:45:00,,,,,,SIDEWAYS,NEUTRAL,NO_TRADE,NO_TRADE,50,NO_TRADE,,No trade warranted,0.0,0.0
539,2026-08-13 10:20:00 IST,24329.150390625,2026-08-13 04:50:00,,,,,,SIDEWAYS,NEUTRAL,NO_TRADE,NO_TRADE,50,NO_TRADE,,No trade warranted,0.0,0.0
540,2026-08-13 10:25:00 IST,24319.150390625,2026-08-13 04:55:00,,,,,,VOLATILE_EXPANSION,MIXED,NO_TRADE,NO_TRADE,40,NO_TRADE,,No trade warranted,0.0,0.0
541,2026-08-13 10:30:00 IST,24322.05078125,2026-08-13 05:00:00,,,,,,VOLATILE_EXPANSION,MIXED,NO_TRADE,NO_TRADE,40,NO_TRADE,,No trade warranted,0.0,0.0
542,2026-08-13 10:35:00 IST,24327.099609375,2026-08-13 05:05:00,,,,,,VOLATILE_EXPANSION,MIXED,NO_TRADE,NO_TRADE,40,NO_TRADE,,No trade warranted,0.0,0.0
543,2026-08-13 10:40:00 IST,24330.80078125,2026-08-13 05:10:00,,,,,,SIDEWAYS,NEUTRAL,NO_TRADE,NO_TRADE,50,NO_TRADE,,No trade warranted,0.0,0.0
544,2026-08-13 10:45:00 IST,24339.650390625,2026-08-13 05:15:00,,,,,,SIDEWAYS,NEUTRAL,NO_TRADE,NO_TRADE,50,NO_TRADE,,No trade warranted,0.0,0.0
545,2026-08-13 10:50:00 IST,24339.44921875,2026-08-13 05:20:00,,,,,,SIDEWAYS,NEUTRAL,NO_TRADE,NO_TRADE,50,NO_TRADE,,No trade warranted,0.0,0.0
546,2026-08-13 10:55:00 IST,24338.25,2026-08-13 05:25:00,,,,,,SIDEWAYS,NEUTRAL,NO_TRADE,NO_TRADE,50,NO_TRADE,,No trade warranted,0.0,0.0
547,2026-08-13 11:00:00 IST,24325.80078125,2026-08-13 05:30:00,,,,,,VOLATILE_EXPANSION,MIXED,NO_TRADE,NO_TRADE,40,NO_TRADE,,No trade warranted,0.0,0.0
548,2026-08-13 11:05:00 IST,24324.5,2026-08-13 05:35:00,,,,,,VOLATILE_EXPANSION,MIXED,NO_TRADE,NO_TRADE,40,NO_TRADE,,No trade warranted,0.0,0.0
549,2026-08-13 11:10:00 IST,24319.05078125,2026-08-13 05:40:00,,,,,,VOLATILE_EXPANSION,MIXED,NO_TRADE,NO_TRADE,40,NO_TRADE,,No trade warranted,0.0,0.0
550,2026-08-13 11:15:00 IST,24324.650390625,2026-08-13 05:45:00,,,,,,VOLATILE_EXPANSION,MIXED,NO_TRADE,NO_TRADE,40,NO_TRADE,,No trade warranted,0.0,0.0
551,2026-08-13 11:20:00 IST,24327.25,2026-08-13 05:50:00,,,,,,SIDEWAYS,NEUTRAL,NO_TRADE,NO_TRADE,50,NO_TRADE,,No trade warranted,0.0,0.0
552,2026-08-13 11:25:00 IST,24338.80078125,2026-08-13 05:55:00,,,,,,SIDEWAYS,NEUTRAL,NO_TRADE,NO_TRADE,50,NO_TRADE,,No trade warranted,0.0,0.0
553,2026-08-13 11:30:00 IST,24345.44921875,2026-08-13 06:00:00,,,,,,SIDEWAYS,NEUTRAL,NO_TRADE,NO_TRADE,50,NO_TRADE,,No trade warranted,0.0,0.0
554,2026-08-13 11:35:00 IST,24358.5,2026-08-13 06:05:00,,,,,,VOLATILE_EXPANSION,MIXED,NO_TRADE,NO_TRADE,40,NO_TRADE,,No trade warranted,0.0,0.0
555,2026-08-13 11:40:00 IST,24350.05078125,2026-08-13 06:10:00,,,,,,VOLATILE_EXPANSION,MIXED,NO_TRADE,NO_TRADE,40,NO_TRADE,,No trade warranted,0.0,0.0
556,2026-08-13 11:45:00 IST,24357.19921875,2026-08-13 06:15:00,,,,,,VOLATILE_EXPANSION,MIXED,NO_TRADE,NO_TRADE,40,NO_TRADE,,No trade warranted,0.0,0.0
557,2026-08-13 11:50:00 IST,24357.44921875,2026-08-13 06:20:00,,,,,,VOLATILE_EXPANSION,MIXED,NO_TRADE,NO_TRADE,40,NO_TRADE,,No trade warranted,0.0,0.0
558,2026-08-13 11:55:00 IST,24386.44921875,2026-08-13 06:25:00,,,,,,VOLATILE_EXPANSION,MIXED,NO_TRADE,NO_TRADE,40,NO_TRADE,,No trade warranted,0.0,0.0
559,2026-08-13 12:00:00 IST,24407.55078125,2026-08-13 06:30:00,,,,,,VOLATILE_EXPANSION,MIXED,NO_TRADE,NO_TRADE,40,NO_TRADE,,No trade warranted,0.0,0.0
560,2026-08-13 12:05:00 IST,24402.849609375,2026-08-13 06:35:00,,,,,,VOLATILE_EXPANSION,MIXED,NO_TRADE,NO_TRADE,40,NO_TRADE,,No trade warranted,0.0,0.0
561,2026-08-13 12:10:00 IST,24395.650390625,2026-08-13 06:40:00,,,,,,VOLATILE_EXPANSION,MIXED,NO_TRADE,NO_TRADE,40,NO_TRADE,,No trade warranted,0.0,0.0
562,2026-08-13 12:15:00 IST,24392.150390625,2026-08-13 06:45:00,,,,,,VOLATILE_EXPANSION,MIXED,NO_TRADE,NO_TRADE,40,NO_TRADE,,No trade warranted,0.0,0.0
563,2026-08-13 12:20:00 IST,24399.19921875,2026-08-13 06:50:00,,,,,,VOLATILE_EXPANSION,MIXED,NO_TRADE,NO_TRADE,40,NO_TRADE,,No trade warranted,0.0,0.0
564,2026-08-13 12:25:00 IST,24393.349609375,2026-08-13 06:55:00,,,,,,VOLATILE_EXPANSION,MIXED,NO_TRADE,NO_TRADE,40,NO_TRADE,,No trade warranted,0.0,0.0
565,2026-08-13 12:30:00 IST,24398.599609375,2026-08-13 07:00:00,,,,,,VOLATILE_EXPANSION,MIXED,NO_TRADE,NO_TRADE,40,NO_TRADE,,No trade warranted,0.0,0.0
566,2026-08-13 12:35:00 IST,24390.400390625,2026-08-13 07:05:00,,,,,,VOLATILE_EXPANSION,MIXED,NO_TRADE,NO_TRADE,40,NO_TRADE,,No trade warranted,0.0,0.0
567,2026-08-13 12:40:00 IST,24391.69921875,2026-08-13 07:10:00,,,,,,VOLATILE_EXPANSION,MIXED,NO_TRADE,NO_TRADE,40,NO_TRADE,,No trade warranted,0.0,0.0
568,2026-08-13 12:45:00 IST,24372.400390625,2026-08-13 07:15:00,,,,,,VOLATILE_EXPANSION,MIXED,NO_TRADE,NO_TRADE,40,NO_TRADE,,No trade warranted,0.0,0.0
569,2026-08-13 12:50:00 IST,24370.099609375,2026-08-13 07:20:00,,,,,,SIDEWAYS,NEUTRAL,NO_TRADE,NO_TRADE,50,NO_TRADE,,No trade warranted,0.0,0.0
570,2026-08-13 12:55:00 IST,24369.150390625,2026-08-13 07:25:00,,,,,,SIDEWAYS,NEUTRAL,NO_TRADE,NO_TRADE,50,NO_TRADE,,No trade warranted,0.0,0.0
571,2026-08-13 13:00:00 IST,24361.55078125,2026-08-13 07:30:00,,,,,,SIDEWAYS,NEUTRAL,NO_TRADE,NO_TRADE,50,NO_TRADE,,No trade warranted,0.0,0.0
572,2026-08-13 13:05:00 IST,24367.150390625,2026-08-13 07:35:00,,,,,,SIDEWAYS,NEUTRAL,NO_TRADE,NO_TRADE,50,NO_TRADE,,No trade warranted,0.0,0.0
573,2026-08-13 13:10:00 IST,24362.25,2026-08-13 07:40:00,,,,,,VOLATILE_EXPANSION,MIXED,NO_TRADE,NO_TRADE,40,NO_TRADE,,No trade warranted,0.0,0.0
574,2026-08-13 13:15:00 IST,24355.25,2026-08-13 07:45:00,,,,,,VOLATILE_EXPANSION,MIXED,NO_TRADE,NO_TRADE,40,NO_TRADE,,No trade warranted,0.0,0.0
575,2026-08-13 13:20:00 IST,24356.19921875,2026-08-13 07:50:00,,,,,,SIDEWAYS,NEUTRAL,NO_TRADE,NO_TRADE,30,NO_TRADE,,No trade warranted,0.0,0.0
576,2026-08-13 13:25:00 IST,24356.75,2026-08-13 07:55:00,,,,,,SIDEWAYS,NEUTRAL,NO_TRADE,NO_TRADE,30,NO_TRADE,,No trade warranted,0.0,0.0
577,2026-08-13 13:30:00 IST,24351.349609375,2026-08-13 08:00:00,,,,,,SIDEWAYS,NEUTRAL,NO_TRADE,NO_TRADE,30,NO_TRADE,,No trade warranted,0.0,0.0
578,2026-08-13 13:35:00 IST,24363.44921875,2026-08-13 08:05:00,,,,,,VOLATILE_EXPANSION,MIXED,NO_TRADE,NO_TRADE,40,NO_TRADE,,No trade warranted,0.0,0.0
579,2026-08-13 13:40:00 IST,24383.80078125,2026-08-13 08:10:00,,,,,,SIDEWAYS,NEUTRAL,NO_TRADE,NO_TRADE,30,NO_TRADE,,No trade warranted,0.0,0.0
580,2026-08-13 13:45:00 IST,24377.349609375,2026-08-13 08:15:00,,,,,,SIDEWAYS,NEUTRAL,NO_TRADE,NO_TRADE,30,NO_TRADE,,No trade warranted,0.0,0.0
581,2026-08-13 13:50:00 IST,24385.349609375,2026-08-13 08:20:00,,,,,,SIDEWAYS,NEUTRAL,NO_TRADE,NO_TRADE,30,NO_TRADE,,No trade warranted,0.0,0.0
582,2026-08-13 13:55:00 IST,24394.150390625,2026-08-13 08:25:00,2026-08-13 15:25:00 IST,24395.849609375,2026-08-13 09:55:00,,90,SIDEWAYS_TO_BULLISH,MILD_BULLISH,MILD_DIRECTIONAL,CONDITIONAL,40,WIN,0.007,EOD: Price moved in predicted direction,0.007,-0.3487
583,2026-08-13 14:00:00 IST,24378.150390625,2026-08-13 08:30:00,,,,,,SIDEWAYS,NEUTRAL,NO_TRADE,NO_TRADE,30,NO_TRADE,,No trade warranted,0.0,0.0
584,2026-08-13 14:05:00 IST,24359.0,2026-08-13 08:35:00,,,,,,SIDEWAYS,NEUTRAL,NO_TRADE,NO_TRADE,30,NO_TRADE,,No trade warranted,0.0,0.0
585,2026-08-13 14:10:00 IST,24356.05078125,2026-08-13 08:40:00,,,,,,SIDEWAYS,NEUTRAL,NO_TRADE,NO_TRADE,30,NO_TRADE,,No trade warranted,0.0,0.0
586,2026-08-13 14:15:00 IST,24360.80078125,2026-08-13 08:45:00,,,,,,SIDEWAYS,NEUTRAL,NO_TRADE,NO_TRADE,30,NO_TRADE,,No trade warranted,0.0,0.0
587,2026-08-13 14:20:00 IST,24372.80078125,2026-08-13 08:50:00,,,,,,SIDEWAYS,NEUTRAL,NO_TRADE,NO_TRADE,30,NO_TRADE,,No trade warranted,0.0,0.0
588,2026-08-13 14:25:00 IST,24371.650390625,2026-08-13 08:55:00,,,,,,SIDEWAYS,NEUTRAL,NO_TRADE,NO_TRADE,30,NO_TRADE,,No trade warranted,0.0,0.0
589,2026-08-13 14:30:00 IST,24361.099609375,2026-08-13 09:00:00,,,,,,SIDEWAYS,NEUTRAL,NO_TRADE,NO_TRADE,30,NO_TRADE,,No trade warranted,0.0,0.0
590,2026-08-13 14:35:00 IST,24365.400390625,2026-08-13 09:05:00,,,,,,SIDEWAYS,NEUTRAL,NO_TRADE,NO_TRADE,50,NO_TRADE,,No trade warranted,0.0,0.0
591,2026-08-13 14:40:00 IST,24359.849609375,2026-08-13 09:10:00,,,,,,SIDEWAYS,NEUTRAL,NO_TRADE,NO_TRADE,30,NO_TRADE,,No trade warranted,0.0,0.0
592,2026-08-13 14:45:00 IST,24352.25,2026-08-13 09:15:00,,,,,,SIDEWAYS,NEUTRAL,NO_TRADE,NO_TRADE,30,NO_TRADE,,No trade warranted,0.0,0.0
593,2026-08-13 14:50:00 IST,24351.900390625,2026-08-13 09:20:00,2026-08-13 15:25:00 IST,24395.849609375,2026-08-13 09:55:00,,35,SIDEWAYS_TO_BEARISH,MILD_BEARISH,MILD_DIRECTIONAL,CONDITIONAL,40,LOSS,0.1805,EOD: Price moved against predicted direction,0.1805,-0.1758
594,2026-08-13 14:55:00 IST,24344.44921875,2026-08-13 09:25:00,,,,,,SIDEWAYS,NEUTRAL,NO_TRADE,NO_TRADE,30,NO_TRADE,,No trade warranted,0.0,0.0
595,2026-08-13 15:00:00 IST,24356.94921875,2026-08-13 09:30:00,,,,,,SIDEWAYS,NEUTRAL,NO_TRADE,NO_TRADE,30,NO_TRADE,,No trade warranted,0.0,0.0
596,2026-08-13 15:05:00 IST,24347.75,2026-08-13 09:35:00,,,,,,SIDEWAYS,NEUTRAL,NO_TRADE,NO_TRADE,30,NO_TRADE,,No trade warranted,0.0,0.0
597,2026-08-13 15:10:00 IST,24352.69921875,2026-08-13 09:40:00,,,,,,SIDEWAYS,NEUTRAL,NO_TRADE,NO_TRADE,30,NO_TRADE,,No trade warranted,0.0,0.0
598,2026-08-13 15:15:00 IST,24353.349609375,2026-08-13 09:45:00,,,,,,SIDEWAYS,NEUTRAL,NO_TRADE,NO_TRADE,30,NO_TRADE,,No trade warranted,0.0,0.0
599,2026-08-13 15:20:00 IST,24353.349609375,2026-08-13 09:50:00,,,,,,SIDEWAYS,NEUTRAL,NO_TRADE,NO_TRADE,30,NO_TRADE,,No trade warranted,0.0,0.0
600,2026-08-13 15:25:00 IST,24395.849609375,2026-08-13 09:55:00,,,,,,SIDEWAYS,NEUTRAL,NO_TRADE,NO_TRADE,30,NO_TRADE,,No trade warranted,0.0,0.0
601,2026-08-14 09:15:00 IST,24322.69921875,2026-08-14 03:45:00,,,,,,SIDEWAYS,NEUTRAL,NO_TRADE,NO_TRADE,50,NO_TRADE,,No trade warranted,0.0,0.0
602,2026-08-14 09:20:00 IST,24324.849609375,2026-08-14 03:50:00,,,,,,SIDEWAYS,NEUTRAL,NO_TRADE,NO_TRADE,50,NO_TRADE,,No trade warranted,0.0,0.0
603,2026-08-14 09:25:00 IST,24309.099609375,2026-08-14 03:55:00,,,,,,SIDEWAYS,NEUTRAL,NO_TRADE,NO_TRADE,50,NO_TRADE,,No trade warranted,0.0,0.0
604,2026-08-14 09:30:00 IST,24325.75,2026-08-14 04:00:00,,,,,,SIDEWAYS,NEUTRAL,NO_TRADE,NO_TRADE,50,NO_TRADE,,No trade warranted,0.0,0.0
605,2026-08-14 09:35:00 IST,24337.650390625,2026-08-14 04:05:00,,,,,,SIDEWAYS,NEUTRAL,NO_TRADE,NO_TRADE,50,NO_TRADE,,No trade warranted,0.0,0.0
606,2026-08-14 09:40:00 IST,24332.05078125,2026-08-14 04:10:00,,,,,,SIDEWAYS,NEUTRAL,NO_TRADE,NO_TRADE,50,NO_TRADE,,No trade warranted,0.0,0.0
607,2026-08-14 09:45:00 IST,24341.599609375,2026-08-14 04:15:00,,,,,,SIDEWAYS,NEUTRAL,NO_TRADE,NO_TRADE,50,NO_TRADE,,No trade warranted,0.0,0.0
608,2026-08-14 09:50:00 IST,24324.69921875,2026-08-14 04:20:00,,,,,,SIDEWAYS,NEUTRAL,NO_TRADE,NO_TRADE,50,NO_TRADE,,No trade warranted,0.0,0.0
609,2026-08-14 09:55:00 IST,24343.55078125,2026-08-14 04:25:00,,,,,,SIDEWAYS,NEUTRAL,NO_TRADE,NO_TRADE,50,NO_TRADE,,No trade warranted,0.0,0.0
610,2026-08-14 10:00:00 IST,24350.69921875,2026-08-14 04:30:00,,,,,,SIDEWAYS,NEUTRAL,NO_TRADE,NO_TRADE,50,NO_TRADE,,No trade warranted,0.0,0.0
611,2026-08-14 10:05:00 IST,24355.150390625,2026-08-14 04:35:00,,,,,,SIDEWAYS,NEUTRAL,NO_TRADE,NO_TRADE,50,NO_TRADE,,No trade warranted,0.0,0.0
612,2026-08-14 10:10:00 IST,24345.44921875,2026-08-14 04:40:00,,,,,,SIDEWAYS,NEUTRAL,NO_TRADE,NO_TRADE,50,NO_TRADE,,No trade warranted,0.0,0.0
613,2026-08-14 10:15:00 IST,24336.900390625,2026-08-14 04:45:00,,,,,,SIDEWAYS,NEUTRAL,NO_TRADE,NO_TRADE,50,NO_TRADE,,No trade warranted,0.0,0.0
614,2026-08-14 10:20:00 IST,24334.05078125,2026-08-14 04:50:00,,,,,,SIDEWAYS,NEUTRAL,NO_TRADE,NO_TRADE,50,NO_TRADE,,No trade warranted,0.0,0.0
615,2026-08-14 10:25:00 IST,24331.25,2026-08-14 04:55:00,,,,,,SIDEWAYS,NEUTRAL,NO_TRADE,NO_TRADE,50,NO_TRADE,,No trade warranted,0.0,0.0
616,2026-08-14 10:30:00 IST,24309.25,2026-08-14 05:00:00,,,,,,SIDEWAYS,NEUTRAL,NO_TRADE,NO_TRADE,50,NO_TRADE,,No trade warranted,0.0,0.0
617,2026-08-14 10:35:00 IST,24321.75,2026-08-14 05:05:00,,,,,,SIDEWAYS,NEUTRAL,NO_TRADE,NO_TRADE,50,NO_TRADE,,No trade warranted,0.0,0.0
618,2026-08-14 10:40:00 IST,24324.69921875,2026-08-14 05:10:00,,,,,,SIDEWAYS,NEUTRAL,NO_TRADE,NO_TRADE,50,NO_TRADE,,No trade warranted,0.0,0.0
619,2026-08-14 10:45:00 IST,24333.80078125,2026-08-14 05:15:00,,,,,,SIDEWAYS,NEUTRAL,NO_TRADE,NO_TRADE,50,NO_TRADE,,No trade warranted,0.0,0.0
620,2026-08-14 10:50:00 IST,24336.69921875,2026-08-14 05:20:00,,,,,,SIDEWAYS,NEUTRAL,NO_TRADE,NO_TRADE,50,NO_TRADE,,No trade warranted,0.0,0.0
621,2026-08-14 10:55:00 IST,24312.19921875,2026-08-14 05:25:00,,,,,,VOLATILE_EXPANSION,MIXED,NO_TRADE,NO_TRADE,40,NO_TRADE,,No trade warranted,0.0,0.0
622,2026-08-14 11:00:00 IST,24320.849609375,2026-08-14 05:30:00,,,,,,VOLATILE_EXPANSION,MIXED,NO_TRADE,NO_TRADE,40,NO_TRADE,,No trade warranted,0.0,0.0
623,2026-08-14 11:05:00 IST,24314.25,2026-08-14 05:35:00,,,,,,VOLATILE_EXPANSION,MIXED,NO_TRADE,NO_TRADE,40,NO_TRADE,,No trade warranted,0.0,0.0
624,2026-08-14 11:10:00 IST,24315.0,2026-08-14 05:40:00,,,,,,VOLATILE_EXPANSION,MIXED,NO_TRADE,NO_TRADE,40,NO_TRADE,,No trade warranted,0.0,0.0
625,2026-08-14 11:15:00 IST,24327.849609375,2026-08-14 05:45:00,,,,,,VOLATILE_EXPANSION,MIXED,NO_TRADE,NO_TRADE,40,NO_TRADE,,No trade warranted,0.0,0.0
626,2026-08-14 11:20:00 IST,24327.69921875,2026-08-14 05:50:00,,,,,,VOLATILE_EXPANSION,MIXED,NO_TRADE,NO_TRADE,40,NO_TRADE,,No trade warranted,0.0,0.0
627,2026-08-14 11:25:00 IST,24315.80078125,2026-08-14 05:55:00,,,,,,VOLATILE_EXPANSION,MIXED,NO_TRADE,NO_TRADE,40,NO_TRADE,,No trade warranted,0.0,0.0
628,2026-08-14 11:30:00 IST,24318.75,2026-08-14 06:00:00,,,,,,VOLATILE_EXPANSION,MIXED,NO_TRADE,NO_TRADE,40,NO_TRADE,,No trade warranted,0.0,0.0
629,2026-08-14 11:35:00 IST,24320.44921875,2026-08-14 06:05:00,,,,,,VOLATILE_EXPANSION,MIXED,NO_TRADE,NO_TRADE,40,NO_TRADE,,No trade warranted,0.0,0.0
630,2026-08-14 11:40:00 IST,24327.69921875,2026-08-14 06:10:00,,,,,,SIDEWAYS,NEUTRAL,NO_TRADE,NO_TRADE,50,NO_TRADE,,No trade warranted,0.0,0.0
631,2026-08-14 11:45:00 IST,24326.94921875,2026-08-14 06:15:00,,,,,,SIDEWAYS,NEUTRAL,NO_TRADE,NO_TRADE,50,NO_TRADE,,No trade warranted,0.0,0.0
632,2026-08-14 11:50:00 IST,24329.75,2026-08-14 06:20:00,,,,,,SIDEWAYS,NEUTRAL,NO_TRADE,NO_TRADE,50,NO_TRADE,,No trade warranted,0.0,0.0
633,2026-08-14 11:55:00 IST,24326.900390625,2026-08-14 06:25:00,,,,,,SIDEWAYS,NEUTRAL,NO_TRADE,NO_TRADE,50,NO_TRADE,,No trade warranted,0.0,0.0
634,2026-08-14 12:00:00 IST,24321.69921875,2026-08-14 06:30:00,,,,,,SIDEWAYS,NEUTRAL,NO_TRADE,NO_TRADE,50,NO_TRADE,,No trade warranted,0.0,0.0
635,2026-08-14 12:05:00 IST,24335.349609375,2026-08-14 06:35:00,,,,,,SIDEWAYS,NEUTRAL,NO_TRADE,NO_TRADE,50,NO_TRADE,,No trade warranted,0.0,0.0
636,2026-08-14 12:10:00 IST,24341.44921875,2026-08-14 06:40:00,,,,,,VOLATILE_EXPANSION,MIXED,NO_TRADE,NO_TRADE,40,NO_TRADE,,No trade warranted,0.0,0.0
637,2026-08-14 12:15:00 IST,24349.0,2026-08-14 06:45:00,,,,,,VOLATILE_EXPANSION,MIXED,NO_TRADE,NO_TRADE,40,NO_TRADE,,No trade warranted,0.0,0.0
638,2026-08-14 12:20:00 IST,24351.650390625,2026-08-14 06:50:00,,,,,,VOLATILE_EXPANSION,MIXED,NO_TRADE,NO_TRADE,40,NO_TRADE,,No trade warranted,0.0,0.0
639,2026-08-14 12:25:00 IST,24347.30078125,2026-08-14 06:55:00,,,,,,VOLATILE_EXPANSION,MIXED,NO_TRADE,NO_TRADE,40,NO_TRADE,,No trade warranted,0.0,0.0
640,2026-08-14 12:30:00 IST,24344.5,2026-08-14 07:00:00,,,,,,SIDEWAYS,NEUTRAL,NO_TRADE,NO_TRADE,50,NO_TRADE,,No trade warranted,0.0,0.0
641,2026-08-14 12:35:00 IST,24340.900390625,2026-08-14 07:05:00,,,,,,VOLATILE_EXPANSION,MIXED,NO_TRADE,NO_TRADE,40,NO_TRADE,,No trade warranted,0.0,0.0
642,2026-08-14 12:40:00 IST,24335.849609375,2026-08-14 07:10:00,,,,,,VOLATILE_EXPANSION,MIXED,NO_TRADE,NO_TRADE,40,NO_TRADE,,No trade warranted,0.0,0.0
643,2026-08-14 12:45:00 IST,24345.30078125,2026-08-14 07:15:00,,,,,,VOLATILE_EXPANSION,MIXED,NO_TRADE,NO_TRADE,40,NO_TRADE,,No trade warranted,0.0,0.0
644,2026-08-14 12:50:00 IST,24350.69921875,2026-08-14 07:20:00,,,,,,VOLATILE_EXPANSION,MIXED,NO_TRADE,NO_TRADE,40,NO_TRADE,,No trade warranted,0.0,0.0
645,2026-08-14 12:55:00 IST,24349.55078125,2026-08-14 07:25:00,,,,,,SIDEWAYS,NEUTRAL,NO_TRADE,NO_TRADE,50,NO_TRADE,,No trade warranted,0.0,0.0
646,2026-08-14 13:00:00 IST,24344.900390625,2026-08-14 07:30:00,,,,,,SIDEWAYS,NEUTRAL,NO_TRADE,NO_TRADE,50,NO_TRADE,,No trade warranted,0.0,0.0
647,2026-08-14 13:05:00 IST,24342.0,2026-08-14 07:35:00,,,,,,SIDEWAYS,NEUTRAL,NO_TRADE,NO_TRADE,50,NO_TRADE,,No trade warranted,0.0,0.0
648,2026-08-14 13:10:00 IST,24346.849609375,2026-08-14 07:40:00,,,,,,VOLATILE_EXPANSION,MIXED,NO_TRADE,NO_TRADE,40,NO_TRADE,,No trade warranted,0.0,0.0
649,2026-08-14 13:15:00 IST,24343.75,2026-08-14 07:45:00,,,,,,SIDEWAYS,NEUTRAL,NO_TRADE,NO_TRADE,50,NO_TRADE,,No trade warranted,0.0,0.0
650,2026-08-14 13:20:00 IST,24343.75,2026-08-14 07:50:00,,,,,,SIDEWAYS,NEUTRAL,NO_TRADE,NO_TRADE,30,NO_TRADE,,No trade warranted,0.0,0.0
651,2026-08-14 13:25:00 IST,24340.55078125,2026-08-14 07:55:00,,,,,,SIDEWAYS,NEUTRAL,NO_TRADE,NO_TRADE,50,NO_TRADE,,No trade warranted,0.0,0.0
652,2026-08-14 13:30:00 IST,24330.05078125,2026-08-14 08:00:00,,,,,,SIDEWAYS,NEUTRAL,NO_TRADE,NO_TRADE,30,NO_TRADE,,No trade warranted,0.0,0.0
653,2026-08-14 13:35:00 IST,24348.30078125,2026-08-14 08:05:00,,,,,,SIDEWAYS,NEUTRAL,NO_TRADE,NO_TRADE,30,NO_TRADE,,No trade warranted,0.0,0.0
654,2026-08-14 13:40:00 IST,24357.349609375,2026-08-14 08:10:00,,,,,,SIDEWAYS,NEUTRAL,NO_TRADE,NO_TRADE,30,NO_TRADE,,No trade warranted,0.0,0.0
655,2026-08-14 13:45:00 IST,24383.69921875,2026-08-14 08:15:00,,,,,,SIDEWAYS,NEUTRAL,NO_TRADE,NO_TRADE,30,NO_TRADE,,No trade warranted,0.0,0.0
656,2026-08-14 13:50:00 IST,24385.599609375,2026-08-14 08:20:00,,,,,,SIDEWAYS,NEUTRAL,NO_TRADE,NO_TRADE,30,NO_TRADE,,No trade warranted,0.0,0.0
657,2026-08-14 13:55:00 IST,24395.0,2026-08-14 08:25:00,,,,,,SIDEWAYS,NEUTRAL,NO_TRADE,NO_TRADE,30,NO_TRADE,,No trade warranted,0.0,0.0
658,2026-08-14 14:00:00 IST,24395.55078125,2026-08-14 08:30:00,,,,,,SIDEWAYS,NEUTRAL,NO_TRADE,NO_TRADE,30,NO_TRADE,,No trade warranted,0.0,0.0
659,2026-08-14 14:05:00 IST,24389.94921875,2026-08-14 08:35:00,,,,,,SIDEWAYS,NEUTRAL,NO_TRADE,NO_TRADE,30,NO_TRADE,,No trade warranted,0.0,0.0
660,2026-08-14 14:10:00 IST,24383.55078125,2026-08-14 08:40:00,,,,,,SIDEWAYS,NEUTRAL,NO_TRADE,NO_TRADE,30,NO_TRADE,,No trade warranted,0.0,0.0
661,2026-08-14 14:15:00 IST,24379.94921875,2026-08-14 08:45:00,,,,,,SIDEWAYS,NEUTRAL,NO_TRADE,NO_TRADE,30,NO_TRADE,,No trade warranted,0.0,0.0
662,2026-08-14 14:20:00 IST,24376.900390625,2026-08-14 08:50:00,,,,,,SIDEWAYS,NEUTRAL,NO_TRADE,NO_TRADE,30,NO_TRADE,,No trade warranted,0.0,0.0
663,2026-08-14 14:25:00 IST,24371.599609375,2026-08-14 08:55:00,2026-08-14 15:25:00 IST,24366.0,2026-08-14 09:55:00,,60,SIDEWAYS_TO_BULLISH,MILD_BULLISH,MILD_DIRECTIONAL,CONDITIONAL,40,LOSS,-0.023,EOD: Price moved against predicted direction,0.0443,-0.0704
664,2026-08-14 14:30:00 IST,24371.599609375,2026-08-14 09:00:00,2026-08-14 15:25:00 IST,24366.0,2026-08-14 09:55:00,,55,SIDEWAYS_TO_BULLISH,MILD_BULLISH,MILD_DIRECTIONAL,CONDITIONAL,40,LOSS,-0.023,EOD: Price moved against predicted direction,0.0443,-0.0704
665,2026-08-14 14:35:00 IST,24369.349609375,2026-08-14 09:05:00,2026-08-14 15:25:00 IST,24366.0,2026-08-14 09:55:00,,50,SIDEWAYS_TO_BULLISH,MILD_BULLISH,MILD_DIRECTIONAL,CONDITIONAL,40,LOSS,-0.0137,EOD: Price moved against predicted direction,0.0536,-0.0611
666,2026-08-14 14:40:00 IST,24369.44921875,2026-08-14 09:10:00,,,,,,SIDEWAYS,NEUTRAL,NO_TRADE,NO_TRADE,30,NO_TRADE,,No trade warranted,0.0,0.0
667,2026-08-14 14:45:00 IST,24366.80078125,2026-08-14 09:15:00,,,,,,VOLATILE_EXPANSION,MIXED,NO_TRADE,NO_TRADE,40,NO_TRADE,,No trade warranted,0.0,0.0
668,2026-08-14 14:50:00 IST,24382.400390625,2026-08-14 09:20:00,,,,,,SIDEWAYS,NEUTRAL,NO_TRADE,NO_TRADE,30,NO_TRADE,,No trade warranted,0.0,0.0
669,2026-08-14 14:55:00 IST,24374.599609375,2026-08-14 09:25:00,,,,,,SIDEWAYS,NEUTRAL,NO_TRADE,NO_TRADE,30,NO_TRADE,,No trade warranted,0.0,0.0
670,2026-08-14 15:00:00 IST,24375.44921875,2026-08-14 09:30:00,,,,,,SIDEWAYS,NEUTRAL,NO_TRADE,NO_TRADE,30,NO_TRADE,,No trade warranted,0.0,0.0
671,2026-08-14 15:05:00 IST,24371.05078125,2026-08-14 09:35:00,,,,,,SIDEWAYS,NEUTRAL,NO_TRADE,NO_TRADE,30,NO_TRADE,,No trade warranted,0.0,0.0
672,2026-08-14 15:10:00 IST,24354.44921875,2026-08-14 09:40:00,,,,,,SIDEWAYS,NEUTRAL,NO_TRADE,NO_TRADE,30,NO_TRADE,,No trade warranted,0.0,0.0
673,2026-08-14 15:15:00 IST,24354.849609375,2026-08-14 09:45:00,,,,,,SIDEWAYS,NEUTRAL,NO_TRADE,NO_TRADE,30,NO_TRADE,,No trade warranted,0.0,0.0
674,2026-08-14 15:20:00 IST,24354.849609375,2026-08-14 09:50:00,,,,,,SIDEWAYS,NEUTRAL,NO_TRADE,NO_TRADE,30,NO_TRADE,,No trade warranted,0.0,0.0
675,2026-08-14 15:25:00 IST,24366.0,2026-08-14 09:55:00,,,,,,SIDEWAYS,NEUTRAL,NO_TRADE,NO_TRADE,50,NO_TRADE,,No trade warranted,0.0,0.0
676,2026-08-17 09:15:00 IST,24306.650390625,2026-08-17 03:45:00,,,,,,SIDEWAYS,NEUTRAL,NO_TRADE,NO_TRADE,50,NO_TRADE,,No trade warranted,0.0,0.0
677,2026-08-17 09:20:00 IST,24303.400390625,2026-08-17 03:50:00,,,,,,SIDEWAYS,NEUTRAL,NO_TRADE,NO_TRADE,50,NO_TRADE,,No trade warranted,0.0,0.0
678,2026-08-17 09:25:00 IST,24306.349609375,2026-08-17 03:55:00,,,,,,SIDEWAYS,NEUTRAL,NO_TRADE,NO_TRADE,50,NO_TRADE,,No trade warranted,0.0,0.0
679,2026-08-17 09:30:00 IST,24287.69921875,2026-08-17 04:00:00,,,,,,SIDEWAYS,NEUTRAL,NO_TRADE,NO_TRADE,50,NO_TRADE,,No trade warranted,0.0,0.0
680,2026-08-17 09:35:00 IST,24293.30078125,2026-08-17 04:05:00,,,,,,SIDEWAYS,NEUTRAL,NO_TRADE,NO_TRADE,50,NO_TRADE,,No trade warranted,0.0,0.0
681,2026-08-17 09:40:00 IST,24301.0,2026-08-17 04:10:00,,,,,,SIDEWAYS,NEUTRAL,NO_TRADE,NO_TRADE,50,NO_TRADE,,No trade warranted,0.0,0.0
682,2026-08-17 09:45:00 IST,24304.650390625,2026-08-17 04:15:00,,,,,,SIDEWAYS,NEUTRAL,NO_TRADE,NO_TRADE,50,NO_TRADE,,No trade warranted,0.0,0.0
683,2026-08-17 09:50:00 IST,24300.30078125,2026-08-17 04:20:00,,,,,,SIDEWAYS,NEUTRAL,NO_TRADE,NO_TRADE,50,NO_TRADE,,No trade warranted,0.0,0.0
684,2026-08-17 09:55:00 IST,24283.849609375,2026-08-17 04:25:00,,,,,,SIDEWAYS,NEUTRAL,NO_TRADE,NO_TRADE,50,NO_TRADE,,No trade warranted,0.0,0.0
685,2026-08-17 10:00:00 IST,24291.150390625,2026-08-17 04:30:00,,,,,,SIDEWAYS,NEUTRAL,NO_TRADE,NO_TRADE,50,NO_TRADE,,No trade warranted,0.0,0.0
686,2026-08-17 10:05:00 IST,24290.94921875,2026-08-17 04:35:00,,,,,,SIDEWAYS,NEUTRAL,NO_TRADE,NO_TRADE,50,NO_TRADE,,No trade warranted,0.0,0.0
687,2026-08-17 10:10:00 IST,24281.5,2026-08-17 04:40:00,,,,,,SIDEWAYS,NEUTRAL,NO_TRADE,NO_TRADE,50,NO_TRADE,,No trade warranted,0.0,0.0
688,2026-08-17 10:15:00 IST,24263.599609375,2026-08-17 04:45:00,,,,,,SIDEWAYS,NEUTRAL,NO_TRADE,NO_TRADE,50,NO_TRADE,,No trade warranted,0.0,0.0
689,2026-08-17 10:20:00 IST,24252.80078125,2026-08-17 04:50:00,,,,,,SIDEWAYS,NEUTRAL,NO_TRADE,NO_TRADE,50,NO_TRADE,,No trade warranted,0.0,0.0
690,2026-08-17 10:25:00 IST,24260.30078125,2026-08-17 04:55:00,,,,,,VOLATILE_EXPANSION,MIXED,NO_TRADE,NO_TRADE,40,NO_TRADE,,No trade warranted,0.0,0.0
691,2026-08-17 10:30:00 IST,24256.30078125,2026-08-17 05:00:00,,,,,,VOLATILE_EXPANSION,MIXED,NO_TRADE,NO_TRADE,40,NO_TRADE,,No trade warranted,0.0,0.0
692,2026-08-17 10:35:00 IST,24254.400390625,2026-08-17 05:05:00,,,,,,VOLATILE_EXPANSION,MIXED,NO_TRADE,NO_TRADE,40,NO_TRADE,,No trade warranted,0.0,0.0
693,2026-08-17 10:40:00 IST,24238.75,2026-08-17 05:10:00,,,,,,VOLATILE_EXPANSION,MIXED,NO_TRADE,NO_TRADE,40,NO_TRADE,,No trade warranted,0.0,0.0
694,2026-08-17 10:45:00 IST,24238.25,2026-08-17 05:15:00,,,,,,VOLATILE_EXPANSION,MIXED,NO_TRADE,NO_TRADE,40,NO_TRADE,,No trade warranted,0.0,0.0
695,2026-08-17 10:50:00 IST,24242.099609375,2026-08-17 05:20:00,,,,,,VOLATILE_EXPANSION,MIXED,NO_TRADE,NO_TRADE,40,NO_TRADE,,No trade warranted,0.0,0.0
696,2026-08-17 10:55:00 IST,24238.19921875,2026-08-17 05:25:00,,,,,,VOLATILE_EXPANSION,MIXED,NO_TRADE,NO_TRADE,40,NO_TRADE,,No trade warranted,0.0,0.0
697,2026-08-17 11:00:00 IST,24240.349609375,2026-08-17 05:30:00,,,,,,VOLATILE_EXPANSION,MIXED,NO_TRADE,NO_TRADE,40,NO_TRADE,,No trade warranted,0.0,0.0
698,2026-08-17 11:05:00 IST,24235.44921875,2026-08-17 05:35:00,,,,,,VOLATILE_EXPANSION,MIXED,NO_TRADE,NO_TRADE,40,NO_TRADE,,No trade warranted,0.0,0.0
699,2026-08-17 11:10:00 IST,24236.44921875,2026-08-17 05:40:00,,,,,,VOLATILE_EXPANSION,MIXED,NO_TRADE,NO_TRADE,40,NO_TRADE,,No trade warranted,0.0,0.0
700,2026-08-17 11:15:00 IST,24235.80078125,2026-08-17 05:45:00,,,,,,VOLATILE_EXPANSION,MIXED,NO_TRADE,NO_TRADE,40,NO_TRADE,,No trade warranted,0.0,0.0
701,2026-08-17 11:20:00 IST,24230.400390625,2026-08-17 05:50:00,,,,,,VOLATILE_EXPANSION,MIXED,NO_TRADE,NO_TRADE,40,NO_TRADE,,No trade warranted,0.0,0.0
702,2026-08-17 11:25:00 IST,24240.0,2026-08-17 05:55:00,,,,,,VOLATILE_EXPANSION,MIXED,NO_TRADE,NO_TRADE,40,NO_TRADE,,No trade warranted,0.0,0.0
703,2026-08-17 11:30:00 IST,24241.44921875,2026-08-17 06:00:00,,,,,,VOLATILE_EXPANSION,MIXED,NO_TRADE,NO_TRADE,40,NO_TRADE,,No trade warranted,0.0,0.0
704,2026-08-17 11:35:00 IST,24239.400390625,2026-08-17 06:05:00,,,,,,SIDEWAYS,NEUTRAL,NO_TRADE,NO_TRADE,50,NO_TRADE,,No trade warranted,0.0,0.0
705,2026-08-17 11:40:00 IST,24244.69921875,2026-08-17 06:10:00,,,,,,SIDEWAYS,NEUTRAL,NO_TRADE,NO_TRADE,50,NO_TRADE,,No trade warranted,0.0,0.0
706,2026-08-17 11:45:00 IST,24254.25,2026-08-17 06:15:00,,,,,,SIDEWAYS,NEUTRAL,NO_TRADE,NO_TRADE,50,NO_TRADE,,No trade warranted,0.0,0.0
707,2026-08-17 11:50:00 IST,24263.94921875,2026-08-17 06:20:00,,,,,,VOLATILE_EXPANSION,MIXED,NO_TRADE,NO_TRADE,40,NO_TRADE,,No trade warranted,0.0,0.0
708,2026-08-17 11:55:00 IST,24271.69921875,2026-08-17 06:25:00,,,,,,VOLATILE_EXPANSION,MIXED,NO_TRADE,NO_TRADE,40,NO_TRADE,,No trade warranted,0.0,0.0
709,2026-08-17 12:00:00 IST,24266.75,2026-08-17 06:30:00,,,,,,VOLATILE_EXPANSION,MIXED,NO_TRADE,NO_TRADE,40,NO_TRADE,,No trade warranted,0.0,0.0
710,2026-08-17 12:05:00 IST,24265.0,2026-08-17 06:35:00,,,,,,VOLATILE_EXPANSION,MIXED,NO_TRADE,NO_TRADE,40,NO_TRADE,,No trade warranted,0.0,0.0
711,2026-08-17 12:10:00 IST,24270.75,2026-08-17 06:40:00,,,,,,VOLATILE_EXPANSION,MIXED,NO_TRADE,NO_TRADE,40,NO_TRADE,,No trade warranted,0.0,0.0
712,2026-08-17 12:15:00 IST,24285.5,2026-08-17 06:45:00,,,,,,VOLATILE_EXPANSION,MIXED,NO_TRADE,NO_TRADE,40,NO_TRADE,,No trade warranted,0.0,0.0
713,2026-08-17 12:20:00 IST,24286.849609375,2026-08-17 06:50:00,,,,,,VOLATILE_EXPANSION,MIXED,NO_TRADE,NO_TRADE,40,NO_TRADE,,No trade warranted,0.0,0.0
714,2026-08-17 12:25:00 IST,24290.80078125,2026-08-17 06:55:00,,,,,,VOLATILE_EXPANSION,MIXED,NO_TRADE,NO_TRADE,40,NO_TRADE,,No trade warranted,0.0,0.0
715,2026-08-17 12:30:00 IST,24295.150390625,2026-08-17 07:00:00,,,,,,VOLATILE_EXPANSION,MIXED,NO_TRADE,NO_TRADE,40,NO_TRADE,,No trade warranted,0.0,0.0
716,2026-08-17 12:35:00 IST,24297.05078125,2026-08-17 07:05:00,,,,,,VOLATILE_EXPANSION,MIXED,NO_TRADE,NO_TRADE,40,NO_TRADE,,No trade warranted,0.0,0.0
717,2026-08-17 12:40:00 IST,24303.5,2026-08-17 07:10:00,,,,,,VOLATILE_EXPANSION,MIXED,NO_TRADE,NO_TRADE,40,NO_TRADE,,No trade warranted,0.0,0.0
718,2026-08-17 12:45:00 IST,24321.599609375,2026-08-17 07:15:00,,,,,,VOLATILE_EXPANSION,MIXED,NO_TRADE,NO_TRADE,40,NO_TRADE,,No trade warranted,0.0,0.0
719,2026-08-17 12:50:00 IST,24328.69921875,2026-08-17 07:20:00,,,,,,VOLATILE_EXPANSION,MIXED,NO_TRADE,NO_TRADE,40,NO_TRADE,,No trade warranted,0.0,0.0
720,2026-08-17 12:55:00 IST,24333.94921875,2026-08-17 07:25:00,,,,,,VOLATILE_EXPANSION,MIXED,NO_TRADE,NO_TRADE,40,NO_TRADE,,No trade warranted,0.0,0.0
721,2026-08-17 13:00:00 IST,24344.0,2026-08-17 07:30:00,,,,,,VOLATILE_EXPANSION,MIXED,NO_TRADE,NO_TRADE,40,NO_TRADE,,No trade warranted,0.0,0.0
722,2026-08-17 13:05:00 IST,24338.44921875,2026-08-17 07:35:00,,,,,,VOLATILE_EXPANSION,MIXED,NO_TRADE,NO_TRADE,40,NO_TRADE,,No trade warranted,0.0,0.0
723,2026-08-17 13:10:00 IST,24346.349609375,2026-08-17 07:40:00,,,,,,VOLATILE_EXPANSION,MIXED,NO_TRADE,NO_TRADE,40,NO_TRADE,,No trade warranted,0.0,0.0
724,2026-08-17 13:15:00 IST,24349.30078125,2026-08-17 07:45:00,,,,,,VOLATILE_EXPANSION,MIXED,NO_TRADE,NO_TRADE,40,NO_TRADE,,No trade warranted,0.0,0.0
725,2026-08-17 13:20:00 IST,24345.5,2026-08-17 07:50:00,,,,,,SIDEWAYS,NEUTRAL,NO_TRADE,NO_TRADE,30,NO_TRADE,,No trade warranted,0.0,0.0
726,2026-08-17 13:25:00 IST,24351.849609375,2026-08-17 07:55:00,,,,,,SIDEWAYS,NEUTRAL,NO_TRADE,NO_TRADE,30,NO_TRADE,,No trade warranted,0.0,0.0
727,2026-08-17 13:30:00 IST,24349.150390625,2026-08-17 08:00:00,,,,,,SIDEWAYS,NEUTRAL,NO_TRADE,NO_TRADE,30,NO_TRADE,,No trade warranted,0.0,0.0
728,2026-08-17 13:35:00 IST,24345.80078125,2026-08-17 08:05:00,,,,,,SIDEWAYS,NEUTRAL,NO_TRADE,NO_TRADE,30,NO_TRADE,,No trade warranted,0.0,0.0
729,2026-08-17 13:40:00 IST,24353.25,2026-08-17 08:10:00,,,,,,SIDEWAYS,NEUTRAL,NO_TRADE,NO_TRADE,30,NO_TRADE,,No trade warranted,0.0,0.0
730,2026-08-17 13:45:00 IST,24343.55078125,2026-08-17 08:15:00,,,,,,SIDEWAYS,NEUTRAL,NO_TRADE,NO_TRADE,30,NO_TRADE,,No trade warranted,0.0,0.0
731,2026-08-17 13:50:00 IST,24339.75,2026-08-17 08:20:00,,,,,,SIDEWAYS,NEUTRAL,NO_TRADE,NO_TRADE,30,NO_TRADE,,No trade warranted,0.0,0.0
732,2026-08-17 13:55:00 IST,24337.75,2026-08-17 08:25:00,,,,,,SIDEWAYS,NEUTRAL,NO_TRADE,NO_TRADE,30,NO_TRADE,,No trade warranted,0.0,0.0
733,2026-08-17 14:00:00 IST,24342.400390625,2026-08-17 08:30:00,,,,,,SIDEWAYS,NEUTRAL,NO_TRADE,NO_TRADE,30,NO_TRADE,,No trade warranted,0.0,0.0
734,2026-08-17 14:05:00 IST,24340.75,2026-08-17 08:35:00,,,,,,SIDEWAYS,NEUTRAL,NO_TRADE,NO_TRADE,30,NO_TRADE,,No trade warranted,0.0,0.0
735,2026-08-17 14:10:00 IST,24331.0,2026-08-17 08:40:00,,,,,,SIDEWAYS,NEUTRAL,NO_TRADE,NO_TRADE,30,NO_TRADE,,No trade warranted,0.0,0.0
736,2026-08-17 14:15:00 IST,24339.25,2026-08-17 08:45:00,,,,,,SIDEWAYS,NEUTRAL,NO_TRADE,NO_TRADE,30,NO_TRADE,,No trade warranted,0.0,0.0
737,2026-08-17 14:20:00 IST,24324.19921875,2026-08-17 08:50:00,,,,,,SIDEWAYS,NEUTRAL,NO_TRADE,NO_TRADE,50,NO_TRADE,,No trade warranted,0.0,0.0
738,2026-08-17 14:25:00 IST,24326.150390625,2026-08-17 08:55:00,,,,,,VOLATILE_EXPANSION,MIXED,NO_TRADE,NO_TRADE,40,NO_TRADE,,No trade warranted,0.0,0.0
739,2026-08-17 14:30:00 IST,24328.349609375,2026-08-17 09:00:00,,,,,,SIDEWAYS,NEUTRAL,NO_TRADE,NO_TRADE,50,NO_TRADE,,No trade warranted,0.0,0.0
740,2026-08-17 14:35:00 IST,24327.900390625,2026-08-17 09:05:00,,,,,,VOLATILE_EXPANSION,MIXED,NO_TRADE,NO_TRADE,40,NO_TRADE,,No trade warranted,0.0,0.0
741,2026-08-17 14:40:00 IST,24334.349609375,2026-08-17 09:10:00,,,,,,SIDEWAYS,NEUTRAL,NO_TRADE,NO_TRADE,30,NO_TRADE,,No trade warranted,0.0,0.0
742,2026-08-17 14:45:00 IST,24339.19921875,2026-08-17 09:15:00,,,,,,SIDEWAYS,NEUTRAL,NO_TRADE,NO_TRADE,30,NO_TRADE,,No trade warranted,0.0,0.0
743,2026-08-17 14:50:00 IST,24343.94921875,2026-08-17 09:20:00,,,,,,SIDEWAYS,NEUTRAL,NO_TRADE,NO_TRADE,30,NO_TRADE,,No trade warranted,0.0,0.0
744,2026-08-17 14:55:00 IST,24338.19921875,2026-08-17 09:25:00,,,,,,SIDEWAYS,NEUTRAL,NO_TRADE,NO_TRADE,30,NO_TRADE,,No trade warranted,0.0,0.0
745,2026-08-17 15:00:00 IST,24351.80078125,2026-08-17 09:30:00,,,,,,SIDEWAYS,NEUTRAL,NO_TRADE,NO_TRADE,30,NO_TRADE,,No trade warranted,0.0,0.0
746,2026-08-17 15:05:00 IST,24349.099609375,2026-08-17 09:35:00,,,,,,SIDEWAYS,NEUTRAL,NO_TRADE,NO_TRADE,30,NO_TRADE,,No trade warranted,0.0,0.0
747,2026-08-17 15:10:00 IST,24341.900390625,2026-08-17 09:40:00,,,,,,SIDEWAYS,NEUTRAL,NO_TRADE,NO_TRADE,30,NO_TRADE,,No trade warranted,0.0,0.0
748,2026-08-17 15:15:00 IST,24339.80078125,2026-08-17 09:45:00,,,,,,SIDEWAYS,NEUTRAL,NO_TRADE,NO_TRADE,30,NO_TRADE,,No trade warranted,0.0,0.0
749,2026-08-17 15:20:00 IST,24339.80078125,2026-08-17 09:50:00,,,,,,SIDEWAYS,NEUTRAL,NO_TRADE,NO_TRADE,30,NO_TRADE,,No trade warranted,0.0,0.0
750,2026-08-17 15:25:00 IST,24287.650390625,2026-08-17 09:55:00,,,,,,SIDEWAYS,NEUTRAL,NO_TRADE,NO_TRADE,30,NO_TRADE,,No trade warranted,0.0,0.0
751,2026-08-18 09:15:00 IST,24238.849609375,2026-08-18 03:45:00,,,,,,SIDEWAYS,NEUTRAL,NO_TRADE,NO_TRADE,50,NO_TRADE,,No trade warranted,0.0,0.0
752,2026-08-18 09:20:00 IST,24244.349609375,2026-08-18 03:50:00,,,,,,SIDEWAYS,NEUTRAL,NO_TRADE,NO_TRADE,50,NO_TRADE,,No trade warranted,0.0,0.0
753,2026-08-18 09:25:00 IST,24245.099609375,2026-08-18 03:55:00,,,,,,SIDEWAYS,NEUTRAL,NO_TRADE,NO_TRADE,50,NO_TRADE,,No trade warranted,0.0,0.0
754,2026-08-18 09:30:00 IST,24232.650390625,2026-08-18 04:00:00,,,,,,SIDEWAYS,NEUTRAL,NO_TRADE,NO_TRADE,50,NO_TRADE,,No trade warranted,0.0,0.0
755,2026-08-18 09:35:00 IST,24247.30078125,2026-08-18 04:05:00,,,,,,SIDEWAYS,NEUTRAL,NO_TRADE,NO_TRADE,50,NO_TRADE,,No trade warranted,0.0,0.0
756,2026-08-18 09:40:00 IST,24224.55078125,2026-08-18 04:10:00,,,,,,SIDEWAYS,NEUTRAL,NO_TRADE,NO_TRADE,50,NO_TRADE,,No trade warranted,0.0,0.0
757,2026-08-18 09:45:00 IST,24228.5,2026-08-18 04:15:00,,,,,,SIDEWAYS,NEUTRAL,NO_TRADE,NO_TRADE,50,NO_TRADE,,No trade warranted,0.0,0.0
758,2026-08-18 09:50:00 IST,24235.30078125,2026-08-18 04:20:00,,,,,,SIDEWAYS,NEUTRAL,NO_TRADE,NO_TRADE,50,NO_TRADE,,No trade warranted,0.0,0.0
759,2026-08-18 09:55:00 IST,24234.5,2026-08-18 04:25:00,,,,,,SIDEWAYS,NEUTRAL,NO_TRADE,NO_TRADE,50,NO_TRADE,,No trade warranted,0.0,0.0
760,2026-08-18 10:00:00 IST,24222.80078125,2026-08-18 04:30:00,,,,,,SIDEWAYS,NEUTRAL,NO_TRADE,NO_TRADE,50,NO_TRADE,,No trade warranted,0.0,0.0
761,2026-08-18 10:05:00 IST,24221.599609375,2026-08-18 04:35:00,,,,,,SIDEWAYS,NEUTRAL,NO_TRADE,NO_TRADE,50,NO_TRADE,,No trade warranted,0.0,0.0
762,2026-08-18 10:10:00 IST,24220.19921875,2026-08-18 04:40:00,,,,,,SIDEWAYS,NEUTRAL,NO_TRADE,NO_TRADE,50,NO_TRADE,,No trade warranted,0.0,0.0
763,2026-08-18 10:15:00 IST,24214.05078125,2026-08-18 04:45:00,,,,,,SIDEWAYS,NEUTRAL,NO_TRADE,NO_TRADE,50,NO_TRADE,,No trade warranted,0.0,0.0
764,2026-08-18 10:20:00 IST,24216.69921875,2026-08-18 04:50:00,,,,,,SIDEWAYS,NEUTRAL,NO_TRADE,NO_TRADE,50,NO_TRADE,,No trade warranted,0.0,0.0
765,2026-08-18 10:25:00 IST,24225.849609375,2026-08-18 04:55:00,,,,,,SIDEWAYS,NEUTRAL,NO_TRADE,NO_TRADE,50,NO_TRADE,,No trade warranted,0.0,0.0
766,2026-08-18 10:30:00 IST,24231.19921875,2026-08-18 05:00:00,,,,,,SIDEWAYS,NEUTRAL,NO_TRADE,NO_TRADE,50,NO_TRADE,,No trade warranted,0.0,0.0
767,2026-08-18 10:35:00 IST,24226.099609375,2026-08-18 05:05:00,,,,,,VOLATILE_EXPANSION,MIXED,NO_TRADE,NO_TRADE,40,NO_TRADE,,No trade warranted,0.0,0.0
768,2026-08-18 10:40:00 IST,24214.80078125,2026-08-18 05:10:00,,,,,,VOLATILE_EXPANSION,MIXED,NO_TRADE,NO_TRADE,40,NO_TRADE,,No trade warranted,0.0,0.0
769,2026-08-18 10:45:00 IST,24204.75,2026-08-18 05:15:00,,,,,,VOLATILE_EXPANSION,MIXED,NO_TRADE,NO_TRADE,40,NO_TRADE,,No trade warranted,0.0,0.0
770,2026-08-18 10:50:00 IST,24195.55078125,2026-08-18 05:20:00,,,,,,VOLATILE_EXPANSION,MIXED,NO_TRADE,NO_TRADE,40,NO_TRADE,,No trade warranted,0.0,0.0
771,2026-08-18 10:55:00 IST,24200.25,2026-08-18 05:25:00,,,,,,VOLATILE_EXPANSION,MIXED,NO_TRADE,NO_TRADE,40,NO_TRADE,,No trade warranted,0.0,0.0
772,2026-08-18 11:00:00 IST,24205.849609375,2026-08-18 05:30:00,,,,,,VOLATILE_EXPANSION,MIXED,NO_TRADE,NO_TRADE,40,NO_TRADE,,No trade warranted,0.0,0.0
773,2026-08-18 11:05:00 IST,24207.25,2026-08-18 05:35:00,,,,,,VOLATILE_EXPANSION,MIXED,NO_TRADE,NO_TRADE,40,NO_TRADE,,No trade warranted,0.0,0.0
774,2026-08-18 11:10:00 IST,24202.349609375,2026-08-18 05:40:00,,,,,,VOLATILE_EXPANSION,MIXED,NO_TRADE,NO_TRADE,40,NO_TRADE,,No trade warranted,0.0,0.0
775,2026-08-18 11:15:00 IST,24197.75,2026-08-18 05:45:00,,,,,,VOLATILE_EXPANSION,MIXED,NO_TRADE,NO_TRADE,40,NO_TRADE,,No trade warranted,0.0,0.0
776,2026-08-18 11:20:00 IST,24195.75,2026-08-18 05:50:00,,,,,,VOLATILE_EXPANSION,MIXED,NO_TRADE,NO_TRADE,40,NO_TRADE,,No trade warranted,0.0,0.0
777,2026-08-18 11:25:00 IST,24182.650390625,2026-08-18 05:55:00,,,,,,VOLATILE_EXPANSION,MIXED,NO_TRADE,NO_TRADE,40,NO_TRADE,,No trade warranted,0.0,0.0
778,2026-08-18 11:30:00 IST,24190.650390625,2026-08-18 06:00:00,,,,,,VOLATILE_EXPANSION,MIXED,NO_TRADE,NO_TRADE,40,NO_TRADE,,No trade warranted,0.0,0.0
779,2026-08-18 11:35:00 IST,24196.599609375,2026-08-18 06:05:00,,,,,,VOLATILE_EXPANSION,MIXED,NO_TRADE,NO_TRADE,40,NO_TRADE,,No trade warranted,0.0,0.0
780,2026-08-18 11:40:00 IST,24198.400390625,2026-08-18 06:10:00,,,,,,VOLATILE_EXPANSION,MIXED,NO_TRADE,NO_TRADE,40,NO_TRADE,,No trade warranted,0.0,0.0
781,2026-08-18 11:45:00 IST,24200.099609375,2026-08-18 06:15:00,,,,,,VOLATILE_EXPANSION,MIXED,NO_TRADE,NO_TRADE,40,NO_TRADE,,No trade warranted,0.0,0.0
782,2026-08-18 11:50:00 IST,24199.19921875,2026-08-18 06:20:00,,,,,,SIDEWAYS,NEUTRAL,NO_TRADE,NO_TRADE,50,NO_TRADE,,No trade warranted,0.0,0.0
783,2026-08-18 11:55:00 IST,24206.80078125,2026-08-18 06:25:00,,,,,,SIDEWAYS,NEUTRAL,NO_TRADE,NO_TRADE,50,NO_TRADE,,No trade warranted,0.0,0.0
784,2026-08-18 12:00:00 IST,24213.150390625,2026-08-18 06:30:00,,,,,,SIDEWAYS,NEUTRAL,NO_TRADE,NO_TRADE,50,NO_TRADE,,No trade warranted,0.0,0.0
785,2026-08-18 12:05:00 IST,24215.80078125,2026-08-18 06:35:00,,,,,,SIDEWAYS,NEUTRAL,NO_TRADE,NO_TRADE,50,NO_TRADE,,No trade warranted,0.0,0.0
786,2026-08-18 12:10:00 IST,24212.94921875,2026-08-18 06:40:00,,,,,,SIDEWAYS,NEUTRAL,NO_TRADE,NO_TRADE,50,NO_TRADE,,No trade warranted,0.0,0.0
787,2026-08-18 12:15:00 IST,24209.19921875,2026-08-18 06:45:00,,,,,,SIDEWAYS,NEUTRAL,NO_TRADE,NO_TRADE,50,NO_TRADE,,No trade warranted,0.0,0.0
788,2026-08-18 12:20:00 IST,24206.150390625,2026-08-18 06:50:00,,,,,,SIDEWAYS,NEUTRAL,NO_TRADE,NO_TRADE,50,NO_TRADE,,No trade warranted,0.0,0.0
789,2026-08-18 12:25:00 IST,24212.80078125,2026-08-18 06:55:00,,,,,,SIDEWAYS,NEUTRAL,NO_TRADE,NO_TRADE,50,NO_TRADE,,No trade warranted,0.0,0.0
790,2026-08-18 12:30:00 IST,24214.69921875,2026-08-18 07:00:00,,,,,,SIDEWAYS,NEUTRAL,NO_TRADE,NO_TRADE,50,NO_TRADE,,No trade warranted,0.0,0.0
791,2026-08-18 12:35:00 IST,24208.25,2026-08-18 07:05:00,,,,,,SIDEWAYS,NEUTRAL,NO_TRADE,NO_TRADE,50,NO_TRADE,,No trade warranted,0.0,0.0
792,2026-08-18 12:40:00 IST,24198.05078125,2026-08-18 07:10:00,,,,,,SIDEWAYS,NEUTRAL,NO_TRADE,NO_TRADE,50,NO_TRADE,,No trade warranted,0.0,0.0
793,2026-08-18 12:45:00 IST,24205.55078125,2026-08-18 07:15:00,,,,,,SIDEWAYS,NEUTRAL,NO_TRADE,NO_TRADE,50,NO_TRADE,,No trade warranted,0.0,0.0
794,2026-08-18 12:50:00 IST,24206.5,2026-08-18 07:20:00,,,,,,SIDEWAYS,NEUTRAL,NO_TRADE,NO_TRADE,50,NO_TRADE,,No trade warranted,0.0,0.0
795,2026-08-18 12:55:00 IST,24199.05078125,2026-08-18 07:25:00,,,,,,SIDEWAYS,NEUTRAL,NO_TRADE,NO_TRADE,50,NO_TRADE,,No trade warranted,0.0,0.0
796,2026-08-18 13:00:00 IST,24193.69921875,2026-08-18 07:30:00,,,,,,SIDEWAYS,NEUTRAL,NO_TRADE,NO_TRADE,50,NO_TRADE,,No trade warranted,0.0,0.0
797,2026-08-18 13:05:00 IST,24198.75,2026-08-18 07:35:00,,,,,,SIDEWAYS,NEUTRAL,NO_TRADE,NO_TRADE,50,NO_TRADE,,No trade warranted,0.0,0.0
798,2026-08-18 13:10:00 IST,24202.599609375,2026-08-18 07:40:00,,,,,,VOLATILE_EXPANSION,MIXED,NO_TRADE,NO_TRADE,40,NO_TRADE,,No trade warranted,0.0,0.0
799,2026-08-18 13:15:00 IST,24206.94921875,2026-08-18 07:45:00,,,,,,VOLATILE_EXPANSION,MIXED,NO_TRADE,NO_TRADE,40,NO_TRADE,,No trade warranted,0.0,0.0
800,2026-08-18 13:20:00 IST,24204.19921875,2026-08-18 07:50:00,,,,,,SIDEWAYS,NEUTRAL,NO_TRADE,NO_TRADE,30,NO_TRADE,,No trade warranted,0.0,0.0
801,2026-08-18 13:25:00 IST,24207.849609375,2026-08-18 07:55:00,,,,,,SIDEWAYS,NEUTRAL,NO_TRADE,NO_TRADE,50,NO_TRADE,,No trade warranted,0.0,0.0
802,2026-08-18 13:30:00 IST,24203.150390625,2026-08-18 08:00:00,,,,,,SIDEWAYS,NEUTRAL,NO_TRADE,NO_TRADE,30,NO_TRADE,,No trade warranted,0.0,0.0
803,2026-08-18 13:35:00 IST,24194.75,2026-08-18 08:05:00,,,,,,SIDEWAYS,NEUTRAL,NO_TRADE,NO_TRADE,30,NO_TRADE,,No trade warranted,0.0,0.0
804,2026-08-18 13:40:00 IST,24202.0,2026-08-18 08:10:00,,,,,,SIDEWAYS,NEUTRAL,NO_TRADE,NO_TRADE,30,NO_TRADE,,No trade warranted,0.0,0.0
805,2026-08-18 13:45:00 IST,24204.69921875,2026-08-18 08:15:00,,,,,,VOLATILE_EXPANSION,MIXED,NO_TRADE,NO_TRADE,40,NO_TRADE,,No trade warranted,0.0,0.0
806,2026-08-18 13:50:00 IST,24196.150390625,2026-08-18 08:20:00,,,,,,SIDEWAYS,NEUTRAL,NO_TRADE,NO_TRADE,30,NO_TRADE,,No trade warranted,0.0,0.0
807,2026-08-18 13:55:00 IST,24190.80078125,2026-08-18 08:25:00,,,,,,SIDEWAYS,NEUTRAL,NO_TRADE,NO_TRADE,30,NO_TRADE,,No trade warranted,0.0,0.0
808,2026-08-18 14:00:00 IST,24206.75,2026-08-18 08:30:00,,,,,,VOLATILE_EXPANSION,MIXED,NO_TRADE,NO_TRADE,40,NO_TRADE,,No trade warranted,0.0,0.0
809,2026-08-18 14:05:00 IST,24195.94921875,2026-08-18 08:35:00,,,,,,SIDEWAYS,NEUTRAL,NO_TRADE,NO_TRADE,30,NO_TRADE,,No trade warranted,0.0,0.0
810,2026-08-18 14:10:00 IST,24195.55078125,2026-08-18 08:40:00,,,,,,SIDEWAYS,NEUTRAL,NO_TRADE,NO_TRADE,30,NO_TRADE,,No trade warranted,0.0,0.0
811,2026-08-18 14:15:00 IST,24191.0,2026-08-18 08:45:00,,,,,,SIDEWAYS,NEUTRAL,NO_TRADE,NO_TRADE,30,NO_TRADE,,No trade warranted,0.0,0.0
812,2026-08-18 14:20:00 IST,24193.75,2026-08-18 08:50:00,,,,,,SIDEWAYS,NEUTRAL,NO_TRADE,NO_TRADE,30,NO_TRADE,,No trade warranted,0.0,0.0
813,2026-08-18 14:25:00 IST,24199.099609375,2026-08-18 08:55:00,,,,,,SIDEWAYS,NEUTRAL,NO_TRADE,NO_TRADE,30,NO_TRADE,,No trade warranted,0.0,0.0
814,2026-08-18 14:30:00 IST,24198.55078125,2026-08-18 09:00:00,,,,,,SIDEWAYS,NEUTRAL,NO_TRADE,NO_TRADE,30,NO_TRADE,,No trade warranted,0.0,0.0
815,2026-08-18 14:35:00 IST,24201.55078125,2026-08-18 09:05:00,,,,,,VOLATILE_EXPANSION,MIXED,NO_TRADE,NO_TRADE,40,NO_TRADE,,No trade warranted,0.0,0.0
816,2026-08-18 14:40:00 IST,24205.19921875,2026-08-18 09:10:00,,,,,,VOLATILE_EXPANSION,MIXED,NO_TRADE,NO_TRADE,40,NO_TRADE,,No trade warranted,0.0,0.0
817,2026-08-18 14:45:00 IST,24207.099609375,2026-08-18 09:15:00,,,,,,SIDEWAYS,NEUTRAL,NO_TRADE,NO_TRADE,30,NO_TRADE,,No trade warranted,0.0,0.0
818,2026-08-18 14:50:00 IST,24206.099609375,2026-08-18 09:20:00,,,,,,SIDEWAYS,NEUTRAL,NO_TRADE,NO_TRADE,30,NO_TRADE,,No trade warranted,0.0,0.0
819,2026-08-18 14:55:00 IST,24214.30078125,2026-08-18 09:25:00,,,,,,SIDEWAYS,NEUTRAL,NO_TRADE,NO_TRADE,30,NO_TRADE,,No trade warranted,0.0,0.0
820,2026-08-18 15:00:00 IST,24203.19921875,2026-08-18 09:30:00,,,,,,SIDEWAYS,NEUTRAL,NO_TRADE,NO_TRADE,50,NO_TRADE,,No trade warranted,0.0,0.0
821,2026-08-18 15:05:00 IST,24197.30078125,2026-08-18 09:35:00,,,,,,SIDEWAYS,NEUTRAL,NO_TRADE,NO_TRADE,30,NO_TRADE,,No trade warranted,0.0,0.0
822,2026-08-18 15:10:00 IST,24165.80078125,2026-08-18 09:40:00,,,,,,SIDEWAYS,NEUTRAL,NO_TRADE,NO_TRADE,30,NO_TRADE,,No trade warranted,0.0,0.0
823,2026-08-18 15:15:00 IST,24166.349609375,2026-08-18 09:45:00,2026-08-18 15:25:00 IST,24154.900390625,2026-08-18 09:55:00,,10,SIDEWAYS_TO_BEARISH,MILD_BEARISH,MILD_DIRECTIONAL,CONDITIONAL,40,WIN,-0.0474,EOD: Price moved in predicted direction,0.0,-0.5621
824,2026-08-18 15:20:00 IST,24166.349609375,2026-08-18 09:50:00,2026-08-18 15:25:00 IST,24154.900390625,2026-08-18 09:55:00,,5,SIDEWAYS_TO_BEARISH,MILD_BEARISH,MILD_DIRECTIONAL,CONDITIONAL,40,WIN,-0.0474,EOD: Price moved in predicted direction,0.0,-0.5621
825,2026-08-18 15:25:00 IST,24154.900390625,2026-08-18 09:55:00,,,,,,SIDEWAYS,NEUTRAL,NO_TRADE,NO_TRADE,30,NO_TRADE,,No trade warranted,0.0,0.0
826,2026-08-19 09:15:00 IST,24118.69921875,2026-08-19 03:45:00,,,,,,SIDEWAYS,NEUTRAL,NO_TRADE,NO_TRADE,50,NO_TRADE,,No trade warranted,0.0,0.0
827,2026-08-19 09:20:00 IST,24106.05078125,2026-08-19 03:50:00,,,,,,SIDEWAYS,NEUTRAL,NO_TRADE,NO_TRADE,50,NO_TRADE,,No trade warranted,0.0,0.0
828,2026-08-19 09:25:00 IST,24096.75,2026-08-19 03:55:00,,,,,,SIDEWAYS,NEUTRAL,NO_TRADE,NO_TRADE,50,NO_TRADE,,No trade warranted,0.0,0.0
829,2026-08-19 09:30:00 IST,24073.849609375,2026-08-19 04:00:00,,,,,,SIDEWAYS,NEUTRAL,NO_TRADE,NO_TRADE,50,NO_TRADE,,No trade warranted,0.0,0.0
830,2026-08-19 09:35:00 IST,24079.55078125,2026-08-19 04:05:00,,,,,,SIDEWAYS,NEUTRAL,NO_TRADE,NO_TRADE,50,NO_TRADE,,No trade warranted,0.0,0.0
831,2026-08-19 09:40:00 IST,24084.55078125,2026-08-19 04:10:00,,,,,,SIDEWAYS,NEUTRAL,NO_TRADE,NO_TRADE,50,NO_TRADE,,No trade warranted,0.0,0.0
832,2026-08-19 09:45:00 IST,24094.150390625,2026-08-19 04:15:00,,,,,,SIDEWAYS,NEUTRAL,NO_TRADE,NO_TRADE,50,NO_TRADE,,No trade warranted,0.0,0.0
833,2026-08-19 09:50:00 IST,24099.75,2026-08-19 04:20:00,,,,,,SIDEWAYS,NEUTRAL,NO_TRADE,NO_TRADE,50,NO_TRADE,,No trade warranted,0.0,0.0
834,2026-08-19 09:55:00 IST,24097.80078125,2026-08-19 04:25:00,,,,,,SIDEWAYS,NEUTRAL,NO_TRADE,NO_TRADE,50,NO_TRADE,,No trade warranted,0.0,0.0
835,2026-08-19 10:00:00 IST,24099.75,2026-08-19 04:30:00,,,,,,SIDEWAYS,NEUTRAL,NO_TRADE,NO_TRADE,50,NO_TRADE,,No trade warranted,0.0,0.0
836,2026-08-19 10:05:00 IST,24094.44921875,2026-08-19 04:35:00,,,,,,SIDEWAYS,NEUTRAL,NO_TRADE,NO_TRADE,50,NO_TRADE,,No trade warranted,0.0,0.0
837,2026-08-19 10:10:00 IST,24091.80078125,2026-08-19 04:40:00,,,,,,SIDEWAYS,NEUTRAL,NO_TRADE,NO_TRADE,50,NO_TRADE,,No trade warranted,0.0,0.0
838,2026-08-19 10:15:00 IST,24072.69921875,2026-08-19 04:45:00,,,,,,SIDEWAYS,NEUTRAL,NO_TRADE,NO_TRADE,50,NO_TRADE,,No trade warranted,0.0,0.0
839,2026-08-19 10:20:00 IST,24065.05078125,2026-08-19 04:50:00,,,,,,SIDEWAYS,NEUTRAL,NO_TRADE,NO_TRADE,50,NO_TRADE,,No trade warranted,0.0,0.0
840,2026-08-19 10:25:00 IST,24065.19921875,2026-08-19 04:55:00,,,,,,VOLATILE_EXPANSION,MIXED,NO_TRADE,NO_TRADE,40,NO_TRADE,,No trade warranted,0.0,0.0
841,2026-08-19 10:30:00 IST,24057.44921875,2026-08-19 05:00:00,,,,,,VOLATILE_EXPANSION,MIXED,NO_TRADE,NO_TRADE,40,NO_TRADE,,No trade warranted,0.0,0.0
842,2026-08-19 10:35:00 IST,24051.94921875,2026-08-19 05:05:00,,,,,,VOLATILE_EXPANSION,MIXED,NO_TRADE,NO_TRADE,40,NO_TRADE,,No trade warranted,0.0,0.0
843,2026-08-19 10:40:00 IST,24058.400390625,2026-08-19 05:10:00,,,,,,SIDEWAYS,NEUTRAL,NO_TRADE,NO_TRADE,50,NO_TRADE,,No trade warranted,0.0,0.0
844,2026-08-19 10:45:00 IST,24053.099609375,2026-08-19 05:15:00,,,,,,SIDEWAYS,NEUTRAL,NO_TRADE,NO_TRADE,50,NO_TRADE,,No trade warranted,0.0,0.0
845,2026-08-19 10:50:00 IST,24061.30078125,2026-08-19 05:20:00,,,,,,VOLATILE_EXPANSION,MIXED,NO_TRADE,NO_TRADE,40,NO_TRADE,,No trade warranted,0.0,0.0
846,2026-08-19 10:55:00 IST,24056.099609375,2026-08-19 05:25:00,,,,,,VOLATILE_EXPANSION,MIXED,NO_TRADE,NO_TRADE,40,NO_TRADE,,No trade warranted,0.0,0.0
847,2026-08-19 11:00:00 IST,24047.94921875,2026-08-19 05:30:00,,,,,,VOLATILE_EXPANSION,MIXED,NO_TRADE,NO_TRADE,40,NO_TRADE,,No trade warranted,0.0,0.0
848,2026-08-19 11:05:00 IST,24041.19921875,2026-08-19 05:35:00,,,,,,VOLATILE_EXPANSION,MIXED,NO_TRADE,NO_TRADE,40,NO_TRADE,,No trade warranted,0.0,0.0
849,2026-08-19 11:10:00 IST,24048.5,2026-08-19 05:40:00,,,,,,VOLATILE_EXPANSION,MIXED,NO_TRADE,NO_TRADE,40,NO_TRADE,,No trade warranted,0.0,0.0
850,2026-08-19 11:15:00 IST,24053.150390625,2026-08-19 05:45:00,,,,,,VOLATILE_EXPANSION,MIXED,NO_TRADE,NO_TRADE,40,NO_TRADE,,No trade warranted,0.0,0.0
851,2026-08-19 11:20:00 IST,24052.25,2026-08-19 05:50:00,,,,,,VOLATILE_EXPANSION,MIXED,NO_TRADE,NO_TRADE,40,NO_TRADE,,No trade warranted,0.0,0.0
852,2026-08-19 11:25:00 IST,24054.349609375,2026-08-19 05:55:00,,,,,,VOLATILE_EXPANSION,MIXED,NO_TRADE,NO_TRADE,40,NO_TRADE,,No trade warranted,0.0,0.0
853,2026-08-19 11:30:00 IST,24054.25,2026-08-19 06:00:00,,,,,,VOLATILE_EXPANSION,MIXED,NO_TRADE,NO_TRADE,40,NO_TRADE,,No trade warranted,0.0,0.0
854,2026-08-19 11:35:00 IST,24048.099609375,2026-08-19 06:05:00,,,,,,VOLATILE_EXPANSION,MIXED,NO_TRADE,NO_TRADE,40,NO_TRADE,,No trade warranted,0.0,0.0
855,2026-08-19 11:40:00 IST,24052.44921875,2026-08-19 06:10:00,,,,,,VOLATILE_EXPANSION,MIXED,NO_TRADE,NO_TRADE,40,NO_TRADE,,No trade warranted,0.0,0.0
856,2026-08-19 11:45:00 IST,24066.900390625,2026-08-19 06:15:00,,,,,,SIDEWAYS,NEUTRAL,NO_TRADE,NO_TRADE,50,NO_TRADE,,No trade warranted,0.0,0.0
857,2026-08-19 11:50:00 IST,24079.900390625,2026-08-19 06:20:00,,,,,,SIDEWAYS,NEUTRAL,NO_TRADE,NO_TRADE,50,NO_TRADE,,No trade warranted,0.0,0.0
858,2026-08-19 11:55:00 IST,24078.30078125,2026-08-19 06:25:00,,,,,,SIDEWAYS,NEUTRAL,NO_TRADE,NO_TRADE,50,NO_TRADE,,No trade warranted,0.0,0.0
859,2026-08-19 12:00:00 IST,24059.80078125,2026-08-19 06:30:00,,,,,,SIDEWAYS,NEUTRAL,NO_TRADE,NO_TRADE,50,NO_TRADE,,No trade warranted,0.0,0.0
860,2026-08-19 12:05:00 IST,24056.150390625,2026-08-19 06:35:00,,,,,,SIDEWAYS,NEUTRAL,NO_TRADE,NO_TRADE,50,NO_TRADE,,No trade warranted,0.0,0.0
861,2026-08-19 12:10:00 IST,24052.80078125,2026-08-19 06:40:00,,,,,,SIDEWAYS,NEUTRAL,NO_TRADE,NO_TRADE,50,NO_TRADE,,No trade warranted,0.0,0.0
862,2026-08-19 12:15:00 IST,24060.19921875,2026-08-19 06:45:00,,,,,,SIDEWAYS,NEUTRAL,NO_TRADE,NO_TRADE,50,NO_TRADE,,No trade warranted,0.0,0.0
863,2026-08-19 12:20:00 IST,24064.5,2026-08-19 06:50:00,,,,,,SIDEWAYS,NEUTRAL,NO_TRADE,NO_TRADE,50,NO_TRADE,,No trade warranted,0.0,0.0
864,2026-08-19 12:25:00 IST,24059.849609375,2026-08-19 06:55:00,,,,,,SIDEWAYS,NEUTRAL,NO_TRADE,NO_TRADE,50,NO_TRADE,,No trade warranted,0.0,0.0
865,2026-08-19 12:30:00 IST,24054.05078125,2026-08-19 07:00:00,,,,,,SIDEWAYS,NEUTRAL,NO_TRADE,NO_TRADE,50,NO_TRADE,,No trade warranted,0.0,0.0
866,2026-08-19 12:35:00 IST,24054.55078125,2026-08-19 07:05:00,,,,,,SIDEWAYS,NEUTRAL,NO_TRADE,NO_TRADE,50,NO_TRADE,,No trade warranted,0.0,0.0
867,2026-08-19 12:40:00 IST,24055.30078125,2026-08-19 07:10:00,,,,,,SIDEWAYS,NEUTRAL,NO_TRADE,NO_TRADE,50,NO_TRADE,,No trade warranted,0.0,0.0
868,2026-08-19 12:45:00 IST,24052.05078125,2026-08-19 07:15:00,,,,,,SIDEWAYS,NEUTRAL,NO_TRADE,NO_TRADE,50,NO_TRADE,,No trade warranted,0.0,0.0
869,2026-08-19 12:50:00 IST,24055.55078125,2026-08-19 07:20:00,,,,,,SIDEWAYS,NEUTRAL,NO_TRADE,NO_TRADE,50,NO_TRADE,,No trade warranted,0.0,0.0
870,2026-08-19 12:55:00 IST,24055.30078125,2026-08-19 07:25:00,,,,,,SIDEWAYS,NEUTRAL,NO_TRADE,NO_TRADE,50,NO_TRADE,,No trade warranted,0.0,0.0
871,2026-08-19 13:00:00 IST,24062.80078125,2026-08-19 07:30:00,,,,,,VOLATILE_EXPANSION,MIXED,NO_TRADE,NO_TRADE,40,NO_TRADE,,No trade warranted,0.0,0.0
872,2026-08-19 13:05:00 IST,24064.44921875,2026-08-19 07:35:00,,,,,,VOLATILE_EXPANSION,MIXED,NO_TRADE,NO_TRADE,40,NO_TRADE,,No trade warranted,0.0,0.0
873,2026-08-19 13:10:00 IST,24046.150390625,2026-08-19 07:40:00,,,,,,SIDEWAYS,NEUTRAL,NO_TRADE,NO_TRADE,50,NO_TRADE,,No trade warranted,0.0,0.0
874,2026-08-19 13:15:00 IST,24043.099609375,2026-08-19 07:45:00,,,,,,SIDEWAYS,NEUTRAL,NO_TRADE,NO_TRADE,50,NO_TRADE,,No trade warranted,0.0,0.0
875,2026-08-19 13:20:00 IST,24041.94921875,2026-08-19 07:50:00,,,,,,SIDEWAYS,NEUTRAL,NO_TRADE,NO_TRADE,30,NO_TRADE,,No trade warranted,0.0,0.0
876,2026-08-19 13:25:00 IST,24041.099609375,2026-08-19 07:55:00,,,,,,SIDEWAYS,NEUTRAL,NO_TRADE,NO_TRADE,30,NO_TRADE,,No trade warranted,0.0,0.0
877,2026-08-19 13:30:00 IST,24038.900390625,2026-08-19 08:00:00,,,,,,SIDEWAYS,NEUTRAL,NO_TRADE,NO_TRADE,30,NO_TRADE,,No trade warranted,0.0,0.0
878,2026-08-19 13:35:00 IST,24046.55078125,2026-08-19 08:05:00,,,,,,SIDEWAYS,NEUTRAL,NO_TRADE,NO_TRADE,30,NO_TRADE,,No trade warranted,0.0,0.0
879,2026-08-19 13:40:00 IST,24042.19921875,2026-08-19 08:10:00,2026-08-19 15:25:00 IST,24078.30078125,2026-08-19 09:55:00,,105,SIDEWAYS_TO_BEARISH,MILD_BEARISH,MILD_DIRECTIONAL,CONDITIONAL,40,LOSS,0.1502,EOD: Price moved against predicted direction,0.8656,-0.0487
880,2026-08-19 13:45:00 IST,24041.900390625,2026-08-19 08:15:00,,,,,,SIDEWAYS,NEUTRAL,NO_TRADE,NO_TRADE,30,NO_TRADE,,No trade warranted,0.0,0.0
881,2026-08-19 13:50:00 IST,24040.0,2026-08-19 08:20:00,,,,,,SIDEWAYS,NEUTRAL,NO_TRADE,NO_TRADE,30,NO_TRADE,,No trade warranted,0.0,0.0
882,2026-08-19 13:55:00 IST,24044.94921875,2026-08-19 08:25:00,,,,,,SIDEWAYS,NEUTRAL,NO_TRADE,NO_TRADE,30,NO_TRADE,,No trade warranted,0.0,0.0
883,2026-08-19 14:00:00 IST,24054.599609375,2026-08-19 08:30:00,,,,,,SIDEWAYS,NEUTRAL,NO_TRADE,NO_TRADE,50,NO_TRADE,,No trade warranted,0.0,0.0
884,2026-08-19 14:05:00 IST,24054.650390625,2026-08-19 08:35:00,,,,,,SIDEWAYS,NEUTRAL,NO_TRADE,NO_TRADE,50,NO_TRADE,,No trade warranted,0.0,0.0
885,2026-08-19 14:10:00 IST,24051.349609375,2026-08-19 08:40:00,,,,,,SIDEWAYS,NEUTRAL,NO_TRADE,NO_TRADE,50,NO_TRADE,,No trade warranted,0.0,0.0
886,2026-08-19 14:15:00 IST,24039.69921875,2026-08-19 08:45:00,2026-08-19 15:25:00 IST,24078.30078125,2026-08-19 09:55:00,,70,SIDEWAYS_TO_BEARISH,MILD_BEARISH,MILD_DIRECTIONAL,CONDITIONAL,40,LOSS,0.1606,EOD: Price moved against predicted direction,0.8761,-0.0383
887,2026-08-19 14:20:00 IST,24030.5,2026-08-19 08:50:00,2026-08-19 15:25:00 IST,24078.30078125,2026-08-19 09:55:00,,65,SIDEWAYS_TO_BEARISH,MILD_BEARISH,MILD_DIRECTIONAL,CONDITIONAL,40,LOSS,0.1989,EOD: Price moved against predicted direction,0.9147,0.0
888,2026-08-19 14:25:00 IST,24039.05078125,2026-08-19 08:55:00,,,,,,SIDEWAYS,NEUTRAL,NO_TRADE,NO_TRADE,30,NO_TRADE,,No trade warranted,0.0,0.0
889,2026-08-19 14:30:00 IST,24050.900390625,2026-08-19 09:00:00,,,,,,SIDEWAYS,NEUTRAL,NO_TRADE,NO_TRADE,50,NO_TRADE,,No trade warranted,0.0,0.0
890,2026-08-19 14:35:00 IST,24046.849609375,2026-08-19 09:05:00,,,,,,SIDEWAYS,NEUTRAL,NO_TRADE,NO_TRADE,30,NO_TRADE,,No trade warranted,0.0,0.0
891,2026-08-19 14:40:00 IST,24049.0,2026-08-19 09:10:00,,,,,,VOLATILE_EXPANSION,MIXED,NO_TRADE,NO_TRADE,40,NO_TRADE,,No trade warranted,0.0,0.0
892,2026-08-19 14:45:00 IST,24041.55078125,2026-08-19 09:15:00,,,,,,SIDEWAYS,NEUTRAL,NO_TRADE,NO_TRADE,30,NO_TRADE,,No trade warranted,0.0,0.0
893,2026-08-19 14:50:00 IST,24050.44921875,2026-08-19 09:20:00,,,,,,SIDEWAYS,NEUTRAL,NO_TRADE,NO_TRADE,50,NO_TRADE,,No trade warranted,0.0,0.0
894,2026-08-19 14:55:00 IST,24053.099609375,2026-08-19 09:25:00,,,,,,VOLATILE_EXPANSION,MIXED,NO_TRADE,NO_TRADE,40,NO_TRADE,,No trade warranted,0.0,0.0
895,2026-08-19 15:00:00 IST,24055.849609375,2026-08-19 09:30:00,,,,,,VOLATILE_EXPANSION,MIXED,NO_TRADE,NO_TRADE,40,NO_TRADE,,No trade warranted,0.0,0.0
896,2026-08-19 15:05:00 IST,24038.400390625,2026-08-19 09:35:00,,,,,,SIDEWAYS,NEUTRAL,NO_TRADE,NO_TRADE,30,NO_TRADE,,No trade warranted,0.0,0.0
897,2026-08-19 15:10:00 IST,24048.55078125,2026-08-19 09:40:00,,,,,,SIDEWAYS,NEUTRAL,NO_TRADE,NO_TRADE,50,NO_TRADE,,No trade warranted,0.0,0.0
898,2026-08-19 15:15:00 IST,24048.55078125,2026-08-19 09:45:00,,,,,,SIDEWAYS,NEUTRAL,NO_TRADE,NO_TRADE,50,NO_TRADE,,No trade warranted,0.0,0.0
899,2026-08-19 15:20:00 IST,24048.55078125,2026-08-19 09:50:00,,,,,,SIDEWAYS,NEUTRAL,NO_TRADE,NO_TRADE,50,NO_TRADE,,No trade warranted,0.0,0.0
900,2026-08-19 15:25:00 IST,24078.30078125,2026-08-19 09:55:00,,,,,,SIDEWAYS,NEUTRAL,NO_TRADE,NO_TRADE,30,NO_TRADE,,No trade warranted,0.0,0.0
901,2026-08-20 09:15:00 IST,24192.849609375,2026-08-20 03:45:00,,,,,,SIDEWAYS,NEUTRAL,NO_TRADE,NO_TRADE,50,NO_TRADE,,No trade warranted,0.0,0.0
902,2026-08-20 09:20:00 IST,24185.5,2026-08-20 03:50:00,,,,,,SIDEWAYS,NEUTRAL,NO_TRADE,NO_TRADE,50,NO_TRADE,,No trade warranted,0.0,0.0
903,2026-08-20 09:25:00 IST,24190.80078125,2026-08-20 03:55:00,,,,,,SIDEWAYS,NEUTRAL,NO_TRADE,NO_TRADE,50,NO_TRADE,,No trade warranted,0.0,0.0
904,2026-08-20 09:30:00 IST,24197.900390625,2026-08-20 04:00:00,,,,,,SIDEWAYS,NEUTRAL,NO_TRADE,NO_TRADE,50,NO_TRADE,,No trade warranted,0.0,0.0
905,2026-08-20 09:35:00 IST,24201.349609375,2026-08-20 04:05:00,,,,,,SIDEWAYS,NEUTRAL,NO_TRADE,NO_TRADE,50,NO_TRADE,,No trade warranted,0.0,0.0
906,2026-08-20 09:40:00 IST,24210.94921875,2026-08-20 04:10:00,,,,,,SIDEWAYS,NEUTRAL,NO_TRADE,NO_TRADE,50,NO_TRADE,,No trade warranted,0.0,0.0
907,2026-08-20 09:45:00 IST,24203.349609375,2026-08-20 04:15:00,,,,,,SIDEWAYS,NEUTRAL,NO_TRADE,NO_TRADE,50,NO_TRADE,,No trade warranted,0.0,0.0
908,2026-08-20 09:50:00 IST,24201.94921875,2026-08-20 04:20:00,,,,,,SIDEWAYS,NEUTRAL,NO_TRADE,NO_TRADE,50,NO_TRADE,,No trade warranted,0.0,0.0
909,2026-08-20 09:55:00 IST,24203.80078125,2026-08-20 04:25:00,,,,,,SIDEWAYS,NEUTRAL,NO_TRADE,NO_TRADE,50,NO_TRADE,,No trade warranted,0.0,0.0
910,2026-08-20 10:00:00 IST,24205.900390625,2026-08-20 04:30:00,,,,,,SIDEWAYS,NEUTRAL,NO_TRADE,NO_TRADE,50,NO_TRADE,,No trade warranted,0.0,0.0
911,2026-08-20 10:05:00 IST,24211.599609375,2026-08-20 04:35:00,,,,,,SIDEWAYS,NEUTRAL,NO_TRADE,NO_TRADE,50,NO_TRADE,,No trade warranted,0.0,0.0
912,2026-08-20 10:10:00 IST,24221.849609375,2026-08-20 04:40:00,,,,,,SIDEWAYS,NEUTRAL,NO_TRADE,NO_TRADE,50,NO_TRADE,,No trade warranted,0.0,0.0
913,2026-08-20 10:15:00 IST,24219.599609375,2026-08-20 04:45:00,,,,,,SIDEWAYS,NEUTRAL,NO_TRADE,NO_TRADE,50,NO_TRADE,,No trade warranted,0.0,0.0
914,2026-08-20 10:20:00 IST,24217.80078125,2026-08-20 04:50:00,,,,,,SIDEWAYS,NEUTRAL,NO_TRADE,NO_TRADE,50,NO_TRADE,,No trade warranted,0.0,0.0
915,2026-08-20 10:25:00 IST,24210.150390625,2026-08-20 04:55:00,,,,,,SIDEWAYS,NEUTRAL,NO_TRADE,NO_TRADE,50,NO_TRADE,,No trade warranted,0.0,0.0
916,2026-08-20 10:30:00 IST,24210.19921875,2026-08-20 05:00:00,,,,,,VOLATILE_EXPANSION,MIXED,NO_TRADE,NO_TRADE,40,NO_TRADE,,No trade warranted,0.0,0.0
917,2026-08-20 10:35:00 IST,24205.0,2026-08-20 05:05:00,,,,,,SIDEWAYS,NEUTRAL,NO_TRADE,NO_TRADE,50,NO_TRADE,,No trade warranted,0.0,0.0
918,2026-08-20 10:40:00 IST,24211.849609375,2026-08-20 05:10:00,,,,,,SIDEWAYS,NEUTRAL,NO_TRADE,NO_TRADE,50,NO_TRADE,,No trade warranted,0.0,0.0
919,2026-08-20 10:45:00 IST,24215.55078125,2026-08-20 05:15:00,,,,,,SIDEWAYS,NEUTRAL,NO_TRADE,NO_TRADE,50,NO_TRADE,,No trade warranted,0.0,0.0
920,2026-08-20 10:50:00 IST,24204.0,2026-08-20 05:20:00,,,,,,SIDEWAYS,NEUTRAL,NO_TRADE,NO_TRADE,50,NO_TRADE,,No trade warranted,0.0,0.0
921,2026-08-20 10:55:00 IST,24212.55078125,2026-08-20 05:25:00,,,,,,SIDEWAYS,NEUTRAL,NO_TRADE,NO_TRADE,50,NO_TRADE,,No trade warranted,0.0,0.0
922,2026-08-20 11:00:00 IST,24214.05078125,2026-08-20 05:30:00,,,,,,VOLATILE_EXPANSION,MIXED,NO_TRADE,NO_TRADE,40,NO_TRADE,,No trade warranted,0.0,0.0
923,2026-08-20 11:05:00 IST,24211.44921875,2026-08-20 05:35:00,,,,,,SIDEWAYS,NEUTRAL,NO_TRADE,NO_TRADE,50,NO_TRADE,,No trade warranted,0.0,0.0
924,2026-08-20 11:10:00 IST,24204.400390625,2026-08-20 05:40:00,,,,,,SIDEWAYS,NEUTRAL,NO_TRADE,NO_TRADE,50,NO_TRADE,,No trade warranted,0.0,0.0
925,2026-08-20 11:15:00 IST,24198.75,2026-08-20 05:45:00,,,,,,SIDEWAYS,NEUTRAL,NO_TRADE,NO_TRADE,50,NO_TRADE,,No trade warranted,0.0,0.0
926,2026-08-20 11:20:00 IST,24198.099609375,2026-08-20 05:50:00,,,,,,SIDEWAYS,NEUTRAL,NO_TRADE,NO_TRADE,50,NO_TRADE,,No trade warranted,0.0,0.0
927,2026-08-20 11:25:00 IST,24201.0,2026-08-20 05:55:00,,,,,,VOLATILE_EXPANSION,MIXED,NO_TRADE,NO_TRADE,40,NO_TRADE,,No trade warranted,0.0,0.0
928,2026-08-20 11:30:00 IST,24212.150390625,2026-08-20 06:00:00,,,,,,SIDEWAYS,NEUTRAL,NO_TRADE,NO_TRADE,50,NO_TRADE,,No trade warranted,0.0,0.0
929,2026-08-20 11:35:00 IST,24211.75,2026-08-20 06:05:00,,,,,,SIDEWAYS,NEUTRAL,NO_TRADE,NO_TRADE,50,NO_TRADE,,No trade warranted,0.0,0.0
930,2026-08-20 11:40:00 IST,24212.349609375,2026-08-20 06:10:00,,,,,,SIDEWAYS,NEUTRAL,NO_TRADE,NO_TRADE,50,NO_TRADE,,No trade warranted,0.0,0.0
931,2026-08-20 11:45:00 IST,24212.400390625,2026-08-20 06:15:00,,,,,,VOLATILE_EXPANSION,MIXED,NO_TRADE,NO_TRADE,40,NO_TRADE,,No trade warranted,0.0,0.0
932,2026-08-20 11:50:00 IST,24212.849609375,2026-08-20 06:20:00,,,,,,SIDEWAYS,NEUTRAL,NO_TRADE,NO_TRADE,50,NO_TRADE,,No trade warranted,0.0,0.0
933,2026-08-20 11:55:00 IST,24216.599609375,2026-08-20 06:25:00,,,,,,SIDEWAYS,NEUTRAL,NO_TRADE,NO_TRADE,50,NO_TRADE,,No trade warranted,0.0,0.0
934,2026-08-20 12:00:00 IST,24212.19921875,2026-08-20 06:30:00,,,,,,SIDEWAYS,NEUTRAL,NO_TRADE,NO_TRADE,50,NO_TRADE,,No trade warranted,0.0,0.0
935,2026-08-20 12:05:00 IST,24213.0,2026-08-20 06:35:00,,,,,,SIDEWAYS,NEUTRAL,NO_TRADE,NO_TRADE,50,NO_TRADE,,No trade warranted,0.0,0.0
936,2026-08-20 12:10:00 IST,24214.75,2026-08-20 06:40:00,,,,,,SIDEWAYS,NEUTRAL,NO_TRADE,NO_TRADE,50,NO_TRADE,,No trade warranted,0.0,0.0
937,2026-08-20 12:15:00 IST,24216.75,2026-08-20 06:45:00,,,,,,SIDEWAYS,NEUTRAL,NO_TRADE,NO_TRADE,50,NO_TRADE,,No trade warranted,0.0,0.0
938,2026-08-20 12:20:00 IST,24211.80078125,2026-08-20 06:50:00,,,,,,SIDEWAYS,NEUTRAL,NO_TRADE,NO_TRADE,50,NO_TRADE,,No trade warranted,0.0,0.0
939,2026-08-20 12:25:00 IST,24213.75,2026-08-20 06:55:00,,,,,,VOLATILE_EXPANSION,MIXED,NO_TRADE,NO_TRADE,40,NO_TRADE,,No trade warranted,0.0,0.0
940,2026-08-20 12:30:00 IST,24209.94921875,2026-08-20 07:00:00,,,,,,VOLATILE_EXPANSION,MIXED,NO_TRADE,NO_TRADE,40,NO_TRADE,,No trade warranted,0.0,0.0
941,2026-08-20 12:35:00 IST,24216.94921875,2026-08-20 07:05:00,,,,,,VOLATILE_EXPANSION,MIXED,NO_TRADE,NO_TRADE,40,NO_TRADE,,No trade warranted,0.0,0.0
942,2026-08-20 12:40:00 IST,24217.19921875,2026-08-20 07:10:00,,,,,,VOLATILE_EXPANSION,MIXED,NO_TRADE,NO_TRADE,40,NO_TRADE,,No trade warranted,0.0,0.0
943,2026-08-20 12:45:00 IST,24241.44921875,2026-08-20 07:15:00,,,,,,VOLATILE_EXPANSION,MIXED,NO_TRADE,NO_TRADE,40,NO_TRADE,,No trade warranted,0.0,0.0
944,2026-08-20 12:50:00 IST,24244.30078125,2026-08-20 07:20:00,,,,,,VOLATILE_EXPANSION,MIXED,NO_TRADE,NO_TRADE,40,NO_TRADE,,No trade warranted,0.0,0.0
945,2026-08-20 12:55:00 IST,24244.25,2026-08-20 07:25:00,,,,,,VOLATILE_EXPANSION,MIXED,NO_TRADE,NO_TRADE,40,NO_TRADE,,No trade warranted,0.0,0.0
946,2026-08-20 13:00:00 IST,24244.94921875,2026-08-20 07:30:00,,,,,,VOLATILE_EXPANSION,MIXED,NO_TRADE,NO_TRADE,40,NO_TRADE,,No trade warranted,0.0,0.0
947,2026-08-20 13:05:00 IST,24248.5,2026-08-20 07:35:00,,,,,,VOLATILE_EXPANSION,MIXED,NO_TRADE,NO_TRADE,40,NO_TRADE,,No trade warranted,0.0,0.0
948,2026-08-20 13:10:00 IST,24246.80078125,2026-08-20 07:40:00,,,,,,VOLATILE_EXPANSION,MIXED,NO_TRADE,NO_TRADE,40,NO_TRADE,,No trade warranted,0.0,0.0
949,2026-08-20 13:15:00 IST,24241.0,2026-08-20 07:45:00,,,,,,VOLATILE_EXPANSION,MIXED,NO_TRADE,NO_TRADE,40,NO_TRADE,,No trade warranted,0.0,0.0
950,2026-08-20 13:20:00 IST,24250.30078125,2026-08-20 07:50:00,,,,,,SIDEWAYS,NEUTRAL,NO_TRADE,NO_TRADE,30,NO_TRADE,,No trade warranted,0.0,0.0
951,2026-08-20 13:25:00 IST,24247.55078125,2026-08-20 07:55:00,,,,,,SIDEWAYS,NEUTRAL,NO_TRADE,NO_TRADE,30,NO_TRADE,,No trade warranted,0.0,0.0
952,2026-08-20 13:30:00 IST,24248.69921875,2026-08-20 08:00:00,,,,,,SIDEWAYS,NEUTRAL,NO_TRADE,NO_TRADE,30,NO_TRADE,,No trade warranted,0.0,0.0
953,2026-08-20 13:35:00 IST,24243.0,2026-08-20 08:05:00,,,,,,SIDEWAYS,NEUTRAL,NO_TRADE,NO_TRADE,30,NO_TRADE,,No trade warranted,0.0,0.0
954,2026-08-20 13:40:00 IST,24246.05078125,2026-08-20 08:10:00,,,,,,SIDEWAYS,NEUTRAL,NO_TRADE,NO_TRADE,30,NO_TRADE,,No trade warranted,0.0,0.0
955,2026-08-20 13:45:00 IST,24246.25,2026-08-20 08:15:00,,,,,,SIDEWAYS,NEUTRAL,NO_TRADE,NO_TRADE,30,NO_TRADE,,No trade warranted,0.0,0.0
956,2026-08-20 13:50:00 IST,24239.44921875,2026-08-20 08:20:00,,,,,,SIDEWAYS,NEUTRAL,NO_TRADE,NO_TRADE,30,NO_TRADE,,No trade warranted,0.0,0.0
957,2026-08-20 13:55:00 IST,24232.94921875,2026-08-20 08:25:00,,,,,,SIDEWAYS,NEUTRAL,NO_TRADE,NO_TRADE,50,NO_TRADE,,No trade warranted,0.0,0.0
958,2026-08-20 14:00:00 IST,24233.599609375,2026-08-20 08:30:00,,,,,,VOLATILE_EXPANSION,MIXED,NO_TRADE,NO_TRADE,40,NO_TRADE,,No trade warranted,0.0,0.0
959,2026-08-20 14:05:00 IST,24236.599609375,2026-08-20 08:35:00,,,,,,SIDEWAYS,NEUTRAL,NO_TRADE,NO_TRADE,30,NO_TRADE,,No trade warranted,0.0,0.0
960,2026-08-20 14:10:00 IST,24238.44921875,2026-08-20 08:40:00,,,,,,SIDEWAYS,NEUTRAL,NO_TRADE,NO_TRADE,30,NO_TRADE,,No trade warranted,0.0,0.0
961,2026-08-20 14:15:00 IST,24238.0,2026-08-20 08:45:00,,,,,,SIDEWAYS,NEUTRAL,NO_TRADE,NO_TRADE,30,NO_TRADE,,No trade warranted,0.0,0.0
962,2026-08-20 14:20:00 IST,24242.150390625,2026-08-20 08:50:00,,,,,,SIDEWAYS,NEUTRAL,NO_TRADE,NO_TRADE,30,NO_TRADE,,No trade warranted,0.0,0.0
963,2026-08-20 14:25:00 IST,24245.80078125,2026-08-20 08:55:00,,,,,,SIDEWAYS,NEUTRAL,NO_TRADE,NO_TRADE,30,NO_TRADE,,No trade warranted,0.0,0.0
964,2026-08-20 14:30:00 IST,24244.599609375,2026-08-20 09:00:00,,,,,,SIDEWAYS,NEUTRAL,NO_TRADE,NO_TRADE,30,NO_TRADE,,No trade warranted,0.0,0.0
965,2026-08-20 14:35:00 IST,24244.0,2026-08-20 09:05:00,,,,,,SIDEWAYS,NEUTRAL,NO_TRADE,NO_TRADE,30,NO_TRADE,,No trade warranted,0.0,0.0
966,2026-08-20 14:40:00 IST,24237.0,2026-08-20 09:10:00,,,,,,VOLATILE_EXPANSION,MIXED,NO_TRADE,NO_TRADE,40,NO_TRADE,,No trade warranted,0.0,0.0
967,2026-08-20 14:45:00 IST,24236.650390625,2026-08-20 09:15:00,,,,,,VOLATILE_EXPANSION,MIXED,NO_TRADE,NO_TRADE,40,NO_TRADE,,No trade warranted,0.0,0.0
968,2026-08-20 14:50:00 IST,24235.69921875,2026-08-20 09:20:00,,,,,,VOLATILE_EXPANSION,MIXED,NO_TRADE,NO_TRADE,40,NO_TRADE,,No trade warranted,0.0,0.0
969,2026-08-20 14:55:00 IST,24238.099609375,2026-08-20 09:25:00,,,,,,SIDEWAYS,NEUTRAL,NO_TRADE,NO_TRADE,50,NO_TRADE,,No trade warranted,0.0,0.0
970,2026-08-20 15:00:00 IST,24231.349609375,2026-08-20 09:30:00,,,,,,VOLATILE_EXPANSION,MIXED,NO_TRADE,NO_TRADE,40,NO_TRADE,,No trade warranted,0.0,0.0
971,2026-08-20 15:05:00 IST,24215.69921875,2026-08-20 09:35:00,,,,,,SIDEWAYS,NEUTRAL,NO_TRADE,NO_TRADE,30,NO_TRADE,,No trade warranted,0.0,0.0
972,2026-08-20 15:10:00 IST,24212.349609375,2026-08-20 09:40:00,,,,,,SIDEWAYS,NEUTRAL,NO_TRADE,NO_TRADE,30,NO_TRADE,,No trade warranted,0.0,0.0
973,2026-08-20 15:15:00 IST,24211.599609375,2026-08-20 09:45:00,,,,,,SIDEWAYS,NEUTRAL,NO_TRADE,NO_TRADE,30,NO_TRADE,,No trade warranted,0.0,0.0
974,2026-08-20 15:20:00 IST,24211.599609375,2026-08-20 09:50:00,,,,,,SIDEWAYS,NEUTRAL,NO_TRADE,NO_TRADE,30,NO_TRADE,,No trade warranted,0.0,0.0
975,2026-08-20 15:25:00 IST,24231.849609375,2026-08-20 09:55:00,,,,,,SIDEWAYS,NEUTRAL,NO_TRADE,NO_TRADE,30,NO_TRADE,,No trade warranted,0.0,0.0
976,2026-08-21 09:15:00 IST,24238.099609375,2026-08-21 03:45:00,,,,,,SIDEWAYS,NEUTRAL,NO_TRADE,NO_TRADE,50,NO_TRADE,,No trade warranted,0.0,0.0
977,2026-08-21 09:20:00 IST,24220.30078125,2026-08-21 03:50:00,,,,,,SIDEWAYS,NEUTRAL,NO_TRADE,NO_TRADE,50,NO_TRADE,,No trade warranted,0.0,0.0
978,2026-08-21 09:25:00 IST,24230.80078125,2026-08-21 03:55:00,,,,,,SIDEWAYS,NEUTRAL,NO_TRADE,NO_TRADE,50,NO_TRADE,,No trade warranted,0.0,0.0
979,2026-08-21 09:30:00 IST,24208.80078125,2026-08-21 04:00:00,,,,,,SIDEWAYS,NEUTRAL,NO_TRADE,NO_TRADE,50,NO_TRADE,,No trade warranted,0.0,0.0
980,2026-08-21 09:35:00 IST,24220.69921875,2026-08-21 04:05:00,,,,,,SIDEWAYS,NEUTRAL,NO_TRADE,NO_TRADE,50,NO_TRADE,,No trade warranted,0.0,0.0
981,2026-08-21 09:40:00 IST,24243.849609375,2026-08-21 04:10:00,,,,,,SIDEWAYS,NEUTRAL,NO_TRADE,NO_TRADE,50,NO_TRADE,,No trade warranted,0.0,0.0
982,2026-08-21 09:45:00 IST,24243.5,2026-08-21 04:15:00,,,,,,SIDEWAYS,NEUTRAL,NO_TRADE,NO_TRADE,50,NO_TRADE,,No trade warranted,0.0,0.0
983,2026-08-21 09:50:00 IST,24250.55078125,2026-08-21 04:20:00,,,,,,SIDEWAYS,NEUTRAL,NO_TRADE,NO_TRADE,50,NO_TRADE,,No trade warranted,0.0,0.0
984,2026-08-21 09:55:00 IST,24246.900390625,2026-08-21 04:25:00,,,,,,SIDEWAYS,NEUTRAL,NO_TRADE,NO_TRADE,50,NO_TRADE,,No trade warranted,0.0,0.0
985,2026-08-21 10:00:00 IST,24239.5,2026-08-21 04:30:00,,,,,,SIDEWAYS,NEUTRAL,NO_TRADE,NO_TRADE,50,NO_TRADE,,No trade warranted,0.0,0.0
986,2026-08-21 10:05:00 IST,24225.25,2026-08-21 04:35:00,,,,,,SIDEWAYS,NEUTRAL,NO_TRADE,NO_TRADE,50,NO_TRADE,,No trade warranted,0.0,0.0
987,2026-08-21 10:10:00 IST,24235.69921875,2026-08-21 04:40:00,,,,,,SIDEWAYS,NEUTRAL,NO_TRADE,NO_TRADE,50,NO_TRADE,,No trade warranted,0.0,0.0
988,2026-08-21 10:15:00 IST,24232.099609375,2026-08-21 04:45:00,,,,,,SIDEWAYS,NEUTRAL,NO_TRADE,NO_TRADE,50,NO_TRADE,,No trade warranted,0.0,0.0
989,2026-08-21 10:20:00 IST,24243.80078125,2026-08-21 04:50:00,,,,,,SIDEWAYS,NEUTRAL,NO_TRADE,NO_TRADE,50,NO_TRADE,,No trade warranted,0.0,0.0
990,2026-08-21 10:25:00 IST,24255.0,2026-08-21 04:55:00,,,,,,SIDEWAYS,NEUTRAL,NO_TRADE,NO_TRADE,50,NO_TRADE,,No trade warranted,0.0,0.0
991,2026-08-21 10:30:00 IST,24250.30078125,2026-08-21 05:00:00,,,,,,VOLATILE_EXPANSION,MIXED,NO_TRADE,NO_TRADE,40,NO_TRADE,,No trade warranted,0.0,0.0
992,2026-08-21 10:35:00 IST,24249.349609375,2026-08-21 05:05:00,,,,,,VOLATILE_EXPANSION,MIXED,NO_TRADE,NO_TRADE,40,NO_TRADE,,No trade warranted,0.0,0.0
993,2026-08-21 10:40:00 IST,24253.19921875,2026-08-21 05:10:00,,,,,,VOLATILE_EXPANSION,MIXED,NO_TRADE,NO_TRADE,40,NO_TRADE,,No trade warranted,0.0,0.0
994,2026-08-21 10:45:00 IST,24253.5,2026-08-21 05:15:00,,,,,,VOLATILE_EXPANSION,MIXED,NO_TRADE,NO_TRADE,40,NO_TRADE,,No trade warranted,0.0,0.0
995,2026-08-21 10:50:00 IST,24264.650390625,2026-08-21 05:20:00,,,,,,VOLATILE_EXPANSION,MIXED,NO_TRADE,NO_TRADE,40,NO_TRADE,,No trade warranted,0.0,0.0
996,2026-08-21 10:55:00 IST,24261.0,2026-08-21 05:25:00,,,,,,VOLATILE_EXPANSION,MIXED,NO_TRADE,NO_TRADE,40,NO_TRADE,,No trade warranted,0.0,0.0
997,2026-08-21 11:00:00 IST,24266.0,2026-08-21 05:30:00,,,,,,SIDEWAYS,NEUTRAL,NO_TRADE,NO_TRADE,50,NO_TRADE,,No trade warranted,0.0,0.0
998,2026-08-21 11:05:00 IST,24259.80078125,2026-08-21 05:35:00,,,,,,SIDEWAYS,NEUTRAL,NO_TRADE,NO_TRADE,50,NO_TRADE,,No trade warranted,0.0,0.0
999,2026-08-21 11:10:00 IST,24262.650390625,2026-08-21 05:40:00,,,,,,SIDEWAYS,NEUTRAL,NO_TRADE,NO_TRADE,50,NO_TRADE,,No trade warranted,0.0,0.0
1000,2026-08-21 11:15:00 IST,24255.349609375,2026-08-21 05:45:00,,,,,,VOLATILE_EXPANSION,MIXED,NO_TRADE,NO_TRADE,40,NO_TRADE,,No trade warranted,0.0,0.0
1001,2026-08-21 11:20:00 IST,24255.0,2026-08-21 05:50:00,,,,,,VOLATILE_EXPANSION,MIXED,NO_TRADE,NO_TRADE,40,NO_TRADE,,No trade warranted,0.0,0.0
1002,2026-08-21 11:25:00 IST,24256.599609375,2026-08-21 05:55:00,,,,,,VOLATILE_EXPANSION,MIXED,NO_TRADE,NO_TRADE,40,NO_TRADE,,No trade warranted,0.0,0.0
1003,2026-08-21 11:30:00 IST,24258.69921875,2026-08-21 06:00:00,,,,,,VOLATILE_EXPANSION,MIXED,NO_TRADE,NO_TRADE,40,NO_TRADE,,No trade warranted,0.0,0.0
1004,2026-08-21 11:35:00 IST,24257.19921875,2026-08-21 06:05:00,,,,,,SIDEWAYS,NEUTRAL,NO_TRADE,NO_TRADE,50,NO_TRADE,,No trade warranted,0.0,0.0
1005,2026-08-21 11:40:00 IST,24251.05078125,2026-08-21 06:10:00,,,,,,SIDEWAYS,NEUTRAL,NO_TRADE,NO_TRADE,50,NO_TRADE,,No trade warranted,0.0,0.0
1006,2026-08-21 11:45:00 IST,24254.349609375,2026-08-21 06:15:00,,,,,,SIDEWAYS,NEUTRAL,NO_TRADE,NO_TRADE,50,NO_TRADE,,No trade warranted,0.0,0.0
1007,2026-08-21 11:50:00 IST,24245.25,2026-08-21 06:20:00,,,,,,SIDEWAYS,NEUTRAL,NO_TRADE,NO_TRADE,50,NO_TRADE,,No trade warranted,0.0,0.0
1008,2026-08-21 11:55:00 IST,24239.30078125,2026-08-21 06:25:00,,,,,,SIDEWAYS,NEUTRAL,NO_TRADE,NO_TRADE,50,NO_TRADE,,No trade warranted,0.0,0.0
1009,2026-08-21 12:00:00 IST,24238.55078125,2026-08-21 06:30:00,,,,,,VOLATILE_EXPANSION,MIXED,NO_TRADE,NO_TRADE,40,NO_TRADE,,No trade warranted,0.0,0.0
1010,2026-08-21 12:05:00 IST,24236.25,2026-08-21 06:35:00,,,,,,VOLATILE_EXPANSION,MIXED,NO_TRADE,NO_TRADE,40,NO_TRADE,,No trade warranted,0.0,0.0
1011,2026-08-21 12:10:00 IST,24233.30078125,2026-08-21 06:40:00,,,,,,VOLATILE_EXPANSION,MIXED,NO_TRADE,NO_TRADE,40,NO_TRADE,,No trade warranted,0.0,0.0
1012,2026-08-21 12:15:00 IST,24237.94921875,2026-08-21 06:45:00,,,,,,VOLATILE_EXPANSION,MIXED,NO_TRADE,NO_TRADE,40,NO_TRADE,,No trade warranted,0.0,0.0
1013,2026-08-21 12:20:00 IST,24240.75,2026-08-21 06:50:00,,,,,,VOLATILE_EXPANSION,MIXED,NO_TRADE,NO_TRADE,40,NO_TRADE,,No trade warranted,0.0,0.0
1014,2026-08-21 12:25:00 IST,24238.25,2026-08-21 06:55:00,,,,,,VOLATILE_EXPANSION,MIXED,NO_TRADE,NO_TRADE,40,NO_TRADE,,No trade warranted,0.0,0.0
1015,2026-08-21 12:30:00 IST,24243.099609375,2026-08-21 07:00:00,,,,,,SIDEWAYS,NEUTRAL,NO_TRADE,NO_TRADE,50,NO_TRADE,,No trade warranted,0.0,0.0
1016,2026-08-21 12:35:00 IST,24236.55078125,2026-08-21 07:05:00,,,,,,VOLATILE_EXPANSION,MIXED,NO_TRADE,NO_TRADE,40,NO_TRADE,,No trade warranted,0.0,0.0
1017,2026-08-21 12:40:00 IST,24233.30078125,2026-08-21 07:10:00,,,,,,VOLATILE_EXPANSION,MIXED,NO_TRADE,NO_TRADE,40,NO_TRADE,,No trade warranted,0.0,0.0
1018,2026-08-21 12:45:00 IST,24230.400390625,2026-08-21 07:15:00,,,,,,VOLATILE_EXPANSION,MIXED,NO_TRADE,NO_TRADE,40,NO_TRADE,,No trade warranted,0.0,0.0
1019,2026-08-21 12:50:00 IST,24233.19921875,2026-08-21 07:20:00,,,,,,VOLATILE_EXPANSION,MIXED,NO_TRADE,NO_TRADE,40,NO_TRADE,,No trade warranted,0.0,0.0
1020,2026-08-21 12:55:00 IST,24232.80078125,2026-08-21 07:25:00,,,,,,VOLATILE_EXPANSION,MIXED,NO_TRADE,NO_TRADE,40,NO_TRADE,,No trade warranted,0.0,0.0
1021,2026-08-21 13:00:00 IST,24241.05078125,2026-08-21 07:30:00,,,,,,SIDEWAYS,NEUTRAL,NO_TRADE,NO_TRADE,50,NO_TRADE,,No trade warranted,0.0,0.0
1022,2026-08-21 13:05:00 IST,24250.349609375,2026-08-21 07:35:00,,,,,,SIDEWAYS,NEUTRAL,NO_TRADE,NO_TRADE,50,NO_TRADE,,No trade warranted,0.0,0.0
1023,2026-08-21 13:10:00 IST,24244.0,2026-08-21 07:40:00,,,,,,SIDEWAYS,NEUTRAL,NO_TRADE,NO_TRADE,50,NO_TRADE,,No trade warranted,0.0,0.0
1024,2026-08-21 13:15:00 IST,24246.0,2026-08-21 07:45:00,,,,,,SIDEWAYS,NEUTRAL,NO_TRADE,NO_TRADE,50,NO_TRADE,,No trade warranted,0.0,0.0
1025,2026-08-21 13:20:00 IST,24238.349609375,2026-08-21 07:50:00,,,,,,SIDEWAYS,NEUTRAL,NO_TRADE,NO_TRADE,30,NO_TRADE,,No trade warranted,0.0,0.0
1026,2026-08-21 13:25:00 IST,24246.80078125,2026-08-21 07:55:00,,,,,,SIDEWAYS,NEUTRAL,NO_TRADE,NO_TRADE,30,NO_TRADE,,No trade warranted,0.0,0.0
1027,2026-08-21 13:30:00 IST,24239.5,2026-08-21 08:00:00,,,,,,SIDEWAYS,NEUTRAL,NO_TRADE,NO_TRADE,30,NO_TRADE,,No trade warranted,0.0,0.0
1028,2026-08-21 13:35:00 IST,24233.69921875,2026-08-21 08:05:00,,,,,,SIDEWAYS,NEUTRAL,NO_TRADE,NO_TRADE,30,NO_TRADE,,No trade warranted,0.0,0.0
1029,2026-08-21 13:40:00 IST,24235.80078125,2026-08-21 08:10:00,,,,,,SIDEWAYS,NEUTRAL,NO_TRADE,NO_TRADE,30,NO_TRADE,,No trade warranted,0.0,0.0
1030,2026-08-21 13:45:00 IST,24231.44921875,2026-08-21 08:15:00,,,,,,SIDEWAYS,NEUTRAL,NO_TRADE,NO_TRADE,30,NO_TRADE,,No trade warranted,0.0,0.0
1031,2026-08-21 13:50:00 IST,24232.94921875,2026-08-21 08:20:00,,,,,,SIDEWAYS,NEUTRAL,NO_TRADE,NO_TRADE,30,NO_TRADE,,No trade warranted,0.0,0.0
1032,2026-08-21 13:55:00 IST,24233.94921875,2026-08-21 08:25:00,,,,,,SIDEWAYS,NEUTRAL,NO_TRADE,NO_TRADE,30,NO_TRADE,,No trade warranted,0.0,0.0
1033,2026-08-21 14:00:00 IST,24230.69921875,2026-08-21 08:30:00,,,,,,SIDEWAYS,NEUTRAL,NO_TRADE,NO_TRADE,30,NO_TRADE,,No trade warranted,0.0,0.0
1034,2026-08-21 14:05:00 IST,24225.44921875,2026-08-21 08:35:00,,,,,,SIDEWAYS,NEUTRAL,NO_TRADE,NO_TRADE,30,NO_TRADE,,No trade warranted,0.0,0.0
1035,2026-08-21 14:10:00 IST,24230.55078125,2026-08-21 08:40:00,,,,,,SIDEWAYS,NEUTRAL,NO_TRADE,NO_TRADE,30,NO_TRADE,,No trade warranted,0.0,0.0
1036,2026-08-21 14:15:00 IST,24236.150390625,2026-08-21 08:45:00,,,,,,SIDEWAYS,NEUTRAL,NO_TRADE,NO_TRADE,50,NO_TRADE,,No trade warranted,0.0,0.0
1037,2026-08-21 14:20:00 IST,24239.349609375,2026-08-21 08:50:00,,,,,,SIDEWAYS,NEUTRAL,NO_TRADE,NO_TRADE,50,NO_TRADE,,No trade warranted,0.0,0.0
1038,2026-08-21 14:25:00 IST,24243.099609375,2026-08-21 08:55:00,,,,,,SIDEWAYS,NEUTRAL,NO_TRADE,NO_TRADE,30,NO_TRADE,,No trade warranted,0.0,0.0
1039,2026-08-21 14:30:00 IST,24237.75,2026-08-21 09:00:00,,,,,,SIDEWAYS,NEUTRAL,NO_TRADE,NO_TRADE,50,NO_TRADE,,No trade warranted,0.0,0.0
1040,2026-08-21 14:35:00 IST,24234.69921875,2026-08-21 09:05:00,2026-08-21 15:25:00 IST,24252.0,2026-08-21 09:55:00,,50,SIDEWAYS_TO_BEARISH,MILD_BEARISH,MILD_DIRECTIONAL,CONDITIONAL,40,LOSS,0.0714,EOD: Price moved against predicted direction,0.0714,-0.0027
1041,2026-08-21 14:40:00 IST,24235.349609375,2026-08-21 09:10:00,,,,,,SIDEWAYS,NEUTRAL,NO_TRADE,NO_TRADE,30,NO_TRADE,,No trade warranted,0.0,0.0
1042,2026-08-21 14:45:00 IST,24237.599609375,2026-08-21 09:15:00,,,,,,SIDEWAYS,NEUTRAL,NO_TRADE,NO_TRADE,50,NO_TRADE,,No trade warranted,0.0,0.0
1043,2026-08-21 14:50:00 IST,24238.599609375,2026-08-21 09:20:00,,,,,,SIDEWAYS,NEUTRAL,NO_TRADE,NO_TRADE,50,NO_TRADE,,No trade warranted,0.0,0.0
1044,2026-08-21 14:55:00 IST,24236.30078125,2026-08-21 09:25:00,,,,,,SIDEWAYS,NEUTRAL,NO_TRADE,NO_TRADE,30,NO_TRADE,,No trade warranted,0.0,0.0
1045,2026-08-21 15:00:00 IST,24235.75,2026-08-21 09:30:00,,,,,,SIDEWAYS,NEUTRAL,NO_TRADE,NO_TRADE,30,NO_TRADE,,No trade warranted,0.0,0.0
1046,2026-08-21 15:05:00 IST,24234.05078125,2026-08-21 09:35:00,,,,,,SIDEWAYS,NEUTRAL,NO_TRADE,NO_TRADE,30,NO_TRADE,,No trade warranted,0.0,0.0
1047,2026-08-21 15:10:00 IST,24234.75,2026-08-21 09:40:00,,,,,,SIDEWAYS,NEUTRAL,NO_TRADE,NO_TRADE,30,NO_TRADE,,No trade warranted,0.0,0.0
1048,2026-08-21 15:15:00 IST,24234.75,2026-08-21 09:45:00,,,,,,SIDEWAYS,NEUTRAL,NO_TRADE,NO_TRADE,30,NO_TRADE,,No trade warranted,0.0,0.0
1049,2026-08-21 15:20:00 IST,24234.75,2026-08-21 09:50:00,,,,,,SIDEWAYS,NEUTRAL,NO_TRADE,NO_TRADE,30,NO_TRADE,,No trade warranted,0.0,0.0
1050,2026-08-21 15:25:00 IST,24252.0,2026-08-21 09:55:00,,,,,,SIDEWAYS,NEUTRAL,NO_TRADE,NO_TRADE,30,NO_TRADE,,No trade warranted,0.0,0.0
1051,2026-08-24 09:15:00 IST,24303.900390625,2026-08-24 03:45:00,,,,,,SIDEWAYS,NEUTRAL,NO_TRADE,NO_TRADE,50,NO_TRADE,,No trade warranted,0.0,0.0
1052,2026-08-24 09:20:00 IST,24303.150390625,2026-08-24 03:50:00,,,,,,SIDEWAYS,NEUTRAL,NO_TRADE,NO_TRADE,50,NO_TRADE,,No trade warranted,0.0,0.0
1053,2026-08-24 09:25:00 IST,24288.099609375,2026-08-24 03:55:00,,,,,,SIDEWAYS,NEUTRAL,NO_TRADE,NO_TRADE,50,NO_TRADE,,No trade warranted,0.0,0.0
1054,2026-08-24 09:30:00 IST,24276.75,2026-08-24 04:00:00,,,,,,SIDEWAYS,NEUTRAL,NO_TRADE,NO_TRADE,50,NO_TRADE,,No trade warranted,0.0,0.0
1055,2026-08-24 09:35:00 IST,24283.19921875,2026-08-24 04:05:00,,,,,,SIDEWAYS,NEUTRAL,NO_TRADE,NO_TRADE,50,NO_TRADE,,No trade warranted,0.0,0.0
1056,2026-08-24 09:40:00 IST,24281.75,2026-08-24 04:10:00,,,,,,SIDEWAYS,NEUTRAL,NO_TRADE,NO_TRADE,50,NO_TRADE,,No trade warranted,0.0,0.0
1057,2026-08-24 09:45:00 IST,24280.69921875,2026-08-24 04:15:00,,,,,,SIDEWAYS,NEUTRAL,NO_TRADE,NO_TRADE,50,NO_TRADE,,No trade warranted,0.0,0.0
1058,2026-08-24 09:50:00 IST,24272.900390625,2026-08-24 04:20:00,,,,,,SIDEWAYS,NEUTRAL,NO_TRADE,NO_TRADE,50,NO_TRADE,,No trade warranted,0.0,0.0
1059,2026-08-24 09:55:00 IST,24268.19921875,2026-08-24 04:25:00,,,,,,SIDEWAYS,NEUTRAL,NO_TRADE,NO_TRADE,50,NO_TRADE,,No trade warranted,0.0,0.0
1060,2026-08-24 10:00:00 IST,24269.5,2026-08-24 04:30:00,,,,,,SIDEWAYS,NEUTRAL,NO_TRADE,NO_TRADE,50,NO_TRADE,,No trade warranted,0.0,0.0
1061,2026-08-24 10:05:00 IST,24270.900390625,2026-08-24 04:35:00,,,,,,SIDEWAYS,NEUTRAL,NO_TRADE,NO_TRADE,50,NO_TRADE,,No trade warranted,0.0,0.0
1062,2026-08-24 10:10:00 IST,24273.099609375,2026-08-24 04:40:00,,,,,,SIDEWAYS,NEUTRAL,NO_TRADE,NO_TRADE,50,NO_TRADE,,No trade warranted,0.0,0.0
1063,2026-08-24 10:15:00 IST,24277.94921875,2026-08-24 04:45:00,,,,,,SIDEWAYS,NEUTRAL,NO_TRADE,NO_TRADE,50,NO_TRADE,,No trade warranted,0.0,0.0
1064,2026-08-24 10:20:00 IST,24278.75,2026-08-24 04:50:00,,,,,,SIDEWAYS,NEUTRAL,NO_TRADE,NO_TRADE,50,NO_TRADE,,No trade warranted,0.0,0.0
1065,2026-08-24 10:25:00 IST,24277.599609375,2026-08-24 04:55:00,,,,,,VOLATILE_EXPANSION,MIXED,NO_TRADE,NO_TRADE,40,NO_TRADE,,No trade warranted,0.0,0.0
1066,2026-08-24 10:30:00 IST,24279.650390625,2026-08-24 05:00:00,,,,,,VOLATILE_EXPANSION,MIXED,NO_TRADE,NO_TRADE,40,NO_TRADE,,No trade warranted,0.0,0.0
1067,2026-08-24 10:35:00 IST,24279.650390625,2026-08-24 05:05:00,,,,,,SIDEWAYS,NEUTRAL,NO_TRADE,NO_TRADE,50,NO_TRADE,,No trade warranted,0.0,0.0
1068,2026-08-24 10:40:00 IST,24279.25,2026-08-24 05:10:00,,,,,,SIDEWAYS,NEUTRAL,NO_TRADE,NO_TRADE,50,NO_TRADE,,No trade warranted,0.0,0.0
1069,2026-08-24 10:45:00 IST,24270.94921875,2026-08-24 05:15:00,,,,,,SIDEWAYS,NEUTRAL,NO_TRADE,NO_TRADE,50,NO_TRADE,,No trade warranted,0.0,0.0
1070,2026-08-24 10:50:00 IST,24268.69921875,2026-08-24 05:20:00,,,,,,SIDEWAYS,NEUTRAL,NO_TRADE,NO_TRADE,50,NO_TRADE,,No trade warranted,0.0,0.0
1071,2026-08-24 10:55:00 IST,24242.900390625,2026-08-24 05:25:00,,,,,,VOLATILE_EXPANSION,MIXED,NO_TRADE,NO_TRADE,40,NO_TRADE,,No trade warranted,0.0,0.0
1072,2026-08-24 11:00:00 IST,24230.25,2026-08-24 05:30:00,,,,,,VOLATILE_EXPANSION,MIXED,NO_TRADE,NO_TRADE,40,NO_TRADE,,No trade warranted,0.0,0.0
1073,2026-08-24 11:05:00 IST,24221.900390625,2026-08-24 05:35:00,,,,,,VOLATILE_EXPANSION,MIXED,NO_TRADE,NO_TRADE,40,NO_TRADE,,No trade warranted,0.0,0.0
1074,2026-08-24 11:10:00 IST,24210.69921875,2026-08-24 05:40:00,,,,,,VOLATILE_EXPANSION,MIXED,NO_TRADE,NO_TRADE,40,NO_TRADE,,No trade warranted,0.0,0.0
1075,2026-08-24 11:15:00 IST,24214.75,2026-08-24 05:45:00,,,,,,VOLATILE_EXPANSION,MIXED,NO_TRADE,NO_TRADE,40,NO_TRADE,,No trade warranted,0.0,0.0
1076,2026-08-24 11:20:00 IST,24202.44921875,2026-08-24 05:50:00,,,,,,VOLATILE_EXPANSION,MIXED,NO_TRADE,NO_TRADE,40,NO_TRADE,,No trade warranted,0.0,0.0
1077,2026-08-24 11:25:00 IST,24202.150390625,2026-08-24 05:55:00,,,,,,VOLATILE_EXPANSION,MIXED,NO_TRADE,NO_TRADE,40,NO_TRADE,,No trade warranted,0.0,0.0
1078,2026-08-24 11:30:00 IST,24179.30078125,2026-08-24 06:00:00,,,,,,VOLATILE_EXPANSION,MIXED,NO_TRADE,NO_TRADE,40,NO_TRADE,,No trade warranted,0.0,0.0
1079,2026-08-24 11:35:00 IST,24180.900390625,2026-08-24 06:05:00,,,,,,VOLATILE_EXPANSION,MIXED,NO_TRADE,NO_TRADE,40,NO_TRADE,,No trade warranted,0.0,0.0
1080,2026-08-24 11:40:00 IST,24186.80078125,2026-08-24 06:10:00,,,,,,VOLATILE_EXPANSION,MIXED,NO_TRADE,NO_TRADE,40,NO_TRADE,,No trade warranted,0.0,0.0
1081,2026-08-24 11:45:00 IST,24196.75,2026-08-24 06:15:00,,,,,,VOLATILE_EXPANSION,MIXED,NO_TRADE,NO_TRADE,40,NO_TRADE,,No trade warranted,0.0,0.0
1082,2026-08-24 11:50:00 IST,24191.25,2026-08-24 06:20:00,,,,,,VOLATILE_EXPANSION,MIXED,NO_TRADE,NO_TRADE,40,NO_TRADE,,No trade warranted,0.0,0.0
1083,2026-08-24 11:55:00 IST,24181.099609375,2026-08-24 06:25:00,,,,,,VOLATILE_EXPANSION,MIXED,NO_TRADE,NO_TRADE,40,NO_TRADE,,No trade warranted,0.0,0.0
1084,2026-08-24 12:00:00 IST,24190.69921875,2026-08-24 06:30:00,,,,,,VOLATILE_EXPANSION,MIXED,NO_TRADE,NO_TRADE,40,NO_TRADE,,No trade warranted,0.0,0.0
1085,2026-08-24 12:05:00 IST,24194.05078125,2026-08-24 06:35:00,,,,,,VOLATILE_EXPANSION,MIXED,NO_TRADE,NO_TRADE,40,NO_TRADE,,No trade warranted,0.0,0.0
1086,2026-08-24 12:10:00 IST,24194.05078125,2026-08-24 06:40:00,,,,,,VOLATILE_EXPANSION,MIXED,NO_TRADE,NO_TRADE,40,NO_TRADE,,No trade warranted,0.0,0.0
1087,2026-08-24 12:15:00 IST,24189.400390625,2026-08-24 06:45:00,,,,,,VOLATILE_EXPANSION,MIXED,NO_TRADE,NO_TRADE,40,NO_TRADE,,No trade warranted,0.0,0.0
1088,2026-08-24 12:20:00 IST,24192.75,2026-08-24 06:50:00,,,,,,VOLATILE_EXPANSION,MIXED,NO_TRADE,NO_TRADE,40,NO_TRADE,,No trade warranted,0.0,0.0
1089,2026-08-24 12:25:00 IST,24183.900390625,2026-08-24 06:55:00,,,,,,VOLATILE_EXPANSION,MIXED,NO_TRADE,NO_TRADE,40,NO_TRADE,,No trade warranted,0.0,0.0
1090,2026-08-24 12:30:00 IST,24183.44921875,2026-08-24 07:00:00,,,,,,VOLATILE_EXPANSION,MIXED,NO_TRADE,NO_TRADE,40,NO_TRADE,,No trade warranted,0.0,0.0
1091,2026-08-24 12:35:00 IST,24180.05078125,2026-08-24 07:05:00,,,,,,VOLATILE_EXPANSION,MIXED,NO_TRADE,NO_TRADE,40,NO_TRADE,,No trade warranted,0.0,0.0
1092,2026-08-24 12:40:00 IST,24180.0,2026-08-24 07:10:00,,,,,,SIDEWAYS,NEUTRAL,NO_TRADE,NO_TRADE,50,NO_TRADE,,No trade warranted,0.0,0.0
1093,2026-08-24 12:45:00 IST,24185.25,2026-08-24 07:15:00,,,,,,SIDEWAYS,NEUTRAL,NO_TRADE,NO_TRADE,50,NO_TRADE,,No trade warranted,0.0,0.0
1094,2026-08-24 12:50:00 IST,24183.349609375,2026-08-24 07:20:00,,,,,,SIDEWAYS,NEUTRAL,NO_TRADE,NO_TRADE,50,NO_TRADE,,No trade warranted,0.0,0.0
1095,2026-08-24 12:55:00 IST,24181.849609375,2026-08-24 07:25:00,,,,,,VOLATILE_EXPANSION,MIXED,NO_TRADE,NO_TRADE,40,NO_TRADE,,No trade warranted,0.0,0.0
1096,2026-08-24 13:00:00 IST,24170.0,2026-08-24 07:30:00,,,,,,VOLATILE_EXPANSION,MIXED,NO_TRADE,NO_TRADE,40,NO_TRADE,,No trade warranted,0.0,0.0
1097,2026-08-24 13:05:00 IST,24159.80078125,2026-08-24 07:35:00,,,,,,VOLATILE_EXPANSION,MIXED,NO_TRADE,NO_TRADE,40,NO_TRADE,,No trade warranted,0.0,0.0
1098,2026-08-24 13:10:00 IST,24166.400390625,2026-08-24 07:40:00,,,,,,VOLATILE_EXPANSION,MIXED,NO_TRADE,NO_TRADE,40,NO_TRADE,,No trade warranted,0.0,0.0
1099,2026-08-24 13:15:00 IST,24173.599609375,2026-08-24 07:45:00,,,,,,VOLATILE_EXPANSION,MIXED,NO_TRADE,NO_TRADE,40,NO_TRADE,,No trade warranted,0.0,0.0
1100,2026-08-24 13:20:00 IST,24175.650390625,2026-08-24 07:50:00,,,,,,SIDEWAYS,NEUTRAL,NO_TRADE,NO_TRADE,30,NO_TRADE,,No trade warranted,0.0,0.0
1101,2026-08-24 13:25:00 IST,24178.75,2026-08-24 07:55:00,,,,,,SIDEWAYS,NEUTRAL,NO_TRADE,NO_TRADE,30,NO_TRADE,,No trade warranted,0.0,0.0
1102,2026-08-24 13:30:00 IST,24165.44921875,2026-08-24 08:00:00,,,,,,SIDEWAYS,NEUTRAL,NO_TRADE,NO_TRADE,30,NO_TRADE,,No trade warranted,0.0,0.0
1103,2026-08-24 13:35:00 IST,24169.69921875,2026-08-24 08:05:00,,,,,,SIDEWAYS,NEUTRAL,NO_TRADE,NO_TRADE,30,NO_TRADE,,No trade warranted,0.0,0.0
1104,2026-08-24 13:40:00 IST,24167.599609375,2026-08-24 08:10:00,,,,,,SIDEWAYS,NEUTRAL,NO_TRADE,NO_TRADE,30,NO_TRADE,,No trade warranted,0.0,0.0
1105,2026-08-24 13:45:00 IST,24166.55078125,2026-08-24 08:15:00,,,,,,SIDEWAYS,NEUTRAL,NO_TRADE,NO_TRADE,30,NO_TRADE,,No trade warranted,0.0,0.0
1106,2026-08-24 13:50:00 IST,24160.599609375,2026-08-24 08:20:00,,,,,,SIDEWAYS,NEUTRAL,NO_TRADE,NO_TRADE,30,NO_TRADE,,No trade warranted,0.0,0.0
1107,2026-08-24 13:55:00 IST,24158.5,2026-08-24 08:25:00,,,,,,SIDEWAYS,NEUTRAL,NO_TRADE,NO_TRADE,30,NO_TRADE,,No trade warranted,0.0,0.0
1108,2026-08-24 14:00:00 IST,24160.150390625,2026-08-24 08:30:00,,,,,,SIDEWAYS,NEUTRAL,NO_TRADE,NO_TRADE,30,NO_TRADE,,No trade warranted,0.0,0.0
1109,2026-08-24 14:05:00 IST,24162.0,2026-08-24 08:35:00,,,,,,SIDEWAYS,NEUTRAL,NO_TRADE,NO_TRADE,30,NO_TRADE,,No trade warranted,0.0,0.0
1110,2026-08-24 14:10:00 IST,24150.400390625,2026-08-24 08:40:00,,,,,,SIDEWAYS,NEUTRAL,NO_TRADE,NO_TRADE,30,NO_TRADE,,No trade warranted,0.0,0.0
1111,2026-08-24 14:15:00 IST,24154.19921875,2026-08-24 08:45:00,,,,,,SIDEWAYS,NEUTRAL,NO_TRADE,NO_TRADE,30,NO_TRADE,,No trade warranted,0.0,0.0
1112,2026-08-24 14:20:00 IST,24149.099609375,2026-08-24 08:50:00,2026-08-24 15:25:00 IST,24219.05078125,2026-08-24 09:55:00,,65,SIDEWAYS_TO_BEARISH,MILD_BEARISH,MILD_DIRECTIONAL,CONDITIONAL,40,LOSS,0.2897,EOD: Price moved against predicted direction,0.2897,-0.1184
1113,2026-08-24 14:25:00 IST,24160.80078125,2026-08-24 08:55:00,,,,,,SIDEWAYS,NEUTRAL,NO_TRADE,NO_TRADE,30,NO_TRADE,,No trade warranted,0.0,0.0
1114,2026-08-24 14:30:00 IST,24174.44921875,2026-08-24 09:00:00,,,,,,SIDEWAYS,NEUTRAL,NO_TRADE,NO_TRADE,50,NO_TRADE,,No trade warranted,0.0,0.0
1115,2026-08-24 14:35:00 IST,24170.80078125,2026-08-24 09:05:00,,,,,,SIDEWAYS,NEUTRAL,NO_TRADE,NO_TRADE,50,NO_TRADE,,No trade warranted,0.0,0.0
1116,2026-08-24 14:40:00 IST,24169.05078125,2026-08-24 09:10:00,,,,,,SIDEWAYS,NEUTRAL,NO_TRADE,NO_TRADE,50,NO_TRADE,,No trade warranted,0.0,0.0
1117,2026-08-24 14:45:00 IST,24163.55078125,2026-08-24 09:15:00,,,,,,SIDEWAYS,NEUTRAL,NO_TRADE,NO_TRADE,30,NO_TRADE,,No trade warranted,0.0,0.0
1118,2026-08-24 14:50:00 IST,24170.5,2026-08-24 09:20:00,,,,,,SIDEWAYS,NEUTRAL,NO_TRADE,NO_TRADE,50,NO_TRADE,,No trade warranted,0.0,0.0
1119,2026-08-24 14:55:00 IST,24172.69921875,2026-08-24 09:25:00,,,,,,SIDEWAYS,NEUTRAL,NO_TRADE,NO_TRADE,50,NO_TRADE,,No trade warranted,0.0,0.0
1120,2026-08-24 15:00:00 IST,24172.75,2026-08-24 09:30:00,,,,,,SIDEWAYS,NEUTRAL,NO_TRADE,NO_TRADE,50,NO_TRADE,,No trade warranted,0.0,0.0
1121,2026-08-24 15:05:00 IST,24173.650390625,2026-08-24 09:35:00,,,,,,SIDEWAYS,NEUTRAL,NO_TRADE,NO_TRADE,50,NO_TRADE,,No trade warranted,0.0,0.0
1122,2026-08-24 15:10:00 IST,24182.150390625,2026-08-24 09:40:00,,,,,,SIDEWAYS,NEUTRAL,NO_TRADE,NO_TRADE,50,NO_TRADE,,No trade warranted,0.0,0.0
1123,2026-08-24 15:15:00 IST,24182.80078125,2026-08-24 09:45:00,,,,,,SIDEWAYS,NEUTRAL,NO_TRADE,NO_TRADE,50,NO_TRADE,,No trade warranted,0.0,0.0
1124,2026-08-24 15:20:00 IST,24182.80078125,2026-08-24 09:50:00,,,,,,SIDEWAYS,NEUTRAL,NO_TRADE,NO_TRADE,50,NO_TRADE,,No trade warranted,0.0,0.0
1125,2026-08-24 15:25:00 IST,24219.05078125,2026-08-24 09:55:00,,,,,,SIDEWAYS,NEUTRAL,NO_TRADE,NO_TRADE,30,NO_TRADE,,No trade warranted,0.0,0.0
1126,2026-08-25 09:15:00 IST,24184.05078125,2026-08-25 03:45:00,,,,,,SIDEWAYS,NEUTRAL,NO_TRADE,NO_TRADE,50,NO_TRADE,,No trade warranted,0.0,0.0
1127,2026-08-25 09:20:00 IST,24175.05078125,2026-08-25 03:50:00,,,,,,SIDEWAYS,NEUTRAL,NO_TRADE,NO_TRADE,50,NO_TRADE,,No trade warranted,0.0,0.0
1128,2026-08-25 09:25:00 IST,24181.5,2026-08-25 03:55:00,,,,,,SIDEWAYS,NEUTRAL,NO_TRADE,NO_TRADE,50,NO_TRADE,,No trade warranted,0.0,0.0
1129,2026-08-25 09:30:00 IST,24190.900390625,2026-08-25 04:00:00,,,,,,SIDEWAYS,NEUTRAL,NO_TRADE,NO_TRADE,50,NO_TRADE,,No trade warranted,0.0,0.0
1130,2026-08-25 09:35:00 IST,24172.80078125,2026-08-25 04:05:00,,,,,,SIDEWAYS,NEUTRAL,NO_TRADE,NO_TRADE,50,NO_TRADE,,No trade warranted,0.0,0.0
1131,2026-08-25 09:40:00 IST,24154.849609375,2026-08-25 04:10:00,,,,,,SIDEWAYS,NEUTRAL,NO_TRADE,NO_TRADE,50,NO_TRADE,,No trade warranted,0.0,0.0
1132,2026-08-25 09:45:00 IST,24154.150390625,2026-08-25 04:15:00,,,,,,SIDEWAYS,NEUTRAL,NO_TRADE,NO_TRADE,50,NO_TRADE,,No trade warranted,0.0,0.0
1133,2026-08-25 09:50:00 IST,24138.099609375,2026-08-25 04:20:00,,,,,,SIDEWAYS,NEUTRAL,NO_TRADE,NO_TRADE,50,NO_TRADE,,No trade warranted,0.0,0.0
1134,2026-08-25 09:55:00 IST,24138.849609375,2026-08-25 04:25:00,,,,,,SIDEWAYS,NEUTRAL,NO_TRADE,NO_TRADE,50,NO_TRADE,,No trade warranted,0.0,0.0
1135,2026-08-25 10:00:00 IST,24143.900390625,2026-08-25 04:30:00,,,,,,SIDEWAYS,NEUTRAL,NO_TRADE,NO_TRADE,50,NO_TRADE,,No trade warranted,0.0,0.0
1136,2026-08-25 10:05:00 IST,24135.05078125,2026-08-25 04:35:00,,,,,,SIDEWAYS,NEUTRAL,NO_TRADE,NO_TRADE,50,NO_TRADE,,No trade warranted,0.0,0.0
1137,2026-08-25 10:10:00 IST,24141.19921875,2026-08-25 04:40:00,,,,,,SIDEWAYS,NEUTRAL,NO_TRADE,NO_TRADE,50,NO_TRADE,,No trade warranted,0.0,0.0
1138,2026-08-25 10:15:00 IST,24134.099609375,2026-08-25 04:45:00,,,,,,SIDEWAYS,NEUTRAL,NO_TRADE,NO_TRADE,50,NO_TRADE,,No trade warranted,0.0,0.0
1139,2026-08-25 10:20:00 IST,24120.5,2026-08-25 04:50:00,,,,,,SIDEWAYS,NEUTRAL,NO_TRADE,NO_TRADE,50,NO_TRADE,,No trade warranted,0.0,0.0
1140,2026-08-25 10:25:00 IST,24126.349609375,2026-08-25 04:55:00,,,,,,VOLATILE_EXPANSION,MIXED,NO_TRADE,NO_TRADE,40,NO_TRADE,,No trade warranted,0.0,0.0
1141,2026-08-25 10:30:00 IST,24129.75,2026-08-25 05:00:00,,,,,,VOLATILE_EXPANSION,MIXED,NO_TRADE,NO_TRADE,40,NO_TRADE,,No trade warranted,0.0,0.0
1142,2026-08-25 10:35:00 IST,24131.650390625,2026-08-25 05:05:00,,,,,,VOLATILE_EXPANSION,MIXED,NO_TRADE,NO_TRADE,40,NO_TRADE,,No trade warranted,0.0,0.0
1143,2026-08-25 10:40:00 IST,24135.94921875,2026-08-25 05:10:00,,,,,,VOLATILE_EXPANSION,MIXED,NO_TRADE,NO_TRADE,40,NO_TRADE,,No trade warranted,0.0,0.0
1144,2026-08-25 10:45:00 IST,24154.5,2026-08-25 05:15:00,,,,,,SIDEWAYS,NEUTRAL,NO_TRADE,NO_TRADE,50,NO_TRADE,,No trade warranted,0.0,0.0
1145,2026-08-25 10:50:00 IST,24155.400390625,2026-08-25 05:20:00,,,,,,SIDEWAYS,NEUTRAL,NO_TRADE,NO_TRADE,50,NO_TRADE,,No trade warranted,0.0,0.0
1146,2026-08-25 10:55:00 IST,24142.69921875,2026-08-25 05:25:00,,,,,,SIDEWAYS,NEUTRAL,NO_TRADE,NO_TRADE,50,NO_TRADE,,No trade warranted,0.0,0.0
1147,2026-08-25 11:00:00 IST,24139.80078125,2026-08-25 05:30:00,,,,,,SIDEWAYS,NEUTRAL,NO_TRADE,NO_TRADE,50,NO_TRADE,,No trade warranted,0.0,0.0
1148,2026-08-25 11:05:00 IST,24140.650390625,2026-08-25 05:35:00,,,,,,SIDEWAYS,NEUTRAL,NO_TRADE,NO_TRADE,50,NO_TRADE,,No trade warranted,0.0,0.0
1149,2026-08-25 11:10:00 IST,24147.55078125,2026-08-25 05:40:00,,,,,,SIDEWAYS,NEUTRAL,NO_TRADE,NO_TRADE,50,NO_TRADE,,No trade warranted,0.0,0.0
1150,2026-08-25 11:15:00 IST,24146.19921875,2026-08-25 05:45:00,,,,,,SIDEWAYS,NEUTRAL,NO_TRADE,NO_TRADE,50,NO_TRADE,,No trade warranted,0.0,0.0
1151,2026-08-25 11:20:00 IST,24150.75,2026-08-25 05:50:00,,,,,,SIDEWAYS,NEUTRAL,NO_TRADE,NO_TRADE,50,NO_TRADE,,No trade warranted,0.0,0.0
1152,2026-08-25 11:25:00 IST,24149.19921875,2026-08-25 05:55:00,,,,,,SIDEWAYS,NEUTRAL,NO_TRADE,NO_TRADE,50,NO_TRADE,,No trade warranted,0.0,0.0
1153,2026-08-25 11:30:00 IST,24151.099609375,2026-08-25 06:00:00,,,,,,VOLATILE_EXPANSION,MIXED,NO_TRADE,NO_TRADE,40,NO_TRADE,,No trade warranted,0.0,0.0
1154,2026-08-25 11:35:00 IST,24152.94921875,2026-08-25 06:05:00,,,,,,VOLATILE_EXPANSION,MIXED,NO_TRADE,NO_TRADE,40,NO_TRADE,,No trade warranted,0.0,0.0
1155,2026-08-25 11:40:00 IST,24152.05078125,2026-08-25 06:10:00,,,,,,SIDEWAYS,NEUTRAL,NO_TRADE,NO_TRADE,50,NO_TRADE,,No trade warranted,0.0,0.0
1156,2026-08-25 11:45:00 IST,24146.30078125,2026-08-25 06:15:00,,,,,,SIDEWAYS,NEUTRAL,NO_TRADE,NO_TRADE,50,NO_TRADE,,No trade warranted,0.0,0.0
1157,2026-08-25 11:50:00 IST,24163.150390625,2026-08-25 06:20:00,,,,,,SIDEWAYS,NEUTRAL,NO_TRADE,NO_TRADE,50,NO_TRADE,,No trade warranted,0.0,0.0
1158,2026-08-25 11:55:00 IST,24178.30078125,2026-08-25 06:25:00,,,,,,SIDEWAYS,NEUTRAL,NO_TRADE,NO_TRADE,50,NO_TRADE,,No trade warranted,0.0,0.0
1159,2026-08-25 12:00:00 IST,24179.55078125,2026-08-25 06:30:00,,,,,,SIDEWAYS,NEUTRAL,NO_TRADE,NO_TRADE,50,NO_TRADE,,No trade warranted,0.0,0.0
1160,2026-08-25 12:05:00 IST,24170.80078125,2026-08-25 06:35:00,,,,,,VOLATILE_EXPANSION,MIXED,NO_TRADE,NO_TRADE,40,NO_TRADE,,No trade warranted,0.0,0.0
1161,2026-08-25 12:10:00 IST,24171.599609375,2026-08-25 06:40:00,,,,,,VOLATILE_EXPANSION,MIXED,NO_TRADE,NO_TRADE,40,NO_TRADE,,No trade warranted,0.0,0.0
1162,2026-08-25 12:15:00 IST,24173.349609375,2026-08-25 06:45:00,,,,,,VOLATILE_EXPANSION,MIXED,NO_TRADE,NO_TRADE,40,NO_TRADE,,No trade warranted,0.0,0.0
1163,2026-08-25 12:20:00 IST,24170.55078125,2026-08-25 06:50:00,,,,,,VOLATILE_EXPANSION,MIXED,NO_TRADE,NO_TRADE,40,NO_TRADE,,No trade warranted,0.0,0.0
1164,2026-08-25 12:25:00 IST,24169.849609375,2026-08-25 06:55:00,,,,,,SIDEWAYS,NEUTRAL,NO_TRADE,NO_TRADE,50,NO_TRADE,,No trade warranted,0.0,0.0
1165,2026-08-25 12:30:00 IST,24171.349609375,2026-08-25 07:00:00,,,,,,SIDEWAYS,NEUTRAL,NO_TRADE,NO_TRADE,50,NO_TRADE,,No trade warranted,0.0,0.0
1166,2026-08-25 12:35:00 IST,24162.849609375,2026-08-25 07:05:00,,,,,,SIDEWAYS,NEUTRAL,NO_TRADE,NO_TRADE,50,NO_TRADE,,No trade warranted,0.0,0.0
1167,2026-08-25 12:40:00 IST,24156.30078125,2026-08-25 07:10:00,,,,,,SIDEWAYS,NEUTRAL,NO_TRADE,NO_TRADE,50,NO_TRADE,,No trade warranted,0.0,0.0
1168,2026-08-25 12:45:00 IST,24157.75,2026-08-25 07:15:00,,,,,,SIDEWAYS,NEUTRAL,NO_TRADE,NO_TRADE,50,NO_TRADE,,No trade warranted,0.0,0.0
1169,2026-08-25 12:50:00 IST,24152.150390625,2026-08-25 07:20:00,,,,,,SIDEWAYS,NEUTRAL,NO_TRADE,NO_TRADE,50,NO_TRADE,,No trade warranted,0.0,0.0
1170,2026-08-25 12:55:00 IST,24157.05078125,2026-08-25 07:25:00,,,,,,SIDEWAYS,NEUTRAL,NO_TRADE,NO_TRADE,50,NO_TRADE,,No trade warranted,0.0,0.0
1171,2026-08-25 13:00:00 IST,24144.19921875,2026-08-25 07:30:00,,,,,,SIDEWAYS,NEUTRAL,NO_TRADE,NO_TRADE,50,NO_TRADE,,No trade warranted,0.0,0.0
1172,2026-08-25 13:05:00 IST,24139.55078125,2026-08-25 07:35:00,,,,,,VOLATILE_EXPANSION,MIXED,NO_TRADE,NO_TRADE,40,NO_TRADE,,No trade warranted,0.0,0.0
1173,2026-08-25 13:10:00 IST,24129.900390625,2026-08-25 07:40:00,,,,,,VOLATILE_EXPANSION,MIXED,NO_TRADE,NO_TRADE,40,NO_TRADE,,No trade warranted,0.0,0.0
1174,2026-08-25 13:15:00 IST,24129.599609375,2026-08-25 07:45:00,,,,,,VOLATILE_EXPANSION,MIXED,NO_TRADE,NO_TRADE,40,NO_TRADE,,No trade warranted,0.0,0.0
1175,2026-08-25 13:20:00 IST,24125.400390625,2026-08-25 07:50:00,,,,,,SIDEWAYS,NEUTRAL,NO_TRADE,NO_TRADE,30,NO_TRADE,,No trade warranted,0.0,0.0
1176,2026-08-25 13:25:00 IST,24126.44921875,2026-08-25 07:55:00,,,,,,SIDEWAYS,NEUTRAL,NO_TRADE,NO_TRADE,30,NO_TRADE,,No trade warranted,0.0,0.0
1177,2026-08-25 13:30:00 IST,24132.19921875,2026-08-25 08:00:00,,,,,,SIDEWAYS,NEUTRAL,NO_TRADE,NO_TRADE,30,NO_TRADE,,No trade warranted,0.0,0.0
1178,2026-08-25 13:35:00 IST,24137.599609375,2026-08-25 08:05:00,,,,,,SIDEWAYS,NEUTRAL,NO_TRADE,NO_TRADE,30,NO_TRADE,,No trade warranted,0.0,0.0
1179,2026-08-25 13:40:00 IST,24140.400390625,2026-08-25 08:10:00,,,,,,SIDEWAYS,NEUTRAL,NO_TRADE,NO_TRADE,30,NO_TRADE,,No trade warranted,0.0,0.0
1180,2026-08-25 13:45:00 IST,24133.849609375,2026-08-25 08:15:00,,,,,,SIDEWAYS,NEUTRAL,NO_TRADE,NO_TRADE,30,NO_TRADE,,No trade warranted,0.0,0.0
1181,2026-08-25 13:50:00 IST,24177.30078125,2026-08-25 08:20:00,,,,,,SIDEWAYS,NEUTRAL,NO_TRADE,NO_TRADE,30,NO_TRADE,,No trade warranted,0.0,0.0
1182,2026-08-25 13:55:00 IST,24156.599609375,2026-08-25 08:25:00,,,,,,SIDEWAYS,NEUTRAL,NO_TRADE,NO_TRADE,30,NO_TRADE,,No trade warranted,0.0,0.0
1183,2026-08-25 14:00:00 IST,24156.94921875,2026-08-25 08:30:00,,,,,,SIDEWAYS,NEUTRAL,NO_TRADE,NO_TRADE,30,NO_TRADE,,No trade warranted,0.0,0.0
1184,2026-08-25 14:05:00 IST,24153.05078125,2026-08-25 08:35:00,,,,,,SIDEWAYS,NEUTRAL,NO_TRADE,NO_TRADE,50,NO_TRADE,,No trade warranted,0.0,0.0
1185,2026-08-25 14:10:00 IST,24154.19921875,2026-08-25 08:40:00,,,,,,SIDEWAYS,NEUTRAL,NO_TRADE,NO_TRADE,30,NO_TRADE,,No trade warranted,0.0,0.0
1186,2026-08-25 14:15:00 IST,24158.69921875,2026-08-25 08:45:00,,,,,,SIDEWAYS,NEUTRAL,NO_TRADE,NO_TRADE,30,NO_TRADE,,No trade warranted,0.0,0.0
1187,2026-08-25 14:20:00 IST,24160.599609375,2026-08-25 08:50:00,,,,,,SIDEWAYS,NEUTRAL,NO_TRADE,NO_TRADE,30,NO_TRADE,,No trade warranted,0.0,0.0
1188,2026-08-25 14:25:00 IST,24181.849609375,2026-08-25 08:55:00,,,,,,SIDEWAYS,NEUTRAL,NO_TRADE,NO_TRADE,30,NO_TRADE,,No trade warranted,0.0,0.0
1189,2026-08-25 14:30:00 IST,24196.650390625,2026-08-25 09:00:00,,,,,,SIDEWAYS,NEUTRAL,NO_TRADE,NO_TRADE,30,NO_TRADE,,No trade warranted,0.0,0.0
1190,2026-08-25 14:35:00 IST,24198.80078125,2026-08-25 09:05:00,,,,,,SIDEWAYS,NEUTRAL,NO_TRADE,NO_TRADE,30,NO_TRADE,,No trade warranted,0.0,0.0
1191,2026-08-25 14:40:00 IST,24209.150390625,2026-08-25 09:10:00,,,,,,SIDEWAYS,NEUTRAL,NO_TRADE,NO_TRADE,30,NO_TRADE,,No trade warranted,0.0,0.0
1192,2026-08-25 14:45:00 IST,24224.30078125,2026-08-25 09:15:00,,,,,,SIDEWAYS,NEUTRAL,NO_TRADE,NO_TRADE,30,NO_TRADE,,No trade warranted,0.0,0.0
1193,2026-08-25 14:50:00 IST,24238.30078125,2026-08-25 09:20:00,,,,,,SIDEWAYS,NEUTRAL,NO_TRADE,NO_TRADE,30,NO_TRADE,,No trade warranted,0.0,0.0
1194,2026-08-25 14:55:00 IST,24253.099609375,2026-08-25 09:25:00,,,,,,SIDEWAYS,NEUTRAL,NO_TRADE,NO_TRADE,30,NO_TRADE,,No trade warranted,0.0,0.0
1195,2026-08-25 15:00:00 IST,24251.30078125,2026-08-25 09:30:00,,,,,,SIDEWAYS,NEUTRAL,NO_TRADE,NO_TRADE,30,NO_TRADE,,No trade warranted,0.0,0.0
1196,2026-08-25 15:05:00 IST,24248.650390625,2026-08-25 09:35:00,,,,,,SIDEWAYS,NEUTRAL,NO_TRADE,NO_TRADE,30,NO_TRADE,,No trade warranted,0.0,0.0
1197,2026-08-25 15:10:00 IST,24260.150390625,2026-08-25 09:40:00,,,,,,SIDEWAYS,NEUTRAL,NO_TRADE,NO_TRADE,30,NO_TRADE,,No trade warranted,0.0,0.0
1198,2026-08-25 15:15:00 IST,24260.05078125,2026-08-25 09:45:00,,,,,,SIDEWAYS,NEUTRAL,NO_TRADE,NO_TRADE,30,NO_TRADE,,No trade warranted,0.0,0.0
1199,2026-08-25 15:20:00 IST,24260.05078125,2026-08-25 09:50:00,,,,,,SIDEWAYS,NEUTRAL,NO_TRADE,NO_TRADE,30,NO_TRADE,,No trade warranted,0.0,0.0
1200,2026-08-25 15:25:00 IST,24334.55078125,2026-08-25 09:55:00,,,,,,SIDEWAYS,NEUTRAL,NO_TRADE,NO_TRADE,30,NO_TRADE,,No trade warranted,0.0,0.0
1201,2026-08-26 09:15:00 IST,24318.30078125,2026-08-26 03:45:00,,,,,,SIDEWAYS,NEUTRAL,NO_TRADE,NO_TRADE,50,NO_TRADE,,No trade warranted,0.0,0.0
1202,2026-08-26 09:20:00 IST,24354.0,2026-08-26 03:50:00,,,,,,SIDEWAYS,NEUTRAL,NO_TRADE,NO_TRADE,50,NO_TRADE,,No trade warranted,0.0,0.0
1203,2026-08-26 09:25:00 IST,24351.150390625,2026-08-26 03:55:00,,,,,,SIDEWAYS,NEUTRAL,NO_TRADE,NO_TRADE,50,NO_TRADE,,No trade warranted,0.0,0.0
1204,2026-08-26 09:30:00 IST,24344.650390625,2026-08-26 04:00:00,,,,,,SIDEWAYS,NEUTRAL,NO_TRADE,NO_TRADE,50,NO_TRADE,,No trade warranted,0.0,0.0
1205,2026-08-26 09:35:00 IST,24356.05078125,2026-08-26 04:05:00,,,,,,SIDEWAYS,NEUTRAL,NO_TRADE,NO_TRADE,50,NO_TRADE,,No trade warranted,0.0,0.0
1206,2026-08-26 09:40:00 IST,24371.599609375,2026-08-26 04:10:00,,,,,,SIDEWAYS,NEUTRAL,NO_TRADE,NO_TRADE,50,NO_TRADE,,No trade warranted,0.0,0.0
1207,2026-08-26 09:45:00 IST,24370.0,2026-08-26 04:15:00,,,,,,SIDEWAYS,NEUTRAL,NO_TRADE,NO_TRADE,50,NO_TRADE,,No trade warranted,0.0,0.0
1208,2026-08-26 09:50:00 IST,24364.849609375,2026-08-26 04:20:00,,,,,,SIDEWAYS,NEUTRAL,NO_TRADE,NO_TRADE,50,NO_TRADE,,No trade warranted,0.0,0.0
1209,2026-08-26 09:55:00 IST,24365.80078125,2026-08-26 04:25:00,,,,,,SIDEWAYS,NEUTRAL,NO_TRADE,NO_TRADE,50,NO_TRADE,,No trade warranted,0.0,0.0
1210,2026-08-26 10:00:00 IST,24358.0,2026-08-26 04:30:00,,,,,,SIDEWAYS,NEUTRAL,NO_TRADE,NO_TRADE,50,NO_TRADE,,No trade warranted,0.0,0.0
1211,2026-08-26 10:05:00 IST,24346.30078125,2026-08-26 04:35:00,,,,,,SIDEWAYS,NEUTRAL,NO_TRADE,NO_TRADE,50,NO_TRADE,,No trade warranted,0.0,0.0
1212,2026-08-26 10:10:00 IST,24342.94921875,2026-08-26 04:40:00,,,,,,SIDEWAYS,NEUTRAL,NO_TRADE,NO_TRADE,50,NO_TRADE,,No trade warranted,0.0,0.0
1213,2026-08-26 10:15:00 IST,24318.349609375,2026-08-26 04:45:00,,,,,,SIDEWAYS,NEUTRAL,NO_TRADE,NO_TRADE,50,NO_TRADE,,No trade warranted,0.0,0.0
1214,2026-08-26 10:20:00 IST,24302.400390625,2026-08-26 04:50:00,,,,,,SIDEWAYS,NEUTRAL,NO_TRADE,NO_TRADE,50,NO_TRADE,,No trade warranted,0.0,0.0
1215,2026-08-26 10:25:00 IST,24304.599609375,2026-08-26 04:55:00,,,,,,VOLATILE_EXPANSION,MIXED,NO_TRADE,NO_TRADE,40,NO_TRADE,,No trade warranted,0.0,0.0
1216,2026-08-26 10:30:00 IST,24318.05078125,2026-08-26 05:00:00,,,,,,SIDEWAYS,NEUTRAL,NO_TRADE,NO_TRADE,50,NO_TRADE,,No trade warranted,0.0,0.0
1217,2026-08-26 10:35:00 IST,24320.849609375,2026-08-26 05:05:00,,,,,,SIDEWAYS,NEUTRAL,NO_TRADE,NO_TRADE,50,NO_TRADE,,No trade warranted,0.0,0.0
1218,2026-08-26 10:40:00 IST,24327.44921875,2026-08-26 05:10:00,,,,,,SIDEWAYS,NEUTRAL,NO_TRADE,NO_TRADE,50,NO_TRADE,,No trade warranted,0.0,0.0
1219,2026-08-26 10:45:00 IST,24317.900390625,2026-08-26 05:15:00,,,,,,SIDEWAYS,NEUTRAL,NO_TRADE,NO_TRADE,50,NO_TRADE,,No trade warranted,0.0,0.0
1220,2026-08-26 10:50:00 IST,24319.349609375,2026-08-26 05:20:00,,,,,,VOLATILE_EXPANSION,MIXED,NO_TRADE,NO_TRADE,40,NO_TRADE,,No trade warranted,0.0,0.0
1221,2026-08-26 10:55:00 IST,24320.400390625,2026-08-26 05:25:00,,,,,,VOLATILE_EXPANSION,MIXED,NO_TRADE,NO_TRADE,40,NO_TRADE,,No trade warranted,0.0,0.0
1222,2026-08-26 11:00:00 IST,24312.849609375,2026-08-26 05:30:00,,,,,,VOLATILE_EXPANSION,MIXED,NO_TRADE,NO_TRADE,40,NO_TRADE,,No trade warranted,0.0,0.0
1223,2026-08-26 11:05:00 IST,24321.55078125,2026-08-26 05:35:00,,,,,,VOLATILE_EXPANSION,MIXED,NO_TRADE,NO_TRADE,40,NO_TRADE,,No trade warranted,0.0,0.0
1224,2026-08-26 11:10:00 IST,24330.80078125,2026-08-26 05:40:00,,,,,,SIDEWAYS,NEUTRAL,NO_TRADE,NO_TRADE,50,NO_TRADE,,No trade warranted,0.0,0.0
1225,2026-08-26 11:15:00 IST,24310.19921875,2026-08-26 05:45:00,,,,,,SIDEWAYS,NEUTRAL,NO_TRADE,NO_TRADE,50,NO_TRADE,,No trade warranted,0.0,0.0
1226,2026-08-26 11:20:00 IST,24303.099609375,2026-08-26 05:50:00,,,,,,SIDEWAYS,NEUTRAL,NO_TRADE,NO_TRADE,50,NO_TRADE,,No trade warranted,0.0,0.0
1227,2026-08-26 11:25:00 IST,24304.94921875,2026-08-26 05:55:00,,,,,,SIDEWAYS,NEUTRAL,NO_TRADE,NO_TRADE,50,NO_TRADE,,No trade warranted,0.0,0.0
1228,2026-08-26 11:30:00 IST,24301.25,2026-08-26 06:00:00,,,,,,SIDEWAYS,NEUTRAL,NO_TRADE,NO_TRADE,50,NO_TRADE,,No trade warranted,0.0,0.0
1229,2026-08-26 11:35:00 IST,24309.69921875,2026-08-26 06:05:00,,,,,,SIDEWAYS,NEUTRAL,NO_TRADE,NO_TRADE,50,NO_TRADE,,No trade warranted,0.0,0.0
1230,2026-08-26 11:40:00 IST,24308.19921875,2026-08-26 06:10:00,,,,,,SIDEWAYS,NEUTRAL,NO_TRADE,NO_TRADE,50,NO_TRADE,,No trade warranted,0.0,0.0
1231,2026-08-26 11:45:00 IST,24299.599609375,2026-08-26 06:15:00,,,,,,SIDEWAYS,NEUTRAL,NO_TRADE,NO_TRADE,50,NO_TRADE,,No trade warranted,0.0,0.0
1232,2026-08-26 11:50:00 IST,24285.150390625,2026-08-26 06:20:00,,,,,,VOLATILE_EXPANSION,MIXED,NO_TRADE,NO_TRADE,40,NO_TRADE,,No trade warranted,0.0,0.0
1233,2026-08-26 11:55:00 IST,24288.44921875,2026-08-26 06:25:00,,,,,,VOLATILE_EXPANSION,MIXED,NO_TRADE,NO_TRADE,40,NO_TRADE,,No trade warranted,0.0,0.0
1234,2026-08-26 12:00:00 IST,24276.44921875,2026-08-26 06:30:00,,,,,,VOLATILE_EXPANSION,MIXED,NO_TRADE,NO_TRADE,40,NO_TRADE,,No trade warranted,0.0,0.0
1235,2026-08-26 12:05:00 IST,24270.400390625,2026-08-26 06:35:00,,,,,,VOLATILE_EXPANSION,MIXED,NO_TRADE,NO_TRADE,40,NO_TRADE,,No trade warranted,0.0,0.0
1236,2026-08-26 12:10:00 IST,24280.75,2026-08-26 06:40:00,,,,,,VOLATILE_EXPANSION,MIXED,NO_TRADE,NO_TRADE,40,NO_TRADE,,No trade warranted,0.0,0.0
1237,2026-08-26 12:15:00 IST,24288.0,2026-08-26 06:45:00,,,,,,VOLATILE_EXPANSION,MIXED,NO_TRADE,NO_TRADE,40,NO_TRADE,,No trade warranted,0.0,0.0
1238,2026-08-26 12:20:00 IST,24290.349609375,2026-08-26 06:50:00,,,,,,VOLATILE_EXPANSION,MIXED,NO_TRADE,NO_TRADE,40,NO_TRADE,,No trade warranted,0.0,0.0
1239,2026-08-26 12:25:00 IST,24278.099609375,2026-08-26 06:55:00,,,,,,VOLATILE_EXPANSION,MIXED,NO_TRADE,NO_TRADE,40,NO_TRADE,,No trade warranted,0.0,0.0
1240,2026-08-26 12:30:00 IST,24279.5,2026-08-26 07:00:00,,,,,,VOLATILE_EXPANSION,MIXED,NO_TRADE,NO_TRADE,40,NO_TRADE,,No trade warranted,0.0,0.0
1241,2026-08-26 12:35:00 IST,24277.69921875,2026-08-26 07:05:00,,,,,,VOLATILE_EXPANSION,MIXED,NO_TRADE,NO_TRADE,40,NO_TRADE,,No trade warranted,0.0,0.0
1242,2026-08-26 12:40:00 IST,24283.900390625,2026-08-26 07:10:00,,,,,,VOLATILE_EXPANSION,MIXED,NO_TRADE,NO_TRADE,40,NO_TRADE,,No trade warranted,0.0,0.0
1243,2026-08-26 12:45:00 IST,24277.5,2026-08-26 07:15:00,,,,,,VOLATILE_EXPANSION,MIXED,NO_TRADE,NO_TRADE,40,NO_TRADE,,No trade warranted,0.0,0.0
1244,2026-08-26 12:50:00 IST,24277.69921875,2026-08-26 07:20:00,,,,,,VOLATILE_EXPANSION,MIXED,NO_TRADE,NO_TRADE,40,NO_TRADE,,No trade warranted,0.0,0.0
1245,2026-08-26 12:55:00 IST,24279.05078125,2026-08-26 07:25:00,,,,,,VOLATILE_EXPANSION,MIXED,NO_TRADE,NO_TRADE,40,NO_TRADE,,No trade warranted,0.0,0.0
1246,2026-08-26 13:00:00 IST,24274.099609375,2026-08-26 07:30:00,,,,,,VOLATILE_EXPANSION,MIXED,NO_TRADE,NO_TRADE,40,NO_TRADE,,No trade warranted,0.0,0.0
1247,2026-08-26 13:05:00 IST,24273.30078125,2026-08-26 07:35:00,,,,,,SIDEWAYS,NEUTRAL,NO_TRADE,NO_TRADE,50,NO_TRADE,,No trade warranted,0.0,0.0
1248,2026-08-26 13:10:00 IST,24269.19921875,2026-08-26 07:40:00,,,,,,SIDEWAYS,NEUTRAL,NO_TRADE,NO_TRADE,50,NO_TRADE,,No trade warranted,0.0,0.0
1249,2026-08-26 13:15:00 IST,24263.599609375,2026-08-26 07:45:00,,,,,,VOLATILE_EXPANSION,MIXED,NO_TRADE,NO_TRADE,40,NO_TRADE,,No trade warranted,0.0,0.0
1250,2026-08-26 13:20:00 IST,24258.599609375,2026-08-26 07:50:00,2026-08-26 15:25:00 IST,24207.75,2026-08-26 09:55:00,,125,SIDEWAYS_TO_BEARISH,MILD_BEARISH,MILD_DIRECTIONAL,CONDITIONAL,40,WIN,-0.2096,EOD: Price moved in predicted direction,0.1459,-0.4881
1251,2026-08-26 13:25:00 IST,24265.44921875,2026-08-26 07:55:00,,,,,,SIDEWAYS,NEUTRAL,NO_TRADE,NO_TRADE,30,NO_TRADE,,No trade warranted,0.0,0.0
1252,2026-08-26 13:30:00 IST,24267.0,2026-08-26 08:00:00,,,,,,SIDEWAYS,NEUTRAL,NO_TRADE,NO_TRADE,30,NO_TRADE,,No trade warranted,0.0,0.0
1253,2026-08-26 13:35:00 IST,24264.94921875,2026-08-26 08:05:00,,,,,,SIDEWAYS,NEUTRAL,NO_TRADE,NO_TRADE,30,NO_TRADE,,No trade warranted,0.0,0.0
1254,2026-08-26 13:40:00 IST,24261.900390625,2026-08-26 08:10:00,2026-08-26 15:25:00 IST,24207.75,2026-08-26 09:55:00,,105,SIDEWAYS_TO_BEARISH,MILD_BEARISH,MILD_DIRECTIONAL,CONDITIONAL,40,WIN,-0.2232,EOD: Price moved in predicted direction,0.1323,-0.5016
1255,2026-08-26 13:45:00 IST,24262.05078125,2026-08-26 08:15:00,,,,,,SIDEWAYS,NEUTRAL,NO_TRADE,NO_TRADE,30,NO_TRADE,,No trade warranted,0.0,0.0
1256,2026-08-26 13:50:00 IST,24264.650390625,2026-08-26 08:20:00,,,,,,SIDEWAYS,NEUTRAL,NO_TRADE,NO_TRADE,30,NO_TRADE,,No trade warranted,0.0,0.0
1257,2026-08-26 13:55:00 IST,24263.349609375,2026-08-26 08:25:00,2026-08-26 15:25:00 IST,24207.75,2026-08-26 09:55:00,,90,SIDEWAYS_TO_BEARISH,MILD_BEARISH,MILD_DIRECTIONAL,CONDITIONAL,40,WIN,-0.2292,EOD: Price moved in predicted direction,0.1263,-0.5156
1258,2026-08-26 14:00:00 IST,24267.650390625,2026-08-26 08:30:00,2026-08-26 15:25:00 IST,24207.75,2026-08-26 09:55:00,,85,SIDEWAYS_TO_BEARISH,MILD_BEARISH,MILD_DIRECTIONAL,CONDITIONAL,40,WIN,-0.2468,EOD: Price moved in predicted direction,0.1086,-0.5621
1259,2026-08-26 14:05:00 IST,24266.05078125,2026-08-26 08:35:00,2026-08-26 15:25:00 IST,24207.75,2026-08-26 09:55:00,,80,SIDEWAYS_TO_BEARISH,MILD_BEARISH,MILD_DIRECTIONAL,CONDITIONAL,40,WIN,-0.2403,EOD: Price moved in predicted direction,0.1152,-0.5644
1260,2026-08-26 14:10:00 IST,24273.5,2026-08-26 08:40:00,,,,,,SIDEWAYS,NEUTRAL,NO_TRADE,NO_TRADE,50,NO_TRADE,,No trade warranted,0.0,0.0
1261,2026-08-26 14:15:00 IST,24275.599609375,2026-08-26 08:45:00,,,,,,SIDEWAYS,NEUTRAL,NO_TRADE,NO_TRADE,50,NO_TRADE,,No trade warranted,0.0,0.0
1262,2026-08-26 14:20:00 IST,24273.099609375,2026-08-26 08:50:00,,,,,,SIDEWAYS,NEUTRAL,NO_TRADE,NO_TRADE,50,NO_TRADE,,No trade warranted,0.0,0.0
1263,2026-08-26 14:25:00 IST,24273.25,2026-08-26 08:55:00,,,,,,VOLATILE_EXPANSION,MIXED,NO_TRADE,NO_TRADE,40,NO_TRADE,,No trade warranted,0.0,0.0
1264,2026-08-26 14:30:00 IST,24278.5,2026-08-26 09:00:00,,,,,,VOLATILE_EXPANSION,MIXED,NO_TRADE,NO_TRADE,40,NO_TRADE,,No trade warranted,0.0,0.0
1265,2026-08-26 14:35:00 IST,24278.150390625,2026-08-26 09:05:00,,,,,,VOLATILE_EXPANSION,MIXED,NO_TRADE,NO_TRADE,40,NO_TRADE,,No trade warranted,0.0,0.0
1266,2026-08-26 14:40:00 IST,24278.69921875,2026-08-26 09:10:00,,,,,,VOLATILE_EXPANSION,MIXED,NO_TRADE,NO_TRADE,40,NO_TRADE,,No trade warranted,0.0,0.0
1267,2026-08-26 14:45:00 IST,24290.80078125,2026-08-26 09:15:00,,,,,,SIDEWAYS,NEUTRAL,NO_TRADE,NO_TRADE,30,NO_TRADE,,No trade warranted,0.0,0.0
1268,2026-08-26 14:50:00 IST,24294.0,2026-08-26 09:20:00,,,,,,SIDEWAYS,NEUTRAL,NO_TRADE,NO_TRADE,30,NO_TRADE,,No trade warranted,0.0,0.0
1269,2026-08-26 14:55:00 IST,24290.80078125,2026-08-26 09:25:00,,,,,,SIDEWAYS,NEUTRAL,NO_TRADE,NO_TRADE,30,NO_TRADE,,No trade warranted,0.0,0.0
1270,2026-08-26 15:00:00 IST,24287.5,2026-08-26 09:30:00,,,,,,SIDEWAYS,NEUTRAL,NO_TRADE,NO_TRADE,30,NO_TRADE,,No trade warranted,0.0,0.0
1271,2026-08-26 15:05:00 IST,24275.349609375,2026-08-26 09:35:00,,,,,,SIDEWAYS,NEUTRAL,NO_TRADE,NO_TRADE,30,NO_TRADE,,No trade warranted,0.0,0.0
1272,2026-08-26 15:10:00 IST,24276.599609375,2026-08-26 09:40:00,,,,,,SIDEWAYS,NEUTRAL,NO_TRADE,NO_TRADE,30,NO_TRADE,,No trade warranted,0.0,0.0
1273,2026-08-26 15:15:00 IST,24276.900390625,2026-08-26 09:45:00,,,,,,SIDEWAYS,NEUTRAL,NO_TRADE,NO_TRADE,30,NO_TRADE,,No trade warranted,0.0,0.0
1274,2026-08-26 15:20:00 IST,24276.900390625,2026-08-26 09:50:00,,,,,,SIDEWAYS,NEUTRAL,NO_TRADE,NO_TRADE,30,NO_TRADE,,No trade warranted,0.0,0.0
1275,2026-08-26 15:25:00 IST,24207.75,2026-08-26 09:55:00,,,,,,SIDEWAYS,NEUTRAL,NO_TRADE,NO_TRADE,30,NO_TRADE,,No trade warranted,0.0,0.0
1276,2026-08-27 09:15:00 IST,24250.05078125,2026-08-27 03:45:00,,,,,,SIDEWAYS,NEUTRAL,NO_TRADE,NO_TRADE,50,NO_TRADE,,No trade warranted,0.0,0.0
1277,2026-08-27 09:20:00 IST,24224.650390625,2026-08-27 03:50:00,,,,,,SIDEWAYS,NEUTRAL,NO_TRADE,NO_TRADE,50,NO_TRADE,,No trade warranted,0.0,0.0
1278,2026-08-27 09:25:00 IST,24201.099609375,2026-08-27 03:55:00,,,,,,SIDEWAYS,NEUTRAL,NO_TRADE,NO_TRADE,50,NO_TRADE,,No trade warranted,0.0,0.0
1279,2026-08-27 09:30:00 IST,24210.849609375,2026-08-27 04:00:00,,,,,,SIDEWAYS,NEUTRAL,NO_TRADE,NO_TRADE,50,NO_TRADE,,No trade warranted,0.0,0.0
1280,2026-08-27 09:35:00 IST,24198.650390625,2026-08-27 04:05:00,,,,,,SIDEWAYS,NEUTRAL,NO_TRADE,NO_TRADE,50,NO_TRADE,,No trade warranted,0.0,0.0
1281,2026-08-27 09:40:00 IST,24214.400390625,2026-08-27 04:10:00,,,,,,SIDEWAYS,NEUTRAL,NO_TRADE,NO_TRADE,50,NO_TRADE,,No trade warranted,0.0,0.0
1282,2026-08-27 09:45:00 IST,24225.099609375,2026-08-27 04:15:00,,,,,,SIDEWAYS,NEUTRAL,NO_TRADE,NO_TRADE,50,NO_TRADE,,No trade warranted,0.0,0.0
1283,2026-08-27 09:50:00 IST,24210.099609375,2026-08-27 04:20:00,,,,,,SIDEWAYS,NEUTRAL,NO_TRADE,NO_TRADE,50,NO_TRADE,,No trade warranted,0.0,0.0
1284,2026-08-27 09:55:00 IST,24196.75,2026-08-27 04:25:00,,,,,,SIDEWAYS,NEUTRAL,NO_TRADE,NO_TRADE,50,NO_TRADE,,No trade warranted,0.0,0.0
1285,2026-08-27 10:00:00 IST,24191.25,2026-08-27 04:30:00,,,,,,SIDEWAYS,NEUTRAL,NO_TRADE,NO_TRADE,50,NO_TRADE,,No trade warranted,0.0,0.0
1286,2026-08-27 10:05:00 IST,24195.80078125,2026-08-27 04:35:00,,,,,,SIDEWAYS,NEUTRAL,NO_TRADE,NO_TRADE,50,NO_TRADE,,No trade warranted,0.0,0.0
1287,2026-08-27 10:10:00 IST,24183.55078125,2026-08-27 04:40:00,,,,,,SIDEWAYS,NEUTRAL,NO_TRADE,NO_TRADE,50,NO_TRADE,,No trade warranted,0.0,0.0
1288,2026-08-27 10:15:00 IST,24188.30078125,2026-08-27 04:45:00,,,,,,SIDEWAYS,NEUTRAL,NO_TRADE,NO_TRADE,50,NO_TRADE,,No trade warranted,0.0,0.0
1289,2026-08-27 10:20:00 IST,24184.650390625,2026-08-27 04:50:00,,,,,,SIDEWAYS,NEUTRAL,NO_TRADE,NO_TRADE,50,NO_TRADE,,No trade warranted,0.0,0.0
1290,2026-08-27 10:25:00 IST,24182.5,2026-08-27 04:55:00,,,,,,VOLATILE_EXPANSION,MIXED,NO_TRADE,NO_TRADE,40,NO_TRADE,,No trade warranted,0.0,0.0
1291,2026-08-27 10:30:00 IST,24188.55078125,2026-08-27 05:00:00,,,,,,VOLATILE_EXPANSION,MIXED,NO_TRADE,NO_TRADE,40,NO_TRADE,,No trade warranted,0.0,0.0
1292,2026-08-27 10:35:00 IST,24184.25,2026-08-27 05:05:00,,,,,,VOLATILE_EXPANSION,MIXED,NO_TRADE,NO_TRADE,40,NO_TRADE,,No trade warranted,0.0,0.0
1293,2026-08-27 10:40:00 IST,24169.099609375,2026-08-27 05:10:00,,,,,,VOLATILE_EXPANSION,MIXED,NO_TRADE,NO_TRADE,40,NO_TRADE,,No trade warranted,0.0,0.0
1294,2026-08-27 10:45:00 IST,24171.599609375,2026-08-27 05:15:00,,,,,,VOLATILE_EXPANSION,MIXED,NO_TRADE,NO_TRADE,40,NO_TRADE,,No trade warranted,0.0,0.0
1295,2026-08-27 10:50:00 IST,24162.19921875,2026-08-27 05:20:00,,,,,,VOLATILE_EXPANSION,MIXED,NO_TRADE,NO_TRADE,40,NO_TRADE,,No trade warranted,0.0,0.0
1296,2026-08-27 10:55:00 IST,24159.650390625,2026-08-27 05:25:00,,,,,,VOLATILE_EXPANSION,MIXED,NO_TRADE,NO_TRADE,40,NO_TRADE,,No trade warranted,0.0,0.0
1297,2026-08-27 11:00:00 IST,24163.55078125,2026-08-27 05:30:00,,,,,,VOLATILE_EXPANSION,MIXED,NO_TRADE,NO_TRADE,40,NO_TRADE,,No trade warranted,0.0,0.0
1298,2026-08-27 11:05:00 IST,24166.150390625,2026-08-27 05:35:00,,,,,,VOLATILE_EXPANSION,MIXED,NO_TRADE,NO_TRADE,40,NO_TRADE,,No trade warranted,0.0,0.0
1299,2026-08-27 11:10:00 IST,24155.849609375,2026-08-27 05:40:00,,,,,,VOLATILE_EXPANSION,MIXED,NO_TRADE,NO_TRADE,40,NO_TRADE,,No trade warranted,0.0,0.0
1300,2026-08-27 11:15:00 IST,24146.349609375,2026-08-27 05:45:00,,,,,,VOLATILE_EXPANSION,MIXED,NO_TRADE,NO_TRADE,40,NO_TRADE,,No trade warranted,0.0,0.0
1301,2026-08-27 11:20:00 IST,24140.19921875,2026-08-27 05:50:00,,,,,,VOLATILE_EXPANSION,MIXED,NO_TRADE,NO_TRADE,40,NO_TRADE,,No trade warranted,0.0,0.0
1302,2026-08-27 11:25:00 IST,24144.05078125,2026-08-27 05:55:00,,,,,,VOLATILE_EXPANSION,MIXED,NO_TRADE,NO_TRADE,40,NO_TRADE,,No trade warranted,0.0,0.0
1303,2026-08-27 11:30:00 IST,24156.400390625,2026-08-27 06:00:00,,,,,,VOLATILE_EXPANSION,MIXED,NO_TRADE,NO_TRADE,40,NO_TRADE,,No trade warranted,0.0,0.0
1304,2026-08-27 11:35:00 IST,24155.349609375,2026-08-27 06:05:00,,,,,,VOLATILE_EXPANSION,MIXED,NO_TRADE,NO_TRADE,40,NO_TRADE,,No trade warranted,0.0,0.0
1305,2026-08-27 11:40:00 IST,24151.55078125,2026-08-27 06:10:00,,,,,,VOLATILE_EXPANSION,MIXED,NO_TRADE,NO_TRADE,40,NO_TRADE,,No trade warranted,0.0,0.0
1306,2026-08-27 11:45:00 IST,24148.44921875,2026-08-27 06:15:00,,,,,,VOLATILE_EXPANSION,MIXED,NO_TRADE,NO_TRADE,40,NO_TRADE,,No trade warranted,0.0,0.0
1307,2026-08-27 11:50:00 IST,24152.849609375,2026-08-27 06:20:00,,,,,,VOLATILE_EXPANSION,MIXED,NO_TRADE,NO_TRADE,40,NO_TRADE,,No trade warranted,0.0,0.0
1308,2026-08-27 11:55:00 IST,24158.80078125,2026-08-27 06:25:00,,,,,,VOLATILE_EXPANSION,MIXED,NO_TRADE,NO_TRADE,40,NO_TRADE,,No trade warranted,0.0,0.0
1309,2026-08-27 12:00:00 IST,24153.69921875,2026-08-27 06:30:00,,,,,,VOLATILE_EXPANSION,MIXED,NO_TRADE,NO_TRADE,40,NO_TRADE,,No trade warranted,0.0,0.0
1310,2026-08-27 12:05:00 IST,24142.099609375,2026-08-27 06:35:00,,,,,,VOLATILE_EXPANSION,MIXED,NO_TRADE,NO_TRADE,40,NO_TRADE,,No trade warranted,0.0,0.0
1311,2026-08-27 12:10:00 IST,24154.849609375,2026-08-27 06:40:00,,,,,,VOLATILE_EXPANSION,MIXED,NO_TRADE,NO_TRADE,40,NO_TRADE,,No trade warranted,0.0,0.0
1312,2026-08-27 12:15:00 IST,24146.5,2026-08-27 06:45:00,,,,,,VOLATILE_EXPANSION,MIXED,NO_TRADE,NO_TRADE,40,NO_TRADE,,No trade warranted,0.0,0.0
1313,2026-08-27 12:20:00 IST,24143.05078125,2026-08-27 06:50:00,,,,,,VOLATILE_EXPANSION,MIXED,NO_TRADE,NO_TRADE,40,NO_TRADE,,No trade warranted,0.0,0.0
1314,2026-08-27 12:25:00 IST,24158.349609375,2026-08-27 06:55:00,,,,,,SIDEWAYS,NEUTRAL,NO_TRADE,NO_TRADE,50,NO_TRADE,,No trade warranted,0.0,0.0
1315,2026-08-27 12:30:00 IST,24159.69921875,2026-08-27 07:00:00,,,,,,SIDEWAYS,NEUTRAL,NO_TRADE,NO_TRADE,50,NO_TRADE,,No trade warranted,0.0,0.0
1316,2026-08-27 12:35:00 IST,24174.25,2026-08-27 07:05:00,,,,,,SIDEWAYS,NEUTRAL,NO_TRADE,NO_TRADE,50,NO_TRADE,,No trade warranted,0.0,0.0
1317,2026-08-27 12:40:00 IST,24173.0,2026-08-27 07:10:00,,,,,,SIDEWAYS,NEUTRAL,NO_TRADE,NO_TRADE,50,NO_TRADE,,No trade warranted,0.0,0.0
1318,2026-08-27 12:45:00 IST,24176.5,2026-08-27 07:15:00,,,,,,SIDEWAYS,NEUTRAL,NO_TRADE,NO_TRADE,50,NO_TRADE,,No trade warranted,0.0,0.0
1319,2026-08-27 12:50:00 IST,24186.55078125,2026-08-27 07:20:00,,,,,,VOLATILE_EXPANSION,MIXED,NO_TRADE,NO_TRADE,40,NO_TRADE,,No trade warranted,0.0,0.0
1320,2026-08-27 12:55:00 IST,24180.05078125,2026-08-27 07:25:00,,,,,,VOLATILE_EXPANSION,MIXED,NO_TRADE,NO_TRADE,40,NO_TRADE,,No trade warranted,0.0,0.0
1321,2026-08-27 13:00:00 IST,24181.900390625,2026-08-27 07:30:00,,,,,,VOLATILE_EXPANSION,MIXED,NO_TRADE,NO_TRADE,40,NO_TRADE,,No trade warranted,0.0,0.0
1322,2026-08-27 13:05:00 IST,24182.75,2026-08-27 07:35:00,,,,,,VOLATILE_EXPANSION,MIXED,NO_TRADE,NO_TRADE,40,NO_TRADE,,No trade warranted,0.0,0.0
1323,2026-08-27 13:10:00 IST,24194.099609375,2026-08-27 07:40:00,,,,,,VOLATILE_EXPANSION,MIXED,NO_TRADE,NO_TRADE,40,NO_TRADE,,No trade warranted,0.0,0.0
1324,2026-08-27 13:15:00 IST,24186.30078125,2026-08-27 07:45:00,,,,,,VOLATILE_EXPANSION,MIXED,NO_TRADE,NO_TRADE,40,NO_TRADE,,No trade warranted,0.0,0.0
1325,2026-08-27 13:20:00 IST,24193.0,2026-08-27 07:50:00,,,,,,SIDEWAYS,NEUTRAL,NO_TRADE,NO_TRADE,30,NO_TRADE,,No trade warranted,0.0,0.0
1326,2026-08-27 13:25:00 IST,24182.30078125,2026-08-27 07:55:00,,,,,,VOLATILE_EXPANSION,MIXED,NO_TRADE,NO_TRADE,40,NO_TRADE,,No trade warranted,0.0,0.0
1327,2026-08-27 13:30:00 IST,24176.94921875,2026-08-27 08:00:00,,,,,,VOLATILE_EXPANSION,MIXED,NO_TRADE,NO_TRADE,40,NO_TRADE,,No trade warranted,0.0,0.0
1328,2026-08-27 13:35:00 IST,24179.099609375,2026-08-27 08:05:00,,,,,,VOLATILE_EXPANSION,MIXED,NO_TRADE,NO_TRADE,40,NO_TRADE,,No trade warranted,0.0,0.0
1329,2026-08-27 13:40:00 IST,24163.900390625,2026-08-27 08:10:00,,,,,,SIDEWAYS,NEUTRAL,NO_TRADE,NO_TRADE,30,NO_TRADE,,No trade warranted,0.0,0.0
1330,2026-08-27 13:45:00 IST,24143.349609375,2026-08-27 08:15:00,2026-08-27 15:25:00 IST,24090.849609375,2026-08-27 09:55:00,,100,SIDEWAYS_TO_BEARISH,MILD_BEARISH,MILD_DIRECTIONAL,CONDITIONAL,40,WIN,-0.2175,EOD: Price moved in predicted direction,0.1112,-0.2493
1331,2026-08-27 13:50:00 IST,24138.25,2026-08-27 08:20:00,2026-08-27 15:25:00 IST,24090.849609375,2026-08-27 09:55:00,,95,SIDEWAYS_TO_BEARISH,MILD_BEARISH,MILD_DIRECTIONAL,CONDITIONAL,40,WIN,-0.1964,EOD: Price moved in predicted direction,0.1324,-0.2283
1332,2026-08-27 13:55:00 IST,24131.25,2026-08-27 08:25:00,,,,,,SIDEWAYS,NEUTRAL,NO_TRADE,NO_TRADE,30,NO_TRADE,,No trade warranted,0.0,0.0
1333,2026-08-27 14:00:00 IST,24129.099609375,2026-08-27 08:30:00,,,,,,SIDEWAYS,NEUTRAL,NO_TRADE,NO_TRADE,30,NO_TRADE,,No trade warranted,0.0,0.0
1334,2026-08-27 14:05:00 IST,24123.94921875,2026-08-27 08:35:00,,,,,,SIDEWAYS,NEUTRAL,NO_TRADE,NO_TRADE,30,NO_TRADE,,No trade warranted,0.0,0.0
1335,2026-08-27 14:10:00 IST,24131.75,2026-08-27 08:40:00,,,,,,SIDEWAYS,NEUTRAL,NO_TRADE,NO_TRADE,30,NO_TRADE,,No trade warranted,0.0,0.0
1336,2026-08-27 14:15:00 IST,24142.69921875,2026-08-27 08:45:00,,,,,,SIDEWAYS,NEUTRAL,NO_TRADE,NO_TRADE,30,NO_TRADE,,No trade warranted,0.0,0.0
1337,2026-08-27 14:20:00 IST,24148.75,2026-08-27 08:50:00,,,,,,SIDEWAYS,NEUTRAL,NO_TRADE,NO_TRADE,30,NO_TRADE,,No trade warranted,0.0,0.0
1338,2026-08-27 14:25:00 IST,24158.0,2026-08-27 08:55:00,,,,,,VOLATILE_EXPANSION,MIXED,NO_TRADE,NO_TRADE,40,NO_TRADE,,No trade warranted,0.0,0.0
1339,2026-08-27 14:30:00 IST,24152.94921875,2026-08-27 09:00:00,,,,,,SIDEWAYS,NEUTRAL,NO_TRADE,NO_TRADE,30,NO_TRADE,,No trade warranted,0.0,0.0
1340,2026-08-27 14:35:00 IST,24153.400390625,2026-08-27 09:05:00,2026-08-27 15:25:00 IST,24090.849609375,2026-08-27 09:55:00,,50,SIDEWAYS_TO_BEARISH,MILD_BEARISH,MILD_DIRECTIONAL,CONDITIONAL,40,WIN,-0.259,EOD: Price moved in predicted direction,0.0696,-0.2908
1341,2026-08-27 14:40:00 IST,24143.30078125,2026-08-27 09:10:00,2026-08-27 15:25:00 IST,24090.849609375,2026-08-27 09:55:00,,45,SIDEWAYS_TO_BEARISH,MILD_BEARISH,MILD_DIRECTIONAL,CONDITIONAL,40,WIN,-0.2172,EOD: Price moved in predicted direction,0.1114,-0.2491
1342,2026-08-27 14:45:00 IST,24152.19921875,2026-08-27 09:15:00,2026-08-27 15:25:00 IST,24090.849609375,2026-08-27 09:55:00,,40,SIDEWAYS_TO_BEARISH,MILD_BEARISH,MILD_DIRECTIONAL,CONDITIONAL,40,WIN,-0.254,EOD: Price moved in predicted direction,0.0745,-0.2859
1343,2026-08-27 14:50:00 IST,24149.55078125,2026-08-27 09:20:00,,,,,,SIDEWAYS,NEUTRAL,NO_TRADE,NO_TRADE,30,NO_TRADE,,No trade warranted,0.0,0.0
1344,2026-08-27 14:55:00 IST,24156.30078125,2026-08-27 09:25:00,,,,,,VOLATILE_EXPANSION,MIXED,NO_TRADE,NO_TRADE,40,NO_TRADE,,No trade warranted,0.0,0.0
1345,2026-08-27 15:00:00 IST,24148.099609375,2026-08-27 09:30:00,,,,,,SIDEWAYS,NEUTRAL,NO_TRADE,NO_TRADE,30,NO_TRADE,,No trade warranted,0.0,0.0
1346,2026-08-27 15:05:00 IST,24143.25,2026-08-27 09:35:00,,,,,,SIDEWAYS,NEUTRAL,NO_TRADE,NO_TRADE,30,NO_TRADE,,No trade warranted,0.0,0.0
1347,2026-08-27 15:10:00 IST,24134.30078125,2026-08-27 09:40:00,,,,,,SIDEWAYS,NEUTRAL,NO_TRADE,NO_TRADE,30,NO_TRADE,,No trade warranted,0.0,0.0
1348,2026-08-27 15:15:00 IST,24133.05078125,2026-08-27 09:45:00,,,,,,SIDEWAYS,NEUTRAL,NO_TRADE,NO_TRADE,30,NO_TRADE,,No trade warranted,0.0,0.0
1349,2026-08-27 15:20:00 IST,24133.05078125,2026-08-27 09:50:00,,,,,,SIDEWAYS,NEUTRAL,NO_TRADE,NO_TRADE,30,NO_TRADE,,No trade warranted,0.0,0.0
1350,2026-08-27 15:25:00 IST,24090.849609375,2026-08-27 09:55:00,,,,,,SIDEWAYS,NEUTRAL,NO_TRADE,NO_TRADE,30,NO_TRADE,,No trade warranted,0.0,0.0
1351,2026-08-28 09:15:00 IST,24112.19921875,2026-08-28 03:45:00,,,,,,SIDEWAYS,NEUTRAL,NO_TRADE,NO_TRADE,50,NO_TRADE,,No trade warranted,0.0,0.0
1352,2026-08-28 09:20:00 IST,24129.55078125,2026-08-28 03:50:00,,,,,,SIDEWAYS,NEUTRAL,NO_TRADE,NO_TRADE,50,NO_TRADE,,No trade warranted,0.0,0.0
1353,2026-08-28 09:25:00 IST,24149.55078125,2026-08-28 03:55:00,,,,,,SIDEWAYS,NEUTRAL,NO_TRADE,NO_TRADE,50,NO_TRADE,,No trade warranted,0.0,0.0
1354,2026-08-28 09:30:00 IST,24145.44921875,2026-08-28 04:00:00,,,,,,SIDEWAYS,NEUTRAL,NO_TRADE,NO_TRADE,50,NO_TRADE,,No trade warranted,0.0,0.0
1355,2026-08-28 09:35:00 IST,24140.349609375,2026-08-28 04:05:00,,,,,,SIDEWAYS,NEUTRAL,NO_TRADE,NO_TRADE,50,NO_TRADE,,No trade warranted,0.0,0.0
1356,2026-08-28 09:40:00 IST,24160.900390625,2026-08-28 04:10:00,,,,,,SIDEWAYS,NEUTRAL,NO_TRADE,NO_TRADE,50,NO_TRADE,,No trade warranted,0.0,0.0
1357,2026-08-28 09:45:00 IST,24146.94921875,2026-08-28 04:15:00,,,,,,SIDEWAYS,NEUTRAL,NO_TRADE,NO_TRADE,50,NO_TRADE,,No trade warranted,0.0,0.0
1358,2026-08-28 09:50:00 IST,24154.900390625,2026-08-28 04:20:00,,,,,,SIDEWAYS,NEUTRAL,NO_TRADE,NO_TRADE,50,NO_TRADE,,No trade warranted,0.0,0.0
1359,2026-08-28 09:55:00 IST,24156.5,2026-08-28 04:25:00,,,,,,SIDEWAYS,NEUTRAL,NO_TRADE,NO_TRADE,50,NO_TRADE,,No trade warranted,0.0,0.0
1360,2026-08-28 10:00:00 IST,24146.05078125,2026-08-28 04:30:00,,,,,,SIDEWAYS,NEUTRAL,NO_TRADE,NO_TRADE,50,NO_TRADE,,No trade warranted,0.0,0.0
1361,2026-08-28 10:05:00 IST,24151.94921875,2026-08-28 04:35:00,,,,,,SIDEWAYS,NEUTRAL,NO_TRADE,NO_TRADE,50,NO_TRADE,,No trade warranted,0.0,0.0
1362,2026-08-28 10:10:00 IST,24167.19921875,2026-08-28 04:40:00,,,,,,SIDEWAYS,NEUTRAL,NO_TRADE,NO_TRADE,50,NO_TRADE,,No trade warranted,0.0,0.0
1363,2026-08-28 10:15:00 IST,24165.0,2026-08-28 04:45:00,,,,,,SIDEWAYS,NEUTRAL,NO_TRADE,NO_TRADE,50,NO_TRADE,,No trade warranted,0.0,0.0
1364,2026-08-28 10:20:00 IST,24170.19921875,2026-08-28 04:50:00,,,,,,SIDEWAYS,NEUTRAL,NO_TRADE,NO_TRADE,50,NO_TRADE,,No trade warranted,0.0,0.0
1365,2026-08-28 10:25:00 IST,24169.849609375,2026-08-28 04:55:00,,,,,,VOLATILE_EXPANSION,MIXED,NO_TRADE,NO_TRADE,40,NO_TRADE,,No trade warranted,0.0,0.0
1366,2026-08-28 10:30:00 IST,24160.80078125,2026-08-28 05:00:00,,,,,,VOLATILE_EXPANSION,MIXED,NO_TRADE,NO_TRADE,40,NO_TRADE,,No trade warranted,0.0,0.0
1367,2026-08-28 10:35:00 IST,24161.94921875,2026-08-28 05:05:00,,,,,,SIDEWAYS,NEUTRAL,NO_TRADE,NO_TRADE,50,NO_TRADE,,No trade warranted,0.0,0.0
1368,2026-08-28 10:40:00 IST,24156.150390625,2026-08-28 05:10:00,,,,,,SIDEWAYS,NEUTRAL,NO_TRADE,NO_TRADE,50,NO_TRADE,,No trade warranted,0.0,0.0
1369,2026-08-28 10:45:00 IST,24163.400390625,2026-08-28 05:15:00,,,,,,SIDEWAYS,NEUTRAL,NO_TRADE,NO_TRADE,50,NO_TRADE,,No trade warranted,0.0,0.0
1370,2026-08-28 10:50:00 IST,24155.599609375,2026-08-28 05:20:00,,,,,,SIDEWAYS,NEUTRAL,NO_TRADE,NO_TRADE,50,NO_TRADE,,No trade warranted,0.0,0.0
1371,2026-08-28 10:55:00 IST,24155.69921875,2026-08-28 05:25:00,,,,,,SIDEWAYS,NEUTRAL,NO_TRADE,NO_TRADE,50,NO_TRADE,,No trade warranted,0.0,0.0
1372,2026-08-28 11:00:00 IST,24160.25,2026-08-28 05:30:00,,,,,,SIDEWAYS,NEUTRAL,NO_TRADE,NO_TRADE,50,NO_TRADE,,No trade warranted,0.0,0.0
1373,2026-08-28 11:05:00 IST,24142.44921875,2026-08-28 05:35:00,,,,,,SIDEWAYS,NEUTRAL,NO_TRADE,NO_TRADE,50,NO_TRADE,,No trade warranted,0.0,0.0
1374,2026-08-28 11:10:00 IST,24160.94921875,2026-08-28 05:40:00,,,,,,SIDEWAYS,NEUTRAL,NO_TRADE,NO_TRADE,50,NO_TRADE,,No trade warranted,0.0,0.0
1375,2026-08-28 11:15:00 IST,24151.5,2026-08-28 05:45:00,,,,,,SIDEWAYS,NEUTRAL,NO_TRADE,NO_TRADE,50,NO_TRADE,,No trade warranted,0.0,0.0
1376,2026-08-28 11:20:00 IST,24140.5,2026-08-28 05:50:00,,,,,,SIDEWAYS,NEUTRAL,NO_TRADE,NO_TRADE,50,NO_TRADE,,No trade warranted,0.0,0.0
1377,2026-08-28 11:25:00 IST,24117.849609375,2026-08-28 05:55:00,,,,,,VOLATILE_EXPANSION,MIXED,NO_TRADE,NO_TRADE,40,NO_TRADE,,No trade warranted,0.0,0.0
1378,2026-08-28 11:30:00 IST,24107.75,2026-08-28 06:00:00,,,,,,VOLATILE_EXPANSION,MIXED,NO_TRADE,NO_TRADE,40,NO_TRADE,,No trade warranted,0.0,0.0
1379,2026-08-28 11:35:00 IST,24101.30078125,2026-08-28 06:05:00,,,,,,VOLATILE_EXPANSION,MIXED,NO_TRADE,NO_TRADE,40,NO_TRADE,,No trade warranted,0.0,0.0
1380,2026-08-28 11:40:00 IST,24105.69921875,2026-08-28 06:10:00,,,,,,VOLATILE_EXPANSION,MIXED,NO_TRADE,NO_TRADE,40,NO_TRADE,,No trade warranted,0.0,0.0
1381,2026-08-28 11:45:00 IST,24105.599609375,2026-08-28 06:15:00,,,,,,VOLATILE_EXPANSION,MIXED,NO_TRADE,NO_TRADE,40,NO_TRADE,,No trade warranted,0.0,0.0
1382,2026-08-28 11:50:00 IST,24098.25,2026-08-28 06:20:00,,,,,,VOLATILE_EXPANSION,MIXED,NO_TRADE,NO_TRADE,40,NO_TRADE,,No trade warranted,0.0,0.0
1383,2026-08-28 11:55:00 IST,24083.150390625,2026-08-28 06:25:00,,,,,,VOLATILE_EXPANSION,MIXED,NO_TRADE,NO_TRADE,40,NO_TRADE,,No trade warranted,0.0,0.0
1384,2026-08-28 12:00:00 IST,24088.05078125,2026-08-28 06:30:00,,,,,,VOLATILE_EXPANSION,MIXED,NO_TRADE,NO_TRADE,40,NO_TRADE,,No trade warranted,0.0,0.0
1385,2026-08-28 12:05:00 IST,24086.30078125,2026-08-28 06:35:00,,,,,,VOLATILE_EXPANSION,MIXED,NO_TRADE,NO_TRADE,40,NO_TRADE,,No trade warranted,0.0,0.0
1386,2026-08-28 12:10:00 IST,24086.900390625,2026-08-28 06:40:00,,,,,,VOLATILE_EXPANSION,MIXED,NO_TRADE,NO_TRADE,40,NO_TRADE,,No trade warranted,0.0,0.0
1387,2026-08-28 12:15:00 IST,24088.75,2026-08-28 06:45:00,,,,,,VOLATILE_EXPANSION,MIXED,NO_TRADE,NO_TRADE,40,NO_TRADE,,No trade warranted,0.0,0.0
1388,2026-08-28 12:20:00 IST,24085.94921875,2026-08-28 06:50:00,,,,,,VOLATILE_EXPANSION,MIXED,NO_TRADE,NO_TRADE,40,NO_TRADE,,No trade warranted,0.0,0.0
1389,2026-08-28 12:25:00 IST,24094.650390625,2026-08-28 06:55:00,,,,,,VOLATILE_EXPANSION,MIXED,NO_TRADE,NO_TRADE,40,NO_TRADE,,No trade warranted,0.0,0.0
1390,2026-08-28 12:30:00 IST,24101.400390625,2026-08-28 07:00:00,,,,,,VOLATILE_EXPANSION,MIXED,NO_TRADE,NO_TRADE,40,NO_TRADE,,No trade warranted,0.0,0.0
1391,2026-08-28 12:35:00 IST,24105.849609375,2026-08-28 07:05:00,,,,,,VOLATILE_EXPANSION,MIXED,NO_TRADE,NO_TRADE,40,NO_TRADE,,No trade warranted,0.0,0.0
1392,2026-08-28 12:40:00 IST,24105.599609375,2026-08-28 07:10:00,,,,,,SIDEWAYS,NEUTRAL,NO_TRADE,NO_TRADE,50,NO_TRADE,,No trade warranted,0.0,0.0
1393,2026-08-28 12:45:00 IST,24109.80078125,2026-08-28 07:15:00,,,,,,SIDEWAYS,NEUTRAL,NO_TRADE,NO_TRADE,50,NO_TRADE,,No trade warranted,0.0,0.0
1394,2026-08-28 12:50:00 IST,24105.30078125,2026-08-28 07:20:00,,,,,,SIDEWAYS,NEUTRAL,NO_TRADE,NO_TRADE,50,NO_TRADE,,No trade warranted,0.0,0.0
1395,2026-08-28 12:55:00 IST,24096.44921875,2026-08-28 07:25:00,,,,,,SIDEWAYS,NEUTRAL,NO_TRADE,NO_TRADE,50,NO_TRADE,,No trade warranted,0.0,0.0
1396,2026-08-28 13:00:00 IST,24093.19921875,2026-08-28 07:30:00,,,,,,SIDEWAYS,NEUTRAL,NO_TRADE,NO_TRADE,50,NO_TRADE,,No trade warranted,0.0,0.0
1397,2026-08-28 13:05:00 IST,24102.099609375,2026-08-28 07:35:00,,,,,,SIDEWAYS,NEUTRAL,NO_TRADE,NO_TRADE,50,NO_TRADE,,No trade warranted,0.0,0.0
1398,2026-08-28 13:10:00 IST,24103.55078125,2026-08-28 07:40:00,,,,,,SIDEWAYS,NEUTRAL,NO_TRADE,NO_TRADE,50,NO_TRADE,,No trade warranted,0.0,0.0
1399,2026-08-28 13:15:00 IST,24107.55078125,2026-08-28 07:45:00,,,,,,SIDEWAYS,NEUTRAL,NO_TRADE,NO_TRADE,50,NO_TRADE,,No trade warranted,0.0,0.0
1400,2026-08-28 13:20:00 IST,24108.599609375,2026-08-28 07:50:00,,,,,,VOLATILE_EXPANSION,MIXED,NO_TRADE,NO_TRADE,40,NO_TRADE,,No trade warranted,0.0,0.0
1401,2026-08-28 13:25:00 IST,24096.150390625,2026-08-28 07:55:00,,,,,,SIDEWAYS,NEUTRAL,NO_TRADE,NO_TRADE,30,NO_TRADE,,No trade warranted,0.0,0.0
1402,2026-08-28 13:30:00 IST,24109.849609375,2026-08-28 08:00:00,,,,,,SIDEWAYS,NEUTRAL,NO_TRADE,NO_TRADE,50,NO_TRADE,,No trade warranted,0.0,0.0
1403,2026-08-28 13:35:00 IST,24111.80078125,2026-08-28 08:05:00,,,,,,SIDEWAYS,NEUTRAL,NO_TRADE,NO_TRADE,50,NO_TRADE,,No trade warranted,0.0,0.0
1404,2026-08-28 13:40:00 IST,24113.099609375,2026-08-28 08:10:00,,,,,,SIDEWAYS,NEUTRAL,NO_TRADE,NO_TRADE,50,NO_TRADE,,No trade warranted,0.0,0.0
1405,2026-08-28 13:45:00 IST,24103.75,2026-08-28 08:15:00,,,,,,SIDEWAYS,NEUTRAL,NO_TRADE,NO_TRADE,30,NO_TRADE,,No trade warranted,0.0,0.0
1406,2026-08-28 13:50:00 IST,24103.349609375,2026-08-28 08:20:00,,,,,,SIDEWAYS,NEUTRAL,NO_TRADE,NO_TRADE,30,NO_TRADE,,No trade warranted,0.0,0.0
1407,2026-08-28 13:55:00 IST,24110.849609375,2026-08-28 08:25:00,,,,,,SIDEWAYS,NEUTRAL,NO_TRADE,NO_TRADE,50,NO_TRADE,,No trade warranted,0.0,0.0
1408,2026-08-28 14:00:00 IST,24102.900390625,2026-08-28 08:30:00,,,,,,SIDEWAYS,NEUTRAL,NO_TRADE,NO_TRADE,30,NO_TRADE,,No trade warranted,0.0,0.0
1409,2026-08-28 14:05:00 IST,24103.650390625,2026-08-28 08:35:00,,,,,,SIDEWAYS,NEUTRAL,NO_TRADE,NO_TRADE,30,NO_TRADE,,No trade warranted,0.0,0.0
1410,2026-08-28 14:10:00 IST,24110.80078125,2026-08-28 08:40:00,,,,,,SIDEWAYS,NEUTRAL,NO_TRADE,NO_TRADE,50,NO_TRADE,,No trade warranted,0.0,0.0
1411,2026-08-28 14:15:00 IST,24109.849609375,2026-08-28 08:45:00,,,,,,SIDEWAYS,NEUTRAL,NO_TRADE,NO_TRADE,50,NO_TRADE,,No trade warranted,0.0,0.0
1412,2026-08-28 14:20:00 IST,24115.900390625,2026-08-28 08:50:00,,,,,,SIDEWAYS,NEUTRAL,NO_TRADE,NO_TRADE,30,NO_TRADE,,No trade warranted,0.0,0.0
1413,2026-08-28 14:25:00 IST,24120.349609375,2026-08-28 08:55:00,,,,,,SIDEWAYS,NEUTRAL,NO_TRADE,NO_TRADE,30,NO_TRADE,,No trade warranted,0.0,0.0
1414,2026-08-28 14:30:00 IST,24120.19921875,2026-08-28 09:00:00,,,,,,SIDEWAYS,NEUTRAL,NO_TRADE,NO_TRADE,30,NO_TRADE,,No trade warranted,0.0,0.0
1415,2026-08-28 14:35:00 IST,24118.900390625,2026-08-28 09:05:00,,,,,,SIDEWAYS,NEUTRAL,NO_TRADE,NO_TRADE,30,NO_TRADE,,No trade warranted,0.0,0.0
1416,2026-08-28 14:40:00 IST,24118.099609375,2026-08-28 09:10:00,,,,,,SIDEWAYS,NEUTRAL,NO_TRADE,NO_TRADE,30,NO_TRADE,,No trade warranted,0.0,0.0
1417,2026-08-28 14:45:00 IST,24126.650390625,2026-08-28 09:15:00,,,,,,SIDEWAYS,NEUTRAL,NO_TRADE,NO_TRADE,30,NO_TRADE,,No trade warranted,0.0,0.0
1418,2026-08-28 14:50:00 IST,24138.349609375,2026-08-28 09:20:00,,,,,,SIDEWAYS,NEUTRAL,NO_TRADE,NO_TRADE,30,NO_TRADE,,No trade warranted,0.0,0.0
1419,2026-08-28 14:55:00 IST,24129.44921875,2026-08-28 09:25:00,,,,,,SIDEWAYS,NEUTRAL,NO_TRADE,NO_TRADE,30,NO_TRADE,,No trade warranted,0.0,0.0
1420,2026-08-28 15:00:00 IST,24108.900390625,2026-08-28 09:30:00,,,,,,SIDEWAYS,NEUTRAL,NO_TRADE,NO_TRADE,30,NO_TRADE,,No trade warranted,0.0,0.0
1421,2026-08-28 15:05:00 IST,24123.0,2026-08-28 09:35:00,,,,,,SIDEWAYS,NEUTRAL,NO_TRADE,NO_TRADE,30,NO_TRADE,,No trade warranted,0.0,0.0
1422,2026-08-28 15:10:00 IST,24142.94921875,2026-08-28 09:40:00,,,,,,SIDEWAYS,NEUTRAL,NO_TRADE,NO_TRADE,30,NO_TRADE,,No trade warranted,0.0,0.0
1423,2026-08-28 15:15:00 IST,24142.44921875,2026-08-28 09:45:00,,,,,,SIDEWAYS,NEUTRAL,NO_TRADE,NO_TRADE,30,NO_TRADE,,No trade warranted,0.0,0.0
1424,2026-08-28 15:20:00 IST,24142.44921875,2026-08-28 09:50:00,,,,,,SIDEWAYS,NEUTRAL,NO_TRADE,NO_TRADE,30,NO_TRADE,,No trade warranted,0.0,0.0
1425,2026-08-28 15:25:00 IST,24175.650390625,2026-08-28 09:55:00,,,,,,SIDEWAYS,NEUTRAL,NO_TRADE,NO_TRADE,30,NO_TRADE,,No trade warranted,0.0,0.0
1426,2026-08-31 09:15:00 IST,24065.05078125,2026-08-31 03:45:00,,,,,,SIDEWAYS,NEUTRAL,NO_TRADE,NO_TRADE,50,NO_TRADE,,No trade warranted,0.0,0.0
1427,2026-08-31 09:20:00 IST,24066.69921875,2026-08-31 03:50:00,,,,,,SIDEWAYS,NEUTRAL,NO_TRADE,NO_TRADE,50,NO_TRADE,,No trade warranted,0.0,0.0
1428,2026-08-31 09:25:00 IST,24043.05078125,2026-08-31 03:55:00,,,,,,SIDEWAYS,NEUTRAL,NO_TRADE,NO_TRADE,50,NO_TRADE,,No trade warranted,0.0,0.0
1429,2026-08-31 09:30:00 IST,24057.55078125,2026-08-31 04:00:00,,,,,,SIDEWAYS,NEUTRAL,NO_TRADE,NO_TRADE,50,NO_TRADE,,No trade warranted,0.0,0.0
1430,2026-08-31 09:35:00 IST,24046.900390625,2026-08-31 04:05:00,,,,,,SIDEWAYS,NEUTRAL,NO_TRADE,NO_TRADE,50,NO_TRADE,,No trade warranted,0.0,0.0
1431,2026-08-31 09:40:00 IST,24024.599609375,2026-08-31 04:10:00,,,,,,SIDEWAYS,NEUTRAL,NO_TRADE,NO_TRADE,50,NO_TRADE,,No trade warranted,0.0,0.0
1432,2026-08-31 09:45:00 IST,24026.19921875,2026-08-31 04:15:00,,,,,,SIDEWAYS,NEUTRAL,NO_TRADE,NO_TRADE,50,NO_TRADE,,No trade warranted,0.0,0.0
1433,2026-08-31 09:50:00 IST,24023.349609375,2026-08-31 04:20:00,,,,,,SIDEWAYS,NEUTRAL,NO_TRADE,NO_TRADE,50,NO_TRADE,,No trade warranted,0.0,0.0
1434,2026-08-31 09:55:00 IST,24025.5,2026-08-31 04:25:00,,,,,,SIDEWAYS,NEUTRAL,NO_TRADE,NO_TRADE,50,NO_TRADE,,No trade warranted,0.0,0.0
1435,2026-08-31 10:00:00 IST,24032.69921875,2026-08-31 04:30:00,,,,,,SIDEWAYS,NEUTRAL,NO_TRADE,NO_TRADE,50,NO_TRADE,,No trade warranted,0.0,0.0
1436,2026-08-31 10:05:00 IST,24029.75,2026-08-31 04:35:00,,,,,,SIDEWAYS,NEUTRAL,NO_TRADE,NO_TRADE,50,NO_TRADE,,No trade warranted,0.0,0.0
1437,2026-08-31 10:10:00 IST,24017.849609375,2026-08-31 04:40:00,,,,,,SIDEWAYS,NEUTRAL,NO_TRADE,NO_TRADE,50,NO_TRADE,,No trade warranted,0.0,0.0
1438,2026-08-31 10:15:00 IST,24012.150390625,2026-08-31 04:45:00,,,,,,SIDEWAYS,NEUTRAL,NO_TRADE,NO_TRADE,50,NO_TRADE,,No trade warranted,0.0,0.0
1439,2026-08-31 10:20:00 IST,24009.5,2026-08-31 04:50:00,,,,,,SIDEWAYS,NEUTRAL,NO_TRADE,NO_TRADE,50,NO_TRADE,,No trade warranted,0.0,0.0
1440,2026-08-31 10:25:00 IST,24028.849609375,2026-08-31 04:55:00,,,,,,VOLATILE_EXPANSION,MIXED,NO_TRADE,NO_TRADE,40,NO_TRADE,,No trade warranted,0.0,0.0
1441,2026-08-31 10:30:00 IST,24008.05078125,2026-08-31 05:00:00,,,,,,VOLATILE_EXPANSION,MIXED,NO_TRADE,NO_TRADE,40,NO_TRADE,,No trade warranted,0.0,0.0
1442,2026-08-31 10:35:00 IST,24002.099609375,2026-08-31 05:05:00,,,,,,VOLATILE_EXPANSION,MIXED,NO_TRADE,NO_TRADE,40,NO_TRADE,,No trade warranted,0.0,0.0
1443,2026-08-31 10:40:00 IST,24010.650390625,2026-08-31 05:10:00,,,,,,VOLATILE_EXPANSION,MIXED,NO_TRADE,NO_TRADE,40,NO_TRADE,,No trade warranted,0.0,0.0
1444,2026-08-31 10:45:00 IST,24007.05078125,2026-08-31 05:15:00,,,,,,VOLATILE_EXPANSION,MIXED,NO_TRADE,NO_TRADE,40,NO_TRADE,,No trade warranted,0.0,0.0
1445,2026-08-31 10:50:00 IST,24003.80078125,2026-08-31 05:20:00,,,,,,SIDEWAYS,NEUTRAL,NO_TRADE,NO_TRADE,50,NO_TRADE,,No trade warranted,0.0,0.0
1446,2026-08-31 10:55:00 IST,24010.30078125,2026-08-31 05:25:00,,,,,,SIDEWAYS,NEUTRAL,NO_TRADE,NO_TRADE,50,NO_TRADE,,No trade warranted,0.0,0.0
1447,2026-08-31 11:00:00 IST,24011.400390625,2026-08-31 05:30:00,,,,,,SIDEWAYS,NEUTRAL,NO_TRADE,NO_TRADE,50,NO_TRADE,,No trade warranted,0.0,0.0
1448,2026-08-31 11:05:00 IST,23997.44921875,2026-08-31 05:35:00,,,,,,SIDEWAYS,NEUTRAL,NO_TRADE,NO_TRADE,50,NO_TRADE,,No trade warranted,0.0,0.0
1449,2026-08-31 11:10:00 IST,24001.599609375,2026-08-31 05:40:00,,,,,,SIDEWAYS,NEUTRAL,NO_TRADE,NO_TRADE,50,NO_TRADE,,No trade warranted,0.0,0.0
1450,2026-08-31 11:15:00 IST,24004.150390625,2026-08-31 05:45:00,,,,,,SIDEWAYS,NEUTRAL,NO_TRADE,NO_TRADE,50,NO_TRADE,,No trade warranted,0.0,0.0
1451,2026-08-31 11:20:00 IST,24002.94921875,2026-08-31 05:50:00,,,,,,SIDEWAYS,NEUTRAL,NO_TRADE,NO_TRADE,50,NO_TRADE,,No trade warranted,0.0,0.0
1452,2026-08-31 11:25:00 IST,24009.75,2026-08-31 05:55:00,,,,,,SIDEWAYS,NEUTRAL,NO_TRADE,NO_TRADE,50,NO_TRADE,,No trade warranted,0.0,0.0
1453,2026-08-31 11:30:00 IST,24014.5,2026-08-31 06:00:00,,,,,,SIDEWAYS,NEUTRAL,NO_TRADE,NO_TRADE,50,NO_TRADE,,No trade warranted,0.0,0.0
1454,2026-08-31 11:35:00 IST,24017.849609375,2026-08-31 06:05:00,,,,,,SIDEWAYS,NEUTRAL,NO_TRADE,NO_TRADE,50,NO_TRADE,,No trade warranted,0.0,0.0
1455,2026-08-31 11:40:00 IST,24024.849609375,2026-08-31 06:10:00,,,,,,SIDEWAYS,NEUTRAL,NO_TRADE,NO_TRADE,50,NO_TRADE,,No trade warranted,0.0,0.0
1456,2026-08-31 11:45:00 IST,24032.150390625,2026-08-31 06:15:00,,,,,,VOLATILE_EXPANSION,MIXED,NO_TRADE,NO_TRADE,40,NO_TRADE,,No trade warranted,0.0,0.0
1457,2026-08-31 11:50:00 IST,24072.849609375,2026-08-31 06:20:00,,,,,,VOLATILE_EXPANSION,MIXED,NO_TRADE,NO_TRADE,40,NO_TRADE,,No trade warranted,0.0,0.0
1458,2026-08-31 11:55:00 IST,24063.900390625,2026-08-31 06:25:00,,,,,,VOLATILE_EXPANSION,MIXED,NO_TRADE,NO_TRADE,40,NO_TRADE,,No trade warranted,0.0,0.0
1459,2026-08-31 12:00:00 IST,24075.849609375,2026-08-31 06:30:00,,,,,,VOLATILE_EXPANSION,MIXED,NO_TRADE,NO_TRADE,40,NO_TRADE,,No trade warranted,0.0,0.0
1460,2026-08-31 12:05:00 IST,24064.25,2026-08-31 06:35:00,,,,,,VOLATILE_EXPANSION,MIXED,NO_TRADE,NO_TRADE,40,NO_TRADE,,No trade warranted,0.0,0.0
1461,2026-08-31 12:10:00 IST,24055.94921875,2026-08-31 06:40:00,,,,,,VOLATILE_EXPANSION,MIXED,NO_TRADE,NO_TRADE,40,NO_TRADE,,No trade warranted,0.0,0.0
1462,2026-08-31 12:15:00 IST,24070.19921875,2026-08-31 06:45:00,,,,,,VOLATILE_EXPANSION,MIXED,NO_TRADE,NO_TRADE,40,NO_TRADE,,No trade warranted,0.0,0.0
1463,2026-08-31 12:20:00 IST,24065.30078125,2026-08-31 06:50:00,,,,,,VOLATILE_EXPANSION,MIXED,NO_TRADE,NO_TRADE,40,NO_TRADE,,No trade warranted,0.0,0.0
1464,2026-08-31 12:25:00 IST,24064.19921875,2026-08-31 06:55:00,,,,,,VOLATILE_EXPANSION,MIXED,NO_TRADE,NO_TRADE,40,NO_TRADE,,No trade warranted,0.0,0.0
1465,2026-08-31 12:30:00 IST,24057.0,2026-08-31 07:00:00,,,,,,VOLATILE_EXPANSION,MIXED,NO_TRADE,NO_TRADE,40,NO_TRADE,,No trade warranted,0.0,0.0
1466,2026-08-31 12:35:00 IST,24071.400390625,2026-08-31 07:05:00,,,,,,VOLATILE_EXPANSION,MIXED,NO_TRADE,NO_TRADE,40,NO_TRADE,,No trade warranted,0.0,0.0
1467,2026-08-31 12:40:00 IST,24073.94921875,2026-08-31 07:10:00,,,,,,VOLATILE_EXPANSION,MIXED,NO_TRADE,NO_TRADE,40,NO_TRADE,,No trade warranted,0.0,0.0
1468,2026-08-31 12:45:00 IST,24067.80078125,2026-08-31 07:15:00,,,,,,VOLATILE_EXPANSION,MIXED,NO_TRADE,NO_TRADE,40,NO_TRADE,,No trade warranted,0.0,0.0
1469,2026-08-31 12:50:00 IST,24077.599609375,2026-08-31 07:20:00,,,,,,VOLATILE_EXPANSION,MIXED,NO_TRADE,NO_TRADE,40,NO_TRADE,,No trade warranted,0.0,0.0
1470,2026-08-31 12:55:00 IST,24062.150390625,2026-08-31 07:25:00,,,,,,VOLATILE_EXPANSION,MIXED,NO_TRADE,NO_TRADE,40,NO_TRADE,,No trade warranted,0.0,0.0
1471,2026-08-31 13:00:00 IST,24068.599609375,2026-08-31 07:30:00,,,,,,SIDEWAYS,NEUTRAL,NO_TRADE,NO_TRADE,50,NO_TRADE,,No trade warranted,0.0,0.0
1472,2026-08-31 13:05:00 IST,24060.849609375,2026-08-31 07:35:00,,,,,,SIDEWAYS,NEUTRAL,NO_TRADE,NO_TRADE,50,NO_TRADE,,No trade warranted,0.0,0.0
1473,2026-08-31 13:10:00 IST,24074.150390625,2026-08-31 07:40:00,,,,,,SIDEWAYS,NEUTRAL,NO_TRADE,NO_TRADE,50,NO_TRADE,,No trade warranted,0.0,0.0
1474,2026-08-31 13:15:00 IST,24066.0,2026-08-31 07:45:00,,,,,,SIDEWAYS,NEUTRAL,NO_TRADE,NO_TRADE,50,NO_TRADE,,No trade warranted,0.0,0.0
1475,2026-08-31 13:20:00 IST,24065.0,2026-08-31 07:50:00,,,,,,SIDEWAYS,NEUTRAL,NO_TRADE,NO_TRADE,30,NO_TRADE,,No trade warranted,0.0,0.0
1476,2026-08-31 13:25:00 IST,24067.05078125,2026-08-31 07:55:00,,,,,,SIDEWAYS,NEUTRAL,NO_TRADE,NO_TRADE,30,NO_TRADE,,No trade warranted,0.0,0.0
1477,2026-08-31 13:30:00 IST,24069.849609375,2026-08-31 08:00:00,,,,,,SIDEWAYS,NEUTRAL,NO_TRADE,NO_TRADE,30,NO_TRADE,,No trade warranted,0.0,0.0
1478,2026-08-31 13:35:00 IST,24061.80078125,2026-08-31 08:05:00,,,,,,SIDEWAYS,NEUTRAL,NO_TRADE,NO_TRADE,30,NO_TRADE,,No trade warranted,0.0,0.0
1479,2026-08-31 13:40:00 IST,24055.05078125,2026-08-31 08:10:00,,,,,,SIDEWAYS,NEUTRAL,NO_TRADE,NO_TRADE,50,NO_TRADE,,No trade warranted,0.0,0.0
1480,2026-08-31 13:45:00 IST,24064.650390625,2026-08-31 08:15:00,,,,,,SIDEWAYS,NEUTRAL,NO_TRADE,NO_TRADE,30,NO_TRADE,,No trade warranted,0.0,0.0
1481,2026-08-31 13:50:00 IST,24058.25,2026-08-31 08:20:00,,,,,,VOLATILE_EXPANSION,MIXED,NO_TRADE,NO_TRADE,40,NO_TRADE,,No trade warranted,0.0,0.0
1482,2026-08-31 13:55:00 IST,24047.05078125,2026-08-31 08:25:00,,,,,,SIDEWAYS,NEUTRAL,NO_TRADE,NO_TRADE,30,NO_TRADE,,No trade warranted,0.0,0.0
1483,2026-08-31 14:00:00 IST,24033.55078125,2026-08-31 08:30:00,,,,,,SIDEWAYS,NEUTRAL,NO_TRADE,NO_TRADE,30,NO_TRADE,,No trade warranted,0.0,0.0
1484,2026-08-31 14:05:00 IST,24031.69921875,2026-08-31 08:35:00,,,,,,SIDEWAYS,NEUTRAL,NO_TRADE,NO_TRADE,30,NO_TRADE,,No trade warranted,0.0,0.0
1485,2026-08-31 14:10:00 IST,24031.55078125,2026-08-31 08:40:00,,,,,,SIDEWAYS,NEUTRAL,NO_TRADE,NO_TRADE,30,NO_TRADE,,No trade warranted,0.0,0.0
1486,2026-08-31 14:15:00 IST,24034.55078125,2026-08-31 08:45:00,,,,,,SIDEWAYS,NEUTRAL,NO_TRADE,NO_TRADE,30,NO_TRADE,,No trade warranted,0.0,0.0
1487,2026-08-31 14:20:00 IST,24024.75,2026-08-31 08:50:00,,,,,,SIDEWAYS,NEUTRAL,NO_TRADE,NO_TRADE,30,NO_TRADE,,No trade warranted,0.0,0.0
1488,2026-08-31 14:25:00 IST,24022.19921875,2026-08-31 08:55:00,,,,,,SIDEWAYS,NEUTRAL,NO_TRADE,NO_TRADE,30,NO_TRADE,,No trade warranted,0.0,0.0
1489,2026-08-31 14:30:00 IST,24033.75,2026-08-31 09:00:00,,,,,,SIDEWAYS,NEUTRAL,NO_TRADE,NO_TRADE,30,NO_TRADE,,No trade warranted,0.0,0.0
1490,2026-08-31 14:35:00 IST,24044.650390625,2026-08-31 09:05:00,,,,,,SIDEWAYS,NEUTRAL,NO_TRADE,NO_TRADE,30,NO_TRADE,,No trade warranted,0.0,0.0
1491,2026-08-31 14:40:00 IST,24054.099609375,2026-08-31 09:10:00,,,,,,SIDEWAYS,NEUTRAL,NO_TRADE,NO_TRADE,30,NO_TRADE,,No trade warranted,0.0,0.0
1492,2026-08-31 14:45:00 IST,24077.099609375,2026-08-31 09:15:00,,,,,,SIDEWAYS,NEUTRAL,NO_TRADE,NO_TRADE,30,NO_TRADE,,No trade warranted,0.0,0.0
1493,2026-08-31 14:50:00 IST,24094.44921875,2026-08-31 09:20:00,,,,,,SIDEWAYS,NEUTRAL,NO_TRADE,NO_TRADE,30,NO_TRADE,,No trade warranted,0.0,0.0
1494,2026-08-31 14:55:00 IST,24075.19921875,2026-08-31 09:25:00,,,,,,SIDEWAYS,NEUTRAL,NO_TRADE,NO_TRADE,30,NO_TRADE,,No trade warranted,0.0,0.0
1495,2026-08-31 15:00:00 IST,24057.599609375,2026-08-31 09:30:00,,,,,,SIDEWAYS,NEUTRAL,NO_TRADE,NO_TRADE,30,NO_TRADE,,No trade warranted,0.0,0.0
1496,2026-08-31 15:05:00 IST,24068.099609375,2026-08-31 09:35:00,,,,,,SIDEWAYS,NEUTRAL,NO_TRADE,NO_TRADE,30,NO_TRADE,,No trade warranted,0.0,0.0
1497,2026-08-31 15:10:00 IST,24051.94921875,2026-08-31 09:40:00,,,,,,SIDEWAYS,NEUTRAL,NO_TRADE,NO_TRADE,30,NO_TRADE,,No trade warranted,0.0,0.0
1498,2026-08-31 15:15:00 IST,24050.25,2026-08-31 09:45:00,,,,,,SIDEWAYS,NEUTRAL,NO_TRADE,NO_TRADE,30,NO_TRADE,,No trade warranted,0.0,0.0
1499,2026-08-31 15:20:00 IST,24050.25,2026-08-31 09:50:00,,,,,,SIDEWAYS,NEUTRAL,NO_TRADE,NO_TRADE,30,NO_TRADE,,No trade warranted,0.0,0.0
1500,2026-08-31 15:25:00 IST,24080.400390625,2026-08-31 09:55:00,,,,,,SIDEWAYS,NEUTRAL,NO_TRADE,NO_TRADE,30,NO_TRADE,,No trade warranted,0.0,0.0
1501,2026-09-01 09:15:00 IST,24041.150390625,2026-09-01 03:45:00,,,,,,SIDEWAYS,NEUTRAL,NO_TRADE,NO_TRADE,50,NO_TRADE,,No trade warranted,0.0,0.0
1502,2026-09-01 09:20:00 IST,24039.099609375,2026-09-01 03:50:00,,,,,,SIDEWAYS,NEUTRAL,NO_TRADE,NO_TRADE,50,NO_TRADE,,No trade warranted,0.0,0.0
1503,2026-09-01 09:25:00 IST,24063.94921875,2026-09-01 03:55:00,,,,,,SIDEWAYS,NEUTRAL,NO_TRADE,NO_TRADE,50,NO_TRADE,,No trade warranted,0.0,0.0
1504,2026-09-01 09:30:00 IST,24066.19921875,2026-09-01 04:00:00,,,,,,SIDEWAYS,NEUTRAL,NO_TRADE,NO_TRADE,50,NO_TRADE,,No trade warranted,0.0,0.0
1505,2026-09-01 09:35:00 IST,24040.849609375,2026-09-01 04:05:00,,,,,,SIDEWAYS,NEUTRAL,NO_TRADE,NO_TRADE,50,NO_TRADE,,No trade warranted,0.0,0.0
1506,2026-09-01 09:40:00 IST,24028.349609375,2026-09-01 04:10:00,,,,,,SIDEWAYS,NEUTRAL,NO_TRADE,NO_TRADE,50,NO_TRADE,,No trade warranted,0.0,0.0
1507,2026-09-01 09:45:00 IST,24021.19921875,2026-09-01 04:15:00,,,,,,SIDEWAYS,NEUTRAL,NO_TRADE,NO_TRADE,50,NO_TRADE,,No trade warranted,0.0,0.0
1508,2026-09-01 09:50:00 IST,24022.05078125,2026-09-01 04:20:00,,,,,,SIDEWAYS,NEUTRAL,NO_TRADE,NO_TRADE,50,NO_TRADE,,No trade warranted,0.0,0.0
1509,2026-09-01 09:55:00 IST,24018.25,2026-09-01 04:25:00,,,,,,SIDEWAYS,NEUTRAL,NO_TRADE,NO_TRADE,50,NO_TRADE,,No trade warranted,0.0,0.0
1510,2026-09-01 10:00:00 IST,24032.94921875,2026-09-01 04:30:00,,,,,,SIDEWAYS,NEUTRAL,NO_TRADE,NO_TRADE,50,NO_TRADE,,No trade warranted,0.0,0.0
1511,2026-09-01 10:05:00 IST,24033.0,2026-09-01 04:35:00,,,,,,SIDEWAYS,NEUTRAL,NO_TRADE,NO_TRADE,50,NO_TRADE,,No trade warranted,0.0,0.0
1512,2026-09-01 10:10:00 IST,24036.25,2026-09-01 04:40:00,,,,,,SIDEWAYS,NEUTRAL,NO_TRADE,NO_TRADE,50,NO_TRADE,,No trade warranted,0.0,0.0
1513,2026-09-01 10:15:00 IST,24050.19921875,2026-09-01 04:45:00,,,,,,SIDEWAYS,NEUTRAL,NO_TRADE,NO_TRADE,50,NO_TRADE,,No trade warranted,0.0,0.0
1514,2026-09-01 10:20:00 IST,24062.5,2026-09-01 04:50:00,,,,,,SIDEWAYS,NEUTRAL,NO_TRADE,NO_TRADE,50,NO_TRADE,,No trade warranted,0.0,0.0
1515,2026-09-01 10:25:00 IST,24061.05078125,2026-09-01 04:55:00,,,,,,SIDEWAYS,NEUTRAL,NO_TRADE,NO_TRADE,50,NO_TRADE,,No trade warranted,0.0,0.0
1516,2026-09-01 10:30:00 IST,24064.75,2026-09-01 05:00:00,,,,,,SIDEWAYS,NEUTRAL,NO_TRADE,NO_TRADE,50,NO_TRADE,,No trade warranted,0.0,0.0
1517,2026-09-01 10:35:00 IST,24068.55078125,2026-09-01 05:05:00,,,,,,SIDEWAYS,NEUTRAL,NO_TRADE,NO_TRADE,50,NO_TRADE,,No trade warranted,0.0,0.0
1518,2026-09-01 10:40:00 IST,24064.94921875,2026-09-01 05:10:00,,,,,,SIDEWAYS,NEUTRAL,NO_TRADE,NO_TRADE,50,NO_TRADE,,No trade warranted,0.0,0.0
1519,2026-09-01 10:45:00 IST,24069.69921875,2026-09-01 05:15:00,,,,,,SIDEWAYS,NEUTRAL,NO_TRADE,NO_TRADE,50,NO_TRADE,,No trade warranted,0.0,0.0
1520,2026-09-01 10:50:00 IST,24087.19921875,2026-09-01 05:20:00,,,,,,VOLATILE_EXPANSION,MIXED,NO_TRADE,NO_TRADE,40,NO_TRADE,,No trade warranted,0.0,0.0
1521,2026-09-01 10:55:00 IST,24082.0,2026-09-01 05:25:00,,,,,,VOLATILE_EXPANSION,MIXED,NO_TRADE,NO_TRADE,40,NO_TRADE,,No trade warranted,0.0,0.0
1522,2026-09-01 11:00:00 IST,24077.400390625,2026-09-01 05:30:00,,,,,,VOLATILE_EXPANSION,MIXED,NO_TRADE,NO_TRADE,40,NO_TRADE,,No trade warranted,0.0,0.0
1523,2026-09-01 11:05:00 IST,24092.849609375,2026-09-01 05:35:00,,,,,,VOLATILE_EXPANSION,MIXED,NO_TRADE,NO_TRADE,40,NO_TRADE,,No trade warranted,0.0,0.0
1524,2026-09-01 11:10:00 IST,24107.05078125,2026-09-01 05:40:00,,,,,,VOLATILE_EXPANSION,MIXED,NO_TRADE,NO_TRADE,40,NO_TRADE,,No trade warranted,0.0,0.0
1525,2026-09-01 11:15:00 IST,24121.650390625,2026-09-01 05:45:00,,,,,,VOLATILE_EXPANSION,MIXED,NO_TRADE,NO_TRADE,40,NO_TRADE,,No trade warranted,0.0,0.0
1526,2026-09-01 11:20:00 IST,24120.349609375,2026-09-01 05:50:00,,,,,,VOLATILE_EXPANSION,MIXED,NO_TRADE,NO_TRADE,40,NO_TRADE,,No trade warranted,0.0,0.0
1527,2026-09-01 11:25:00 IST,24126.30078125,2026-09-01 05:55:00,,,,,,VOLATILE_EXPANSION,MIXED,NO_TRADE,NO_TRADE,40,NO_TRADE,,No trade warranted,0.0,0.0
1528,2026-09-01 11:30:00 IST,24124.55078125,2026-09-01 06:00:00,,,,,,VOLATILE_EXPANSION,MIXED,NO_TRADE,NO_TRADE,40,NO_TRADE,,No trade warranted,0.0,0.0
1529,2026-09-01 11:35:00 IST,24112.599609375,2026-09-01 06:05:00,,,,,,VOLATILE_EXPANSION,MIXED,NO_TRADE,NO_TRADE,40,NO_TRADE,,No trade warranted,0.0,0.0
1530,2026-09-01 11:40:00 IST,24119.0,2026-09-01 06:10:00,,,,,,VOLATILE_EXPANSION,MIXED,NO_TRADE,NO_TRADE,40,NO_TRADE,,No trade warranted,0.0,0.0
1531,2026-09-01 11:45:00 IST,24110.599609375,2026-09-01 06:15:00,,,,,,VOLATILE_EXPANSION,MIXED,NO_TRADE,NO_TRADE,40,NO_TRADE,,No trade warranted,0.0,0.0
1532,2026-09-01 11:50:00 IST,24117.650390625,2026-09-01 06:20:00,,,,,,VOLATILE_EXPANSION,MIXED,NO_TRADE,NO_TRADE,40,NO_TRADE,,No trade warranted,0.0,0.0
1533,2026-09-01 11:55:00 IST,24116.69921875,2026-09-01 06:25:00,,,,,,VOLATILE_EXPANSION,MIXED,NO_TRADE,NO_TRADE,40,NO_TRADE,,No trade warranted,0.0,0.0
1534,2026-09-01 12:00:00 IST,24121.30078125,2026-09-01 06:30:00,,,,,,VOLATILE_EXPANSION,MIXED,NO_TRADE,NO_TRADE,40,NO_TRADE,,No trade warranted,0.0,0.0
1535,2026-09-01 12:05:00 IST,24127.900390625,2026-09-01 06:35:00,,,,,,VOLATILE_EXPANSION,MIXED,NO_TRADE,NO_TRADE,40,NO_TRADE,,No trade warranted,0.0,0.0
1536,2026-09-01 12:10:00 IST,24117.75,2026-09-01 06:40:00,,,,,,VOLATILE_EXPANSION,MIXED,NO_TRADE,NO_TRADE,40,NO_TRADE,,No trade warranted,0.0,0.0
1537,2026-09-01 12:15:00 IST,24110.099609375,2026-09-01 06:45:00,,,,,,SIDEWAYS,NEUTRAL,NO_TRADE,NO_TRADE,50,NO_TRADE,,No trade warranted,0.0,0.0
1538,2026-09-01 12:20:00 IST,24097.650390625,2026-09-01 06:50:00,,,,,,SIDEWAYS,NEUTRAL,NO_TRADE,NO_TRADE,50,NO_TRADE,,No trade warranted,0.0,0.0
1539,2026-09-01 12:25:00 IST,24109.650390625,2026-09-01 06:55:00,,,,,,SIDEWAYS,NEUTRAL,NO_TRADE,NO_TRADE,50,NO_TRADE,,No trade warranted,0.0,0.0
1540,2026-09-01 12:30:00 IST,24108.400390625,2026-09-01 07:00:00,,,,,,SIDEWAYS,NEUTRAL,NO_TRADE,NO_TRADE,50,NO_TRADE,,No trade warranted,0.0,0.0
1541,2026-09-01 12:35:00 IST,24111.05078125,2026-09-01 07:05:00,,,,,,SIDEWAYS,NEUTRAL,NO_TRADE,NO_TRADE,50,NO_TRADE,,No trade warranted,0.0,0.0
1542,2026-09-01 12:40:00 IST,24115.150390625,2026-09-01 07:10:00,,,,,,VOLATILE_EXPANSION,MIXED,NO_TRADE,NO_TRADE,40,NO_TRADE,,No trade warranted,0.0,0.0
1543,2026-09-01 12:45:00 IST,24107.44921875,2026-09-01 07:15:00,,,,,,VOLATILE_EXPANSION,MIXED,NO_TRADE,NO_TRADE,40,NO_TRADE,,No trade warranted,0.0,0.0
1544,2026-09-01 12:50:00 IST,24093.5,2026-09-01 07:20:00,,,,,,VOLATILE_EXPANSION,MIXED,NO_TRADE,NO_TRADE,40,NO_TRADE,,No trade warranted,0.0,0.0
1545,2026-09-01 12:55:00 IST,24092.25,2026-09-01 07:25:00,,,,,,VOLATILE_EXPANSION,MIXED,NO_TRADE,NO_TRADE,40,NO_TRADE,,No trade warranted,0.0,0.0
1546,2026-09-01 13:00:00 IST,24084.150390625,2026-09-01 07:30:00,,,,,,VOLATILE_EXPANSION,MIXED,NO_TRADE,NO_TRADE,40,NO_TRADE,,No trade warranted,0.0,0.0
1547,2026-09-01 13:05:00 IST,24074.94921875,2026-09-01 07:35:00,,,,,,VOLATILE_EXPANSION,MIXED,NO_TRADE,NO_TRADE,40,NO_TRADE,,No trade warranted,0.0,0.0
1548,2026-09-01 13:10:00 IST,24050.19921875,2026-09-01 07:40:00,,,,,,VOLATILE_EXPANSION,MIXED,NO_TRADE,NO_TRADE,40,NO_TRADE,,No trade warranted,0.0,0.0
1549,2026-09-01 13:15:00 IST,24049.05078125,2026-09-01 07:45:00,,,,,,VOLATILE_EXPANSION,MIXED,NO_TRADE,NO_TRADE,40,NO_TRADE,,No trade warranted,0.0,0.0
1550,2026-09-01 13:20:00 IST,24056.900390625,2026-09-01 07:50:00,,,,,,SIDEWAYS,NEUTRAL,NO_TRADE,NO_TRADE,30,NO_TRADE,,No trade warranted,0.0,0.0
1551,2026-09-01 13:25:00 IST,24049.80078125,2026-09-01 07:55:00,,,,,,SIDEWAYS,NEUTRAL,NO_TRADE,NO_TRADE,30,NO_TRADE,,No trade warranted,0.0,0.0
1552,2026-09-01 13:30:00 IST,24059.94921875,2026-09-01 08:00:00,,,,,,SIDEWAYS,NEUTRAL,NO_TRADE,NO_TRADE,30,NO_TRADE,,No trade warranted,0.0,0.0
1553,2026-09-01 13:35:00 IST,24036.900390625,2026-09-01 08:05:00,,,,,,SIDEWAYS,NEUTRAL,NO_TRADE,NO_TRADE,30,NO_TRADE,,No trade warranted,0.0,0.0
1554,2026-09-01 13:40:00 IST,24034.19921875,2026-09-01 08:10:00,,,,,,SIDEWAYS,NEUTRAL,NO_TRADE,NO_TRADE,30,NO_TRADE,,No trade warranted,0.0,0.0
1555,2026-09-01 13:45:00 IST,24019.25,2026-09-01 08:15:00,,,,,,SIDEWAYS,NEUTRAL,NO_TRADE,NO_TRADE,30,NO_TRADE,,No trade warranted,0.0,0.0
1556,2026-09-01 13:50:00 IST,23993.80078125,2026-09-01 08:20:00,,,,,,SIDEWAYS,NEUTRAL,NO_TRADE,NO_TRADE,30,NO_TRADE,,No trade warranted,0.0,0.0
1557,2026-09-01 13:55:00 IST,24000.150390625,2026-09-01 08:25:00,,,,,,SIDEWAYS,NEUTRAL,NO_TRADE,NO_TRADE,30,NO_TRADE,,No trade warranted,0.0,0.0
1558,2026-09-01 14:00:00 IST,23978.55078125,2026-09-01 08:30:00,,,,,,SIDEWAYS,NEUTRAL,NO_TRADE,NO_TRADE,30,NO_TRADE,,No trade warranted,0.0,0.0
1559,2026-09-01 14:05:00 IST,23956.349609375,2026-09-01 08:35:00,,,,,,SIDEWAYS,NEUTRAL,NO_TRADE,NO_TRADE,30,NO_TRADE,,No trade warranted,0.0,0.0
1560,2026-09-01 14:10:00 IST,23965.05078125,2026-09-01 08:40:00,,,,,,SIDEWAYS,NEUTRAL,NO_TRADE,NO_TRADE,30,NO_TRADE,,No trade warranted,0.0,0.0
1561,2026-09-01 14:15:00 IST,23965.650390625,2026-09-01 08:45:00,,,,,,SIDEWAYS,NEUTRAL,NO_TRADE,NO_TRADE,30,NO_TRADE,,No trade warranted,0.0,0.0
1562,2026-09-01 14:20:00 IST,23958.05078125,2026-09-01 08:50:00,,,,,,SIDEWAYS,NEUTRAL,NO_TRADE,NO_TRADE,30,NO_TRADE,,No trade warranted,0.0,0.0
1563,2026-09-01 14:25:00 IST,23981.599609375,2026-09-01 08:55:00,,,,,,SIDEWAYS,NEUTRAL,NO_TRADE,NO_TRADE,30,NO_TRADE,,No trade warranted,0.0,0.0
1564,2026-09-01 14:30:00 IST,23984.44921875,2026-09-01 09:00:00,,,,,,SIDEWAYS,NEUTRAL,NO_TRADE,NO_TRADE,30,NO_TRADE,,No trade warranted,0.0,0.0
1565,2026-09-01 14:35:00 IST,23966.0,2026-09-01 09:05:00,,,,,,SIDEWAYS,NEUTRAL,NO_TRADE,NO_TRADE,30,NO_TRADE,,No trade warranted,0.0,0.0
1566,2026-09-01 14:40:00 IST,23961.94921875,2026-09-01 09:10:00,,,,,,SIDEWAYS,NEUTRAL,NO_TRADE,NO_TRADE,30,NO_TRADE,,No trade warranted,0.0,0.0
1567,2026-09-01 14:45:00 IST,23969.650390625,2026-09-01 09:15:00,,,,,,SIDEWAYS,NEUTRAL,NO_TRADE,NO_TRADE,30,NO_TRADE,,No trade warranted,0.0,0.0
1568,2026-09-01 14:50:00 IST,23980.75,2026-09-01 09:20:00,,,,,,SIDEWAYS,NEUTRAL,NO_TRADE,NO_TRADE,30,NO_TRADE,,No trade warranted,0.0,0.0
1569,2026-09-01 14:55:00 IST,23980.5,2026-09-01 09:25:00,2026-09-01 15:25:00 IST,24055.80078125,2026-09-01 09:55:00,,30,SIDEWAYS_TO_BEARISH,MILD_BEARISH,MILD_DIRECTIONAL,CONDITIONAL,40,LOSS,0.314,EOD: Price moved against predicted direction,0.314,-0.7385
1570,2026-09-01 15:00:00 IST,23975.900390625,2026-09-01 09:30:00,,,,,,SIDEWAYS,NEUTRAL,NO_TRADE,NO_TRADE,30,NO_TRADE,,No trade warranted,0.0,0.0
1571,2026-09-01 15:05:00 IST,23969.650390625,2026-09-01 09:35:00,2026-09-01 15:25:00 IST,24055.80078125,2026-09-01 09:55:00,,20,SIDEWAYS_TO_BEARISH,MILD_BEARISH,MILD_DIRECTIONAL,CONDITIONAL,40,LOSS,0.3594,EOD: Price moved against predicted direction,0.3594,-0.6936
1572,2026-09-01 15:10:00 IST,23984.44921875,2026-09-01 09:40:00,,,,,,SIDEWAYS,NEUTRAL,NO_TRADE,NO_TRADE,30,NO_TRADE,,No trade warranted,0.0,0.0
1573,2026-09-01 15:15:00 IST,23980.55078125,2026-09-01 09:45:00,,,,,,SIDEWAYS,NEUTRAL,NO_TRADE,NO_TRADE,30,NO_TRADE,,No trade warranted,0.0,0.0
1574,2026-09-01 15:20:00 IST,23980.55078125,2026-09-01 09:50:00,,,,,,SIDEWAYS,NEUTRAL,NO_TRADE,NO_TRADE,30,NO_TRADE,,No trade warranted,0.0,0.0
1575,2026-09-01 15:25:00 IST,24055.80078125,2026-09-01 09:55:00,,,,,,SIDEWAYS,NEUTRAL,NO_TRADE,NO_TRADE,30,NO_TRADE,,No trade warranted,0.0,0.0
1576,2026-09-02 09:15:00 IST,23824.69921875,2026-09-02 03:45:00,,,,,,SIDEWAYS,NEUTRAL,NO_TRADE,NO_TRADE,50,NO_TRADE,,No trade warranted,0.0,0.0
1577,2026-09-02 09:20:00 IST,23803.400390625,2026-09-02 03:50:00,,,,,,SIDEWAYS,NEUTRAL,NO_TRADE,NO_TRADE,50,NO_TRADE,,No trade warranted,0.0,0.0
1578,2026-09-02 09:25:00 IST,23821.69921875,2026-09-02 03:55:00,,,,,,SIDEWAYS,NEUTRAL,NO_TRADE,NO_TRADE,50,NO_TRADE,,No trade warranted,0.0,0.0
1579,2026-09-02 09:30:00 IST,23843.25,2026-09-02 04:00:00,,,,,,SIDEWAYS,NEUTRAL,NO_TRADE,NO_TRADE,50,NO_TRADE,,No trade warranted,0.0,0.0
1580,2026-09-02 09:35:00 IST,23827.849609375,2026-09-02 04:05:00,,,,,,SIDEWAYS,NEUTRAL,NO_TRADE,NO_TRADE,50,NO_TRADE,,No trade warranted,0.0,0.0
1581,2026-09-02 09:40:00 IST,23841.599609375,2026-09-02 04:10:00,,,,,,SIDEWAYS,NEUTRAL,NO_TRADE,NO_TRADE,50,NO_TRADE,,No trade warranted,0.0,0.0
1582,2026-09-02 09:45:00 IST,23835.349609375,2026-09-02 04:15:00,,,,,,SIDEWAYS,NEUTRAL,NO_TRADE,NO_TRADE,50,NO_TRADE,,No trade warranted,0.0,0.0
1583,2026-09-02 09:50:00 IST,23830.69921875,2026-09-02 04:20:00,,,,,,SIDEWAYS,NEUTRAL,NO_TRADE,NO_TRADE,50,NO_TRADE,,No trade warranted,0.0,0.0
1584,2026-09-02 09:55:00 IST,23851.0,2026-09-02 04:25:00,,,,,,SIDEWAYS,NEUTRAL,NO_TRADE,NO_TRADE,50,NO_TRADE,,No trade warranted,0.0,0.0
1585,2026-09-02 10:00:00 IST,23853.25,2026-09-02 04:30:00,,,,,,SIDEWAYS,NEUTRAL,NO_TRADE,NO_TRADE,50,NO_TRADE,,No trade warranted,0.0,0.0
1586,2026-09-02 10:05:00 IST,23848.099609375,2026-09-02 04:35:00,,,,,,SIDEWAYS,NEUTRAL,NO_TRADE,NO_TRADE,50,NO_TRADE,,No trade warranted,0.0,0.0
1587,2026-09-02 10:10:00 IST,23848.30078125,2026-09-02 04:40:00,,,,,,SIDEWAYS,NEUTRAL,NO_TRADE,NO_TRADE,50,NO_TRADE,,No trade warranted,0.0,0.0
1588,2026-09-02 10:15:00 IST,23855.400390625,2026-09-02 04:45:00,,,,,,SIDEWAYS,NEUTRAL,NO_TRADE,NO_TRADE,50,NO_TRADE,,No trade warranted,0.0,0.0
1589,2026-09-02 10:20:00 IST,23876.099609375,2026-09-02 04:50:00,,,,,,SIDEWAYS,NEUTRAL,NO_TRADE,NO_TRADE,50,NO_TRADE,,No trade warranted,0.0,0.0
1590,2026-09-02 10:25:00 IST,23882.75,2026-09-02 04:55:00,,,,,,VOLATILE_EXPANSION,MIXED,NO_TRADE,NO_TRADE,40,NO_TRADE,,No trade warranted,0.0,0.0
1591,2026-09-02 10:30:00 IST,23881.099609375,2026-09-02 05:00:00,,,,,,VOLATILE_EXPANSION,MIXED,NO_TRADE,NO_TRADE,40,NO_TRADE,,No trade warranted,0.0,0.0
1592,2026-09-02 10:35:00 IST,23864.5,2026-09-02 05:05:00,,,,,,VOLATILE_EXPANSION,MIXED,NO_TRADE,NO_TRADE,40,NO_TRADE,,No trade warranted,0.0,0.0
1593,2026-09-02 10:40:00 IST,23860.650390625,2026-09-02 05:10:00,,,,,,VOLATILE_EXPANSION,MIXED,NO_TRADE,NO_TRADE,40,NO_TRADE,,No trade warranted,0.0,0.0
1594,2026-09-02 10:45:00 IST,23862.900390625,2026-09-02 05:15:00,,,,,,SIDEWAYS,NEUTRAL,NO_TRADE,NO_TRADE,50,NO_TRADE,,No trade warranted,0.0,0.0
1595,2026-09-02 10:50:00 IST,23854.55078125,2026-09-02 05:20:00,,,,,,SIDEWAYS,NEUTRAL,NO_TRADE,NO_TRADE,50,NO_TRADE,,No trade warranted,0.0,0.0
1596,2026-09-02 10:55:00 IST,23859.94921875,2026-09-02 05:25:00,,,,,,SIDEWAYS,NEUTRAL,NO_TRADE,NO_TRADE,50,NO_TRADE,,No trade warranted,0.0,0.0
1597,2026-09-02 11:00:00 IST,23836.599609375,2026-09-02 05:30:00,,,,,,SIDEWAYS,NEUTRAL,NO_TRADE,NO_TRADE,50,NO_TRADE,,No trade warranted,0.0,0.0
1598,2026-09-02 11:05:00 IST,23830.650390625,2026-09-02 05:35:00,,,,,,SIDEWAYS,NEUTRAL,NO_TRADE,NO_TRADE,50,NO_TRADE,,No trade warranted,0.0,0.0
1599,2026-09-02 11:10:00 IST,23832.349609375,2026-09-02 05:40:00,,,,,,SIDEWAYS,NEUTRAL,NO_TRADE,NO_TRADE,50,NO_TRADE,,No trade warranted,0.0,0.0
1600,2026-09-02 11:15:00 IST,23834.94921875,2026-09-02 05:45:00,,,,,,SIDEWAYS,NEUTRAL,NO_TRADE,NO_TRADE,50,NO_TRADE,,No trade warranted,0.0,0.0
1601,2026-09-02 11:20:00 IST,23824.94921875,2026-09-02 05:50:00,,,,,,SIDEWAYS,NEUTRAL,NO_TRADE,NO_TRADE,50,NO_TRADE,,No trade warranted,0.0,0.0
1602,2026-09-02 11:25:00 IST,23819.599609375,2026-09-02 05:55:00,,,,,,SIDEWAYS,NEUTRAL,NO_TRADE,NO_TRADE,50,NO_TRADE,,No trade warranted,0.0,0.0
1603,2026-09-02 11:30:00 IST,23813.94921875,2026-09-02 06:00:00,,,,,,VOLATILE_EXPANSION,MIXED,NO_TRADE,NO_TRADE,40,NO_TRADE,,No trade warranted,0.0,0.0
1604,2026-09-02 11:35:00 IST,23817.69921875,2026-09-02 06:05:00,,,,,,VOLATILE_EXPANSION,MIXED,NO_TRADE,NO_TRADE,40,NO_TRADE,,No trade warranted,0.0,0.0
1605,2026-09-02 11:40:00 IST,23810.69921875,2026-09-02 06:10:00,,,,,,VOLATILE_EXPANSION,MIXED,NO_TRADE,NO_TRADE,40,NO_TRADE,,No trade warranted,0.0,0.0
1606,2026-09-02 11:45:00 IST,23811.900390625,2026-09-02 06:15:00,,,,,,VOLATILE_EXPANSION,MIXED,NO_TRADE,NO_TRADE,40,NO_TRADE,,No trade warranted,0.0,0.0
1607,2026-09-02 11:50:00 IST,23824.349609375,2026-09-02 06:20:00,,,,,,VOLATILE_EXPANSION,MIXED,NO_TRADE,NO_TRADE,40,NO_TRADE,,No trade warranted,0.0,0.0
1608,2026-09-02 11:55:00 IST,23812.94921875,2026-09-02 06:25:00,,,,,,VOLATILE_EXPANSION,MIXED,NO_TRADE,NO_TRADE,40,NO_TRADE,,No trade warranted,0.0,0.0
1609,2026-09-02 12:00:00 IST,23805.05078125,2026-09-02 06:30:00,,,,,,VOLATILE_EXPANSION,MIXED,NO_TRADE,NO_TRADE,40,NO_TRADE,,No trade warranted,0.0,0.0
1610,2026-09-02 12:05:00 IST,23811.75,2026-09-02 06:35:00,,,,,,VOLATILE_EXPANSION,MIXED,NO_TRADE,NO_TRADE,40,NO_TRADE,,No trade warranted,0.0,0.0
1611,2026-09-02 12:10:00 IST,23838.349609375,2026-09-02 06:40:00,,,,,,SIDEWAYS,NEUTRAL,NO_TRADE,NO_TRADE,50,NO_TRADE,,No trade warranted,0.0,0.0
1612,2026-09-02 12:15:00 IST,23828.30078125,2026-09-02 06:45:00,,,,,,SIDEWAYS,NEUTRAL,NO_TRADE,NO_TRADE,50,NO_TRADE,,No trade warranted,0.0,0.0
1613,2026-09-02 12:20:00 IST,23825.69921875,2026-09-02 06:50:00,,,,,,SIDEWAYS,NEUTRAL,NO_TRADE,NO_TRADE,50,NO_TRADE,,No trade warranted,0.0,0.0
1614,2026-09-02 12:25:00 IST,23836.25,2026-09-02 06:55:00,,,,,,SIDEWAYS,NEUTRAL,NO_TRADE,NO_TRADE,50,NO_TRADE,,No trade warranted,0.0,0.0
1615,2026-09-02 12:30:00 IST,23847.900390625,2026-09-02 07:00:00,,,,,,VOLATILE_EXPANSION,MIXED,NO_TRADE,NO_TRADE,40,NO_TRADE,,No trade warranted,0.0,0.0
1616,2026-09-02 12:35:00 IST,23851.05078125,2026-09-02 07:05:00,,,,,,VOLATILE_EXPANSION,MIXED,NO_TRADE,NO_TRADE,40,NO_TRADE,,No trade warranted,0.0,0.0
1617,2026-09-02 12:40:00 IST,23860.94921875,2026-09-02 07:10:00,,,,,,VOLATILE_EXPANSION,MIXED,NO_TRADE,NO_TRADE,40,NO_TRADE,,No trade warranted,0.0,0.0
1618,2026-09-02 12:45:00 IST,23859.30078125,2026-09-02 07:15:00,,,,,,VOLATILE_EXPANSION,MIXED,NO_TRADE,NO_TRADE,40,NO_TRADE,,No trade warranted,0.0,0.0
1619,2026-09-02 12:50:00 IST,23863.150390625,2026-09-02 07:20:00,,,,,,VOLATILE_EXPANSION,MIXED,NO_TRADE,NO_TRADE,40,NO_TRADE,,No trade warranted,0.0,0.0
1620,2026-09-02 12:55:00 IST,23869.69921875,2026-09-02 07:25:00,,,,,,VOLATILE_EXPANSION,MIXED,NO_TRADE,NO_TRADE,40,NO_TRADE,,No trade warranted,0.0,0.0
1621,2026-09-02 13:00:00 IST,23866.25,2026-09-02 07:30:00,,,,,,VOLATILE_EXPANSION,MIXED,NO_TRADE,NO_TRADE,40,NO_TRADE,,No trade warranted,0.0,0.0
1622,2026-09-02 13:05:00 IST,23857.75,2026-09-02 07:35:00,,,,,,VOLATILE_EXPANSION,MIXED,NO_TRADE,NO_TRADE,40,NO_TRADE,,No trade warranted,0.0,0.0
1623,2026-09-02 13:10:00 IST,23873.849609375,2026-09-02 07:40:00,,,,,,VOLATILE_EXPANSION,MIXED,NO_TRADE,NO_TRADE,40,NO_TRADE,,No trade warranted,0.0,0.0
1624,2026-09-02 13:15:00 IST,23871.19921875,2026-09-02 07:45:00,,,,,,VOLATILE_EXPANSION,MIXED,NO_TRADE,NO_TRADE,40,NO_TRADE,,No trade warranted,0.0,0.0
1625,2026-09-02 13:20:00 IST,23877.5,2026-09-02 07:50:00,,,,,,SIDEWAYS,NEUTRAL,NO_TRADE,NO_TRADE,30,NO_TRADE,,No trade warranted,0.0,0.0
1626,2026-09-02 13:25:00 IST,23875.099609375,2026-09-02 07:55:00,,,,,,SIDEWAYS,NEUTRAL,NO_TRADE,NO_TRADE,30,NO_TRADE,,No trade warranted,0.0,0.0
1627,2026-09-02 13:30:00 IST,23877.849609375,2026-09-02 08:00:00,,,,,,SIDEWAYS,NEUTRAL,NO_TRADE,NO_TRADE,30,NO_TRADE,,No trade warranted,0.0,0.0
1628,2026-09-02 13:35:00 IST,23863.55078125,2026-09-02 08:05:00,,,,,,SIDEWAYS,NEUTRAL,NO_TRADE,NO_TRADE,30,NO_TRADE,,No trade warranted,0.0,0.0
1629,2026-09-02 13:40:00 IST,23868.650390625,2026-09-02 08:10:00,,,,,,SIDEWAYS,NEUTRAL,NO_TRADE,NO_TRADE,30,NO_TRADE,,No trade warranted,0.0,0.0
1630,2026-09-02 13:45:00 IST,23864.44921875,2026-09-02 08:15:00,,,,,,SIDEWAYS,NEUTRAL,NO_TRADE,NO_TRADE,30,NO_TRADE,,No trade warranted,0.0,0.0
1631,2026-09-02 13:50:00 IST,23866.400390625,2026-09-02 08:20:00,,,,,,SIDEWAYS,NEUTRAL,NO_TRADE,NO_TRADE,30,NO_TRADE,,No trade warranted,0.0,0.0
1632,2026-09-02 13:55:00 IST,23872.0,2026-09-02 08:25:00,,,,,,SIDEWAYS,NEUTRAL,NO_TRADE,NO_TRADE,30,NO_TRADE,,No trade warranted,0.0,0.0
1633,2026-09-02 14:00:00 IST,23874.05078125,2026-09-02 08:30:00,,,,,,SIDEWAYS,NEUTRAL,NO_TRADE,NO_TRADE,30,NO_TRADE,,No trade warranted,0.0,0.0
1634,2026-09-02 14:05:00 IST,23892.400390625,2026-09-02 08:35:00,,,,,,SIDEWAYS,NEUTRAL,NO_TRADE,NO_TRADE,30,NO_TRADE,,No trade warranted,0.0,0.0
1635,2026-09-02 14:10:00 IST,23885.25,2026-09-02 08:40:00,,,,,,SIDEWAYS,NEUTRAL,NO_TRADE,NO_TRADE,30,NO_TRADE,,No trade warranted,0.0,0.0
1636,2026-09-02 14:15:00 IST,23883.05078125,2026-09-02 08:45:00,,,,,,SIDEWAYS,NEUTRAL,NO_TRADE,NO_TRADE,30,NO_TRADE,,No trade warranted,0.0,0.0
1637,2026-09-02 14:20:00 IST,23874.44921875,2026-09-02 08:50:00,,,,,,SIDEWAYS,NEUTRAL,NO_TRADE,NO_TRADE,30,NO_TRADE,,No trade warranted,0.0,0.0
1638,2026-09-02 14:25:00 IST,23886.400390625,2026-09-02 08:55:00,,,,,,SIDEWAYS,NEUTRAL,NO_TRADE,NO_TRADE,30,NO_TRADE,,No trade warranted,0.0,0.0
1639,2026-09-02 14:30:00 IST,23901.599609375,2026-09-02 09:00:00,,,,,,SIDEWAYS,NEUTRAL,NO_TRADE,NO_TRADE,30,NO_TRADE,,No trade warranted,0.0,0.0
1640,2026-09-02 14:35:00 IST,23903.44921875,2026-09-02 09:05:00,,,,,,SIDEWAYS,NEUTRAL,NO_TRADE,NO_TRADE,30,NO_TRADE,,No trade warranted,0.0,0.0
1641,2026-09-02 14:40:00 IST,23887.650390625,2026-09-02 09:10:00,,,,,,SIDEWAYS,NEUTRAL,NO_TRADE,NO_TRADE,30,NO_TRADE,,No trade warranted,0.0,0.0
1642,2026-09-02 14:45:00 IST,23898.900390625,2026-09-02 09:15:00,2026-09-02 15:25:00 IST,23914.44921875,2026-09-02 09:55:00,,40,SIDEWAYS_TO_BULLISH,MILD_BULLISH,MILD_DIRECTIONAL,CONDITIONAL,40,WIN,0.0651,EOD: Price moved in predicted direction,0.4944,-0.1594
1643,2026-09-02 14:50:00 IST,23883.75,2026-09-02 09:20:00,,,,,,SIDEWAYS,NEUTRAL,NO_TRADE,NO_TRADE,30,NO_TRADE,,No trade warranted,0.0,0.0
1644,2026-09-02 14:55:00 IST,23873.150390625,2026-09-02 09:25:00,,,,,,SIDEWAYS,NEUTRAL,NO_TRADE,NO_TRADE,50,NO_TRADE,,No trade warranted,0.0,0.0
1645,2026-09-02 15:00:00 IST,23860.80078125,2026-09-02 09:30:00,,,,,,SIDEWAYS,NEUTRAL,NO_TRADE,NO_TRADE,30,NO_TRADE,,No trade warranted,0.0,0.0
1646,2026-09-02 15:05:00 IST,23862.05078125,2026-09-02 09:35:00,,,,,,SIDEWAYS,NEUTRAL,NO_TRADE,NO_TRADE,30,NO_TRADE,,No trade warranted,0.0,0.0
1647,2026-09-02 15:10:00 IST,23883.5,2026-09-02 09:40:00,,,,,,SIDEWAYS,NEUTRAL,NO_TRADE,NO_TRADE,30,NO_TRADE,,No trade warranted,0.0,0.0
1648,2026-09-02 15:15:00 IST,23882.849609375,2026-09-02 09:45:00,,,,,,SIDEWAYS,NEUTRAL,NO_TRADE,NO_TRADE,30,NO_TRADE,,No trade warranted,0.0,0.0
1649,2026-09-02 15:20:00 IST,23882.849609375,2026-09-02 09:50:00,,,,,,SIDEWAYS,NEUTRAL,NO_TRADE,NO_TRADE,30,NO_TRADE,,No trade warranted,0.0,0.0
1650,2026-09-02 15:25:00 IST,23914.44921875,2026-09-02 09:55:00,,,,,,SIDEWAYS,NEUTRAL,NO_TRADE,NO_TRADE,30,NO_TRADE,,No trade warranted,0.0,0.0
1651,2026-09-03 09:15:00 IST,23968.349609375,2026-09-03 03:45:00,,,,,,SIDEWAYS,NEUTRAL,NO_TRADE,NO_TRADE,50,NO_TRADE,,No trade warranted,0.0,0.0
1652,2026-09-03 09:20:00 IST,23957.80078125,2026-09-03 03:50:00,,,,,,SIDEWAYS,NEUTRAL,NO_TRADE,NO_TRADE,50,NO_TRADE,,No trade warranted,0.0,0.0
1653,2026-09-03 09:25:00 IST,23981.94921875,2026-09-03 03:55:00,,,,,,SIDEWAYS,NEUTRAL,NO_TRADE,NO_TRADE,50,NO_TRADE,,No trade warranted,0.0,0.0
1654,2026-09-03 09:30:00 IST,23994.25,2026-09-03 04:00:00,,,,,,SIDEWAYS,NEUTRAL,NO_TRADE,NO_TRADE,50,NO_TRADE,,No trade warranted,0.0,0.0
1655,2026-09-03 09:35:00 IST,24006.0,2026-09-03 04:05:00,,,,,,SIDEWAYS,NEUTRAL,NO_TRADE,NO_TRADE,50,NO_TRADE,,No trade warranted,0.0,0.0
1656,2026-09-03 09:40:00 IST,24017.05078125,2026-09-03 04:10:00,,,,,,SIDEWAYS,NEUTRAL,NO_TRADE,NO_TRADE,50,NO_TRADE,,No trade warranted,0.0,0.0
1657,2026-09-03 09:45:00 IST,24015.75,2026-09-03 04:15:00,,,,,,SIDEWAYS,NEUTRAL,NO_TRADE,NO_TRADE,50,NO_TRADE,,No trade warranted,0.0,0.0
1658,2026-09-03 09:50:00 IST,24005.69921875,2026-09-03 04:20:00,,,,,,SIDEWAYS,NEUTRAL,NO_TRADE,NO_TRADE,50,NO_TRADE,,No trade warranted,0.0,0.0
1659,2026-09-03 09:55:00 IST,24006.900390625,2026-09-03 04:25:00,,,,,,SIDEWAYS,NEUTRAL,NO_TRADE,NO_TRADE,50,NO_TRADE,,No trade warranted,0.0,0.0
1660,2026-09-03 10:00:00 IST,24005.0,2026-09-03 04:30:00,,,,,,SIDEWAYS,NEUTRAL,NO_TRADE,NO_TRADE,50,NO_TRADE,,No trade warranted,0.0,0.0
1661,2026-09-03 10:05:00 IST,24002.650390625,2026-09-03 04:35:00,,,,,,SIDEWAYS,NEUTRAL,NO_TRADE,NO_TRADE,50,NO_TRADE,,No trade warranted,0.0,0.0
1662,2026-09-03 10:10:00 IST,23992.55078125,2026-09-03 04:40:00,,,,,,SIDEWAYS,NEUTRAL,NO_TRADE,NO_TRADE,50,NO_TRADE,,No trade warranted,0.0,0.0
1663,2026-09-03 10:15:00 IST,23999.0,2026-09-03 04:45:00,,,,,,SIDEWAYS,NEUTRAL,NO_TRADE,NO_TRADE,50,NO_TRADE,,No trade warranted,0.0,0.0
1664,2026-09-03 10:20:00 IST,24000.69921875,2026-09-03 04:50:00,,,,,,SIDEWAYS,NEUTRAL,NO_TRADE,NO_TRADE,50,NO_TRADE,,No trade warranted,0.0,0.0
1665,2026-09-03 10:25:00 IST,23985.25,2026-09-03 04:55:00,,,,,,SIDEWAYS,NEUTRAL,NO_TRADE,NO_TRADE,50,NO_TRADE,,No trade warranted,0.0,0.0
1666,2026-09-03 10:30:00 IST,23978.650390625,2026-09-03 05:00:00,,,,,,SIDEWAYS,NEUTRAL,NO_TRADE,NO_TRADE,50,NO_TRADE,,No trade warranted,0.0,0.0
1667,2026-09-03 10:35:00 IST,23974.349609375,2026-09-03 05:05:00,,,,,,SIDEWAYS,NEUTRAL,NO_TRADE,NO_TRADE,50,NO_TRADE,,No trade warranted,0.0,0.0
1668,2026-09-03 10:40:00 IST,23965.80078125,2026-09-03 05:10:00,,,,,,VOLATILE_EXPANSION,MIXED,NO_TRADE,NO_TRADE,40,NO_TRADE,,No trade warranted,0.0,0.0
1669,2026-09-03 10:45:00 IST,23971.05078125,2026-09-03 05:15:00,,,,,,VOLATILE_EXPANSION,MIXED,NO_TRADE,NO_TRADE,40,NO_TRADE,,No trade warranted,0.0,0.0
1670,2026-09-03 10:50:00 IST,23958.5,2026-09-03 05:20:00,,,,,,VOLATILE_EXPANSION,MIXED,NO_TRADE,NO_TRADE,40,NO_TRADE,,No trade warranted,0.0,0.0
1671,2026-09-03 10:55:00 IST,23960.650390625,2026-09-03 05:25:00,,,,,,VOLATILE_EXPANSION,MIXED,NO_TRADE,NO_TRADE,40,NO_TRADE,,No trade warranted,0.0,0.0
1672,2026-09-03 11:00:00 IST,23952.44921875,2026-09-03 05:30:00,,,,,,VOLATILE_EXPANSION,MIXED,NO_TRADE,NO_TRADE,40,NO_TRADE,,No trade warranted,0.0,0.0
1673,2026-09-03 11:05:00 IST,23929.5,2026-09-03 05:35:00,,,,,,VOLATILE_EXPANSION,MIXED,NO_TRADE,NO_TRADE,40,NO_TRADE,,No trade warranted,0.0,0.0
1674,2026-09-03 11:10:00 IST,23926.900390625,2026-09-03 05:40:00,,,,,,VOLATILE_EXPANSION,MIXED,NO_TRADE,NO_TRADE,40,NO_TRADE,,No trade warranted,0.0,0.0
1675,2026-09-03 11:15:00 IST,23948.44921875,2026-09-03 05:45:00,,,,,,VOLATILE_EXPANSION,MIXED,NO_TRADE,NO_TRADE,40,NO_TRADE,,No trade warranted,0.0,0.0
1676,2026-09-03 11:20:00 IST,23949.19921875,2026-09-03 05:50:00,,,,,,VOLATILE_EXPANSION,MIXED,NO_TRADE,NO_TRADE,40,NO_TRADE,,No trade warranted,0.0,0.0
1677,2026-09-03 11:25:00 IST,23964.30078125,2026-09-03 05:55:00,,,,,,VOLATILE_EXPANSION,MIXED,NO_TRADE,NO_TRADE,40,NO_TRADE,,No trade warranted,0.0,0.0
1678,2026-09-03 11:30:00 IST,23968.30078125,2026-09-03 06:00:00,,,,,,VOLATILE_EXPANSION,MIXED,NO_TRADE,NO_TRADE,40,NO_TRADE,,No trade warranted,0.0,0.0
1679,2026-09-03 11:35:00 IST,23969.19921875,2026-09-03 06:05:00,,,,,,VOLATILE_EXPANSION,MIXED,NO_TRADE,NO_TRADE,40,NO_TRADE,,No trade warranted,0.0,0.0
1680,2026-09-03 11:40:00 IST,23965.05078125,2026-09-03 06:10:00,,,,,,SIDEWAYS,NEUTRAL,NO_TRADE,NO_TRADE,50,NO_TRADE,,No trade warranted,0.0,0.0
1681,2026-09-03 11:45:00 IST,23964.400390625,2026-09-03 06:15:00,,,,,,SIDEWAYS,NEUTRAL,NO_TRADE,NO_TRADE,50,NO_TRADE,,No trade warranted,0.0,0.0
1682,2026-09-03 11:50:00 IST,23959.0,2026-09-03 06:20:00,,,,,,SIDEWAYS,NEUTRAL,NO_TRADE,NO_TRADE,50,NO_TRADE,,No trade warranted,0.0,0.0
1683,2026-09-03 11:55:00 IST,23956.55078125,2026-09-03 06:25:00,,,,,,SIDEWAYS,NEUTRAL,NO_TRADE,NO_TRADE,50,NO_TRADE,,No trade warranted,0.0,0.0
1684,2026-09-03 12:00:00 IST,23937.75,2026-09-03 06:30:00,,,,,,SIDEWAYS,NEUTRAL,NO_TRADE,NO_TRADE,50,NO_TRADE,,No trade warranted,0.0,0.0
1685,2026-09-03 12:05:00 IST,23928.900390625,2026-09-03 06:35:00,,,,,,VOLATILE_EXPANSION,MIXED,NO_TRADE,NO_TRADE,40,NO_TRADE,,No trade warranted,0.0,0.0
1686,2026-09-03 12:10:00 IST,23936.650390625,2026-09-03 06:40:00,,,,,,SIDEWAYS,NEUTRAL,NO_TRADE,NO_TRADE,50,NO_TRADE,,No trade warranted,0.0,0.0
1687,2026-09-03 12:15:00 IST,23918.0,2026-09-03 06:45:00,,,,,,SIDEWAYS,NEUTRAL,NO_TRADE,NO_TRADE,50,NO_TRADE,,No trade warranted,0.0,0.0
1688,2026-09-03 12:20:00 IST,23907.19921875,2026-09-03 06:50:00,,,,,,SIDEWAYS,NEUTRAL,NO_TRADE,NO_TRADE,50,NO_TRADE,,No trade warranted,0.0,0.0
1689,2026-09-03 12:25:00 IST,23908.55078125,2026-09-03 06:55:00,,,,,,VOLATILE_EXPANSION,MIXED,NO_TRADE,NO_TRADE,40,NO_TRADE,,No trade warranted,0.0,0.0
1690,2026-09-03 12:30:00 IST,23909.25,2026-09-03 07:00:00,,,,,,VOLATILE_EXPANSION,MIXED,NO_TRADE,NO_TRADE,40,NO_TRADE,,No trade warranted,0.0,0.0
1691,2026-09-03 12:35:00 IST,23915.80078125,2026-09-03 07:05:00,,,,,,VOLATILE_EXPANSION,MIXED,NO_TRADE,NO_TRADE,40,NO_TRADE,,No trade warranted,0.0,0.0
1692,2026-09-03 12:40:00 IST,23910.0,2026-09-03 07:10:00,,,,,,VOLATILE_EXPANSION,MIXED,NO_TRADE,NO_TRADE,40,NO_TRADE,,No trade warranted,0.0,0.0
1693,2026-09-03 12:45:00 IST,23909.849609375,2026-09-03 07:15:00,,,,,,VOLATILE_EXPANSION,MIXED,NO_TRADE,NO_TRADE,40,NO_TRADE,,No trade warranted,0.0,0.0
1694,2026-09-03 12:50:00 IST,23924.19921875,2026-09-03 07:20:00,,,,,,VOLATILE_EXPANSION,MIXED,NO_TRADE,NO_TRADE,40,NO_TRADE,,No trade warranted,0.0,0.0
1695,2026-09-03 12:55:00 IST,23920.0,2026-09-03 07:25:00,,,,,,VOLATILE_EXPANSION,MIXED,NO_TRADE,NO_TRADE,40,NO_TRADE,,No trade warranted,0.0,0.0
1696,2026-09-03 13:00:00 IST,23920.05078125,2026-09-03 07:30:00,,,,,,VOLATILE_EXPANSION,MIXED,NO_TRADE,NO_TRADE,40,NO_TRADE,,No trade warranted,0.0,0.0
1697,2026-09-03 13:05:00 IST,23924.55078125,2026-09-03 07:35:00,,,,,,VOLATILE_EXPANSION,MIXED,NO_TRADE,NO_TRADE,40,NO_TRADE,,No trade warranted,0.0,0.0
1698,2026-09-03 13:10:00 IST,23925.94921875,2026-09-03 07:40:00,,,,,,SIDEWAYS,NEUTRAL,NO_TRADE,NO_TRADE,50,NO_TRADE,,No trade warranted,0.0,0.0
1699,2026-09-03 13:15:00 IST,23930.19921875,2026-09-03 07:45:00,,,,,,SIDEWAYS,NEUTRAL,NO_TRADE,NO_TRADE,50,NO_TRADE,,No trade warranted,0.0,0.0
1700,2026-09-03 13:20:00 IST,23911.44921875,2026-09-03 07:50:00,2026-09-03 15:25:00 IST,23873.44921875,2026-09-03 09:55:00,,125,SIDEWAYS_TO_BEARISH,MILD_BEARISH,MILD_DIRECTIONAL,CONDITIONAL,40,WIN,-0.1589,EOD: Price moved in predicted direction,0.3664,-0.1589
1701,2026-09-03 13:25:00 IST,23910.19921875,2026-09-03 07:55:00,,,,,,SIDEWAYS,NEUTRAL,NO_TRADE,NO_TRADE,30,NO_TRADE,,No trade warranted,0.0,0.0
1702,2026-09-03 13:30:00 IST,23930.19921875,2026-09-03 08:00:00,,,,,,SIDEWAYS,NEUTRAL,NO_TRADE,NO_TRADE,50,NO_TRADE,,No trade warranted,0.0,0.0
1703,2026-09-03 13:35:00 IST,23910.650390625,2026-09-03 08:05:00,,,,,,SIDEWAYS,NEUTRAL,NO_TRADE,NO_TRADE,30,NO_TRADE,,No trade warranted,0.0,0.0
1704,2026-09-03 13:40:00 IST,23907.349609375,2026-09-03 08:10:00,,,,,,SIDEWAYS,NEUTRAL,NO_TRADE,NO_TRADE,30,NO_TRADE,,No trade warranted,0.0,0.0
1705,2026-09-03 13:45:00 IST,23912.0,2026-09-03 08:15:00,,,,,,SIDEWAYS,NEUTRAL,NO_TRADE,NO_TRADE,30,NO_TRADE,,No trade warranted,0.0,0.0
1706,2026-09-03 13:50:00 IST,23906.05078125,2026-09-03 08:20:00,,,,,,SIDEWAYS,NEUTRAL,NO_TRADE,NO_TRADE,30,NO_TRADE,,No trade warranted,0.0,0.0
1707,2026-09-03 13:55:00 IST,23918.099609375,2026-09-03 08:25:00,,,,,,SIDEWAYS,NEUTRAL,NO_TRADE,NO_TRADE,30,NO_TRADE,,No trade warranted,0.0,0.0
1708,2026-09-03 14:00:00 IST,23911.5,2026-09-03 08:30:00,,,,,,SIDEWAYS,NEUTRAL,NO_TRADE,NO_TRADE,30,NO_TRADE,,No trade warranted,0.0,0.0
1709,2026-09-03 14:05:00 IST,23912.349609375,2026-09-03 08:35:00,,,,,,SIDEWAYS,NEUTRAL,NO_TRADE,NO_TRADE,30,NO_TRADE,,No trade warranted,0.0,0.0
1710,2026-09-03 14:10:00 IST,23912.94921875,2026-09-03 08:40:00,,,,,,SIDEWAYS,NEUTRAL,NO_TRADE,NO_TRADE,30,NO_TRADE,,No trade warranted,0.0,0.0
1711,2026-09-03 14:15:00 IST,23912.400390625,2026-09-03 08:45:00,,,,,,SIDEWAYS,NEUTRAL,NO_TRADE,NO_TRADE,30,NO_TRADE,,No trade warranted,0.0,0.0
1712,2026-09-03 14:20:00 IST,23913.30078125,2026-09-03 08:50:00,,,,,,SIDEWAYS,NEUTRAL,NO_TRADE,NO_TRADE,30,NO_TRADE,,No trade warranted,0.0,0.0
1713,2026-09-03 14:25:00 IST,23921.400390625,2026-09-03 08:55:00,,,,,,SIDEWAYS,NEUTRAL,NO_TRADE,NO_TRADE,50,NO_TRADE,,No trade warranted,0.0,0.0
1714,2026-09-03 14:30:00 IST,23920.69921875,2026-09-03 09:00:00,,,,,,SIDEWAYS,NEUTRAL,NO_TRADE,NO_TRADE,50,NO_TRADE,,No trade warranted,0.0,0.0
1715,2026-09-03 14:35:00 IST,23911.25,2026-09-03 09:05:00,,,,,,SIDEWAYS,NEUTRAL,NO_TRADE,NO_TRADE,30,NO_TRADE,,No trade warranted,0.0,0.0
1716,2026-09-03 14:40:00 IST,23908.599609375,2026-09-03 09:10:00,2026-09-03 15:25:00 IST,23873.44921875,2026-09-03 09:55:00,,45,SIDEWAYS_TO_BEARISH,MILD_BEARISH,MILD_DIRECTIONAL,CONDITIONAL,40,WIN,-0.147,EOD: Price moved in predicted direction,0.3783,-0.147
1717,2026-09-03 14:45:00 IST,23908.55078125,2026-09-03 09:15:00,,,,,,SIDEWAYS,NEUTRAL,NO_TRADE,NO_TRADE,30,NO_TRADE,,No trade warranted,0.0,0.0
1718,2026-09-03 14:50:00 IST,23910.05078125,2026-09-03 09:20:00,,,,,,SIDEWAYS,NEUTRAL,NO_TRADE,NO_TRADE,30,NO_TRADE,,No trade warranted,0.0,0.0
1719,2026-09-03 14:55:00 IST,23898.349609375,2026-09-03 09:25:00,2026-09-03 15:25:00 IST,23873.44921875,2026-09-03 09:55:00,,30,SIDEWAYS_TO_BEARISH,MILD_BEARISH,MILD_DIRECTIONAL,CONDITIONAL,40,WIN,-0.1042,EOD: Price moved in predicted direction,0.4214,-0.1042
1720,2026-09-03 15:00:00 IST,23889.69921875,2026-09-03 09:30:00,2026-09-03 15:25:00 IST,23873.44921875,2026-09-03 09:55:00,,25,SIDEWAYS_TO_BEARISH,MILD_BEARISH,MILD_DIRECTIONAL,CONDITIONAL,40,WIN,-0.068,EOD: Price moved in predicted direction,0.4577,-0.068
1721,2026-09-03 15:05:00 IST,23887.94921875,2026-09-03 09:35:00,,,,,,SIDEWAYS,NEUTRAL,NO_TRADE,NO_TRADE,30,NO_TRADE,,No trade warranted,0.0,0.0
1722,2026-09-03 15:10:00 IST,23904.849609375,2026-09-03 09:40:00,,,,,,SIDEWAYS,NEUTRAL,NO_TRADE,NO_TRADE,30,NO_TRADE,,No trade warranted,0.0,0.0
1723,2026-09-03 15:15:00 IST,23904.099609375,2026-09-03 09:45:00,,,,,,SIDEWAYS,NEUTRAL,NO_TRADE,NO_TRADE,30,NO_TRADE,,No trade warranted,0.0,0.0
1724,2026-09-03 15:20:00 IST,23904.099609375,2026-09-03 09:50:00,,,,,,SIDEWAYS,NEUTRAL,NO_TRADE,NO_TRADE,30,NO_TRADE,,No trade warranted,0.0,0.0
1725,2026-09-03 15:25:00 IST,23873.44921875,2026-09-03 09:55:00,,,,,,SIDEWAYS,NEUTRAL,NO_TRADE,NO_TRADE,30,NO_TRADE,,No trade warranted,0.0,0.0
1726,2026-09-04 09:15:00 IST,23927.19921875,2026-09-04 03:45:00,,,,,,SIDEWAYS,NEUTRAL,NO_TRADE,NO_TRADE,50,NO_TRADE,,No trade warranted,0.0,0.0
1727,2026-09-04 09:20:00 IST,23915.30078125,2026-09-04 03:50:00,,,,,,SIDEWAYS,NEUTRAL,NO_TRADE,NO_TRADE,50,NO_TRADE,,No trade warranted,0.0,0.0
1728,2026-09-04 09:25:00 IST,23908.349609375,2026-09-04 03:55:00,,,,,,SIDEWAYS,NEUTRAL,NO_TRADE,NO_TRADE,50,NO_TRADE,,No trade warranted,0.0,0.0
1729,2026-09-04 09:30:00 IST,23907.19921875,2026-09-04 04:00:00,,,,,,SIDEWAYS,NEUTRAL,NO_TRADE,NO_TRADE,50,NO_TRADE,,No trade warranted,0.0,0.0
1730,2026-09-04 09:35:00 IST,23904.0,2026-09-04 04:05:00,,,,,,SIDEWAYS,NEUTRAL,NO_TRADE,NO_TRADE,50,NO_TRADE,,No trade warranted,0.0,0.0
1731,2026-09-04 09:40:00 IST,23910.55078125,2026-09-04 04:10:00,,,,,,SIDEWAYS,NEUTRAL,NO_TRADE,NO_TRADE,50,NO_TRADE,,No trade warranted,0.0,0.0
1732,2026-09-04 09:45:00 IST,23925.44921875,2026-09-04 04:15:00,,,,,,SIDEWAYS,NEUTRAL,NO_TRADE,NO_TRADE,50,NO_TRADE,,No trade warranted,0.0,0.0
1733,2026-09-04 09:50:00 IST,23945.150390625,2026-09-04 04:20:00,,,,,,SIDEWAYS,NEUTRAL,NO_TRADE,NO_TRADE,50,NO_TRADE,,No trade warranted,0.0,0.0
1734,2026-09-04 09:55:00 IST,23948.400390625,2026-09-04 04:25:00,,,,,,SIDEWAYS,NEUTRAL,NO_TRADE,NO_TRADE,50,NO_TRADE,,No trade warranted,0.0,0.0
1735,2026-09-04 10:00:00 IST,23959.30078125,2026-09-04 04:30:00,,,,,,SIDEWAYS,NEUTRAL,NO_TRADE,NO_TRADE,50,NO_TRADE,,No trade warranted,0.0,0.0
1736,2026-09-04 10:05:00 IST,23945.900390625,2026-09-04 04:35:00,,,,,,SIDEWAYS,NEUTRAL,NO_TRADE,NO_TRADE,50,NO_TRADE,,No trade warranted,0.0,0.0
1737,2026-09-04 10:10:00 IST,23939.44921875,2026-09-04 04:40:00,,,,,,SIDEWAYS,NEUTRAL,NO_TRADE,NO_TRADE,50,NO_TRADE,,No trade warranted,0.0,0.0
1738,2026-09-04 10:15:00 IST,23946.150390625,2026-09-04 04:45:00,,,,,,SIDEWAYS,NEUTRAL,NO_TRADE,NO_TRADE,50,NO_TRADE,,No trade warranted,0.0,0.0
1739,2026-09-04 10:20:00 IST,23951.849609375,2026-09-04 04:50:00,,,,,,SIDEWAYS,NEUTRAL,NO_TRADE,NO_TRADE,50,NO_TRADE,,No trade warranted,0.0,0.0
1740,2026-09-04 10:25:00 IST,23963.80078125,2026-09-04 04:55:00,,,,,,VOLATILE_EXPANSION,MIXED,NO_TRADE,NO_TRADE,40,NO_TRADE,,No trade warranted,0.0,0.0
1741,2026-09-04 10:30:00 IST,23959.94921875,2026-09-04 05:00:00,,,,,,VOLATILE_EXPANSION,MIXED,NO_TRADE,NO_TRADE,40,NO_TRADE,,No trade warranted,0.0,0.0
1742,2026-09-04 10:35:00 IST,23960.599609375,2026-09-04 05:05:00,,,,,,VOLATILE_EXPANSION,MIXED,NO_TRADE,NO_TRADE,40,NO_TRADE,,No trade warranted,0.0,0.0
1743,2026-09-04 10:40:00 IST,23953.19921875,2026-09-04 05:10:00,,,,,,VOLATILE_EXPANSION,MIXED,NO_TRADE,NO_TRADE,40,NO_TRADE,,No trade warranted,0.0,0.0
1744,2026-09-04 10:45:00 IST,23959.150390625,2026-09-04 05:15:00,,,,,,VOLATILE_EXPANSION,MIXED,NO_TRADE,NO_TRADE,40,NO_TRADE,,No trade warranted,0.0,0.0
1745,2026-09-04 10:50:00 IST,23963.05078125,2026-09-04 05:20:00,,,,,,VOLATILE_EXPANSION,MIXED,NO_TRADE,NO_TRADE,40,NO_TRADE,,No trade warranted,0.0,0.0
1746,2026-09-04 10:55:00 IST,23967.05078125,2026-09-04 05:25:00,,,,,,VOLATILE_EXPANSION,MIXED,NO_TRADE,NO_TRADE,40,NO_TRADE,,No trade warranted,0.0,0.0
1747,2026-09-04 11:00:00 IST,23965.349609375,2026-09-04 05:30:00,,,,,,VOLATILE_EXPANSION,MIXED,NO_TRADE,NO_TRADE,40,NO_TRADE,,No trade warranted,0.0,0.0
1748,2026-09-04 11:05:00 IST,23971.650390625,2026-09-04 05:35:00,,,,,,VOLATILE_EXPANSION,MIXED,NO_TRADE,NO_TRADE,40,NO_TRADE,,No trade warranted,0.0,0.0
1749,2026-09-04 11:10:00 IST,23965.05078125,2026-09-04 05:40:00,,,,,,VOLATILE_EXPANSION,MIXED,NO_TRADE,NO_TRADE,40,NO_TRADE,,No trade warranted,0.0,0.0
1750,2026-09-04 11:15:00 IST,23974.69921875,2026-09-04 05:45:00,,,,,,VOLATILE_EXPANSION,MIXED,NO_TRADE,NO_TRADE,40,NO_TRADE,,No trade warranted,0.0,0.0
1751,2026-09-04 11:20:00 IST,23979.900390625,2026-09-04 05:50:00,,,,,,VOLATILE_EXPANSION,MIXED,NO_TRADE,NO_TRADE,40,NO_TRADE,,No trade warranted,0.0,0.0
1752,2026-09-04 11:25:00 IST,23982.150390625,2026-09-04 05:55:00,,,,,,VOLATILE_EXPANSION,MIXED,NO_TRADE,NO_TRADE,40,NO_TRADE,,No trade warranted,0.0,0.0
1753,2026-09-04 11:30:00 IST,23987.599609375,2026-09-04 06:00:00,,,,,,VOLATILE_EXPANSION,MIXED,NO_TRADE,NO_TRADE,40,NO_TRADE,,No trade warranted,0.0,0.0
1754,2026-09-04 11:35:00 IST,23999.05078125,2026-09-04 06:05:00,,,,,,VOLATILE_EXPANSION,MIXED,NO_TRADE,NO_TRADE,40,NO_TRADE,,No trade warranted,0.0,0.0
1755,2026-09-04 11:40:00 IST,23981.5,2026-09-04 06:10:00,,,,,,VOLATILE_EXPANSION,MIXED,NO_TRADE,NO_TRADE,40,NO_TRADE,,No trade warranted,0.0,0.0
1756,2026-09-04 11:45:00 IST,23984.150390625,2026-09-04 06:15:00,,,,,,VOLATILE_EXPANSION,MIXED,NO_TRADE,NO_TRADE,40,NO_TRADE,,No trade warranted,0.0,0.0
1757,2026-09-04 11:50:00 IST,23985.25,2026-09-04 06:20:00,,,,,,VOLATILE_EXPANSION,MIXED,NO_TRADE,NO_TRADE,40,NO_TRADE,,No trade warranted,0.0,0.0
1758,2026-09-04 11:55:00 IST,23978.650390625,2026-09-04 06:25:00,,,,,,VOLATILE_EXPANSION,MIXED,NO_TRADE,NO_TRADE,40,NO_TRADE,,No trade warranted,0.0,0.0
1759,2026-09-04 12:00:00 IST,23959.099609375,2026-09-04 06:30:00,,,,,,SIDEWAYS,NEUTRAL,NO_TRADE,NO_TRADE,50,NO_TRADE,,No trade warranted,0.0,0.0
1760,2026-09-04 12:05:00 IST,23964.5,2026-09-04 06:35:00,,,,,,SIDEWAYS,NEUTRAL,NO_TRADE,NO_TRADE,50,NO_TRADE,,No trade warranted,0.0,0.0
1761,2026-09-04 12:10:00 IST,23952.849609375,2026-09-04 06:40:00,,,,,,SIDEWAYS,NEUTRAL,NO_TRADE,NO_TRADE,50,NO_TRADE,,No trade warranted,0.0,0.0
1762,2026-09-04 12:15:00 IST,23948.55078125,2026-09-04 06:45:00,,,,,,SIDEWAYS,NEUTRAL,NO_TRADE,NO_TRADE,50,NO_TRADE,,No trade warranted,0.0,0.0
1763,2026-09-04 12:20:00 IST,23940.5,2026-09-04 06:50:00,,,,,,SIDEWAYS,NEUTRAL,NO_TRADE,NO_TRADE,50,NO_TRADE,,No trade warranted,0.0,0.0
1764,2026-09-04 12:25:00 IST,23947.0,2026-09-04 06:55:00,,,,,,SIDEWAYS,NEUTRAL,NO_TRADE,NO_TRADE,50,NO_TRADE,,No trade warranted,0.0,0.0
1765,2026-09-04 12:30:00 IST,23944.94921875,2026-09-04 07:00:00,,,,,,VOLATILE_EXPANSION,MIXED,NO_TRADE,NO_TRADE,40,NO_TRADE,,No trade warranted,0.0,0.0
1766,2026-09-04 12:35:00 IST,23942.30078125,2026-09-04 07:05:00,,,,,,VOLATILE_EXPANSION,MIXED,NO_TRADE,NO_TRADE,40,NO_TRADE,,No trade warranted,0.0,0.0
1767,2026-09-04 12:40:00 IST,23938.599609375,2026-09-04 07:10:00,,,,,,VOLATILE_EXPANSION,MIXED,NO_TRADE,NO_TRADE,40,NO_TRADE,,No trade warranted,0.0,0.0
1768,2026-09-04 12:45:00 IST,23940.400390625,2026-09-04 07:15:00,,,,,,VOLATILE_EXPANSION,MIXED,NO_TRADE,NO_TRADE,40,NO_TRADE,,No trade warranted,0.0,0.0
1769,2026-09-04 12:50:00 IST,23942.25,2026-09-04 07:20:00,,,,,,VOLATILE_EXPANSION,MIXED,NO_TRADE,NO_TRADE,40,NO_TRADE,,No trade warranted,0.0,0.0
1770,2026-09-04 12:55:00 IST,23935.099609375,2026-09-04 07:25:00,,,,,,VOLATILE_EXPANSION,MIXED,NO_TRADE,NO_TRADE,40,NO_TRADE,,No trade warranted,0.0,0.0
1771,2026-09-04 13:00:00 IST,23935.30078125,2026-09-04 07:30:00,,,,,,VOLATILE_EXPANSION,MIXED,NO_TRADE,NO_TRADE,40,NO_TRADE,,No trade warranted,0.0,0.0
1772,2026-09-04 13:05:00 IST,23943.75,2026-09-04 07:35:00,,,,,,VOLATILE_EXPANSION,MIXED,NO_TRADE,NO_TRADE,40,NO_TRADE,,No trade warranted,0.0,0.0
1773,2026-09-04 13:10:00 IST,23946.349609375,2026-09-04 07:40:00,,,,,,VOLATILE_EXPANSION,MIXED,NO_TRADE,NO_TRADE,40,NO_TRADE,,No trade warranted,0.0,0.0
1774,2026-09-04 13:15:00 IST,23951.099609375,2026-09-04 07:45:00,,,,,,VOLATILE_EXPANSION,MIXED,NO_TRADE,NO_TRADE,40,NO_TRADE,,No trade warranted,0.0,0.0
1775,2026-09-04 13:20:00 IST,23953.400390625,2026-09-04 07:50:00,,,,,,SIDEWAYS,NEUTRAL,NO_TRADE,NO_TRADE,30,NO_TRADE,,No trade warranted,0.0,0.0
1776,2026-09-04 13:25:00 IST,23939.400390625,2026-09-04 07:55:00,,,,,,SIDEWAYS,NEUTRAL,NO_TRADE,NO_TRADE,30,NO_TRADE,,No trade warranted,0.0,0.0
1777,2026-09-04 13:30:00 IST,23933.69921875,2026-09-04 08:00:00,,,,,,SIDEWAYS,NEUTRAL,NO_TRADE,NO_TRADE,30,NO_TRADE,,No trade warranted,0.0,0.0
1778,2026-09-04 13:35:00 IST,23942.19921875,2026-09-04 08:05:00,,,,,,SIDEWAYS,NEUTRAL,NO_TRADE,NO_TRADE,30,NO_TRADE,,No trade warranted,0.0,0.0
1779,2026-09-04 13:40:00 IST,23944.349609375,2026-09-04 08:10:00,,,,,,SIDEWAYS,NEUTRAL,NO_TRADE,NO_TRADE,30,NO_TRADE,,No trade warranted,0.0,0.0
1780,2026-09-04 13:45:00 IST,23948.75,2026-09-04 08:15:00,,,,,,SIDEWAYS,NEUTRAL,NO_TRADE,NO_TRADE,30,NO_TRADE,,No trade warranted,0.0,0.0
1781,2026-09-04 13:50:00 IST,23941.599609375,2026-09-04 08:20:00,,,,,,SIDEWAYS,NEUTRAL,NO_TRADE,NO_TRADE,30,NO_TRADE,,No trade warranted,0.0,0.0
1782,2026-09-04 13:55:00 IST,23939.150390625,2026-09-04 08:25:00,,,,,,SIDEWAYS,NEUTRAL,NO_TRADE,NO_TRADE,30,NO_TRADE,,No trade warranted,0.0,0.0
1783,2026-09-04 14:00:00 IST,23943.150390625,2026-09-04 08:30:00,,,,,,SIDEWAYS,NEUTRAL,NO_TRADE,NO_TRADE,30,NO_TRADE,,No trade warranted,0.0,0.0
1784,2026-09-04 14:05:00 IST,23942.80078125,2026-09-04 08:35:00,,,,,,SIDEWAYS,NEUTRAL,NO_TRADE,NO_TRADE,30,NO_TRADE,,No trade warranted,0.0,0.0
1785,2026-09-04 14:10:00 IST,23948.19921875,2026-09-04 08:40:00,,,,,,SIDEWAYS,NEUTRAL,NO_TRADE,NO_TRADE,30,NO_TRADE,,No trade warranted,0.0,0.0
1786,2026-09-04 14:15:00 IST,23946.349609375,2026-09-04 08:45:00,,,,,,SIDEWAYS,NEUTRAL,NO_TRADE,NO_TRADE,50,NO_TRADE,,No trade warranted,0.0,0.0
1787,2026-09-04 14:20:00 IST,23947.44921875,2026-09-04 08:50:00,,,,,,SIDEWAYS,NEUTRAL,NO_TRADE,NO_TRADE,30,NO_TRADE,,No trade warranted,0.0,0.0
1788,2026-09-04 14:25:00 IST,23957.599609375,2026-09-04 08:55:00,,,,,,SIDEWAYS,NEUTRAL,NO_TRADE,NO_TRADE,30,NO_TRADE,,No trade warranted,0.0,0.0
1789,2026-09-04 14:30:00 IST,23956.349609375,2026-09-04 09:00:00,,,,,,SIDEWAYS,NEUTRAL,NO_TRADE,NO_TRADE,30,NO_TRADE,,No trade warranted,0.0,0.0
1790,2026-09-04 14:35:00 IST,23941.650390625,2026-09-04 09:05:00,,,,,,SIDEWAYS,NEUTRAL,NO_TRADE,NO_TRADE,30,NO_TRADE,,No trade warranted,0.0,0.0
1791,2026-09-04 14:40:00 IST,23937.25,2026-09-04 09:10:00,,,,,,SIDEWAYS,NEUTRAL,NO_TRADE,NO_TRADE,30,NO_TRADE,,No trade warranted,0.0,0.0
1792,2026-09-04 14:45:00 IST,23939.94921875,2026-09-04 09:15:00,,,,,,SIDEWAYS,NEUTRAL,NO_TRADE,NO_TRADE,30,NO_TRADE,,No trade warranted,0.0,0.0
1793,2026-09-04 14:50:00 IST,23940.55078125,2026-09-04 09:20:00,,,,,,SIDEWAYS,NEUTRAL,NO_TRADE,NO_TRADE,30,NO_TRADE,,No trade warranted,0.0,0.0
1794,2026-09-04 14:55:00 IST,23938.099609375,2026-09-04 09:25:00,,,,,,SIDEWAYS,NEUTRAL,NO_TRADE,NO_TRADE,30,NO_TRADE,,No trade warranted,0.0,0.0
1795,2026-09-04 15:00:00 IST,23931.0,2026-09-04 09:30:00,,,,,,SIDEWAYS,NEUTRAL,NO_TRADE,NO_TRADE,30,NO_TRADE,,No trade warranted,0.0,0.0
1796,2026-09-04 15:05:00 IST,23938.599609375,2026-09-04 09:35:00,,,,,,SIDEWAYS,NEUTRAL,NO_TRADE,NO_TRADE,30,NO_TRADE,,No trade warranted,0.0,0.0
1797,2026-09-04 15:10:00 IST,23938.400390625,2026-09-04 09:40:00,,,,,,SIDEWAYS,NEUTRAL,NO_TRADE,NO_TRADE,30,NO_TRADE,,No trade warranted,0.0,0.0
1798,2026-09-04 15:15:00 IST,23937.900390625,2026-09-04 09:45:00,,,,,,SIDEWAYS,NEUTRAL,NO_TRADE,NO_TRADE,30,NO_TRADE,,No trade warranted,0.0,0.0
1799,2026-09-04 15:20:00 IST,23937.900390625,2026-09-04 09:50:00,,,,,,SIDEWAYS,NEUTRAL,NO_TRADE,NO_TRADE,30,NO_TRADE,,No trade warranted,0.0,0.0
1800,2026-09-04 15:25:00 IST,23897.69921875,2026-09-04 09:55:00,,,,,,SIDEWAYS,NEUTRAL,NO_TRADE,NO_TRADE,30,NO_TRADE,,No trade warranted,0.0,0.0
1801,2026-09-07 09:15:00 IST,23858.80078125,2026-09-07 03:45:00,,,,,,SIDEWAYS,NEUTRAL,NO_TRADE,NO_TRADE,50,NO_TRADE,,No trade warranted,0.0,0.0
1802,2026-09-07 09:20:00 IST,23838.25,2026-09-07 03:50:00,,,,,,SIDEWAYS,NEUTRAL,NO_TRADE,NO_TRADE,50,NO_TRADE,,No trade warranted,0.0,0.0
1803,2026-09-07 09:25:00 IST,23828.650390625,2026-09-07 03:55:00,,,,,,SIDEWAYS,NEUTRAL,NO_TRADE,NO_TRADE,50,NO_TRADE,,No trade warranted,0.0,0.0
1804,2026-09-07 09:30:00 IST,23839.19921875,2026-09-07 04:00:00,,,,,,SIDEWAYS,NEUTRAL,NO_TRADE,NO_TRADE,50,NO_TRADE,,No trade warranted,0.0,0.0
1805,2026-09-07 09:35:00 IST,23838.0,2026-09-07 04:05:00,,,,,,SIDEWAYS,NEUTRAL,NO_TRADE,NO_TRADE,50,NO_TRADE,,No trade warranted,0.0,0.0
1806,2026-09-07 09:40:00 IST,23835.849609375,2026-09-07 04:10:00,,,,,,SIDEWAYS,NEUTRAL,NO_TRADE,NO_TRADE,50,NO_TRADE,,No trade warranted,0.0,0.0
1807,2026-09-07 09:45:00 IST,23829.25,2026-09-07 04:15:00,,,,,,SIDEWAYS,NEUTRAL,NO_TRADE,NO_TRADE,50,NO_TRADE,,No trade warranted,0.0,0.0
1808,2026-09-07 09:50:00 IST,23817.150390625,2026-09-07 04:20:00,,,,,,SIDEWAYS,NEUTRAL,NO_TRADE,NO_TRADE,50,NO_TRADE,,No trade warranted,0.0,0.0
1809,2026-09-07 09:55:00 IST,23815.94921875,2026-09-07 04:25:00,,,,,,SIDEWAYS,NEUTRAL,NO_TRADE,NO_TRADE,50,NO_TRADE,,No trade warranted,0.0,0.0
1810,2026-09-07 10:00:00 IST,23822.150390625,2026-09-07 04:30:00,,,,,,SIDEWAYS,NEUTRAL,NO_TRADE,NO_TRADE,50,NO_TRADE,,No trade warranted,0.0,0.0
1811,2026-09-07 10:05:00 IST,23816.94921875,2026-09-07 04:35:00,,,,,,SIDEWAYS,NEUTRAL,NO_TRADE,NO_TRADE,50,NO_TRADE,,No trade warranted,0.0,0.0
1812,2026-09-07 10:10:00 IST,23806.44921875,2026-09-07 04:40:00,,,,,,SIDEWAYS,NEUTRAL,NO_TRADE,NO_TRADE,50,NO_TRADE,,No trade warranted,0.0,0.0
1813,2026-09-07 10:15:00 IST,23796.55078125,2026-09-07 04:45:00,,,,,,SIDEWAYS,NEUTRAL,NO_TRADE,NO_TRADE,50,NO_TRADE,,No trade warranted,0.0,0.0
1814,2026-09-07 10:20:00 IST,23801.599609375,2026-09-07 04:50:00,,,,,,SIDEWAYS,NEUTRAL,NO_TRADE,NO_TRADE,50,NO_TRADE,,No trade warranted,0.0,0.0
1815,2026-09-07 10:25:00 IST,23799.599609375,2026-09-07 04:55:00,,,,,,VOLATILE_EXPANSION,MIXED,NO_TRADE,NO_TRADE,40,NO_TRADE,,No trade warranted,0.0,0.0
1816,2026-09-07 10:30:00 IST,23799.099609375,2026-09-07 05:00:00,,,,,,VOLATILE_EXPANSION,MIXED,NO_TRADE,NO_TRADE,40,NO_TRADE,,No trade warranted,0.0,0.0
1817,2026-09-07 10:35:00 IST,23799.150390625,2026-09-07 05:05:00,,,,,,VOLATILE_EXPANSION,MIXED,NO_TRADE,NO_TRADE,40,NO_TRADE,,No trade warranted,0.0,0.0
1818,2026-09-07 10:40:00 IST,23802.05078125,2026-09-07 05:10:00,,,,,,VOLATILE_EXPANSION,MIXED,NO_TRADE,NO_TRADE,40,NO_TRADE,,No trade warranted,0.0,0.0
1819,2026-09-07 10:45:00 IST,23794.30078125,2026-09-07 05:15:00,,,,,,VOLATILE_EXPANSION,MIXED,NO_TRADE,NO_TRADE,40,NO_TRADE,,No trade warranted,0.0,0.0
1820,2026-09-07 10:50:00 IST,23789.0,2026-09-07 05:20:00,,,,,,VOLATILE_EXPANSION,MIXED,NO_TRADE,NO_TRADE,40,NO_TRADE,,No trade warranted,0.0,0.0
1821,2026-09-07 10:55:00 IST,23788.150390625,2026-09-07 05:25:00,,,,,,VOLATILE_EXPANSION,MIXED,NO_TRADE,NO_TRADE,40,NO_TRADE,,No trade warranted,0.0,0.0
1822,2026-09-07 11:00:00 IST,23774.099609375,2026-09-07 05:30:00,,,,,,VOLATILE_EXPANSION,MIXED,NO_TRADE,NO_TRADE,40,NO_TRADE,,No trade warranted,0.0,0.0
1823,2026-09-07 11:05:00 IST,23770.19921875,2026-09-07 05:35:00,,,,,,VOLATILE_EXPANSION,MIXED,NO_TRADE,NO_TRADE,40,NO_TRADE,,No trade warranted,0.0,0.0
1824,2026-09-07 11:10:00 IST,23768.30078125,2026-09-07 05:40:00,,,,,,VOLATILE_EXPANSION,MIXED,NO_TRADE,NO_TRADE,40,NO_TRADE,,No trade warranted,0.0,0.0
1825,2026-09-07 11:15:00 IST,23769.30078125,2026-09-07 05:45:00,,,,,,VOLATILE_EXPANSION,MIXED,NO_TRADE,NO_TRADE,40,NO_TRADE,,No trade warranted,0.0,0.0
1826,2026-09-07 11:20:00 IST,23770.30078125,2026-09-07 05:50:00,,,,,,VOLATILE_EXPANSION,MIXED,NO_TRADE,NO_TRADE,40,NO_TRADE,,No trade warranted,0.0,0.0
1827,2026-09-07 11:25:00 IST,23766.599609375,2026-09-07 05:55:00,,,,,,VOLATILE_EXPANSION,MIXED,NO_TRADE,NO_TRADE,40,NO_TRADE,,No trade warranted,0.0,0.0
1828,2026-09-07 11:30:00 IST,23767.150390625,2026-09-07 06:00:00,,,,,,VOLATILE_EXPANSION,MIXED,NO_TRADE,NO_TRADE,40,NO_TRADE,,No trade warranted,0.0,0.0
1829,2026-09-07 11:35:00 IST,23764.5,2026-09-07 06:05:00,,,,,,VOLATILE_EXPANSION,MIXED,NO_TRADE,NO_TRADE,40,NO_TRADE,,No trade warranted,0.0,0.0
1830,2026-09-07 11:40:00 IST,23771.900390625,2026-09-07 06:10:00,,,,,,VOLATILE_EXPANSION,MIXED,NO_TRADE,NO_TRADE,40,NO_TRADE,,No trade warranted,0.0,0.0
1831,2026-09-07 11:45:00 IST,23768.849609375,2026-09-07 06:15:00,,,,,,VOLATILE_EXPANSION,MIXED,NO_TRADE,NO_TRADE,40,NO_TRADE,,No trade warranted,0.0,0.0
1832,2026-09-07 11:50:00 IST,23775.5,2026-09-07 06:20:00,,,,,,VOLATILE_EXPANSION,MIXED,NO_TRADE,NO_TRADE,40,NO_TRADE,,No trade warranted,0.0,0.0
1833,2026-09-07 11:55:00 IST,23774.75,2026-09-07 06:25:00,,,,,,VOLATILE_EXPANSION,MIXED,NO_TRADE,NO_TRADE,40,NO_TRADE,,No trade warranted,0.0,0.0
1834,2026-09-07 12:00:00 IST,23774.80078125,2026-09-07 06:30:00,,,,,,SIDEWAYS,NEUTRAL,NO_TRADE,NO_TRADE,50,NO_TRADE,,No trade warranted,0.0,0.0
1835,2026-09-07 12:05:00 IST,23787.099609375,2026-09-07 06:35:00,,,,,,SIDEWAYS,NEUTRAL,NO_TRADE,NO_TRADE,50,NO_TRADE,,No trade warranted,0.0,0.0
1836,2026-09-07 12:10:00 IST,23785.94921875,2026-09-07 06:40:00,,,,,,VOLATILE_EXPANSION,MIXED,NO_TRADE,NO_TRADE,40,NO_TRADE,,No trade warranted,0.0,0.0
1837,2026-09-07 12:15:00 IST,23769.400390625,2026-09-07 06:45:00,,,,,,SIDEWAYS,NEUTRAL,NO_TRADE,NO_TRADE,50,NO_TRADE,,No trade warranted,0.0,0.0
1838,2026-09-07 12:20:00 IST,23767.849609375,2026-09-07 06:50:00,,,,,,SIDEWAYS,NEUTRAL,NO_TRADE,NO_TRADE,50,NO_TRADE,,No trade warranted,0.0,0.0
1839,2026-09-07 12:25:00 IST,23761.400390625,2026-09-07 06:55:00,,,,,,SIDEWAYS,NEUTRAL,NO_TRADE,NO_TRADE,50,NO_TRADE,,No trade warranted,0.0,0.0
1840,2026-09-07 12:30:00 IST,23761.400390625,2026-09-07 07:00:00,,,,,,SIDEWAYS,NEUTRAL,NO_TRADE,NO_TRADE,50,NO_TRADE,,No trade warranted,0.0,0.0
1841,2026-09-07 12:35:00 IST,23761.0,2026-09-07 07:05:00,,,,,,SIDEWAYS,NEUTRAL,NO_TRADE,NO_TRADE,50,NO_TRADE,,No trade warranted,0.0,0.0
1842,2026-09-07 12:40:00 IST,23758.400390625,2026-09-07 07:10:00,,,,,,SIDEWAYS,NEUTRAL,NO_TRADE,NO_TRADE,50,NO_TRADE,,No trade warranted,0.0,0.0
1843,2026-09-07 12:45:00 IST,23752.75,2026-09-07 07:15:00,,,,,,SIDEWAYS,NEUTRAL,NO_TRADE,NO_TRADE,50,NO_TRADE,,No trade warranted,0.0,0.0
1844,2026-09-07 12:50:00 IST,23744.650390625,2026-09-07 07:20:00,,,,,,VOLATILE_EXPANSION,MIXED,NO_TRADE,NO_TRADE,40,NO_TRADE,,No trade warranted,0.0,0.0
1845,2026-09-07 12:55:00 IST,23744.44921875,2026-09-07 07:25:00,,,,,,VOLATILE_EXPANSION,MIXED,NO_TRADE,NO_TRADE,40,NO_TRADE,,No trade warranted,0.0,0.0
1846,2026-09-07 13:00:00 IST,23746.25,2026-09-07 07:30:00,,,,,,VOLATILE_EXPANSION,MIXED,NO_TRADE,NO_TRADE,40,NO_TRADE,,No trade warranted,0.0,0.0
1847,2026-09-07 13:05:00 IST,23751.400390625,2026-09-07 07:35:00,,,,,,SIDEWAYS,NEUTRAL,NO_TRADE,NO_TRADE,50,NO_TRADE,,No trade warranted,0.0,0.0
1848,2026-09-07 13:10:00 IST,23750.150390625,2026-09-07 07:40:00,,,,,,SIDEWAYS,NEUTRAL,NO_TRADE,NO_TRADE,50,NO_TRADE,,No trade warranted,0.0,0.0
1849,2026-09-07 13:15:00 IST,23754.05078125,2026-09-07 07:45:00,,,,,,VOLATILE_EXPANSION,MIXED,NO_TRADE,NO_TRADE,40,NO_TRADE,,No trade warranted,0.0,0.0
1850,2026-09-07 13:20:00 IST,23756.55078125,2026-09-07 07:50:00,,,,,,SIDEWAYS,NEUTRAL,NO_TRADE,NO_TRADE,30,NO_TRADE,,No trade warranted,0.0,0.0
1851,2026-09-07 13:25:00 IST,23756.849609375,2026-09-07 07:55:00,2026-09-07 15:25:00 IST,23779.150390625,2026-09-07 09:55:00,,120,SIDEWAYS_TO_BEARISH,MILD_BEARISH,MILD_DIRECTIONAL,CONDITIONAL,40,LOSS,0.0939,EOD: Price moved against predicted direction,0.1149,-0.4735
1852,2026-09-07 13:30:00 IST,23756.099609375,2026-09-07 08:00:00,2026-09-07 15:25:00 IST,23779.150390625,2026-09-07 09:55:00,,115,SIDEWAYS_TO_BEARISH,MILD_BEARISH,MILD_DIRECTIONAL,CONDITIONAL,40,LOSS,0.097,EOD: Price moved against predicted direction,0.1181,-0.4704
1853,2026-09-07 13:35:00 IST,23759.94921875,2026-09-07 08:05:00,,,,,,SIDEWAYS,NEUTRAL,NO_TRADE,NO_TRADE,30,NO_TRADE,,No trade warranted,0.0,0.0
1854,2026-09-07 13:40:00 IST,23761.80078125,2026-09-07 08:10:00,,,,,,SIDEWAYS,NEUTRAL,NO_TRADE,NO_TRADE,50,NO_TRADE,,No trade warranted,0.0,0.0
1855,2026-09-07 13:45:00 IST,23765.94921875,2026-09-07 08:15:00,,,,,,SIDEWAYS,NEUTRAL,NO_TRADE,NO_TRADE,50,NO_TRADE,,No trade warranted,0.0,0.0
1856,2026-09-07 13:50:00 IST,23778.19921875,2026-09-07 08:20:00,,,,,,VOLATILE_EXPANSION,MIXED,NO_TRADE,NO_TRADE,40,NO_TRADE,,No trade warranted,0.0,0.0
1857,2026-09-07 13:55:00 IST,23775.05078125,2026-09-07 08:25:00,,,,,,VOLATILE_EXPANSION,MIXED,NO_TRADE,NO_TRADE,40,NO_TRADE,,No trade warranted,0.0,0.0
1858,2026-09-07 14:00:00 IST,23780.150390625,2026-09-07 08:30:00,,,,,,SIDEWAYS,NEUTRAL,NO_TRADE,NO_TRADE,30,NO_TRADE,,No trade warranted,0.0,0.0
1859,2026-09-07 14:05:00 IST,23771.80078125,2026-09-07 08:35:00,,,,,,VOLATILE_EXPANSION,MIXED,NO_TRADE,NO_TRADE,40,NO_TRADE,,No trade warranted,0.0,0.0
1860,2026-09-07 14:10:00 IST,23774.05078125,2026-09-07 08:40:00,,,,,,VOLATILE_EXPANSION,MIXED,NO_TRADE,NO_TRADE,40,NO_TRADE,,No trade warranted,0.0,0.0
1861,2026-09-07 14:15:00 IST,23771.69921875,2026-09-07 08:45:00,,,,,,VOLATILE_EXPANSION,MIXED,NO_TRADE,NO_TRADE,40,NO_TRADE,,No trade warranted,0.0,0.0
1862,2026-09-07 14:20:00 IST,23780.19921875,2026-09-07 08:50:00,,,,,,SIDEWAYS,NEUTRAL,NO_TRADE,NO_TRADE,30,NO_TRADE,,No trade warranted,0.0,0.0
1863,2026-09-07 14:25:00 IST,23784.150390625,2026-09-07 08:55:00,,,,,,SIDEWAYS,NEUTRAL,NO_TRADE,NO_TRADE,30,NO_TRADE,,No trade warranted,0.0,0.0
1864,2026-09-07 14:30:00 IST,23774.25,2026-09-07 09:00:00,,,,,,SIDEWAYS,NEUTRAL,NO_TRADE,NO_TRADE,50,NO_TRADE,,No trade warranted,0.0,0.0
1865,2026-09-07 14:35:00 IST,23766.5,2026-09-07 09:05:00,,,,,,SIDEWAYS,NEUTRAL,NO_TRADE,NO_TRADE,30,NO_TRADE,,No trade warranted,0.0,0.0
1866,2026-09-07 14:40:00 IST,23758.69921875,2026-09-07 09:10:00,,,,,,SIDEWAYS,NEUTRAL,NO_TRADE,NO_TRADE,30,NO_TRADE,,No trade warranted,0.0,0.0
1867,2026-09-07 14:45:00 IST,23754.400390625,2026-09-07 09:15:00,,,,,,SIDEWAYS,NEUTRAL,NO_TRADE,NO_TRADE,30,NO_TRADE,,No trade warranted,0.0,0.0
1868,2026-09-07 14:50:00 IST,23750.599609375,2026-09-07 09:20:00,,,,,,SIDEWAYS,NEUTRAL,NO_TRADE,NO_TRADE,30,NO_TRADE,,No trade warranted,0.0,0.0
1869,2026-09-07 14:55:00 IST,23749.400390625,2026-09-07 09:25:00,2026-09-07 15:25:00 IST,23779.150390625,2026-09-07 09:55:00,,30,SIDEWAYS_TO_BEARISH,MILD_BEARISH,MILD_DIRECTIONAL,CONDITIONAL,40,LOSS,0.1253,EOD: Price moved against predicted direction,0.1253,-0.4956
1870,2026-09-07 15:00:00 IST,23750.150390625,2026-09-07 09:30:00,,,,,,SIDEWAYS,NEUTRAL,NO_TRADE,NO_TRADE,30,NO_TRADE,,No trade warranted,0.0,0.0
1871,2026-09-07 15:05:00 IST,23740.69921875,2026-09-07 09:35:00,,,,,,SIDEWAYS,NEUTRAL,NO_TRADE,NO_TRADE,30,NO_TRADE,,No trade warranted,0.0,0.0
1872,2026-09-07 15:10:00 IST,23759.400390625,2026-09-07 09:40:00,2026-09-07 15:25:00 IST,23779.150390625,2026-09-07 09:55:00,,15,SIDEWAYS_TO_BEARISH,MILD_BEARISH,MILD_DIRECTIONAL,CONDITIONAL,40,LOSS,0.0831,EOD: Price moved against predicted direction,0.0831,-0.5375
1873,2026-09-07 15:15:00 IST,23760.30078125,2026-09-07 09:45:00,,,,,,SIDEWAYS,NEUTRAL,NO_TRADE,NO_TRADE,30,NO_TRADE,,No trade warranted,0.0,0.0
1874,2026-09-07 15:20:00 IST,23760.30078125,2026-09-07 09:50:00,,,,,,SIDEWAYS,NEUTRAL,NO_TRADE,NO_TRADE,30,NO_TRADE,,No trade warranted,0.0,0.0
1875,2026-09-07 15:25:00 IST,23779.150390625,2026-09-07 09:55:00,,,,,,SIDEWAYS,NEUTRAL,NO_TRADE,NO_TRADE,30,NO_TRADE,,No trade warranted,0.0,0.0
1876,2026-09-08 09:15:00 IST,23694.150390625,2026-09-08 03:45:00,,,,,,SIDEWAYS,NEUTRAL,NO_TRADE,NO_TRADE,50,NO_TRADE,,No trade warranted,0.0,0.0
1877,2026-09-08 09:20:00 IST,23679.5,2026-09-08 03:50:00,,,,,,SIDEWAYS,NEUTRAL,NO_TRADE,NO_TRADE,50,NO_TRADE,,No trade warranted,0.0,0.0
1878,2026-09-08 09:25:00 IST,23672.5,2026-09-08 03:55:00,,,,,,SIDEWAYS,NEUTRAL,NO_TRADE,NO_TRADE,50,NO_TRADE,,No trade warranted,0.0,0.0
1879,2026-09-08 09:30:00 IST,23676.0,2026-09-08 04:00:00,,,,,,SIDEWAYS,NEUTRAL,NO_TRADE,NO_TRADE,50,NO_TRADE,,No trade warranted,0.0,0.0
1880,2026-09-08 09:35:00 IST,23686.69921875,2026-09-08 04:05:00,,,,,,SIDEWAYS,NEUTRAL,NO_TRADE,NO_TRADE,50,NO_TRADE,,No trade warranted,0.0,0.0
1881,2026-09-08 09:40:00 IST,23674.349609375,2026-09-08 04:10:00,,,,,,SIDEWAYS,NEUTRAL,NO_TRADE,NO_TRADE,50,NO_TRADE,,No trade warranted,0.0,0.0
1882,2026-09-08 09:45:00 IST,23686.44921875,2026-09-08 04:15:00,,,,,,SIDEWAYS,NEUTRAL,NO_TRADE,NO_TRADE,50,NO_TRADE,,No trade warranted,0.0,0.0
1883,2026-09-08 09:50:00 IST,23678.55078125,2026-09-08 04:20:00,,,,,,SIDEWAYS,NEUTRAL,NO_TRADE,NO_TRADE,50,NO_TRADE,,No trade warranted,0.0,0.0
1884,2026-09-08 09:55:00 IST,23666.94921875,2026-09-08 04:25:00,,,,,,SIDEWAYS,NEUTRAL,NO_TRADE,NO_TRADE,50,NO_TRADE,,No trade warranted,0.0,0.0
1885,2026-09-08 10:00:00 IST,23659.69921875,2026-09-08 04:30:00,,,,,,SIDEWAYS,NEUTRAL,NO_TRADE,NO_TRADE,50,NO_TRADE,,No trade warranted,0.0,0.0
1886,2026-09-08 10:05:00 IST,23681.650390625,2026-09-08 04:35:00,,,,,,SIDEWAYS,NEUTRAL,NO_TRADE,NO_TRADE,50,NO_TRADE,,No trade warranted,0.0,0.0
1887,2026-09-08 10:10:00 IST,23707.900390625,2026-09-08 04:40:00,,,,,,SIDEWAYS,NEUTRAL,NO_TRADE,NO_TRADE,50,NO_TRADE,,No trade warranted,0.0,0.0
1888,2026-09-08 10:15:00 IST,23703.650390625,2026-09-08 04:45:00,,,,,,SIDEWAYS,NEUTRAL,NO_TRADE,NO_TRADE,50,NO_TRADE,,No trade warranted,0.0,0.0
1889,2026-09-08 10:20:00 IST,23698.25,2026-09-08 04:50:00,,,,,,SIDEWAYS,NEUTRAL,NO_TRADE,NO_TRADE,50,NO_TRADE,,No trade warranted,0.0,0.0
1890,2026-09-08 10:25:00 IST,23693.900390625,2026-09-08 04:55:00,,,,,,SIDEWAYS,NEUTRAL,NO_TRADE,NO_TRADE,50,NO_TRADE,,No trade warranted,0.0,0.0
1891,2026-09-08 10:30:00 IST,23692.349609375,2026-09-08 05:00:00,,,,,,SIDEWAYS,NEUTRAL,NO_TRADE,NO_TRADE,50,NO_TRADE,,No trade warranted,0.0,0.0
1892,2026-09-08 10:35:00 IST,23671.849609375,2026-09-08 05:05:00,,,,,,SIDEWAYS,NEUTRAL,NO_TRADE,NO_TRADE,50,NO_TRADE,,No trade warranted,0.0,0.0
1893,2026-09-08 10:40:00 IST,23669.30078125,2026-09-08 05:10:00,,,,,,SIDEWAYS,NEUTRAL,NO_TRADE,NO_TRADE,50,NO_TRADE,,No trade warranted,0.0,0.0
1894,2026-09-08 10:45:00 IST,23689.25,2026-09-08 05:15:00,,,,,,SIDEWAYS,NEUTRAL,NO_TRADE,NO_TRADE,50,NO_TRADE,,No trade warranted,0.0,0.0
1895,2026-09-08 10:50:00 IST,23682.349609375,2026-09-08 05:20:00,,,,,,SIDEWAYS,NEUTRAL,NO_TRADE,NO_TRADE,50,NO_TRADE,,No trade warranted,0.0,0.0
1896,2026-09-08 10:55:00 IST,23670.349609375,2026-09-08 05:25:00,,,,,,SIDEWAYS,NEUTRAL,NO_TRADE,NO_TRADE,50,NO_TRADE,,No trade warranted,0.0,0.0
1897,2026-09-08 11:00:00 IST,23662.599609375,2026-09-08 05:30:00,,,,,,SIDEWAYS,NEUTRAL,NO_TRADE,NO_TRADE,50,NO_TRADE,,No trade warranted,0.0,0.0
1898,2026-09-08 11:05:00 IST,23676.30078125,2026-09-08 05:35:00,,,,,,SIDEWAYS,NEUTRAL,NO_TRADE,NO_TRADE,50,NO_TRADE,,No trade warranted,0.0,0.0
1899,2026-09-08 11:10:00 IST,23677.650390625,2026-09-08 05:40:00,,,,,,SIDEWAYS,NEUTRAL,NO_TRADE,NO_TRADE,50,NO_TRADE,,No trade warranted,0.0,0.0
1900,2026-09-08 11:15:00 IST,23684.349609375,2026-09-08 05:45:00,,,,,,SIDEWAYS,NEUTRAL,NO_TRADE,NO_TRADE,50,NO_TRADE,,No trade warranted,0.0,0.0
1901,2026-09-08 11:20:00 IST,23672.55078125,2026-09-08 05:50:00,,,,,,SIDEWAYS,NEUTRAL,NO_TRADE,NO_TRADE,50,NO_TRADE,,No trade warranted,0.0,0.0
1902,2026-09-08 11:25:00 IST,23672.900390625,2026-09-08 05:55:00,,,,,,SIDEWAYS,NEUTRAL,NO_TRADE,NO_TRADE,50,NO_TRADE,,No trade warranted,0.0,0.0
1903,2026-09-08 11:30:00 IST,23667.55078125,2026-09-08 06:00:00,,,,,,SIDEWAYS,NEUTRAL,NO_TRADE,NO_TRADE,50,NO_TRADE,,No trade warranted,0.0,0.0
1904,2026-09-08 11:35:00 IST,23672.25,2026-09-08 06:05:00,,,,,,SIDEWAYS,NEUTRAL,NO_TRADE,NO_TRADE,50,NO_TRADE,,No trade warranted,0.0,0.0
1905,2026-09-08 11:40:00 IST,23673.349609375,2026-09-08 06:10:00,,,,,,SIDEWAYS,NEUTRAL,NO_TRADE,NO_TRADE,50,NO_TRADE,,No trade warranted,0.0,0.0
1906,2026-09-08 11:45:00 IST,23662.849609375,2026-09-08 06:15:00,,,,,,SIDEWAYS,NEUTRAL,NO_TRADE,NO_TRADE,50,NO_TRADE,,No trade warranted,0.0,0.0
1907,2026-09-08 11:50:00 IST,23668.75,2026-09-08 06:20:00,,,,,,SIDEWAYS,NEUTRAL,NO_TRADE,NO_TRADE,50,NO_TRADE,,No trade warranted,0.0,0.0
1908,2026-09-08 11:55:00 IST,23657.25,2026-09-08 06:25:00,,,,,,SIDEWAYS,NEUTRAL,NO_TRADE,NO_TRADE,50,NO_TRADE,,No trade warranted,0.0,0.0
1909,2026-09-08 12:00:00 IST,23649.099609375,2026-09-08 06:30:00,,,,,,VOLATILE_EXPANSION,MIXED,NO_TRADE,NO_TRADE,40,NO_TRADE,,No trade warranted,0.0,0.0
1910,2026-09-08 12:05:00 IST,23644.349609375,2026-09-08 06:35:00,,,,,,VOLATILE_EXPANSION,MIXED,NO_TRADE,NO_TRADE,40,NO_TRADE,,No trade warranted,0.0,0.0
1911,2026-09-08 12:10:00 IST,23649.69921875,2026-09-08 06:40:00,,,,,,SIDEWAYS,NEUTRAL,NO_TRADE,NO_TRADE,50,NO_TRADE,,No trade warranted,0.0,0.0
1912,2026-09-08 12:15:00 IST,23651.69921875,2026-09-08 06:45:00,,,,,,VOLATILE_EXPANSION,MIXED,NO_TRADE,NO_TRADE,40,NO_TRADE,,No trade warranted,0.0,0.0
1913,2026-09-08 12:20:00 IST,23658.849609375,2026-09-08 06:50:00,,,,,,SIDEWAYS,NEUTRAL,NO_TRADE,NO_TRADE,50,NO_TRADE,,No trade warranted,0.0,0.0
1914,2026-09-08 12:25:00 IST,23662.599609375,2026-09-08 06:55:00,,,,,,VOLATILE_EXPANSION,MIXED,NO_TRADE,NO_TRADE,40,NO_TRADE,,No trade warranted,0.0,0.0
1915,2026-09-08 12:30:00 IST,23663.80078125,2026-09-08 07:00:00,,,,,,SIDEWAYS,NEUTRAL,NO_TRADE,NO_TRADE,50,NO_TRADE,,No trade warranted,0.0,0.0
1916,2026-09-08 12:35:00 IST,23667.94921875,2026-09-08 07:05:00,,,,,,SIDEWAYS,NEUTRAL,NO_TRADE,NO_TRADE,50,NO_TRADE,,No trade warranted,0.0,0.0
1917,2026-09-08 12:40:00 IST,23660.650390625,2026-09-08 07:10:00,,,,,,SIDEWAYS,NEUTRAL,NO_TRADE,NO_TRADE,50,NO_TRADE,,No trade warranted,0.0,0.0
1918,2026-09-08 12:45:00 IST,23654.75,2026-09-08 07:15:00,,,,,,SIDEWAYS,NEUTRAL,NO_TRADE,NO_TRADE,50,NO_TRADE,,No trade warranted,0.0,0.0
1919,2026-09-08 12:50:00 IST,23656.599609375,2026-09-08 07:20:00,,,,,,SIDEWAYS,NEUTRAL,NO_TRADE,NO_TRADE,50,NO_TRADE,,No trade warranted,0.0,0.0
1920,2026-09-08 12:55:00 IST,23655.099609375,2026-09-08 07:25:00,,,,,,SIDEWAYS,NEUTRAL,NO_TRADE,NO_TRADE,50,NO_TRADE,,No trade warranted,0.0,0.0
1921,2026-09-08 13:00:00 IST,23650.44921875,2026-09-08 07:30:00,,,,,,SIDEWAYS,NEUTRAL,NO_TRADE,NO_TRADE,50,NO_TRADE,,No trade warranted,0.0,0.0
1922,2026-09-08 13:05:00 IST,23653.599609375,2026-09-08 07:35:00,,,,,,SIDEWAYS,NEUTRAL,NO_TRADE,NO_TRADE,50,NO_TRADE,,No trade warranted,0.0,0.0
1923,2026-09-08 13:10:00 IST,23661.30078125,2026-09-08 07:40:00,,,,,,SIDEWAYS,NEUTRAL,NO_TRADE,NO_TRADE,50,NO_TRADE,,No trade warranted,0.0,0.0
1924,2026-09-08 13:15:00 IST,23655.599609375,2026-09-08 07:45:00,,,,,,SIDEWAYS,NEUTRAL,NO_TRADE,NO_TRADE,50,NO_TRADE,,No trade warranted,0.0,0.0
1925,2026-09-08 13:20:00 IST,23652.75,2026-09-08 07:50:00,,,,,,SIDEWAYS,NEUTRAL,NO_TRADE,NO_TRADE,30,NO_TRADE,,No trade warranted,0.0,0.0
1926,2026-09-08 13:25:00 IST,23647.05078125,2026-09-08 07:55:00,,,,,,SIDEWAYS,NEUTRAL,NO_TRADE,NO_TRADE,30,NO_TRADE,,No trade warranted,0.0,0.0
1927,2026-09-08 13:30:00 IST,23642.650390625,2026-09-08 08:00:00,2026-09-08 15:25:00 IST,23635.099609375,2026-09-08 09:55:00,,115,SIDEWAYS_TO_BEARISH,MILD_BEARISH,MILD_DIRECTIONAL,CONDITIONAL,40,WIN,-0.0319,EOD: Price moved in predicted direction,0.0592,-0.7095
1928,2026-09-08 13:35:00 IST,23644.849609375,2026-09-08 08:05:00,2026-09-08 15:25:00 IST,23635.099609375,2026-09-08 09:55:00,,110,SIDEWAYS_TO_BEARISH,MILD_BEARISH,MILD_DIRECTIONAL,CONDITIONAL,40,WIN,-0.0412,EOD: Price moved in predicted direction,0.0499,-0.7188
1929,2026-09-08 13:40:00 IST,23638.55078125,2026-09-08 08:10:00,2026-09-08 15:25:00 IST,23635.099609375,2026-09-08 09:55:00,,105,SIDEWAYS_TO_BEARISH,MILD_BEARISH,MILD_DIRECTIONAL,CONDITIONAL,40,WIN,-0.0146,EOD: Price moved in predicted direction,0.0766,-0.6923
1930,2026-09-08 13:45:00 IST,23639.75,2026-09-08 08:15:00,,,,,,SIDEWAYS,NEUTRAL,NO_TRADE,NO_TRADE,30,NO_TRADE,,No trade warranted,0.0,0.0
1931,2026-09-08 13:50:00 IST,23631.69921875,2026-09-08 08:20:00,,,,,,SIDEWAYS,NEUTRAL,NO_TRADE,NO_TRADE,30,NO_TRADE,,No trade warranted,0.0,0.0
1932,2026-09-08 13:55:00 IST,23633.75,2026-09-08 08:25:00,,,,,,SIDEWAYS,NEUTRAL,NO_TRADE,NO_TRADE,30,NO_TRADE,,No trade warranted,0.0,0.0
1933,2026-09-08 14:00:00 IST,23644.849609375,2026-09-08 08:30:00,,,,,,SIDEWAYS,NEUTRAL,NO_TRADE,NO_TRADE,30,NO_TRADE,,No trade warranted,0.0,0.0
1934,2026-09-08 14:05:00 IST,23648.150390625,2026-09-08 08:35:00,,,,,,SIDEWAYS,NEUTRAL,NO_TRADE,NO_TRADE,30,NO_TRADE,,No trade warranted,0.0,0.0
1935,2026-09-08 14:10:00 IST,23649.099609375,2026-09-08 08:40:00,,,,,,SIDEWAYS,NEUTRAL,NO_TRADE,NO_TRADE,50,NO_TRADE,,No trade warranted,0.0,0.0
1936,2026-09-08 14:15:00 IST,23653.19921875,2026-09-08 08:45:00,,,,,,SIDEWAYS,NEUTRAL,NO_TRADE,NO_TRADE,50,NO_TRADE,,No trade warranted,0.0,0.0
1937,2026-09-08 14:20:00 IST,23650.599609375,2026-09-08 08:50:00,,,,,,SIDEWAYS,NEUTRAL,NO_TRADE,NO_TRADE,50,NO_TRADE,,No trade warranted,0.0,0.0
1938,2026-09-08 14:25:00 IST,23654.0,2026-09-08 08:55:00,,,,,,SIDEWAYS,NEUTRAL,NO_TRADE,NO_TRADE,50,NO_TRADE,,No trade warranted,0.0,0.0
1939,2026-09-08 14:30:00 IST,23656.650390625,2026-09-08 09:00:00,,,,,,SIDEWAYS,NEUTRAL,NO_TRADE,NO_TRADE,50,NO_TRADE,,No trade warranted,0.0,0.0
1940,2026-09-08 14:35:00 IST,23649.0,2026-09-08 09:05:00,,,,,,SIDEWAYS,NEUTRAL,NO_TRADE,NO_TRADE,30,NO_TRADE,,No trade warranted,0.0,0.0
1941,2026-09-08 14:40:00 IST,23648.150390625,2026-09-08 09:10:00,,,,,,SIDEWAYS,NEUTRAL,NO_TRADE,NO_TRADE,30,NO_TRADE,,No trade warranted,0.0,0.0
1942,2026-09-08 14:45:00 IST,23641.30078125,2026-09-08 09:15:00,,,,,,SIDEWAYS,NEUTRAL,NO_TRADE,NO_TRADE,30,NO_TRADE,,No trade warranted,0.0,0.0
1943,2026-09-08 14:50:00 IST,23647.849609375,2026-09-08 09:20:00,,,,,,SIDEWAYS,NEUTRAL,NO_TRADE,NO_TRADE,30,NO_TRADE,,No trade warranted,0.0,0.0
1944,2026-09-08 14:55:00 IST,23644.55078125,2026-09-08 09:25:00,,,,,,SIDEWAYS,NEUTRAL,NO_TRADE,NO_TRADE,30,NO_TRADE,,No trade warranted,0.0,0.0
1945,2026-09-08 15:00:00 IST,23642.25,2026-09-08 09:30:00,,,,,,SIDEWAYS,NEUTRAL,NO_TRADE,NO_TRADE,30,NO_TRADE,,No trade warranted,0.0,0.0
1946,2026-09-08 15:05:00 IST,23647.30078125,2026-09-08 09:35:00,,,,,,SIDEWAYS,NEUTRAL,NO_TRADE,NO_TRADE,30,NO_TRADE,,No trade warranted,0.0,0.0
1947,2026-09-08 15:10:00 IST,23641.099609375,2026-09-08 09:40:00,,,,,,SIDEWAYS,NEUTRAL,NO_TRADE,NO_TRADE,30,NO_TRADE,,No trade warranted,0.0,0.0
1948,2026-09-08 15:15:00 IST,23640.05078125,2026-09-08 09:45:00,,,,,,SIDEWAYS,NEUTRAL,NO_TRADE,NO_TRADE,30,NO_TRADE,,No trade warranted,0.0,0.0
1949,2026-09-08 15:20:00 IST,23640.05078125,2026-09-08 09:50:00,,,,,,SIDEWAYS,NEUTRAL,NO_TRADE,NO_TRADE,30,NO_TRADE,,No trade warranted,0.0,0.0
1950,2026-09-08 15:25:00 IST,23635.099609375,2026-09-08 09:55:00,,,,,,SIDEWAYS_TO_BEARISH,MILD_BEARISH,MILD_DIRECTIONAL,CONDITIONAL,40,EXPIRED,,No EOD close found within evaluation horizon,0.0,-0.7349
1951,2026-09-09 09:15:00 IST,23500.44921875,2026-09-09 03:45:00,,,,,,SIDEWAYS,NEUTRAL,NO_TRADE,NO_TRADE,50,NO_TRADE,,No trade warranted,0.0,0.0
1952,2026-09-09 09:20:00 IST,23512.400390625,2026-09-09 03:50:00,,,,,,SIDEWAYS,NEUTRAL,NO_TRADE,NO_TRADE,50,NO_TRADE,,No trade warranted,0.0,0.0
1953,2026-09-09 09:25:00 IST,23509.400390625,2026-09-09 03:55:00,,,,,,SIDEWAYS,NEUTRAL,NO_TRADE,NO_TRADE,50,NO_TRADE,,No trade warranted,0.0,0.0
1954,2026-09-09 09:30:00 IST,23515.900390625,2026-09-09 04:00:00,,,,,,SIDEWAYS,NEUTRAL,NO_TRADE,NO_TRADE,50,NO_TRADE,,No trade warranted,0.0,0.0
1955,2026-09-09 09:35:00 IST,23526.25,2026-09-09 04:05:00,,,,,,SIDEWAYS,NEUTRAL,NO_TRADE,NO_TRADE,50,NO_TRADE,,No trade warranted,0.0,0.0
1956,2026-09-09 09:40:00 IST,23525.44921875,2026-09-09 04:10:00,,,,,,SIDEWAYS,NEUTRAL,NO_TRADE,NO_TRADE,50,NO_TRADE,,No trade warranted,0.0,0.0
1957,2026-09-09 09:45:00 IST,23499.19921875,2026-09-09 04:15:00,,,,,,SIDEWAYS,NEUTRAL,NO_TRADE,NO_TRADE,50,NO_TRADE,,No trade warranted,0.0,0.0
1958,2026-09-09 09:50:00 IST,23497.400390625,2026-09-09 04:20:00,,,,,,SIDEWAYS,NEUTRAL,NO_TRADE,NO_TRADE,50,NO_TRADE,,No trade warranted,0.0,0.0
1959,2026-09-09 09:55:00 IST,23488.69921875,2026-09-09 04:25:00,,,,,,SIDEWAYS,NEUTRAL,NO_TRADE,NO_TRADE,50,NO_TRADE,,No trade warranted,0.0,0.0
1960,2026-09-09 10:00:00 IST,23480.0,2026-09-09 04:30:00,,,,,,SIDEWAYS,NEUTRAL,NO_TRADE,NO_TRADE,50,NO_TRADE,,No trade warranted,0.0,0.0
1961,2026-09-09 10:05:00 IST,23475.599609375,2026-09-09 04:35:00,,,,,,SIDEWAYS,NEUTRAL,NO_TRADE,NO_TRADE,50,NO_TRADE,,No trade warranted,0.0,0.0
1962,2026-09-09 10:10:00 IST,23485.400390625,2026-09-09 04:40:00,,,,,,SIDEWAYS,NEUTRAL,NO_TRADE,NO_TRADE,50,NO_TRADE,,No trade warranted,0.0,0.0
1963,2026-09-09 10:15:00 IST,23516.80078125,2026-09-09 04:45:00,,,,,,SIDEWAYS,NEUTRAL,NO_TRADE,NO_TRADE,50,NO_TRADE,,No trade warranted,0.0,0.0
1964,2026-09-09 10:20:00 IST,23538.25,2026-09-09 04:50:00,,,,,,SIDEWAYS,NEUTRAL,NO_TRADE,NO_TRADE,50,NO_TRADE,,No trade warranted,0.0,0.0
1965,2026-09-09 10:25:00 IST,23539.5,2026-09-09 04:55:00,,,,,,SIDEWAYS,NEUTRAL,NO_TRADE,NO_TRADE,50,NO_TRADE,,No trade warranted,0.0,0.0
1966,2026-09-09 10:30:00 IST,23525.80078125,2026-09-09 05:00:00,,,,,,SIDEWAYS,NEUTRAL,NO_TRADE,NO_TRADE,50,NO_TRADE,,No trade warranted,0.0,0.0
1967,2026-09-09 10:35:00 IST,23511.55078125,2026-09-09 05:05:00,,,,,,SIDEWAYS,NEUTRAL,NO_TRADE,NO_TRADE,50,NO_TRADE,,No trade warranted,0.0,0.0
1968,2026-09-09 10:40:00 IST,23509.849609375,2026-09-09 05:10:00,,,,,,SIDEWAYS,NEUTRAL,NO_TRADE,NO_TRADE,50,NO_TRADE,,No trade warranted,0.0,0.0
1969,2026-09-09 10:45:00 IST,23518.80078125,2026-09-09 05:15:00,,,,,,SIDEWAYS,NEUTRAL,NO_TRADE,NO_TRADE,50,NO_TRADE,,No trade warranted,0.0,0.0
1970,2026-09-09 10:50:00 IST,23523.150390625,2026-09-09 05:20:00,,,,,,SIDEWAYS,NEUTRAL,NO_TRADE,NO_TRADE,50,NO_TRADE,,No trade warranted,0.0,0.0
1971,2026-09-09 10:55:00 IST,23535.599609375,2026-09-09 05:25:00,,,,,,SIDEWAYS,NEUTRAL,NO_TRADE,NO_TRADE,50,NO_TRADE,,No trade warranted,0.0,0.0
1972,2026-09-09 11:00:00 IST,23536.80078125,2026-09-09 05:30:00,,,,,,VOLATILE_EXPANSION,MIXED,NO_TRADE,NO_TRADE,40,NO_TRADE,,No trade warranted,0.0,0.0
1973,2026-09-09 11:05:00 IST,23530.650390625,2026-09-09 05:35:00,,,,,,VOLATILE_EXPANSION,MIXED,NO_TRADE,NO_TRADE,40,NO_TRADE,,No trade warranted,0.0,0.0
1974,2026-09-09 11:10:00 IST,23524.94921875,2026-09-09 05:40:00,,,,,,VOLATILE_EXPANSION,MIXED,NO_TRADE,NO_TRADE,40,NO_TRADE,,No trade warranted,0.0,0.0
1975,2026-09-09 11:15:00 IST,23526.0,2026-09-09 05:45:00,,,,,,VOLATILE_EXPANSION,MIXED,NO_TRADE,NO_TRADE,40,NO_TRADE,,No trade warranted,0.0,0.0
1976,2026-09-09 11:20:00 IST,23517.30078125,2026-09-09 05:50:00,,,,,,VOLATILE_EXPANSION,MIXED,NO_TRADE,NO_TRADE,40,NO_TRADE,,No trade warranted,0.0,0.0
1977,2026-09-09 11:25:00 IST,23517.5,2026-09-09 05:55:00,,,,,,SIDEWAYS,NEUTRAL,NO_TRADE,NO_TRADE,50,NO_TRADE,,No trade warranted,0.0,0.0
1978,2026-09-09 11:30:00 IST,23515.44921875,2026-09-09 06:00:00,,,,,,SIDEWAYS,NEUTRAL,NO_TRADE,NO_TRADE,50,NO_TRADE,,No trade warranted,0.0,0.0
1979,2026-09-09 11:35:00 IST,23516.80078125,2026-09-09 06:05:00,,,,,,SIDEWAYS,NEUTRAL,NO_TRADE,NO_TRADE,50,NO_TRADE,,No trade warranted,0.0,0.0
1980,2026-09-09 11:40:00 IST,23528.05078125,2026-09-09 06:10:00,,,,,,SIDEWAYS,NEUTRAL,NO_TRADE,NO_TRADE,50,NO_TRADE,,No trade warranted,0.0,0.0
1981,2026-09-09 11:45:00 IST,23517.30078125,2026-09-09 06:15:00,,,,,,SIDEWAYS,NEUTRAL,NO_TRADE,NO_TRADE,50,NO_TRADE,,No trade warranted,0.0,0.0
1982,2026-09-09 11:50:00 IST,23502.349609375,2026-09-09 06:20:00,,,,,,SIDEWAYS,NEUTRAL,NO_TRADE,NO_TRADE,50,NO_TRADE,,No trade warranted,0.0,0.0
1983,2026-09-09 11:55:00 IST,23488.19921875,2026-09-09 06:25:00,,,,,,SIDEWAYS,NEUTRAL,NO_TRADE,NO_TRADE,50,NO_TRADE,,No trade warranted,0.0,0.0
1984,2026-09-09 12:00:00 IST,23481.150390625,2026-09-09 06:30:00,,,,,,VOLATILE_EXPANSION,MIXED,NO_TRADE,NO_TRADE,40,NO_TRADE,,No trade warranted,0.0,0.0
1985,2026-09-09 12:05:00 IST,23474.900390625,2026-09-09 06:35:00,,,,,,VOLATILE_EXPANSION,MIXED,NO_TRADE,NO_TRADE,40,NO_TRADE,,No trade warranted,0.0,0.0
1986,2026-09-09 12:10:00 IST,23486.650390625,2026-09-09 06:40:00,,,,,,VOLATILE_EXPANSION,MIXED,NO_TRADE,NO_TRADE,40,NO_TRADE,,No trade warranted,0.0,0.0
1987,2026-09-09 12:15:00 IST,23479.25,2026-09-09 06:45:00,,,,,,VOLATILE_EXPANSION,MIXED,NO_TRADE,NO_TRADE,40,NO_TRADE,,No trade warranted,0.0,0.0
1988,2026-09-09 12:20:00 IST,23487.099609375,2026-09-09 06:50:00,,,,,,VOLATILE_EXPANSION,MIXED,NO_TRADE,NO_TRADE,40,NO_TRADE,,No trade warranted,0.0,0.0
1989,2026-09-09 12:25:00 IST,23510.75,2026-09-09 06:55:00,,,,,,SIDEWAYS,NEUTRAL,NO_TRADE,NO_TRADE,50,NO_TRADE,,No trade warranted,0.0,0.0
1990,2026-09-09 12:30:00 IST,23547.69921875,2026-09-09 07:00:00,,,,,,SIDEWAYS,NEUTRAL,NO_TRADE,NO_TRADE,50,NO_TRADE,,No trade warranted,0.0,0.0
1991,2026-09-09 12:35:00 IST,23557.44921875,2026-09-09 07:05:00,,,,,,VOLATILE_EXPANSION,MIXED,NO_TRADE,NO_TRADE,40,NO_TRADE,,No trade warranted,0.0,0.0
1992,2026-09-09 12:40:00 IST,23565.94921875,2026-09-09 07:10:00,,,,,,VOLATILE_EXPANSION,MIXED,NO_TRADE,NO_TRADE,40,NO_TRADE,,No trade warranted,0.0,0.0
1993,2026-09-09 12:45:00 IST,23558.900390625,2026-09-09 07:15:00,,,,,,VOLATILE_EXPANSION,MIXED,NO_TRADE,NO_TRADE,40,NO_TRADE,,No trade warranted,0.0,0.0
1994,2026-09-09 12:50:00 IST,23548.55078125,2026-09-09 07:20:00,,,,,,SIDEWAYS,NEUTRAL,NO_TRADE,NO_TRADE,50,NO_TRADE,,No trade warranted,0.0,0.0
1995,2026-09-09 12:55:00 IST,23566.0,2026-09-09 07:25:00,,,,,,SIDEWAYS,NEUTRAL,NO_TRADE,NO_TRADE,50,NO_TRADE,,No trade warranted,0.0,0.0
1996,2026-09-09 13:00:00 IST,23548.5,2026-09-09 07:30:00,,,,,,VOLATILE_EXPANSION,MIXED,NO_TRADE,NO_TRADE,40,NO_TRADE,,No trade warranted,0.0,0.0
1997,2026-09-09 13:05:00 IST,23549.80078125,2026-09-09 07:35:00,,,,,,VOLATILE_EXPANSION,MIXED,NO_TRADE,NO_TRADE,40,NO_TRADE,,No trade warranted,0.0,0.0
1998,2026-09-09 13:10:00 IST,23543.94921875,2026-09-09 07:40:00,,,,,,VOLATILE_EXPANSION,MIXED,NO_TRADE,NO_TRADE,40,NO_TRADE,,No trade warranted,0.0,0.0
1999,2026-09-09 13:15:00 IST,23541.099609375,2026-09-09 07:45:00,,,,,,VOLATILE_EXPANSION,MIXED,NO_TRADE,NO_TRADE,40,NO_TRADE,,No trade warranted,0.0,0.0
2000,2026-09-09 13:20:00 IST,23545.650390625,2026-09-09 07:50:00,,,,,,SIDEWAYS,NEUTRAL,NO_TRADE,NO_TRADE,30,NO_TRADE,,No trade warranted,0.0,0.0
2001,2026-09-09 13:25:00 IST,23558.55078125,2026-09-09 07:55:00,,,,,,SIDEWAYS,NEUTRAL,NO_TRADE,NO_TRADE,30,NO_TRADE,,No trade warranted,0.0,0.0
2002,2026-09-09 13:30:00 IST,23545.099609375,2026-09-09 08:00:00,,,,,,SIDEWAYS,NEUTRAL,NO_TRADE,NO_TRADE,30,NO_TRADE,,No trade warranted,0.0,0.0
2003,2026-09-09 13:35:00 IST,23555.400390625,2026-09-09 08:05:00,,,,,,SIDEWAYS,NEUTRAL,NO_TRADE,NO_TRADE,30,NO_TRADE,,No trade warranted,0.0,0.0
2004,2026-09-09 13:40:00 IST,23553.80078125,2026-09-09 08:10:00,,,,,,SIDEWAYS,NEUTRAL,NO_TRADE,NO_TRADE,30,NO_TRADE,,No trade warranted,0.0,0.0
2005,2026-09-09 13:45:00 IST,23553.5,2026-09-09 08:15:00,,,,,,SIDEWAYS,NEUTRAL,NO_TRADE,NO_TRADE,30,NO_TRADE,,No trade warranted,0.0,0.0
2006,2026-09-09 13:50:00 IST,23543.849609375,2026-09-09 08:20:00,,,,,,SIDEWAYS,NEUTRAL,NO_TRADE,NO_TRADE,30,NO_TRADE,,No trade warranted,0.0,0.0
2007,2026-09-09 13:55:00 IST,23551.75,2026-09-09 08:25:00,,,,,,SIDEWAYS,NEUTRAL,NO_TRADE,NO_TRADE,30,NO_TRADE,,No trade warranted,0.0,0.0
2008,2026-09-09 14:00:00 IST,23554.94921875,2026-09-09 08:30:00,,,,,,SIDEWAYS,NEUTRAL,NO_TRADE,NO_TRADE,30,NO_TRADE,,No trade warranted,0.0,0.0
2009,2026-09-09 14:05:00 IST,23555.650390625,2026-09-09 08:35:00,,,,,,SIDEWAYS,NEUTRAL,NO_TRADE,NO_TRADE,30,NO_TRADE,,No trade warranted,0.0,0.0
2010,2026-09-09 14:10:00 IST,23547.19921875,2026-09-09 08:40:00,,,,,,SIDEWAYS,NEUTRAL,NO_TRADE,NO_TRADE,30,NO_TRADE,,No trade warranted,0.0,0.0
2011,2026-09-09 14:15:00 IST,23543.44921875,2026-09-09 08:45:00,,,,,,SIDEWAYS,NEUTRAL,NO_TRADE,NO_TRADE,50,NO_TRADE,,No trade warranted,0.0,0.0
2012,2026-09-09 14:20:00 IST,23540.80078125,2026-09-09 08:50:00,,,,,,SIDEWAYS,NEUTRAL,NO_TRADE,NO_TRADE,50,NO_TRADE,,No trade warranted,0.0,0.0
2013,2026-09-09 14:25:00 IST,23536.099609375,2026-09-09 08:55:00,,,,,,SIDEWAYS,NEUTRAL,NO_TRADE,NO_TRADE,50,NO_TRADE,,No trade warranted,0.0,0.0
2014,2026-09-09 14:30:00 IST,23511.349609375,2026-09-09 09:00:00,,,,,,SIDEWAYS,NEUTRAL,NO_TRADE,NO_TRADE,30,NO_TRADE,,No trade warranted,0.0,0.0
2015,2026-09-09 14:35:00 IST,23493.849609375,2026-09-09 09:05:00,,,,,,SIDEWAYS,NEUTRAL,NO_TRADE,NO_TRADE,30,NO_TRADE,,No trade warranted,0.0,0.0
2016,2026-09-09 14:40:00 IST,23488.0,2026-09-09 09:10:00,,,,,,SIDEWAYS,NEUTRAL,NO_TRADE,NO_TRADE,30,NO_TRADE,,No trade warranted,0.0,0.0
2017,2026-09-09 14:45:00 IST,23487.400390625,2026-09-09 09:15:00,,,,,,SIDEWAYS,NEUTRAL,NO_TRADE,NO_TRADE,30,NO_TRADE,,No trade warranted,0.0,0.0
2018,2026-09-09 14:50:00 IST,23487.44921875,2026-09-09 09:20:00,,,,,,SIDEWAYS,NEUTRAL,NO_TRADE,NO_TRADE,30,NO_TRADE,,No trade warranted,0.0,0.0
2019,2026-09-09 14:55:00 IST,23486.099609375,2026-09-09 09:25:00,,,,,,SIDEWAYS,NEUTRAL,NO_TRADE,NO_TRADE,30,NO_TRADE,,No trade warranted,0.0,0.0
2020,2026-09-09 15:00:00 IST,23461.400390625,2026-09-09 09:30:00,,,,,,SIDEWAYS,NEUTRAL,NO_TRADE,NO_TRADE,30,NO_TRADE,,No trade warranted,0.0,0.0
2021,2026-09-09 15:05:00 IST,23470.349609375,2026-09-09 09:35:00,,,,,,SIDEWAYS,NEUTRAL,NO_TRADE,NO_TRADE,30,NO_TRADE,,No trade warranted,0.0,0.0
2022,2026-09-09 15:10:00 IST,23462.150390625,2026-09-09 09:40:00,,,,,,SIDEWAYS,NEUTRAL,NO_TRADE,NO_TRADE,30,NO_TRADE,,No trade warranted,0.0,0.0
2023,2026-09-09 15:15:00 IST,23462.44921875,2026-09-09 09:45:00,,,,,,SIDEWAYS,NEUTRAL,NO_TRADE,NO_TRADE,30,NO_TRADE,,No trade warranted,0.0,0.0
2024,2026-09-09 15:20:00 IST,23462.44921875,2026-09-09 09:50:00,,,,,,SIDEWAYS,NEUTRAL,NO_TRADE,NO_TRADE,30,NO_TRADE,,No trade warranted,0.0,0.0
2025,2026-09-09 15:25:00 IST,23431.5,2026-09-09 09:55:00,,,,,,SIDEWAYS,NEUTRAL,NO_TRADE,NO_TRADE,30,NO_TRADE,,No trade warranted,0.0,0.0
2026,2026-09-10 09:15:00 IST,23459.44921875,2026-09-10 03:45:00,,,,,,SIDEWAYS,NEUTRAL,NO_TRADE,NO_TRADE,50,NO_TRADE,,No trade warranted,0.0,0.0
2027,2026-09-10 09:20:00 IST,23428.400390625,2026-09-10 03:50:00,,,,,,SIDEWAYS,NEUTRAL,NO_TRADE,NO_TRADE,50,NO_TRADE,,No trade warranted,0.0,0.0
2028,2026-09-10 09:25:00 IST,23437.19921875,2026-09-10 03:55:00,,,,,,SIDEWAYS,NEUTRAL,NO_TRADE,NO_TRADE,50,NO_TRADE,,No trade warranted,0.0,0.0
2029,2026-09-10 09:30:00 IST,23432.44921875,2026-09-10 04:00:00,,,,,,SIDEWAYS,NEUTRAL,NO_TRADE,NO_TRADE,50,NO_TRADE,,No trade warranted,0.0,0.0
2030,2026-09-10 09:35:00 IST,23418.5,2026-09-10 04:05:00,,,,,,SIDEWAYS,NEUTRAL,NO_TRADE,NO_TRADE,50,NO_TRADE,,No trade warranted,0.0,0.0
2031,2026-09-10 09:40:00 IST,23422.80078125,2026-09-10 04:10:00,,,,,,SIDEWAYS,NEUTRAL,NO_TRADE,NO_TRADE,50,NO_TRADE,,No trade warranted,0.0,0.0
2032,2026-09-10 09:45:00 IST,23435.44921875,2026-09-10 04:15:00,,,,,,SIDEWAYS,NEUTRAL,NO_TRADE,NO_TRADE,50,NO_TRADE,,No trade warranted,0.0,0.0
2033,2026-09-10 09:50:00 IST,23442.44921875,2026-09-10 04:20:00,,,,,,SIDEWAYS,NEUTRAL,NO_TRADE,NO_TRADE,50,NO_TRADE,,No trade warranted,0.0,0.0
2034,2026-09-10 09:55:00 IST,23428.150390625,2026-09-10 04:25:00,,,,,,SIDEWAYS,NEUTRAL,NO_TRADE,NO_TRADE,50,NO_TRADE,,No trade warranted,0.0,0.0
2035,2026-09-10 10:00:00 IST,23422.94921875,2026-09-10 04:30:00,,,,,,SIDEWAYS,NEUTRAL,NO_TRADE,NO_TRADE,50,NO_TRADE,,No trade warranted,0.0,0.0
2036,2026-09-10 10:05:00 IST,23414.900390625,2026-09-10 04:35:00,,,,,,SIDEWAYS,NEUTRAL,NO_TRADE,NO_TRADE,50,NO_TRADE,,No trade warranted,0.0,0.0
2037,2026-09-10 10:10:00 IST,23411.400390625,2026-09-10 04:40:00,,,,,,SIDEWAYS,NEUTRAL,NO_TRADE,NO_TRADE,50,NO_TRADE,,No trade warranted,0.0,0.0
2038,2026-09-10 10:15:00 IST,23426.94921875,2026-09-10 04:45:00,,,,,,SIDEWAYS,NEUTRAL,NO_TRADE,NO_TRADE,50,NO_TRADE,,No trade warranted,0.0,0.0
2039,2026-09-10 10:20:00 IST,23424.30078125,2026-09-10 04:50:00,,,,,,SIDEWAYS,NEUTRAL,NO_TRADE,NO_TRADE,50,NO_TRADE,,No trade warranted,0.0,0.0
2040,2026-09-10 10:25:00 IST,23424.75,2026-09-10 04:55:00,,,,,,SIDEWAYS,NEUTRAL,NO_TRADE,NO_TRADE,50,NO_TRADE,,No trade warranted,0.0,0.0
2041,2026-09-10 10:30:00 IST,23427.849609375,2026-09-10 05:00:00,,,,,,SIDEWAYS,NEUTRAL,NO_TRADE,NO_TRADE,50,NO_TRADE,,No trade warranted,0.0,0.0
2042,2026-09-10 10:35:00 IST,23436.400390625,2026-09-10 05:05:00,,,,,,SIDEWAYS,NEUTRAL,NO_TRADE,NO_TRADE,50,NO_TRADE,,No trade warranted,0.0,0.0
2043,2026-09-10 10:40:00 IST,23448.0,2026-09-10 05:10:00,,,,,,SIDEWAYS,NEUTRAL,NO_TRADE,NO_TRADE,50,NO_TRADE,,No trade warranted,0.0,0.0
2044,2026-09-10 10:45:00 IST,23424.19921875,2026-09-10 05:15:00,,,,,,SIDEWAYS,NEUTRAL,NO_TRADE,NO_TRADE,50,NO_TRADE,,No trade warranted,0.0,0.0
2045,2026-09-10 10:50:00 IST,23411.0,2026-09-10 05:20:00,,,,,,SIDEWAYS,NEUTRAL,NO_TRADE,NO_TRADE,50,NO_TRADE,,No trade warranted,0.0,0.0
2046,2026-09-10 10:55:00 IST,23409.75,2026-09-10 05:25:00,,,,,,SIDEWAYS,NEUTRAL,NO_TRADE,NO_TRADE,50,NO_TRADE,,No trade warranted,0.0,0.0
2047,2026-09-10 11:00:00 IST,23417.400390625,2026-09-10 05:30:00,,,,,,SIDEWAYS,NEUTRAL,NO_TRADE,NO_TRADE,50,NO_TRADE,,No trade warranted,0.0,0.0
2048,2026-09-10 11:05:00 IST,23417.400390625,2026-09-10 05:35:00,,,,,,SIDEWAYS,NEUTRAL,NO_TRADE,NO_TRADE,50,NO_TRADE,,No trade warranted,0.0,0.0
2049,2026-09-10 11:10:00 IST,23439.099609375,2026-09-10 05:40:00,,,,,,SIDEWAYS,NEUTRAL,NO_TRADE,NO_TRADE,50,NO_TRADE,,No trade warranted,0.0,0.0
2050,2026-09-10 11:15:00 IST,23436.75,2026-09-10 05:45:00,,,,,,VOLATILE_EXPANSION,MIXED,NO_TRADE,NO_TRADE,40,NO_TRADE,,No trade warranted,0.0,0.0
2051,2026-09-10 11:20:00 IST,23433.849609375,2026-09-10 05:50:00,,,,,,SIDEWAYS,NEUTRAL,NO_TRADE,NO_TRADE,50,NO_TRADE,,No trade warranted,0.0,0.0
2052,2026-09-10 11:25:00 IST,23426.94921875,2026-09-10 05:55:00,,,,,,SIDEWAYS,NEUTRAL,NO_TRADE,NO_TRADE,50,NO_TRADE,,No trade warranted,0.0,0.0
2053,2026-09-10 11:30:00 IST,23420.44921875,2026-09-10 06:00:00,,,,,,SIDEWAYS,NEUTRAL,NO_TRADE,NO_TRADE,50,NO_TRADE,,No trade warranted,0.0,0.0
2054,2026-09-10 11:35:00 IST,23412.94921875,2026-09-10 06:05:00,,,,,,SIDEWAYS,NEUTRAL,NO_TRADE,NO_TRADE,50,NO_TRADE,,No trade warranted,0.0,0.0
2055,2026-09-10 11:40:00 IST,23421.55078125,2026-09-10 06:10:00,,,,,,SIDEWAYS,NEUTRAL,NO_TRADE,NO_TRADE,50,NO_TRADE,,No trade warranted,0.0,0.0
2056,2026-09-10 11:45:00 IST,23431.80078125,2026-09-10 06:15:00,,,,,,SIDEWAYS,NEUTRAL,NO_TRADE,NO_TRADE,50,NO_TRADE,,No trade warranted,0.0,0.0
2057,2026-09-10 11:50:00 IST,23432.05078125,2026-09-10 06:20:00,,,,,,SIDEWAYS,NEUTRAL,NO_TRADE,NO_TRADE,50,NO_TRADE,,No trade warranted,0.0,0.0
2058,2026-09-10 11:55:00 IST,23439.099609375,2026-09-10 06:25:00,,,,,,SIDEWAYS,NEUTRAL,NO_TRADE,NO_TRADE,50,NO_TRADE,,No trade warranted,0.0,0.0
2059,2026-09-10 12:00:00 IST,23446.94921875,2026-09-10 06:30:00,,,,,,SIDEWAYS,NEUTRAL,NO_TRADE,NO_TRADE,50,NO_TRADE,,No trade warranted,0.0,0.0
2060,2026-09-10 12:05:00 IST,23438.0,2026-09-10 06:35:00,,,,,,SIDEWAYS,NEUTRAL,NO_TRADE,NO_TRADE,50,NO_TRADE,,No trade warranted,0.0,0.0
2061,2026-09-10 12:10:00 IST,23458.44921875,2026-09-10 06:40:00,,,,,,SIDEWAYS,NEUTRAL,NO_TRADE,NO_TRADE,50,NO_TRADE,,No trade warranted,0.0,0.0
2062,2026-09-10 12:15:00 IST,23462.19921875,2026-09-10 06:45:00,,,,,,SIDEWAYS,NEUTRAL,NO_TRADE,NO_TRADE,50,NO_TRADE,,No trade warranted,0.0,0.0
2063,2026-09-10 12:20:00 IST,23458.099609375,2026-09-10 06:50:00,,,,,,SIDEWAYS,NEUTRAL,NO_TRADE,NO_TRADE,50,NO_TRADE,,No trade warranted,0.0,0.0
2064,2026-09-10 12:25:00 IST,23457.69921875,2026-09-10 06:55:00,,,,,,SIDEWAYS,NEUTRAL,NO_TRADE,NO_TRADE,50,NO_TRADE,,No trade warranted,0.0,0.0
2065,2026-09-10 12:30:00 IST,23450.349609375,2026-09-10 07:00:00,,,,,,SIDEWAYS,NEUTRAL,NO_TRADE,NO_TRADE,50,NO_TRADE,,No trade warranted,0.0,0.0
2066,2026-09-10 12:35:00 IST,23446.30078125,2026-09-10 07:05:00,,,,,,SIDEWAYS,NEUTRAL,NO_TRADE,NO_TRADE,50,NO_TRADE,,No trade warranted,0.0,0.0
2067,2026-09-10 12:40:00 IST,23458.599609375,2026-09-10 07:10:00,,,,,,SIDEWAYS,NEUTRAL,NO_TRADE,NO_TRADE,50,NO_TRADE,,No trade warranted,0.0,0.0
2068,2026-09-10 12:45:00 IST,23456.55078125,2026-09-10 07:15:00,,,,,,VOLATILE_EXPANSION,MIXED,NO_TRADE,NO_TRADE,40,NO_TRADE,,No trade warranted,0.0,0.0
2069,2026-09-10 12:50:00 IST,23452.25,2026-09-10 07:20:00,,,,,,VOLATILE_EXPANSION,MIXED,NO_TRADE,NO_TRADE,40,NO_TRADE,,No trade warranted,0.0,0.0
2070,2026-09-10 12:55:00 IST,23437.80078125,2026-09-10 07:25:00,,,,,,SIDEWAYS,NEUTRAL,NO_TRADE,NO_TRADE,50,NO_TRADE,,No trade warranted,0.0,0.0
2071,2026-09-10 13:00:00 IST,23438.0,2026-09-10 07:30:00,,,,,,SIDEWAYS,NEUTRAL,NO_TRADE,NO_TRADE,50,NO_TRADE,,No trade warranted,0.0,0.0
2072,2026-09-10 13:05:00 IST,23436.650390625,2026-09-10 07:35:00,,,,,,SIDEWAYS,NEUTRAL,NO_TRADE,NO_TRADE,50,NO_TRADE,,No trade warranted,0.0,0.0
2073,2026-09-10 13:10:00 IST,23448.44921875,2026-09-10 07:40:00,,,,,,SIDEWAYS,NEUTRAL,NO_TRADE,NO_TRADE,50,NO_TRADE,,No trade warranted,0.0,0.0
2074,2026-09-10 13:15:00 IST,23435.150390625,2026-09-10 07:45:00,,,,,,SIDEWAYS,NEUTRAL,NO_TRADE,NO_TRADE,50,NO_TRADE,,No trade warranted,0.0,0.0
2075,2026-09-10 13:20:00 IST,23440.19921875,2026-09-10 07:50:00,2026-09-10 15:25:00 IST,23477.80078125,2026-09-10 09:55:00,,125,SIDEWAYS_TO_BEARISH,MILD_BEARISH,MILD_DIRECTIONAL,CONDITIONAL,40,LOSS,0.1604,EOD: Price moved against predicted direction,0.1604,-0.8274
2076,2026-09-10 13:25:00 IST,23430.150390625,2026-09-10 07:55:00,2026-09-10 15:25:00 IST,23477.80078125,2026-09-10 09:55:00,,120,SIDEWAYS_TO_BEARISH,MILD_BEARISH,MILD_DIRECTIONAL,CONDITIONAL,40,LOSS,0.2034,EOD: Price moved against predicted direction,0.2034,-0.7849
2077,2026-09-10 13:30:00 IST,23428.5,2026-09-10 08:00:00,,,,,,SIDEWAYS,NEUTRAL,NO_TRADE,NO_TRADE,30,NO_TRADE,,No trade warranted,0.0,0.0
2078,2026-09-10 13:35:00 IST,23439.55078125,2026-09-10 08:05:00,,,,,,SIDEWAYS,NEUTRAL,NO_TRADE,NO_TRADE,30,NO_TRADE,,No trade warranted,0.0,0.0
2079,2026-09-10 13:40:00 IST,23440.05078125,2026-09-10 08:10:00,,,,,,SIDEWAYS,NEUTRAL,NO_TRADE,NO_TRADE,30,NO_TRADE,,No trade warranted,0.0,0.0
2080,2026-09-10 13:45:00 IST,23431.349609375,2026-09-10 08:15:00,,,,,,SIDEWAYS,NEUTRAL,NO_TRADE,NO_TRADE,30,NO_TRADE,,No trade warranted,0.0,0.0
2081,2026-09-10 13:50:00 IST,23431.150390625,2026-09-10 08:20:00,,,,,,SIDEWAYS,NEUTRAL,NO_TRADE,NO_TRADE,30,NO_TRADE,,No trade warranted,0.0,0.0
2082,2026-09-10 13:55:00 IST,23425.25,2026-09-10 08:25:00,,,,,,SIDEWAYS,NEUTRAL,NO_TRADE,NO_TRADE,30,NO_TRADE,,No trade warranted,0.0,0.0
2083,2026-09-10 14:00:00 IST,23417.55078125,2026-09-10 08:30:00,,,,,,SIDEWAYS,NEUTRAL,NO_TRADE,NO_TRADE,30,NO_TRADE,,No trade warranted,0.0,0.0
2084,2026-09-10 14:05:00 IST,23418.849609375,2026-09-10 08:35:00,,,,,,SIDEWAYS,NEUTRAL,NO_TRADE,NO_TRADE,30,NO_TRADE,,No trade warranted,0.0,0.0
2085,2026-09-10 14:10:00 IST,23417.94921875,2026-09-10 08:40:00,,,,,,SIDEWAYS,NEUTRAL,NO_TRADE,NO_TRADE,30,NO_TRADE,,No trade warranted,0.0,0.0
2086,2026-09-10 14:15:00 IST,23410.0,2026-09-10 08:45:00,,,,,,SIDEWAYS,NEUTRAL,NO_TRADE,NO_TRADE,30,NO_TRADE,,No trade warranted,0.0,0.0
2087,2026-09-10 14:20:00 IST,23424.69921875,2026-09-10 08:50:00,,,,,,SIDEWAYS,NEUTRAL,NO_TRADE,NO_TRADE,30,NO_TRADE,,No trade warranted,0.0,0.0
2088,2026-09-10 14:25:00 IST,23418.55078125,2026-09-10 08:55:00,,,,,,SIDEWAYS,NEUTRAL,NO_TRADE,NO_TRADE,30,NO_TRADE,,No trade warranted,0.0,0.0
2089,2026-09-10 14:30:00 IST,23416.099609375,2026-09-10 09:00:00,,,,,,SIDEWAYS,NEUTRAL,NO_TRADE,NO_TRADE,30,NO_TRADE,,No trade warranted,0.0,0.0
2090,2026-09-10 14:35:00 IST,23406.0,2026-09-10 09:05:00,,,,,,SIDEWAYS,NEUTRAL,NO_TRADE,NO_TRADE,30,NO_TRADE,,No trade warranted,0.0,0.0
2091,2026-09-10 14:40:00 IST,23414.349609375,2026-09-10 09:10:00,,,,,,SIDEWAYS,NEUTRAL,NO_TRADE,NO_TRADE,30,NO_TRADE,,No trade warranted,0.0,0.0
2092,2026-09-10 14:45:00 IST,23425.5,2026-09-10 09:15:00,,,,,,VOLATILE_EXPANSION,MIXED,NO_TRADE,NO_TRADE,40,NO_TRADE,,No trade warranted,0.0,0.0
2093,2026-09-10 14:50:00 IST,23424.44921875,2026-09-10 09:20:00,,,,,,SIDEWAYS,NEUTRAL,NO_TRADE,NO_TRADE,50,NO_TRADE,,No trade warranted,0.0,0.0
2094,2026-09-10 14:55:00 IST,23412.150390625,2026-09-10 09:25:00,,,,,,SIDEWAYS,NEUTRAL,NO_TRADE,NO_TRADE,30,NO_TRADE,,No trade warranted,0.0,0.0
2095,2026-09-10 15:00:00 IST,23391.599609375,2026-09-10 09:30:00,,,,,,SIDEWAYS,NEUTRAL,NO_TRADE,NO_TRADE,30,NO_TRADE,,No trade warranted,0.0,0.0
2096,2026-09-10 15:05:00 IST,23391.0,2026-09-10 09:35:00,,,,,,SIDEWAYS,NEUTRAL,NO_TRADE,NO_TRADE,30,NO_TRADE,,No trade warranted,0.0,0.0
2097,2026-09-10 15:10:00 IST,23389.400390625,2026-09-10 09:40:00,,,,,,SIDEWAYS,NEUTRAL,NO_TRADE,NO_TRADE,30,NO_TRADE,,No trade warranted,0.0,0.0
2098,2026-09-10 15:15:00 IST,23389.25,2026-09-10 09:45:00,,,,,,SIDEWAYS,NEUTRAL,NO_TRADE,NO_TRADE,30,NO_TRADE,,No trade warranted,0.0,0.0
2099,2026-09-10 15:20:00 IST,23389.25,2026-09-10 09:50:00,,,,,,SIDEWAYS,NEUTRAL,NO_TRADE,NO_TRADE,30,NO_TRADE,,No trade warranted,0.0,0.0
2100,2026-09-10 15:25:00 IST,23477.80078125,2026-09-10 09:55:00,,,,,,SIDEWAYS,NEUTRAL,NO_TRADE,NO_TRADE,30,NO_TRADE,,No trade warranted,0.0,0.0
2101,2026-09-11 09:15:00 IST,23258.599609375,2026-09-11 03:45:00,,,,,,SIDEWAYS,NEUTRAL,NO_TRADE,NO_TRADE,50,NO_TRADE,,No trade warranted,0.0,0.0
2102,2026-09-11 09:20:00 IST,23258.94921875,2026-09-11 03:50:00,,,,,,SIDEWAYS,NEUTRAL,NO_TRADE,NO_TRADE,50,NO_TRADE,,No trade warranted,0.0,0.0
2103,2026-09-11 09:25:00 IST,23258.25,2026-09-11 03:55:00,,,,,,SIDEWAYS,NEUTRAL,NO_TRADE,NO_TRADE,50,NO_TRADE,,No trade warranted,0.0,0.0
2104,2026-09-11 09:30:00 IST,23256.05078125,2026-09-11 04:00:00,,,,,,SIDEWAYS,NEUTRAL,NO_TRADE,NO_TRADE,50,NO_TRADE,,No trade warranted,0.0,0.0
2105,2026-09-11 09:35:00 IST,23259.150390625,2026-09-11 04:05:00,,,,,,SIDEWAYS,NEUTRAL,NO_TRADE,NO_TRADE,50,NO_TRADE,,No trade warranted,0.0,0.0
2106,2026-09-11 09:40:00 IST,23248.19921875,2026-09-11 04:10:00,,,,,,SIDEWAYS,NEUTRAL,NO_TRADE,NO_TRADE,50,NO_TRADE,,No trade warranted,0.0,0.0
2107,2026-09-11 09:45:00 IST,23246.55078125,2026-09-11 04:15:00,,,,,,SIDEWAYS,NEUTRAL,NO_TRADE,NO_TRADE,50,NO_TRADE,,No trade warranted,0.0,0.0
2108,2026-09-11 09:50:00 IST,23246.25,2026-09-11 04:20:00,,,,,,SIDEWAYS,NEUTRAL,NO_TRADE,NO_TRADE,50,NO_TRADE,,No trade warranted,0.0,0.0
2109,2026-09-11 09:55:00 IST,23259.25,2026-09-11 04:25:00,,,,,,SIDEWAYS,NEUTRAL,NO_TRADE,NO_TRADE,50,NO_TRADE,,No trade warranted,0.0,0.0
2110,2026-09-11 10:00:00 IST,23271.900390625,2026-09-11 04:30:00,,,,,,SIDEWAYS,NEUTRAL,NO_TRADE,NO_TRADE,50,NO_TRADE,,No trade warranted,0.0,0.0
2111,2026-09-11 10:05:00 IST,23284.69921875,2026-09-11 04:35:00,,,,,,SIDEWAYS,NEUTRAL,NO_TRADE,NO_TRADE,50,NO_TRADE,,No trade warranted,0.0,0.0
2112,2026-09-11 10:10:00 IST,23297.19921875,2026-09-11 04:40:00,,,,,,SIDEWAYS,NEUTRAL,NO_TRADE,NO_TRADE,50,NO_TRADE,,No trade warranted,0.0,0.0
2113,2026-09-11 10:15:00 IST,23292.5,2026-09-11 04:45:00,,,,,,SIDEWAYS,NEUTRAL,NO_TRADE,NO_TRADE,50,NO_TRADE,,No trade warranted,0.0,0.0
2114,2026-09-11 10:20:00 IST,23300.19921875,2026-09-11 04:50:00,,,,,,SIDEWAYS,NEUTRAL,NO_TRADE,NO_TRADE,50,NO_TRADE,,No trade warranted,0.0,0.0
2115,2026-09-11 10:25:00 IST,23275.44921875,2026-09-11 04:55:00,,,,,,SIDEWAYS,NEUTRAL,NO_TRADE,NO_TRADE,50,NO_TRADE,,No trade warranted,0.0,0.0
2116,2026-09-11 10:30:00 IST,23285.5,2026-09-11 05:00:00,,,,,,SIDEWAYS,NEUTRAL,NO_TRADE,NO_TRADE,50,NO_TRADE,,No trade warranted,0.0,0.0
2117,2026-09-11 10:35:00 IST,23293.80078125,2026-09-11 05:05:00,,,,,,SIDEWAYS,NEUTRAL,NO_TRADE,NO_TRADE,50,NO_TRADE,,No trade warranted,0.0,0.0
2118,2026-09-11 10:40:00 IST,23305.30078125,2026-09-11 05:10:00,,,,,,VOLATILE_EXPANSION,MIXED,NO_TRADE,NO_TRADE,40,NO_TRADE,,No trade warranted,0.0,0.0
2119,2026-09-11 10:45:00 IST,23296.650390625,2026-09-11 05:15:00,,,,,,VOLATILE_EXPANSION,MIXED,NO_TRADE,NO_TRADE,40,NO_TRADE,,No trade warranted,0.0,0.0
2120,2026-09-11 10:50:00 IST,23280.599609375,2026-09-11 05:20:00,,,,,,VOLATILE_EXPANSION,MIXED,NO_TRADE,NO_TRADE,40,NO_TRADE,,No trade warranted,0.0,0.0
2121,2026-09-11 10:55:00 IST,23278.75,2026-09-11 05:25:00,,,,,,VOLATILE_EXPANSION,MIXED,NO_TRADE,NO_TRADE,40,NO_TRADE,,No trade warranted,0.0,0.0
2122,2026-09-11 11:00:00 IST,23283.150390625,2026-09-11 05:30:00,,,,,,VOLATILE_EXPANSION,MIXED,NO_TRADE,NO_TRADE,40,NO_TRADE,,No trade warranted,0.0,0.0
2123,2026-09-11 11:05:00 IST,23297.94921875,2026-09-11 05:35:00,,,,,,VOLATILE_EXPANSION,MIXED,NO_TRADE,NO_TRADE,40,NO_TRADE,,No trade warranted,0.0,0.0
2124,2026-09-11 11:10:00 IST,23337.900390625,2026-09-11 05:40:00,,,,,,VOLATILE_EXPANSION,MIXED,NO_TRADE,NO_TRADE,40,NO_TRADE,,No trade warranted,0.0,0.0
2125,2026-09-11 11:15:00 IST,23342.0,2026-09-11 05:45:00,,,,,,VOLATILE_EXPANSION,MIXED,NO_TRADE,NO_TRADE,40,NO_TRADE,,No trade warranted,0.0,0.0
2126,2026-09-11 11:20:00 IST,23348.849609375,2026-09-11 05:50:00,,,,,,VOLATILE_EXPANSION,MIXED,NO_TRADE,NO_TRADE,40,NO_TRADE,,No trade warranted,0.0,0.0
2127,2026-09-11 11:25:00 IST,23341.849609375,2026-09-11 05:55:00,,,,,,VOLATILE_EXPANSION,MIXED,NO_TRADE,NO_TRADE,40,NO_TRADE,,No trade warranted,0.0,0.0
2128,2026-09-11 11:30:00 IST,23345.400390625,2026-09-11 06:00:00,,,,,,VOLATILE_EXPANSION,MIXED,NO_TRADE,NO_TRADE,40,NO_TRADE,,No trade warranted,0.0,0.0
2129,2026-09-11 11:35:00 IST,23344.650390625,2026-09-11 06:05:00,,,,,,VOLATILE_EXPANSION,MIXED,NO_TRADE,NO_TRADE,40,NO_TRADE,,No trade warranted,0.0,0.0
2130,2026-09-11 11:40:00 IST,23355.25,2026-09-11 06:10:00,,,,,,VOLATILE_EXPANSION,MIXED,NO_TRADE,NO_TRADE,40,NO_TRADE,,No trade warranted,0.0,0.0
2131,2026-09-11 11:45:00 IST,23341.5,2026-09-11 06:15:00,,,,,,VOLATILE_EXPANSION,MIXED,NO_TRADE,NO_TRADE,40,NO_TRADE,,No trade warranted,0.0,0.0
2132,2026-09-11 11:50:00 IST,23344.05078125,2026-09-11 06:20:00,,,,,,VOLATILE_EXPANSION,MIXED,NO_TRADE,NO_TRADE,40,NO_TRADE,,No trade warranted,0.0,0.0
2133,2026-09-11 11:55:00 IST,23352.30078125,2026-09-11 06:25:00,,,,,,VOLATILE_EXPANSION,MIXED,NO_TRADE,NO_TRADE,40,NO_TRADE,,No trade warranted,0.0,0.0
2134,2026-09-11 12:00:00 IST,23349.650390625,2026-09-11 06:30:00,,,,,,VOLATILE_EXPANSION,MIXED,NO_TRADE,NO_TRADE,40,NO_TRADE,,No trade warranted,0.0,0.0
2135,2026-09-11 12:05:00 IST,23346.599609375,2026-09-11 06:35:00,,,,,,VOLATILE_EXPANSION,MIXED,NO_TRADE,NO_TRADE,40,NO_TRADE,,No trade warranted,0.0,0.0
2136,2026-09-11 12:10:00 IST,23332.0,2026-09-11 06:40:00,,,,,,VOLATILE_EXPANSION,MIXED,NO_TRADE,NO_TRADE,40,NO_TRADE,,No trade warranted,0.0,0.0
2137,2026-09-11 12:15:00 IST,23339.650390625,2026-09-11 06:45:00,,,,,,VOLATILE_EXPANSION,MIXED,NO_TRADE,NO_TRADE,40,NO_TRADE,,No trade warranted,0.0,0.0
2138,2026-09-11 12:20:00 IST,23341.80078125,2026-09-11 06:50:00,,,,,,SIDEWAYS,NEUTRAL,NO_TRADE,NO_TRADE,50,NO_TRADE,,No trade warranted,0.0,0.0
2139,2026-09-11 12:25:00 IST,23337.150390625,2026-09-11 06:55:00,,,,,,VOLATILE_EXPANSION,MIXED,NO_TRADE,NO_TRADE,40,NO_TRADE,,No trade warranted,0.0,0.0
2140,2026-09-11 12:30:00 IST,23346.0,2026-09-11 07:00:00,,,,,,SIDEWAYS,NEUTRAL,NO_TRADE,NO_TRADE,50,NO_TRADE,,No trade warranted,0.0,0.0
2141,2026-09-11 12:35:00 IST,23346.0,2026-09-11 07:05:00,,,,,,SIDEWAYS,NEUTRAL,NO_TRADE,NO_TRADE,50,NO_TRADE,,No trade warranted,0.0,0.0
2142,2026-09-11 12:40:00 IST,23349.5,2026-09-11 07:10:00,,,,,,SIDEWAYS,NEUTRAL,NO_TRADE,NO_TRADE,50,NO_TRADE,,No trade warranted,0.0,0.0
2143,2026-09-11 12:45:00 IST,23342.55078125,2026-09-11 07:15:00,,,,,,SIDEWAYS,NEUTRAL,NO_TRADE,NO_TRADE,50,NO_TRADE,,No trade warranted,0.0,0.0
2144,2026-09-11 12:50:00 IST,23347.75,2026-09-11 07:20:00,,,,,,SIDEWAYS,NEUTRAL,NO_TRADE,NO_TRADE,50,NO_TRADE,,No trade warranted,0.0,0.0
2145,2026-09-11 12:55:00 IST,23353.900390625,2026-09-11 07:25:00,,,,,,SIDEWAYS,NEUTRAL,NO_TRADE,NO_TRADE,50,NO_TRADE,,No trade warranted,0.0,0.0
2146,2026-09-11 13:00:00 IST,23331.150390625,2026-09-11 07:30:00,,,,,,SIDEWAYS,NEUTRAL,NO_TRADE,NO_TRADE,50,NO_TRADE,,No trade warranted,0.0,0.0
2147,2026-09-11 13:05:00 IST,23328.150390625,2026-09-11 07:35:00,,,,,,SIDEWAYS,NEUTRAL,NO_TRADE,NO_TRADE,50,NO_TRADE,,No trade warranted,0.0,0.0
2148,2026-09-11 13:10:00 IST,23337.099609375,2026-09-11 07:40:00,,,,,,VOLATILE_EXPANSION,MIXED,NO_TRADE,NO_TRADE,40,NO_TRADE,,No trade warranted,0.0,0.0
2149,2026-09-11 13:15:00 IST,23328.5,2026-09-11 07:45:00,,,,,,VOLATILE_EXPANSION,MIXED,NO_TRADE,NO_TRADE,40,NO_TRADE,,No trade warranted,0.0,0.0
2150,2026-09-11 13:20:00 IST,23337.849609375,2026-09-11 07:50:00,,,,,,SIDEWAYS,NEUTRAL,NO_TRADE,NO_TRADE,30,NO_TRADE,,No trade warranted,0.0,0.0
2151,2026-09-11 13:25:00 IST,23352.69921875,2026-09-11 07:55:00,,,,,,SIDEWAYS,NEUTRAL,NO_TRADE,NO_TRADE,30,NO_TRADE,,No trade warranted,0.0,0.0
2152,2026-09-11 13:30:00 IST,23347.75,2026-09-11 08:00:00,,,,,,SIDEWAYS,NEUTRAL,NO_TRADE,NO_TRADE,30,NO_TRADE,,No trade warranted,0.0,0.0
2153,2026-09-11 13:35:00 IST,23337.69921875,2026-09-11 08:05:00,,,,,,SIDEWAYS,NEUTRAL,NO_TRADE,NO_TRADE,50,NO_TRADE,,No trade warranted,0.0,0.0
2154,2026-09-11 13:40:00 IST,23336.650390625,2026-09-11 08:10:00,,,,,,SIDEWAYS,NEUTRAL,NO_TRADE,NO_TRADE,50,NO_TRADE,,No trade warranted,0.0,0.0
2155,2026-09-11 13:45:00 IST,23338.849609375,2026-09-11 08:15:00,,,,,,SIDEWAYS,NEUTRAL,NO_TRADE,NO_TRADE,30,NO_TRADE,,No trade warranted,0.0,0.0
2156,2026-09-11 13:50:00 IST,23349.19921875,2026-09-11 08:20:00,,,,,,SIDEWAYS,NEUTRAL,NO_TRADE,NO_TRADE,30,NO_TRADE,,No trade warranted,0.0,0.0
2157,2026-09-11 13:55:00 IST,23386.150390625,2026-09-11 08:25:00,2026-09-11 15:25:00 IST,23398.099609375,2026-09-11 09:55:00,,90,SIDEWAYS_TO_BULLISH,MILD_BULLISH,MILD_DIRECTIONAL,CONDITIONAL,40,WIN,0.0511,EOD: Price moved in predicted direction,0.2157,0.0
2158,2026-09-11 14:00:00 IST,23436.599609375,2026-09-11 08:30:00,,,,,,SIDEWAYS,NEUTRAL,NO_TRADE,NO_TRADE,30,NO_TRADE,,No trade warranted,0.0,0.0
2159,2026-09-11 14:05:00 IST,23415.75,2026-09-11 08:35:00,,,,,,SIDEWAYS,NEUTRAL,NO_TRADE,NO_TRADE,30,NO_TRADE,,No trade warranted,0.0,0.0
2160,2026-09-11 14:10:00 IST,23417.150390625,2026-09-11 08:40:00,,,,,,SIDEWAYS,NEUTRAL,NO_TRADE,NO_TRADE,30,NO_TRADE,,No trade warranted,0.0,0.0
2161,2026-09-11 14:15:00 IST,23406.05078125,2026-09-11 08:45:00,,,,,,SIDEWAYS,NEUTRAL,NO_TRADE,NO_TRADE,30,NO_TRADE,,No trade warranted,0.0,0.0
2162,2026-09-11 14:20:00 IST,23416.900390625,2026-09-11 08:50:00,,,,,,SIDEWAYS,NEUTRAL,NO_TRADE,NO_TRADE,30,NO_TRADE,,No trade warranted,0.0,0.0
2163,2026-09-11 14:25:00 IST,23424.400390625,2026-09-11 08:55:00,,,,,,SIDEWAYS,NEUTRAL,NO_TRADE,NO_TRADE,30,NO_TRADE,,No trade warranted,0.0,0.0
2164,2026-09-11 14:30:00 IST,23424.0,2026-09-11 09:00:00,,,,,,SIDEWAYS,NEUTRAL,NO_TRADE,NO_TRADE,30,NO_TRADE,,No trade warranted,0.0,0.0
2165,2026-09-11 14:35:00 IST,23428.400390625,2026-09-11 09:05:00,,,,,,SIDEWAYS,NEUTRAL,NO_TRADE,NO_TRADE,30,NO_TRADE,,No trade warranted,0.0,0.0
2166,2026-09-11 14:40:00 IST,23433.80078125,2026-09-11 09:10:00,,,,,,SIDEWAYS,NEUTRAL,NO_TRADE,NO_TRADE,30,NO_TRADE,,No trade warranted,0.0,0.0
2167,2026-09-11 14:45:00 IST,23424.69921875,2026-09-11 09:15:00,,,,,,SIDEWAYS,NEUTRAL,NO_TRADE,NO_TRADE,30,NO_TRADE,,No trade warranted,0.0,0.0
2168,2026-09-11 14:50:00 IST,23422.75,2026-09-11 09:20:00,,,,,,SIDEWAYS,NEUTRAL,NO_TRADE,NO_TRADE,30,NO_TRADE,,No trade warranted,0.0,0.0
2169,2026-09-11 14:55:00 IST,23420.25,2026-09-11 09:25:00,,,,,,SIDEWAYS,NEUTRAL,NO_TRADE,NO_TRADE,30,NO_TRADE,,No trade warranted,0.0,0.0
2170,2026-09-11 15:00:00 IST,23396.55078125,2026-09-11 09:30:00,,,,,,VOLATILE_EXPANSION,MIXED,NO_TRADE,NO_TRADE,40,NO_TRADE,,No trade warranted,0.0,0.0
2171,2026-09-11 15:05:00 IST,23413.94921875,2026-09-11 09:35:00,,,,,,SIDEWAYS,NEUTRAL,NO_TRADE,NO_TRADE,30,NO_TRADE,,No trade warranted,0.0,0.0
2172,2026-09-11 15:10:00 IST,23435.30078125,2026-09-11 09:40:00,,,,,,SIDEWAYS,NEUTRAL,NO_TRADE,NO_TRADE,30,NO_TRADE,,No trade warranted,0.0,0.0
2173,2026-09-11 15:15:00 IST,23435.099609375,2026-09-11 09:45:00,,,,,,SIDEWAYS,NEUTRAL,NO_TRADE,NO_TRADE,30,NO_TRADE,,No trade warranted,0.0,0.0
2174,2026-09-11 15:20:00 IST,23435.099609375,2026-09-11 09:50:00,,,,,,SIDEWAYS,NEUTRAL,NO_TRADE,NO_TRADE,30,NO_TRADE,,No trade warranted,0.0,0.0
2175,2026-09-11 15:25:00 IST,23398.099609375,2026-09-11 09:55:00,,,,,,VOLATILE_EXPANSION,MIXED,NO_TRADE,NO_TRADE,40,NO_TRADE,,No trade warranted,0.0,0.0
2176,2026-09-15 09:15:00 IST,23501.05078125,2026-09-15 03:45:00,,,,,,SIDEWAYS,NEUTRAL,NO_TRADE,NO_TRADE,50,NO_TRADE,,No trade warranted,0.0,0.0
2177,2026-09-15 09:20:00 IST,23474.19921875,2026-09-15 03:50:00,,,,,,SIDEWAYS,NEUTRAL,NO_TRADE,NO_TRADE,50,NO_TRADE,,No trade warranted,0.0,0.0
2178,2026-09-15 09:25:00 IST,23463.900390625,2026-09-15 03:55:00,,,,,,SIDEWAYS,NEUTRAL,NO_TRADE,NO_TRADE,50,NO_TRADE,,No trade warranted,0.0,0.0
2179,2026-09-15 09:30:00 IST,23455.55078125,2026-09-15 04:00:00,,,,,,SIDEWAYS,NEUTRAL,NO_TRADE,NO_TRADE,50,NO_TRADE,,No trade warranted,0.0,0.0
2180,2026-09-15 09:35:00 IST,23456.75,2026-09-15 04:05:00,,,,,,SIDEWAYS,NEUTRAL,NO_TRADE,NO_TRADE,50,NO_TRADE,,No trade warranted,0.0,0.0
2181,2026-09-15 09:40:00 IST,23448.099609375,2026-09-15 04:10:00,,,,,,SIDEWAYS,NEUTRAL,NO_TRADE,NO_TRADE,50,NO_TRADE,,No trade warranted,0.0,0.0
2182,2026-09-15 09:45:00 IST,23417.19921875,2026-09-15 04:15:00,,,,,,SIDEWAYS,NEUTRAL,NO_TRADE,NO_TRADE,50,NO_TRADE,,No trade warranted,0.0,0.0
2183,2026-09-15 09:50:00 IST,23403.5,2026-09-15 04:20:00,,,,,,SIDEWAYS,NEUTRAL,NO_TRADE,NO_TRADE,50,NO_TRADE,,No trade warranted,0.0,0.0
2184,2026-09-15 09:55:00 IST,23394.599609375,2026-09-15 04:25:00,,,,,,SIDEWAYS,NEUTRAL,NO_TRADE,NO_TRADE,50,NO_TRADE,,No trade warranted,0.0,0.0
2185,2026-09-15 10:00:00 IST,23385.19921875,2026-09-15 04:30:00,,,,,,SIDEWAYS,NEUTRAL,NO_TRADE,NO_TRADE,50,NO_TRADE,,No trade warranted,0.0,0.0
2186,2026-09-15 10:05:00 IST,23374.349609375,2026-09-15 04:35:00,,,,,,SIDEWAYS,NEUTRAL,NO_TRADE,NO_TRADE,50,NO_TRADE,,No trade warranted,0.0,0.0
2187,2026-09-15 10:10:00 IST,23386.75,2026-09-15 04:40:00,,,,,,SIDEWAYS,NEUTRAL,NO_TRADE,NO_TRADE,50,NO_TRADE,,No trade warranted,0.0,0.0
2188,2026-09-15 10:15:00 IST,23389.55078125,2026-09-15 04:45:00,,,,,,SIDEWAYS,NEUTRAL,NO_TRADE,NO_TRADE,50,NO_TRADE,,No trade warranted,0.0,0.0
2189,2026-09-15 10:20:00 IST,23383.44921875,2026-09-15 04:50:00,,,,,,SIDEWAYS,NEUTRAL,NO_TRADE,NO_TRADE,50,NO_TRADE,,No trade warranted,0.0,0.0
2190,2026-09-15 10:25:00 IST,23362.650390625,2026-09-15 04:55:00,,,,,,VOLATILE_EXPANSION,MIXED,NO_TRADE,NO_TRADE,40,NO_TRADE,,No trade warranted,0.0,0.0
2191,2026-09-15 10:30:00 IST,23365.599609375,2026-09-15 05:00:00,,,,,,VOLATILE_EXPANSION,MIXED,NO_TRADE,NO_TRADE,40,NO_TRADE,,No trade warranted,0.0,0.0
2192,2026-09-15 10:35:00 IST,23371.400390625,2026-09-15 05:05:00,,,,,,VOLATILE_EXPANSION,MIXED,NO_TRADE,NO_TRADE,40,NO_TRADE,,No trade warranted,0.0,0.0
2193,2026-09-15 10:40:00 IST,23351.19921875,2026-09-15 05:10:00,,,,,,VOLATILE_EXPANSION,MIXED,NO_TRADE,NO_TRADE,40,NO_TRADE,,No trade warranted,0.0,0.0
2194,2026-09-15 10:45:00 IST,23339.19921875,2026-09-15 05:15:00,,,,,,VOLATILE_EXPANSION,MIXED,NO_TRADE,NO_TRADE,40,NO_TRADE,,No trade warranted,0.0,0.0
2195,2026-09-15 10:50:00 IST,23336.0,2026-09-15 05:20:00,,,,,,VOLATILE_EXPANSION,MIXED,NO_TRADE,NO_TRADE,40,NO_TRADE,,No trade warranted,0.0,0.0
2196,2026-09-15 10:55:00 IST,23338.349609375,2026-09-15 05:25:00,,,,,,VOLATILE_EXPANSION,MIXED,NO_TRADE,NO_TRADE,40,NO_TRADE,,No trade warranted,0.0,0.0
2197,2026-09-15 11:00:00 IST,23360.44921875,2026-09-15 05:30:00,,,,,,VOLATILE_EXPANSION,MIXED,NO_TRADE,NO_TRADE,40,NO_TRADE,,No trade warranted,0.0,0.0
2198,2026-09-15 11:05:00 IST,23333.900390625,2026-09-15 05:35:00,,,,,,VOLATILE_EXPANSION,MIXED,NO_TRADE,NO_TRADE,40,NO_TRADE,,No trade warranted,0.0,0.0
2199,2026-09-15 11:10:00 IST,23345.400390625,2026-09-15 05:40:00,,,,,,VOLATILE_EXPANSION,MIXED,NO_TRADE,NO_TRADE,40,NO_TRADE,,No trade warranted,0.0,0.0
2200,2026-09-15 11:15:00 IST,23322.099609375,2026-09-15 05:45:00,,,,,,VOLATILE_EXPANSION,MIXED,NO_TRADE,NO_TRADE,40,NO_TRADE,,No trade warranted,0.0,0.0
2201,2026-09-15 11:20:00 IST,23331.349609375,2026-09-15 05:50:00,,,,,,VOLATILE_EXPANSION,MIXED,NO_TRADE,NO_TRADE,40,NO_TRADE,,No trade warranted,0.0,0.0
2202,2026-09-15 11:25:00 IST,23317.650390625,2026-09-15 05:55:00,,,,,,VOLATILE_EXPANSION,MIXED,NO_TRADE,NO_TRADE,40,NO_TRADE,,No trade warranted,0.0,0.0
2203,2026-09-15 11:30:00 IST,23323.900390625,2026-09-15 06:00:00,,,,,,VOLATILE_EXPANSION,MIXED,NO_TRADE,NO_TRADE,40,NO_TRADE,,No trade warranted,0.0,0.0
2204,2026-09-15 11:35:00 IST,23345.75,2026-09-15 06:05:00,,,,,,SIDEWAYS,NEUTRAL,NO_TRADE,NO_TRADE,50,NO_TRADE,,No trade warranted,0.0,0.0
2205,2026-09-15 11:40:00 IST,23342.05078125,2026-09-15 06:10:00,,,,,,SIDEWAYS,NEUTRAL,NO_TRADE,NO_TRADE,50,NO_TRADE,,No trade warranted,0.0,0.0
2206,2026-09-15 11:45:00 IST,23329.849609375,2026-09-15 06:15:00,,,,,,SIDEWAYS,NEUTRAL,NO_TRADE,NO_TRADE,50,NO_TRADE,,No trade warranted,0.0,0.0
2207,2026-09-15 11:50:00 IST,23322.94921875,2026-09-15 06:20:00,,,,,,SIDEWAYS,NEUTRAL,NO_TRADE,NO_TRADE,50,NO_TRADE,,No trade warranted,0.0,0.0
2208,2026-09-15 11:55:00 IST,23336.400390625,2026-09-15 06:25:00,,,,,,SIDEWAYS,NEUTRAL,NO_TRADE,NO_TRADE,50,NO_TRADE,,No trade warranted,0.0,0.0
2209,2026-09-15 12:00:00 IST,23345.30078125,2026-09-15 06:30:00,,,,,,SIDEWAYS,NEUTRAL,NO_TRADE,NO_TRADE,50,NO_TRADE,,No trade warranted,0.0,0.0
2210,2026-09-15 12:05:00 IST,23338.400390625,2026-09-15 06:35:00,,,,,,SIDEWAYS,NEUTRAL,NO_TRADE,NO_TRADE,50,NO_TRADE,,No trade warranted,0.0,0.0
2211,2026-09-15 12:10:00 IST,23335.849609375,2026-09-15 06:40:00,,,,,,SIDEWAYS,NEUTRAL,NO_TRADE,NO_TRADE,50,NO_TRADE,,No trade warranted,0.0,0.0
2212,2026-09-15 12:15:00 IST,23326.69921875,2026-09-15 06:45:00,,,,,,SIDEWAYS,NEUTRAL,NO_TRADE,NO_TRADE,50,NO_TRADE,,No trade warranted,0.0,0.0
2213,2026-09-15 12:20:00 IST,23332.400390625,2026-09-15 06:50:00,,,,,,SIDEWAYS,NEUTRAL,NO_TRADE,NO_TRADE,50,NO_TRADE,,No trade warranted,0.0,0.0
2214,2026-09-15 12:25:00 IST,23337.400390625,2026-09-15 06:55:00,,,,,,SIDEWAYS,NEUTRAL,NO_TRADE,NO_TRADE,50,NO_TRADE,,No trade warranted,0.0,0.0
2215,2026-09-15 12:30:00 IST,23320.55078125,2026-09-15 07:00:00,,,,,,SIDEWAYS,NEUTRAL,NO_TRADE,NO_TRADE,50,NO_TRADE,,No trade warranted,0.0,0.0
2216,2026-09-15 12:35:00 IST,23322.55078125,2026-09-15 07:05:00,,,,,,SIDEWAYS,NEUTRAL,NO_TRADE,NO_TRADE,50,NO_TRADE,,No trade warranted,0.0,0.0
2217,2026-09-15 12:40:00 IST,23315.05078125,2026-09-15 07:10:00,,,,,,SIDEWAYS,NEUTRAL,NO_TRADE,NO_TRADE,50,NO_TRADE,,No trade warranted,0.0,0.0
2218,2026-09-15 12:45:00 IST,23327.150390625,2026-09-15 07:15:00,,,,,,SIDEWAYS,NEUTRAL,NO_TRADE,NO_TRADE,50,NO_TRADE,,No trade warranted,0.0,0.0
2219,2026-09-15 12:50:00 IST,23328.900390625,2026-09-15 07:20:00,,,,,,SIDEWAYS,NEUTRAL,NO_TRADE,NO_TRADE,50,NO_TRADE,,No trade warranted,0.0,0.0
2220,2026-09-15 12:55:00 IST,23308.599609375,2026-09-15 07:25:00,,,,,,VOLATILE_EXPANSION,MIXED,NO_TRADE,NO_TRADE,40,NO_TRADE,,No trade warranted,0.0,0.0
2221,2026-09-15 13:00:00 IST,23308.599609375,2026-09-15 07:30:00,,,,,,SIDEWAYS,NEUTRAL,NO_TRADE,NO_TRADE,50,NO_TRADE,,No trade warranted,0.0,0.0
2222,2026-09-15 13:05:00 IST,23305.900390625,2026-09-15 07:35:00,,,,,,SIDEWAYS,NEUTRAL,NO_TRADE,NO_TRADE,50,NO_TRADE,,No trade warranted,0.0,0.0
2223,2026-09-15 13:10:00 IST,23294.94921875,2026-09-15 07:40:00,,,,,,VOLATILE_EXPANSION,MIXED,NO_TRADE,NO_TRADE,40,NO_TRADE,,No trade warranted,0.0,0.0
2224,2026-09-15 13:15:00 IST,23294.150390625,2026-09-15 07:45:00,,,,,,VOLATILE_EXPANSION,MIXED,NO_TRADE,NO_TRADE,40,NO_TRADE,,No trade warranted,0.0,0.0
2225,2026-09-15 13:20:00 IST,23285.400390625,2026-09-15 07:50:00,,,,,,SIDEWAYS,NEUTRAL,NO_TRADE,NO_TRADE,30,NO_TRADE,,No trade warranted,0.0,0.0
2226,2026-09-15 13:25:00 IST,23281.05078125,2026-09-15 07:55:00,,,,,,SIDEWAYS,NEUTRAL,NO_TRADE,NO_TRADE,30,NO_TRADE,,No trade warranted,0.0,0.0
2227,2026-09-15 13:30:00 IST,23272.05078125,2026-09-15 08:00:00,,,,,,SIDEWAYS,NEUTRAL,NO_TRADE,NO_TRADE,30,NO_TRADE,,No trade warranted,0.0,0.0
2228,2026-09-15 13:35:00 IST,23269.30078125,2026-09-15 08:05:00,,,,,,SIDEWAYS,NEUTRAL,NO_TRADE,NO_TRADE,30,NO_TRADE,,No trade warranted,0.0,0.0
2229,2026-09-15 13:40:00 IST,23263.25,2026-09-15 08:10:00,,,,,,SIDEWAYS,NEUTRAL,NO_TRADE,NO_TRADE,30,NO_TRADE,,No trade warranted,0.0,0.0
2230,2026-09-15 13:45:00 IST,23271.349609375,2026-09-15 08:15:00,,,,,,SIDEWAYS,NEUTRAL,NO_TRADE,NO_TRADE,30,NO_TRADE,,No trade warranted,0.0,0.0
2231,2026-09-15 13:50:00 IST,23269.099609375,2026-09-15 08:20:00,,,,,,SIDEWAYS,NEUTRAL,NO_TRADE,NO_TRADE,30,NO_TRADE,,No trade warranted,0.0,0.0
2232,2026-09-15 13:55:00 IST,23272.349609375,2026-09-15 08:25:00,,,,,,SIDEWAYS,NEUTRAL,NO_TRADE,NO_TRADE,30,NO_TRADE,,No trade warranted,0.0,0.0
2233,2026-09-15 14:00:00 IST,23271.44921875,2026-09-15 08:30:00,,,,,,SIDEWAYS,NEUTRAL,NO_TRADE,NO_TRADE,30,NO_TRADE,,No trade warranted,0.0,0.0
2234,2026-09-15 14:05:00 IST,23260.099609375,2026-09-15 08:35:00,,,,,,SIDEWAYS,NEUTRAL,NO_TRADE,NO_TRADE,30,NO_TRADE,,No trade warranted,0.0,0.0
2235,2026-09-15 14:10:00 IST,23230.19921875,2026-09-15 08:40:00,,,,,,SIDEWAYS,NEUTRAL,NO_TRADE,NO_TRADE,30,NO_TRADE,,No trade warranted,0.0,0.0
2236,2026-09-15 14:15:00 IST,23197.80078125,2026-09-15 08:45:00,,,,,,SIDEWAYS,NEUTRAL,NO_TRADE,NO_TRADE,30,NO_TRADE,,No trade warranted,0.0,0.0
2237,2026-09-15 14:20:00 IST,23206.25,2026-09-15 08:50:00,,,,,,SIDEWAYS,NEUTRAL,NO_TRADE,NO_TRADE,30,NO_TRADE,,No trade warranted,0.0,0.0
2238,2026-09-15 14:25:00 IST,23202.80078125,2026-09-15 08:55:00,,,,,,SIDEWAYS,NEUTRAL,NO_TRADE,NO_TRADE,30,NO_TRADE,,No trade warranted,0.0,0.0
2239,2026-09-15 14:30:00 IST,23210.19921875,2026-09-15 09:00:00,,,,,,SIDEWAYS,NEUTRAL,NO_TRADE,NO_TRADE,30,NO_TRADE,,No trade warranted,0.0,0.0
2240,2026-09-15 14:35:00 IST,23215.849609375,2026-09-15 09:05:00,,,,,,SIDEWAYS,NEUTRAL,NO_TRADE,NO_TRADE,30,NO_TRADE,,No trade warranted,0.0,0.0
2241,2026-09-15 14:40:00 IST,23215.75,2026-09-15 09:10:00,,,,,,SIDEWAYS,NEUTRAL,NO_TRADE,NO_TRADE,30,NO_TRADE,,No trade warranted,0.0,0.0
2242,2026-09-15 14:45:00 IST,23164.0,2026-09-15 09:15:00,,,,,,SIDEWAYS,NEUTRAL,NO_TRADE,NO_TRADE,30,NO_TRADE,,No trade warranted,0.0,0.0
2243,2026-09-15 14:50:00 IST,23177.75,2026-09-15 09:20:00,,,,,,SIDEWAYS,NEUTRAL,NO_TRADE,NO_TRADE,30,NO_TRADE,,No trade warranted,0.0,0.0
2244,2026-09-15 14:55:00 IST,23174.900390625,2026-09-15 09:25:00,,,,,,SIDEWAYS,NEUTRAL,NO_TRADE,NO_TRADE,30,NO_TRADE,,No trade warranted,0.0,0.0
2245,2026-09-15 15:00:00 IST,23182.75,2026-09-15 09:30:00,,,,,,SIDEWAYS,NEUTRAL,NO_TRADE,NO_TRADE,30,NO_TRADE,,No trade warranted,0.0,0.0
2246,2026-09-15 15:05:00 IST,23172.94921875,2026-09-15 09:35:00,,,,,,SIDEWAYS,NEUTRAL,NO_TRADE,NO_TRADE,30,NO_TRADE,,No trade warranted,0.0,0.0
2247,2026-09-15 15:10:00 IST,23172.25,2026-09-15 09:40:00,,,,,,SIDEWAYS,NEUTRAL,NO_TRADE,NO_TRADE,30,NO_TRADE,,No trade warranted,0.0,0.0
2248,2026-09-15 15:15:00 IST,23172.349609375,2026-09-15 09:45:00,,,,,,SIDEWAYS,NEUTRAL,NO_TRADE,NO_TRADE,30,NO_TRADE,,No trade warranted,0.0,0.0
2249,2026-09-15 15:20:00 IST,23172.349609375,2026-09-15 09:50:00,,,,,,SIDEWAYS,NEUTRAL,NO_TRADE,NO_TRADE,30,NO_TRADE,,No trade warranted,0.0,0.0
2250,2026-09-15 15:25:00 IST,23118.599609375,2026-09-15 09:55:00,,,,,,SIDEWAYS,NEUTRAL,NO_TRADE,NO_TRADE,30,NO_TRADE,,No trade warranted,0.0,0.0
