trade_id,timestamp,entry_price,exit_price,exit_reason,outcome,pnl,stop,target,strategy,signal,direction
PT-20260917145413-9E0068,2026-08-10 05:30:00,24600.75,24556.25,STOP_LOSS,STOPPED,-890.0,24563.810123697916,24969.761249999996,,BULLISH,BULLISH
PT-20260917145413-403E3D,2026-08-10 05:35:00,24591.30078125,24556.25,STOP_LOSS,STOPPED,-701.015625,24565.129296875,24960.17029296875,,BULLISH,BULLISH
PT-20260917145413-B18F63,2026-08-10 05:40:00,24602.349609375,24556.25,STOP_LOSS,STOPPED,-921.9921875,24567.837597656246,24971.38485351562,,BULLISH,BULLISH
PT-20260917145413-2CAFF9,2026-08-10 05:45:00,24601.599609375,24556.25,STOP_LOSS,STOPPED,-906.9921875,24571.552571614586,24970.62360351562,,BULLISH,BULLISH
PT-20260917145413-DBEC35,2026-08-10 05:50:00,24601.150390625,24573.55078125,STOP_LOSS,STOPPED,-551.9921875,24575.57841796875,24970.167646484373,,BULLISH,BULLISH
PT-20260917145413-DAD141,2026-08-10 05:55:00,24603.900390625,24579.25,STOP_LOSS,STOPPED,-493.0078125,24579.40673828125,24972.95889648437,,BULLISH,BULLISH
PT-20260917145413-462788,2026-08-10 06:05:00,24595.55078125,24583.150390625,STOP_LOSS,STOPPED,-248.0078125,24585.335904947915,24964.484042968747,,BULLISH,BULLISH
PT-20260917145413-A3D4E6,2026-08-10 06:30:00,24594.19921875,24593.94921875,STOP_LOSS,STOPPED,-5.0,24594.23251953125,24963.11220703125,,BULLISH,BULLISH
PT-20260917145413-A334E4,2026-08-10 06:35:00,24593.94921875,24591.05078125,STOP_LOSS,STOPPED,-57.96875,24594.37916666667,24962.85845703125,,BULLISH,BULLISH
PT-20260917145414-4A3198,2026-08-10 06:40:00,24606.80078125,24591.05078125,STOP_LOSS,STOPPED,-315.0,24594.9841796875,24975.902792968747,,BULLISH,BULLISH
PT-20260917145414-88240F,2026-08-10 06:45:00,24608.0,24591.05078125,STOP_LOSS,STOPPED,-338.984375,24595.935026041665,24977.12,,BULLISH,BULLISH
PT-20260917145414-9B6963,2026-08-10 06:50:00,24602.0,24596.099609375,STOP_LOSS,STOPPED,-118.0078125,24596.19085286458,24971.03,,BULLISH,BULLISH
PT-20260917145414-21FC7B,2026-08-10 06:55:00,24610.599609375,24596.099609375,STOP_LOSS,STOPPED,-290.0,24596.408333333333,24979.758603515624,,BULLISH,BULLISH
PT-20260917145414-E04634,2026-08-10 07:00:00,24609.30078125,24596.099609375,STOP_LOSS,STOPPED,-264.0234375,24597.317513020833,24978.440292968746,,BULLISH,BULLISH
PT-20260917145414-25D136,2026-08-10 07:05:00,24612.5,24598.25,STOP_LOSS,STOPPED,-285.0,24598.39085286458,24981.687499999996,,BULLISH,BULLISH
PT-20260917145414-113AE6,2026-08-10 07:35:00,24579.25,24573.55078125,TARGET_HIT,TARGET_HIT,113.984375,24596.369986979167,24210.56125,,BEARISH,BEARISH
PT-20260917145414-48E373,2026-08-10 07:40:00,24573.55078125,24586.849609375,TARGET_HIT,TARGET_HIT,-265.9765625,24595.634993489584,24204.947519531248,,BEARISH,BEARISH
PT-20260917145414-4D68FE,2026-08-10 07:45:00,24586.849609375,24585.599609375,TARGET_HIT,TARGET_HIT,25.0,24595.189127604168,24218.046865234373,,BEARISH,BEARISH
PT-20260917145414-70E679,2026-08-10 08:10:00,24606.349609375,24591.849609375,STOP_LOSS,STOPPED,-290.0,24596.479166666668,24975.444853515623,,BULLISH,BULLISH
PT-20260917145414-036E9F,2026-08-10 08:15:00,24604.599609375,24591.849609375,STOP_LOSS,STOPPED,-255.0,24597.012500000004,24973.668603515624,,BULLISH,BULLISH
PT-20260917145414-61A9FF,2026-08-10 08:20:00,24605.400390625,24591.849609375,STOP_LOSS,STOPPED,-271.015625,24597.13746744792,24974.481396484374,,BULLISH,BULLISH
PT-20260917145414-F3CDD7,2026-08-10 08:35:00,24597.849609375,24587.55078125,STOP_LOSS,STOPPED,-205.9765625,24595.08994140625,24966.817353515624,,BULLISH,BULLISH
PT-20260917145414-EFC4F6,2026-08-10 09:00:00,24582.44921875,24573.94921875,TARGET_HIT,TARGET_HIT,170.0,24591.283300781248,24213.71248046875,,BEARISH,BEARISH
PT-20260917145414-555137,2026-08-10 09:05:00,24573.94921875,24572.5,TARGET_HIT,TARGET_HIT,28.984375,24590.610774739584,24205.33998046875,,BEARISH,BEARISH
PT-20260917145414-CE5B4A,2026-08-10 09:10:00,24572.5,24556.25,TARGET_HIT,TARGET_HIT,325.0,24589.891634114585,24203.9125,,BEARISH,BEARISH
PT-20260917145414-65DFE8,2026-08-10 09:15:00,24556.25,24558.94921875,TARGET_HIT,TARGET_HIT,-53.984375,24588.71748046875,24187.90625,,BEARISH,BEARISH
PT-20260917145414-3BCAC1,2026-08-10 09:20:00,24558.94921875,24567.849609375,TARGET_HIT,TARGET_HIT,-178.0078125,24587.757454427086,24190.56498046875,,BEARISH,BEARISH
PT-20260917145414-0BAB26,2026-08-10 09:25:00,24567.849609375,24572.0,TARGET_HIT,TARGET_HIT,-83.0078125,24586.7666015625,24199.331865234373,,BEARISH,BEARISH
PT-20260917145415-44B427,2026-08-10 09:30:00,24572.0,24553.5,TARGET_HIT,TARGET_HIT,370.0,24585.735774739584,24203.42,,BEARISH,BEARISH
PT-20260917145415-47A13B,2026-08-10 09:35:00,24553.5,24560.05078125,TARGET_HIT,TARGET_HIT,-131.015625,24584.2599609375,24185.1975,,BEARISH,BEARISH
PT-20260917145415-B916A3,2026-08-10 09:40:00,24560.05078125,24560.150390625,TARGET_HIT,TARGET_HIT,-1.9921875,24582.3158203125,24191.65001953125,,BEARISH,BEARISH
PT-20260917145415-1D7F5A,2026-08-10 09:45:00,24560.150390625,24560.150390625,TARGET_HIT,TARGET_HIT,-0.0,24580.352506510415,24191.748134765625,,BEARISH,BEARISH
PT-20260917145415-AB61CD,2026-08-10 09:50:00,24560.150390625,24583.80078125,TARGET_HIT,TARGET_HIT,-473.0078125,24578.15335286458,24191.748134765625,,BEARISH,BEARISH
PT-20260917145415-FA504C,2026-08-11 03:45:00,24504.75,24500.150390625,TARGET_HIT,TARGET_HIT,91.9921875,24572.86005859375,24137.17875,,BEARISH,BEARISH
PT-20260917145415-A68BC4,2026-08-11 03:50:00,24500.150390625,24487.400390625,TARGET_HIT,TARGET_HIT,255.0,24568.023404947915,24132.648134765626,,BEARISH,BEARISH
PT-20260917145415-AF6D6F,2026-08-11 03:55:00,24487.400390625,24488.349609375,TARGET_HIT,TARGET_HIT,-18.984375,24563.217578125,24120.089384765626,,BEARISH,BEARISH
PT-20260917145415-4570A7,2026-08-11 04:00:00,24488.349609375,24481.75,TARGET_HIT,TARGET_HIT,131.9921875,24557.682584635415,24121.024365234374,,BEARISH,BEARISH
PT-20260917145415-C236EA,2026-08-11 04:05:00,24481.75,24479.25,TARGET_HIT,TARGET_HIT,50.0,24552.430924479166,24114.52375,,BEARISH,BEARISH
PT-20260917145415-F2BE0E,2026-08-11 04:10:00,24479.25,24472.150390625,TARGET_HIT,TARGET_HIT,141.9921875,24546.945084635412,24112.06125,,BEARISH,BEARISH
PT-20260917145415-3949EB,2026-08-11 04:15:00,24472.150390625,24468.599609375,TARGET_HIT,TARGET_HIT,71.015625,24541.211783854164,24105.068134765625,,BEARISH,BEARISH
PT-20260917145415-DFB9E2,2026-08-11 04:20:00,24468.599609375,24486.849609375,TARGET_HIT,TARGET_HIT,-365.0,24535.294238281247,24101.570615234374,,BEARISH,BEARISH
PT-20260917145415-5EF0EE,2026-08-11 04:25:00,24486.849609375,24486.55078125,TARGET_HIT,TARGET_HIT,5.9765625,24530.0267578125,24119.546865234373,,BEARISH,BEARISH
PT-20260917145415-957D1B,2026-08-11 04:30:00,24486.55078125,24479.55078125,TARGET_HIT,TARGET_HIT,140.0,24525.583463541665,24119.25251953125,,BEARISH,BEARISH
PT-20260917145415-B2C5C6,2026-08-11 04:35:00,24479.55078125,24473.0,TARGET_HIT,TARGET_HIT,131.015625,24521.032649739587,24112.35751953125,,BEARISH,BEARISH
PT-20260917145416-5317A6,2026-08-11 04:40:00,24473.0,24467.599609375,TARGET_HIT,TARGET_HIT,108.0078125,24516.782649739587,24105.905,,BEARISH,BEARISH
PT-20260917145416-2DEF2B,2026-08-11 04:45:00,24467.599609375,24470.30078125,TARGET_HIT,TARGET_HIT,-54.0234375,24512.544335937506,24100.585615234373,,BEARISH,BEARISH
PT-20260917145416-C9C216,2026-08-11 04:50:00,24470.30078125,24479.0,TARGET_HIT,TARGET_HIT,-173.984375,24507.856868489587,24103.24626953125,,BEARISH,BEARISH
PT-20260917145416-DA8544,2026-08-11 04:55:00,24479.0,24480.69921875,TARGET_HIT,TARGET_HIT,-33.984375,24503.485221354167,24111.815,,BEARISH,BEARISH
PT-20260917145416-AC0A3F,2026-08-11 05:00:00,24480.69921875,24478.94921875,TARGET_HIT,TARGET_HIT,35.0,24499.44853515625,24113.48873046875,,BEARISH,BEARISH
PT-20260917145416-57263F,2026-08-11 05:05:00,24478.94921875,24474.75,TARGET_HIT,TARGET_HIT,83.984375,24495.536002604167,24111.76498046875,,BEARISH,BEARISH
PT-20260917145416-8A49EC,2026-08-11 05:10:00,24474.75,24468.400390625,TARGET_HIT,TARGET_HIT,126.9921875,24491.320149739582,24107.62875,,BEARISH,BEARISH
PT-20260917145416-B5786F,2026-08-11 05:15:00,24468.400390625,24476.69921875,TARGET_HIT,TARGET_HIT,-165.9765625,24486.780957031246,24101.374384765626,,BEARISH,BEARISH
PT-20260917145416-006EFF,2026-08-11 05:20:00,24476.69921875,24469.0,TARGET_HIT,TARGET_HIT,153.984375,24481.75257161458,24109.54873046875,,BEARISH,BEARISH
PT-20260917145416-ABE6C9,2026-08-11 05:25:00,24469.0,24452.0,TARGET_HIT,TARGET_HIT,340.0,24479.020084635413,24101.965,,BEARISH,BEARISH
PT-20260917145416-4D6CCF,2026-08-11 05:30:00,24452.0,24445.650390625,TARGET_HIT,TARGET_HIT,126.9921875,24476.910904947916,24085.22,,BEARISH,BEARISH
PT-20260917145416-F750D6,2026-08-11 05:35:00,24445.650390625,24451.25,TARGET_HIT,TARGET_HIT,-111.9921875,24474.68753255208,24078.965634765624,,BEARISH,BEARISH
PT-20260917145416-A04B0D,2026-08-11 05:40:00,24451.25,24449.19921875,TARGET_HIT,TARGET_HIT,41.015625,24472.724218749998,24084.48125,,BEARISH,BEARISH
PT-20260917145416-AB348A,2026-08-11 05:45:00,24449.19921875,24445.650390625,TARGET_HIT,TARGET_HIT,70.9765625,24470.870865885412,24082.46123046875,,BEARISH,BEARISH
PT-20260917145416-A9159B,2026-08-11 05:50:00,24445.650390625,24442.599609375,TARGET_HIT,TARGET_HIT,61.015625,24469.326692708328,24078.965634765624,,BEARISH,BEARISH
PT-20260917145416-51CB74,2026-08-11 05:55:00,24442.599609375,24442.599609375,TARGET_HIT,TARGET_HIT,-0.0,24467.78167317708,24075.960615234373,,BEARISH,BEARISH
PT-20260917145416-130422,2026-08-11 06:00:00,24442.599609375,24447.650390625,TARGET_HIT,TARGET_HIT,-101.015625,24466.360839843746,24075.960615234373,,BEARISH,BEARISH
PT-20260917145416-DB8746,2026-08-11 06:05:00,24447.650390625,24448.599609375,TARGET_HIT,TARGET_HIT,-18.984375,24464.724186197913,24080.935634765625,,BEARISH,BEARISH
PT-20260917145416-D478A1,2026-08-11 06:10:00,24448.599609375,24453.400390625,TARGET_HIT,TARGET_HIT,-96.015625,24462.86751302083,24081.870615234373,,BEARISH,BEARISH
PT-20260917145416-BA4CCD,2026-08-11 06:15:00,24453.400390625,24442.19921875,TARGET_HIT,TARGET_HIT,224.0234375,24461.408300781244,24086.599384765625,,BEARISH,BEARISH
PT-20260917145417-5DADE3,2026-08-11 06:20:00,24442.19921875,24444.05078125,TARGET_HIT,TARGET_HIT,-37.03125,24459.933300781246,24075.56623046875,,BEARISH,BEARISH
PT-20260917145417-DE0A19,2026-08-11 06:25:00,24444.05078125,24431.05078125,TARGET_HIT,TARGET_HIT,260.0,24458.414160156248,24077.39001953125,,BEARISH,BEARISH
PT-20260917145417-54734B,2026-08-11 06:30:00,24431.05078125,24434.650390625,TARGET_HIT,TARGET_HIT,-71.9921875,24456.70748697916,24064.58501953125,,BEARISH,BEARISH
PT-20260917145417-F3A115,2026-08-11 06:35:00,24434.650390625,24444.650390625,TARGET_HIT,TARGET_HIT,-200.0,24454.54830729166,24068.130634765625,,BEARISH,BEARISH
PT-20260917145417-DFFA7B,2026-08-11 06:40:00,24444.650390625,24439.30078125,TARGET_HIT,TARGET_HIT,106.9921875,24452.71165364583,24077.980634765623,,BEARISH,BEARISH
PT-20260917145417-7ECB6C,2026-08-11 06:45:00,24439.30078125,24431.849609375,TARGET_HIT,TARGET_HIT,149.0234375,24450.829166666663,24072.71126953125,,BEARISH,BEARISH
PT-20260917145417-E2D066,2026-08-11 06:50:00,24431.849609375,24439.650390625,TARGET_HIT,TARGET_HIT,-156.015625,24448.86416015625,24065.371865234374,,BEARISH,BEARISH
PT-20260917145417-38F4DD,2026-08-11 06:55:00,24439.650390625,24444.25,TARGET_HIT,TARGET_HIT,-91.9921875,24447.260839843748,24073.055634765624,,BEARISH,BEARISH
PT-20260917145417-332E76,2026-08-11 07:00:00,24444.25,24439.849609375,TARGET_HIT,TARGET_HIT,88.0078125,24445.624186197914,24077.58625,,BEARISH,BEARISH
PT-20260917145417-62EDBE,2026-08-11 07:05:00,24439.849609375,24451.19921875,TARGET_HIT,TARGET_HIT,-226.9921875,24444.080826822912,24073.251865234375,,BEARISH,BEARISH
PT-20260917145417-6F969C,2026-08-11 07:20:00,24448.650390625,24440.5,TARGET_HIT,TARGET_HIT,163.0078125,24444.007552083334,24081.920634765625,,BEARISH,BEARISH
PT-20260917145417-434F2B,2026-08-11 07:25:00,24440.5,24456.69921875,TARGET_HIT,TARGET_HIT,-323.984375,24443.700097656252,24073.892499999998,,BEARISH,BEARISH
PT-20260917145417-BCEEF1,2026-08-11 09:00:00,24443.25,24437.75,TARGET_HIT,TARGET_HIT,110.0,24455.159342447914,24076.60125,,BEARISH,BEARISH
PT-20260917145417-73713F,2026-08-11 09:05:00,24437.75,24448.05078125,TARGET_HIT,TARGET_HIT,-206.015625,24455.06767578125,24071.18375,,BEARISH,BEARISH
PT-20260917145417-994FA6,2026-08-11 09:10:00,24448.05078125,24453.349609375,TARGET_HIT,TARGET_HIT,-105.9765625,24454.821842447916,24081.33001953125,,BEARISH,BEARISH
PT-20260917145417-90278E,2026-08-11 09:55:00,24471.69921875,24471.69921875,SESSION_CLOSE,EXPIRED,0.0,24454.610026041668,24838.774707031247,,BULLISH,BULLISH
PT-20260917145417-8F9999,2026-08-12 03:50:00,24422.900390625,24457.25,TARGET_HIT,TARGET_HIT,-686.9921875,24451.481673177084,24056.556884765625,,BEARISH,BEARISH
PT-20260917145417-577ADB,2026-08-12 04:00:00,24440.69921875,24428.19921875,TARGET_HIT,TARGET_HIT,250.0,24450.744173177085,24074.08873046875,,BEARISH,BEARISH
PT-20260917145417-08BC81,2026-08-12 04:05:00,24428.19921875,24428.150390625,TARGET_HIT,TARGET_HIT,0.9765625,24449.239973958334,24061.77623046875,,BEARISH,BEARISH
PT-20260917145418-E06CAE,2026-08-12 04:10:00,24428.150390625,24401.80078125,TARGET_HIT,TARGET_HIT,526.9921875,24447.835807291667,24061.728134765624,,BEARISH,BEARISH
PT-20260917145418-45A2D6,2026-08-12 04:15:00,24401.80078125,24409.599609375,TARGET_HIT,TARGET_HIT,-155.9765625,24445.509993489588,24035.77376953125,,BEARISH,BEARISH
PT-20260917145418-A3144C,2026-08-12 04:20:00,24409.599609375,24377.94921875,TARGET_HIT,TARGET_HIT,633.0078125,24443.04495442709,24043.455615234376,,BEARISH,BEARISH
PT-20260917145418-BF38E0,2026-08-12 04:25:00,24377.94921875,24362.900390625,TARGET_HIT,TARGET_HIT,300.9765625,24440.11826171875,24012.27998046875,,BEARISH,BEARISH
PT-20260917145418-4BC7F5,2026-08-12 04:30:00,24362.900390625,24364.75,TARGET_HIT,TARGET_HIT,-36.9921875,24436.432421875,23997.456884765626,,BEARISH,BEARISH
PT-20260917145418-25F28B,2026-08-12 04:35:00,24364.75,24365.30078125,TARGET_HIT,TARGET_HIT,-11.015625,24432.302408854164,23999.27875,,BEARISH,BEARISH
PT-20260917145418-9BEB12,2026-08-12 04:40:00,24365.30078125,24373.099609375,TARGET_HIT,TARGET_HIT,-155.9765625,24428.0166015625,23999.82126953125,,BEARISH,BEARISH
PT-20260917145418-9EC937,2026-08-12 04:45:00,24373.099609375,24374.349609375,TARGET_HIT,TARGET_HIT,-25.0,24423.801595052082,24007.503115234376,,BEARISH,BEARISH
PT-20260917145418-AEA058,2026-08-12 04:50:00,24374.349609375,24371.900390625,TARGET_HIT,TARGET_HIT,48.984375,24419.415787760412,24008.734365234373,,BEARISH,BEARISH
PT-20260917145418-57056A,2026-08-12 04:55:00,24371.900390625,24394.650390625,TARGET_HIT,TARGET_HIT,-455.0,24414.779134114586,24006.321884765624,,BEARISH,BEARISH
PT-20260917145418-CB1D15,2026-08-12 05:00:00,24394.650390625,24386.25,TARGET_HIT,TARGET_HIT,168.0078125,24411.153287760415,24028.730634765623,,BEARISH,BEARISH
PT-20260917145418-D023C1,2026-08-12 05:05:00,24386.25,24375.650390625,TARGET_HIT,TARGET_HIT,211.9921875,24408.069954427083,24020.45625,,BEARISH,BEARISH
PT-20260917145418-518315,2026-08-12 05:10:00,24375.650390625,24357.25,TARGET_HIT,TARGET_HIT,368.0078125,24404.45579427083,24010.015634765623,,BEARISH,BEARISH
PT-20260917145418-6C2D1F,2026-08-12 05:15:00,24357.25,24359.5,TARGET_HIT,TARGET_HIT,-45.0,24400.03079427083,23991.89125,,BEARISH,BEARISH
PT-20260917145418-498C14,2026-08-12 05:20:00,24359.5,24318.30078125,TARGET_HIT,TARGET_HIT,823.984375,24394.755794270834,23994.1075,,BEARISH,BEARISH
PT-20260917145418-632734,2026-08-12 05:25:00,24318.30078125,24299.94921875,TARGET_HIT,TARGET_HIT,367.03125,24390.059993489584,23953.52626953125,,BEARISH,BEARISH
PT-20260917145418-556C97,2026-08-12 05:30:00,24299.94921875,24305.849609375,TARGET_HIT,TARGET_HIT,-118.0078125,24384.4349609375,23935.44998046875,,BEARISH,BEARISH
PT-20260917145418-B34E4D,2026-08-12 05:35:00,24305.849609375,24302.400390625,TARGET_HIT,TARGET_HIT,68.984375,24377.201595052084,23941.261865234374,,BEARISH,BEARISH
PT-20260917145418-5E3391,2026-08-12 05:40:00,24302.400390625,24307.349609375,TARGET_HIT,TARGET_HIT,-98.984375,24370.227441406252,23937.864384765624,,BEARISH,BEARISH
PT-20260917145418-A83FEC,2026-08-12 05:45:00,24307.349609375,24303.55078125,TARGET_HIT,TARGET_HIT,75.9765625,24363.951595052087,23942.739365234374,,BEARISH,BEARISH
PT-20260917145418-53E3CF,2026-08-12 05:50:00,24303.55078125,24296.94921875,TARGET_HIT,TARGET_HIT,132.03125,24357.84329427084,23938.99751953125,,BEARISH,BEARISH
PT-20260917145419-2A05F3,2026-08-12 05:55:00,24296.94921875,24301.69921875,TARGET_HIT,TARGET_HIT,-95.0,24352.31741536459,23932.49498046875,,BEARISH,BEARISH
PT-20260917145419-29C2F3,2026-08-12 06:00:00,24301.69921875,24285.94921875,TARGET_HIT,TARGET_HIT,315.0,24346.954069010415,23937.17373046875,,BEARISH,BEARISH
PT-20260917145419-1A7CA1,2026-08-12 06:05:00,24285.94921875,24293.69921875,TARGET_HIT,TARGET_HIT,-155.0,24342.085742187497,23921.65998046875,,BEARISH,BEARISH
PT-20260917145419-7988A2,2026-08-12 06:10:00,24293.69921875,24291.099609375,TARGET_HIT,TARGET_HIT,51.9921875,24338.176529947916,23929.29373046875,,BEARISH,BEARISH
PT-20260917145419-C43815,2026-08-12 06:15:00,24291.099609375,24281.599609375,TARGET_HIT,TARGET_HIT,190.0,24334.608203125004,23926.733115234376,,BEARISH,BEARISH
PT-20260917145419-B779A5,2026-08-12 06:20:00,24281.599609375,24279.55078125,TARGET_HIT,TARGET_HIT,40.9765625,24330.53902994792,23917.375615234374,,BEARISH,BEARISH
PT-20260917145419-CAF5BA,2026-08-12 06:25:00,24279.55078125,24272.75,TARGET_HIT,TARGET_HIT,136.015625,24325.879882812504,23915.35751953125,,BEARISH,BEARISH
PT-20260917145419-F5526D,2026-08-12 06:30:00,24272.75,24272.349609375,TARGET_HIT,TARGET_HIT,8.0078125,24320.88570963542,23908.65875,,BEARISH,BEARISH
PT-20260917145419-96B4CD,2026-08-12 06:35:00,24272.349609375,24267.099609375,TARGET_HIT,TARGET_HIT,105.0,24315.8990234375,23908.264365234376,,BEARISH,BEARISH
PT-20260917145419-E5B526,2026-08-12 06:40:00,24267.099609375,24277.5,TARGET_HIT,TARGET_HIT,-208.0078125,24309.94736328125,23903.093115234376,,BEARISH,BEARISH
PT-20260917145419-C46B87,2026-08-12 06:45:00,24277.5,24274.44921875,TARGET_HIT,TARGET_HIT,61.015625,24304.255696614586,23913.3375,,BEARISH,BEARISH
PT-20260917145419-96F174,2026-08-12 06:50:00,24274.44921875,24281.30078125,TARGET_HIT,TARGET_HIT,-137.03125,24299.105696614588,23910.33248046875,,BEARISH,BEARISH
PT-20260917145419-A3BDDF,2026-08-12 06:55:00,24281.30078125,24288.599609375,TARGET_HIT,TARGET_HIT,-145.9765625,24294.95738932292,23917.08126953125,,BEARISH,BEARISH
PT-20260917145419-8E3E63,2026-08-12 07:00:00,24288.599609375,24289.75,TARGET_HIT,TARGET_HIT,-23.0078125,24291.281575520836,23924.270615234374,,BEARISH,BEARISH
PT-20260917145419-2E4E36,2026-08-12 07:05:00,24289.75,24283.099609375,TARGET_HIT,TARGET_HIT,133.0078125,24289.202376302088,23925.40375,,BEARISH,BEARISH
PT-20260917145419-9C794B,2026-08-12 07:10:00,24283.099609375,24283.19921875,TARGET_HIT,TARGET_HIT,-1.9921875,24288.31572265625,23918.853115234375,,BEARISH,BEARISH
PT-20260917145419-3AD277,2026-08-12 07:15:00,24283.19921875,24275.69921875,TARGET_HIT,TARGET_HIT,150.0,24287.27659505208,23918.95123046875,,BEARISH,BEARISH
PT-20260917145419-7E8C06,2026-08-12 07:20:00,24275.69921875,24275.900390625,TARGET_HIT,TARGET_HIT,-4.0234375,24286.054069010417,23911.563730468748,,BEARISH,BEARISH
PT-20260917145419-AF3D02,2026-08-12 07:25:00,24275.900390625,24281.69921875,TARGET_HIT,TARGET_HIT,-115.9765625,24284.521582031248,23911.761884765623,,BEARISH,BEARISH
PT-20260917145419-859BAB,2026-08-12 07:30:00,24281.69921875,24281.099609375,TARGET_HIT,TARGET_HIT,11.9921875,24283.114029947912,23917.47373046875,,BEARISH,BEARISH
PT-20260917145419-F3B501,2026-08-12 07:35:00,24281.099609375,24287.94921875,TARGET_HIT,TARGET_HIT,-136.9921875,24282.15654296875,23916.883115234374,,BEARISH,BEARISH
PT-20260917145420-D6DA1F,2026-08-12 07:40:00,24287.94921875,24296.75,TARGET_HIT,TARGET_HIT,-176.015625,24281.53489583333,23923.62998046875,,BEARISH,BEARISH
PT-20260917145420-9E4E8F,2026-08-12 08:10:00,24289.30078125,24289.099609375,TARGET_HIT,TARGET_HIT,4.0234375,24283.923274739584,23924.96126953125,,BEARISH,BEARISH
PT-20260917145420-C0CCC2,2026-08-12 08:15:00,24289.099609375,24286.599609375,TARGET_HIT,TARGET_HIT,50.0,24284.591634114586,23924.763115234375,,BEARISH,BEARISH
PT-20260917145420-512D78,2026-08-12 08:20:00,24286.599609375,24286.44921875,TARGET_HIT,TARGET_HIT,3.0078125,24285.511653645834,23922.300615234373,,BEARISH,BEARISH
PT-20260917145420-1B5006,2026-08-12 08:25:00,24286.44921875,24278.55078125,TARGET_HIT,TARGET_HIT,157.96875,24286.055794270833,23922.15248046875,,BEARISH,BEARISH
PT-20260917145420-D4B783,2026-08-12 08:30:00,24278.55078125,24284.30078125,TARGET_HIT,TARGET_HIT,-115.0,24286.379134114584,23914.37251953125,,BEARISH,BEARISH
PT-20260917145420-906F47,2026-08-12 08:35:00,24284.30078125,24278.400390625,TARGET_HIT,TARGET_HIT,118.0078125,24286.589941406248,23920.03626953125,,BEARISH,BEARISH
PT-20260917145420-2E5E34,2026-08-12 08:40:00,24278.400390625,24290.0,TARGET_HIT,TARGET_HIT,-231.9921875,24286.342447916664,23914.224384765625,,BEARISH,BEARISH
PT-20260917145420-03DBDF,2026-08-13 04:15:00,24349.55078125,24342.80078125,STOP_LOSS,STOPPED,-135.0,24346.920800781245,24714.794042968748,,BULLISH,BULLISH
PT-20260917145420-6EFB36,2026-08-13 04:20:00,24354.44921875,24342.80078125,STOP_LOSS,STOPPED,-232.96875,24349.58997395833,24719.765957031246,,BULLISH,BULLISH
PT-20260917145420-B79813,2026-08-13 04:25:00,24351.55078125,24342.80078125,STOP_LOSS,STOPPED,-175.0,24351.282486979162,24716.824042968747,,BULLISH,BULLISH
PT-20260917145420-9D6D4B,2026-08-13 06:05:00,24358.5,24358.5,SESSION_CLOSE,EXPIRED,0.0,24333.553352864583,24723.8775,,BULLISH,BULLISH
PT-20260917145420-9FD021,2026-08-13 06:10:00,24350.05078125,24350.05078125,SESSION_CLOSE,EXPIRED,0.0,24333.905826822913,24715.301542968748,,BULLISH,BULLISH
PT-20260917145420-BA323F,2026-08-13 06:15:00,24357.19921875,24357.19921875,SESSION_CLOSE,EXPIRED,0.0,24334.484993489583,24722.55720703125,,BULLISH,BULLISH
PT-20260917145420-1467F7,2026-08-13 06:20:00,24357.44921875,24357.44921875,SESSION_CLOSE,EXPIRED,0.0,24335.335774739582,24722.810957031248,,BULLISH,BULLISH
PT-20260917145420-D67571,2026-08-13 06:25:00,24386.44921875,24386.44921875,SESSION_CLOSE,EXPIRED,0.0,24337.243261718748,24752.24595703125,,BULLISH,BULLISH
PT-20260917145420-64B2D2,2026-08-13 06:30:00,24407.55078125,24407.55078125,SESSION_CLOSE,EXPIRED,0.0,24340.773274739582,24773.664042968747,,BULLISH,BULLISH
PT-20260917145421-E45C44,2026-08-13 06:35:00,24402.849609375,24344.44921875,STOP_LOSS,STOPPED,-1168.0078125,24344.917447916665,24768.89235351562,,BULLISH,BULLISH
PT-20260917145421-9F9CD6,2026-08-13 06:40:00,24395.650390625,24344.44921875,STOP_LOSS,STOPPED,-1024.0234375,24348.840787760415,24761.585146484373,,BULLISH,BULLISH
PT-20260917145421-6BB754,2026-08-13 06:45:00,24392.150390625,24351.349609375,STOP_LOSS,STOPPED,-816.015625,24352.274153645834,24758.03264648437,,BULLISH,BULLISH
PT-20260917145421-B23216,2026-08-13 06:50:00,24399.19921875,24355.25,STOP_LOSS,STOPPED,-878.984375,24355.616601562502,24765.18720703125,,BULLISH,BULLISH
PT-20260917145421-650753,2026-08-13 06:55:00,24393.349609375,24355.25,STOP_LOSS,STOPPED,-761.9921875,24358.614973958334,24759.249853515623,,BULLISH,BULLISH
PT-20260917145421-5F5081,2026-08-13 07:00:00,24398.599609375,24355.25,STOP_LOSS,STOPPED,-866.9921875,24361.33248697917,24764.578603515623,,BULLISH,BULLISH
PT-20260917145421-5B7E78,2026-08-13 07:05:00,24390.400390625,24361.55078125,STOP_LOSS,STOPPED,-576.9921875,24363.94248046875,24756.256396484372,,BULLISH,BULLISH
PT-20260917145421-202C9A,2026-08-13 07:10:00,24391.69921875,24361.55078125,STOP_LOSS,STOPPED,-602.96875,24367.179134114584,24757.574707031246,,BULLISH,BULLISH
PT-20260917145421-C7671C,2026-08-13 07:50:00,24356.19921875,24356.75,TARGET_HIT,TARGET_HIT,-11.015625,24379.46751302083,23990.85623046875,,BEARISH,BEARISH
PT-20260917145421-E67CC0,2026-08-13 08:15:00,24377.349609375,24359.0,STOP_LOSS,STOPPED,-366.9921875,24375.989225260415,24743.00985351562,,BULLISH,BULLISH
PT-20260917145421-7AA531,2026-08-13 08:20:00,24385.349609375,24359.0,STOP_LOSS,STOPPED,-526.9921875,24375.22757161458,24751.129853515624,,BULLISH,BULLISH
PT-20260917145421-C7D3EE,2026-08-13 08:25:00,24394.150390625,24359.0,STOP_LOSS,STOPPED,-703.0078125,24375.13173828125,24760.062646484374,,BULLISH,BULLISH
PT-20260917145421-41E80C,2026-08-13 08:30:00,24378.150390625,24359.0,STOP_LOSS,STOPPED,-383.0078125,24374.454264322914,24743.822646484372,,BULLISH,BULLISH
PT-20260917145421-2A2A16,2026-08-13 09:35:00,24347.75,24352.69921875,TARGET_HIT,TARGET_HIT,-98.984375,24364.920084635414,23982.53375,,BEARISH,BEARISH
PT-20260917145421-4CC60D,2026-08-13 09:55:00,24395.849609375,24395.849609375,SESSION_CLOSE,EXPIRED,0.0,24363.369986979164,24761.78735351562,,BULLISH,BULLISH
PT-20260917145421-6223A6,2026-08-14 03:45:00,24322.69921875,24324.849609375,TARGET_HIT,TARGET_HIT,-43.0078125,24360.90911458333,23957.85873046875,,BEARISH,BEARISH
PT-20260917145421-D5AC9B,2026-08-14 03:50:00,24324.849609375,24309.099609375,TARGET_HIT,TARGET_HIT,315.0,24357.584928385415,23959.976865234374,,BEARISH,BEARISH
PT-20260917145421-86966A,2026-08-14 03:55:00,24309.099609375,24325.75,TARGET_HIT,TARGET_HIT,-333.0078125,24354.15325520833,23944.463115234375,,BEARISH,BEARISH
PT-20260917145421-EE1255,2026-08-14 04:00:00,24325.75,24337.650390625,TARGET_HIT,TARGET_HIT,-238.0078125,24351.975716145833,23960.86375,,BEARISH,BEARISH
PT-20260917145421-84FC1D,2026-08-14 04:05:00,24337.650390625,24332.05078125,TARGET_HIT,TARGET_HIT,111.9921875,24350.91233723958,23972.585634765626,,BEARISH,BEARISH
PT-20260917145422-331626,2026-08-14 04:10:00,24332.05078125,24341.599609375,TARGET_HIT,TARGET_HIT,-190.9765625,24349.628190104166,23967.07001953125,,BEARISH,BEARISH
PT-20260917145422-073665,2026-08-14 04:15:00,24341.599609375,24324.69921875,TARGET_HIT,TARGET_HIT,338.0078125,24348.09150390625,23976.475615234376,,BEARISH,BEARISH
PT-20260917145422-C794AC,2026-08-14 04:20:00,24324.69921875,24343.55078125,TARGET_HIT,TARGET_HIT,-377.03125,24346.077311197914,23959.82873046875,,BEARISH,BEARISH
PT-20260917145422-D92BDD,2026-08-14 04:25:00,24343.55078125,24350.69921875,TARGET_HIT,TARGET_HIT,-142.96875,24344.684016927084,23978.39751953125,,BEARISH,BEARISH
PT-20260917145422-AC44E3,2026-08-14 04:40:00,24345.44921875,24336.900390625,TARGET_HIT,TARGET_HIT,170.9765625,24343.102343750004,23980.26748046875,,BEARISH,BEARISH
PT-20260917145422-6498F5,2026-08-14 04:45:00,24336.900390625,24334.05078125,TARGET_HIT,TARGET_HIT,56.9921875,24342.488997395834,23971.846884765626,,BEARISH,BEARISH
PT-20260917145422-D8F8BA,2026-08-14 04:50:00,24334.05078125,24331.25,TARGET_HIT,TARGET_HIT,56.015625,24341.998177083336,23969.04001953125,,BEARISH,BEARISH
PT-20260917145422-6C92AC,2026-08-14 04:55:00,24331.25,24309.25,TARGET_HIT,TARGET_HIT,440.0,24341.034863281253,23966.28125,,BEARISH,BEARISH
PT-20260917145422-90D2CD,2026-08-14 05:00:00,24309.25,24321.75,TARGET_HIT,TARGET_HIT,-250.0,24339.24150390625,23944.611249999998,,BEARISH,BEARISH
PT-20260917145422-924667,2026-08-14 05:05:00,24321.75,24324.69921875,TARGET_HIT,TARGET_HIT,-58.984375,24337.42819010417,23956.923749999998,,BEARISH,BEARISH
PT-20260917145422-A8A130,2026-08-14 05:10:00,24324.69921875,24333.80078125,TARGET_HIT,TARGET_HIT,-182.03125,24335.879850260415,23959.82873046875,,BEARISH,BEARISH
PT-20260917145422-9537EC,2026-08-14 05:15:00,24333.80078125,24336.69921875,TARGET_HIT,TARGET_HIT,-57.96875,24334.764029947917,23968.79376953125,,BEARISH,BEARISH
PT-20260917145422-6D0151,2026-08-14 05:25:00,24312.19921875,24320.849609375,TARGET_HIT,TARGET_HIT,-173.0078125,24331.813183593746,23947.51623046875,,BEARISH,BEARISH
PT-20260917145422-E66223,2026-08-14 05:30:00,24320.849609375,24314.25,TARGET_HIT,TARGET_HIT,131.9921875,24331.364843749998,23956.036865234375,,BEARISH,BEARISH
PT-20260917145422-8F2992,2026-08-14 05:35:00,24314.25,24315.0,TARGET_HIT,TARGET_HIT,-15.0,24331.418164062496,23949.53625,,BEARISH,BEARISH
PT-20260917145422-BAA675,2026-08-14 05:40:00,24315.0,24327.849609375,TARGET_HIT,TARGET_HIT,-256.9921875,24331.051497395834,23950.275,,BEARISH,BEARISH
PT-20260917145422-5F5242,2026-08-14 05:45:00,24327.849609375,24327.69921875,TARGET_HIT,TARGET_HIT,3.0078125,24330.425651041667,23962.931865234375,,BEARISH,BEARISH
PT-20260917145422-5B5208,2026-08-14 05:50:00,24327.69921875,24315.80078125,TARGET_HIT,TARGET_HIT,237.96875,24330.19309895833,23962.78373046875,,BEARISH,BEARISH
PT-20260917145422-C0E5AE,2026-08-14 05:55:00,24315.80078125,24318.75,TARGET_HIT,TARGET_HIT,-58.984375,24329.169759114586,23951.06376953125,,BEARISH,BEARISH
PT-20260917145422-DCFD82,2026-08-14 06:00:00,24318.75,24320.44921875,TARGET_HIT,TARGET_HIT,-33.984375,24328.433984375,23953.96875,,BEARISH,BEARISH
PT-20260917145423-79C894,2026-08-14 06:05:00,24320.44921875,24327.69921875,TARGET_HIT,TARGET_HIT,-145.0,24327.503938802085,23955.64248046875,,BEARISH,BEARISH
PT-20260917145423-814CF2,2026-08-14 06:30:00,24321.69921875,24335.349609375,TARGET_HIT,TARGET_HIT,-273.0078125,24323.138899739584,23956.87373046875,,BEARISH,BEARISH
PT-20260917145423-1C77DF,2026-08-14 07:20:00,24350.69921875,24330.05078125,STOP_LOSS,STOPPED,-412.96875,24333.898177083334,24715.95970703125,,BULLISH,BULLISH
PT-20260917145423-B32460,2026-08-14 07:25:00,24349.55078125,24330.05078125,STOP_LOSS,STOPPED,-390.0,24335.130729166667,24714.794042968748,,BULLISH,BULLISH
PT-20260917145423-7A7109,2026-08-14 07:30:00,24344.900390625,24330.05078125,STOP_LOSS,STOPPED,-296.9921875,24336.099088541665,24710.073896484373,,BULLISH,BULLISH
PT-20260917145423-15BD38,2026-08-14 07:40:00,24346.849609375,24330.05078125,STOP_LOSS,STOPPED,-335.9765625,24338.71070963542,24712.052353515624,,BULLISH,BULLISH
PT-20260917145423-31C183,2026-08-14 08:05:00,24348.30078125,24348.30078125,SESSION_CLOSE,EXPIRED,0.0,24342.33831380209,24713.52529296875,,BULLISH,BULLISH
PT-20260917145423-9C7C57,2026-08-14 08:10:00,24357.349609375,24357.349609375,SESSION_CLOSE,EXPIRED,0.0,24343.892480468752,24722.709853515622,,BULLISH,BULLISH
PT-20260917145423-072D8A,2026-08-14 08:35:00,24389.94921875,24354.44921875,STOP_LOSS,STOPPED,-710.0,24355.174121093754,24755.798457031247,,BULLISH,BULLISH
PT-20260917145423-30F391,2026-08-14 08:40:00,24383.55078125,24354.44921875,STOP_LOSS,STOPPED,-582.03125,24357.26832682292,24749.304042968746,,BULLISH,BULLISH
PT-20260917145423-1B027B,2026-08-14 08:45:00,24379.94921875,24354.44921875,STOP_LOSS,STOPPED,-510.0,24359.28912760417,24745.648457031246,,BULLISH,BULLISH
PT-20260917145423-25F104,2026-08-14 09:20:00,24382.400390625,24354.44921875,STOP_LOSS,STOPPED,-559.0234375,24368.956705729168,24748.136396484373,,BULLISH,BULLISH
PT-20260917145423-716ABF,2026-08-14 09:25:00,24374.599609375,24354.44921875,STOP_LOSS,STOPPED,-403.0078125,24370.630045572918,24740.218603515623,,BULLISH,BULLISH
PT-20260917145423-2984B7,2026-08-14 09:30:00,24375.44921875,24371.05078125,STOP_LOSS,STOPPED,-87.96875,24372.210872395834,24741.08095703125,,BULLISH,BULLISH
PT-20260917145423-B30579,2026-08-17 04:00:00,24287.69921875,24293.30078125,TARGET_HIT,TARGET_HIT,-112.03125,24357.55576171875,23923.38373046875,,BEARISH,BEARISH
PT-20260917145423-697F6D,2026-08-17 04:05:00,24293.30078125,24301.0,TARGET_HIT,TARGET_HIT,-153.984375,24352.965755208334,23928.90126953125,,BEARISH,BEARISH
PT-20260917145423-02B93A,2026-08-17 04:10:00,24301.0,24304.650390625,TARGET_HIT,TARGET_HIT,-73.0078125,24348.94576822917,23936.485,,BEARISH,BEARISH
PT-20260917145423-8395E5,2026-08-17 04:15:00,24304.650390625,24300.30078125,TARGET_HIT,TARGET_HIT,86.9921875,24345.2291015625,23940.080634765625,,BEARISH,BEARISH
PT-20260917145423-F62DC7,2026-08-17 04:20:00,24300.30078125,24283.849609375,TARGET_HIT,TARGET_HIT,329.0234375,24341.63828125,23935.79626953125,,BEARISH,BEARISH
PT-20260917145424-3D6847,2026-08-17 04:25:00,24283.849609375,24291.150390625,TARGET_HIT,TARGET_HIT,-146.015625,24337.559082031257,23919.591865234375,,BEARISH,BEARISH
PT-20260917145424-40B10B,2026-08-17 04:30:00,24291.150390625,24290.94921875,TARGET_HIT,TARGET_HIT,4.0234375,24333.579101562507,23926.783134765625,,BEARISH,BEARISH
PT-20260917145424-CFC3E3,2026-08-17 04:35:00,24290.94921875,24281.5,TARGET_HIT,TARGET_HIT,188.984375,24329.59244791667,23926.58498046875,,BEARISH,BEARISH
PT-20260917145424-A0DC31,2026-08-17 04:40:00,24281.5,24263.599609375,TARGET_HIT,TARGET_HIT,358.0078125,24325.352441406252,23917.2775,,BEARISH,BEARISH
PT-20260917145424-9787A3,2026-08-17 04:45:00,24263.599609375,24252.80078125,TARGET_HIT,TARGET_HIT,215.9765625,24319.94576822917,23899.645615234374,,BEARISH,BEARISH
PT-20260917145424-271A8E,2026-08-17 04:50:00,24252.80078125,24260.30078125,TARGET_HIT,TARGET_HIT,-150.0,24313.89576822917,23889.00876953125,,BEARISH,BEARISH
PT-20260917145424-926D58,2026-08-17 04:55:00,24260.30078125,24256.30078125,TARGET_HIT,TARGET_HIT,80.0,24307.9783203125,23896.39626953125,,BEARISH,BEARISH
PT-20260917145424-5BBE04,2026-08-17 05:00:00,24256.30078125,24254.400390625,TARGET_HIT,TARGET_HIT,38.0078125,24302.208333333336,23892.45626953125,,BEARISH,BEARISH
PT-20260917145424-6539C7,2026-08-17 05:05:00,24254.400390625,24238.75,TARGET_HIT,TARGET_HIT,313.0078125,24296.870052083334,23890.584384765625,,BEARISH,BEARISH
PT-20260917145424-8147CC,2026-08-17 05:10:00,24238.75,24238.25,TARGET_HIT,TARGET_HIT,10.0,24291.31175130208,23875.16875,,BEARISH,BEARISH
PT-20260917145424-ADBC85,2026-08-17 05:15:00,24238.25,24242.099609375,TARGET_HIT,TARGET_HIT,-76.9921875,24285.34759114583,23874.67625,,BEARISH,BEARISH
PT-20260917145424-4B416B,2026-08-17 05:20:00,24242.099609375,24238.19921875,TARGET_HIT,TARGET_HIT,78.0078125,24279.322591145832,23878.468115234376,,BEARISH,BEARISH
PT-20260917145424-FC6C25,2026-08-17 05:25:00,24238.19921875,24240.349609375,TARGET_HIT,TARGET_HIT,-43.0078125,24275.574218750004,23874.626230468748,,BEARISH,BEARISH
PT-20260917145424-705C7D,2026-08-17 05:30:00,24240.349609375,24235.44921875,TARGET_HIT,TARGET_HIT,98.0078125,24272.450878906257,23876.744365234375,,BEARISH,BEARISH
PT-20260917145424-C53680,2026-08-17 05:35:00,24235.44921875,24236.44921875,TARGET_HIT,TARGET_HIT,-20.0,24269.02083333334,23871.91748046875,,BEARISH,BEARISH
PT-20260917145424-19B84C,2026-08-17 05:40:00,24236.44921875,24235.80078125,TARGET_HIT,TARGET_HIT,12.96875,24266.20582682292,23872.90248046875,,BEARISH,BEARISH
PT-20260917145424-7EAD79,2026-08-17 05:45:00,24235.80078125,24230.400390625,TARGET_HIT,TARGET_HIT,108.0078125,24263.31416015625,23872.26376953125,,BEARISH,BEARISH
PT-20260917145424-DB915F,2026-08-17 05:50:00,24230.400390625,24240.0,TARGET_HIT,TARGET_HIT,-191.9921875,24259.790006510415,23866.944384765626,,BEARISH,BEARISH
PT-20260917145424-FF9394,2026-08-17 05:55:00,24240.0,24241.44921875,TARGET_HIT,TARGET_HIT,-28.984375,24256.523307291667,23876.4,,BEARISH,BEARISH
PT-20260917145425-BD8FE9,2026-08-17 06:00:00,24241.44921875,24239.400390625,TARGET_HIT,TARGET_HIT,40.9765625,24253.450781249998,23877.82748046875,,BEARISH,BEARISH
PT-20260917145425-3A8403,2026-08-17 06:05:00,24239.400390625,24244.69921875,TARGET_HIT,TARGET_HIT,-105.9765625,24251.0158203125,23875.809384765624,,BEARISH,BEARISH
PT-20260917145425-760D1E,2026-08-17 06:10:00,24244.69921875,24254.25,TARGET_HIT,TARGET_HIT,-191.015625,24248.65244140625,23881.028730468748,,BEARISH,BEARISH
PT-20260917145425-D69D25,2026-08-17 07:30:00,24344.0,24344.0,SESSION_CLOSE,EXPIRED,0.0,24280.872395833336,24709.159999999996,,BULLISH,BULLISH
PT-20260917145425-4B0447,2026-08-17 07:35:00,24338.44921875,24338.44921875,SESSION_CLOSE,EXPIRED,0.0,24286.088248697917,24703.52595703125,,BULLISH,BULLISH
PT-20260917145425-5B1E5E,2026-08-17 07:40:00,24346.349609375,24287.650390625,STOP_LOSS,STOPPED,-1173.984375,24291.319075520838,24711.54485351562,,BULLISH,BULLISH
PT-20260917145425-FD5EC2,2026-08-17 07:45:00,24349.30078125,24287.650390625,STOP_LOSS,STOPPED,-1233.0078125,24296.75240885417,24714.540292968748,,BULLISH,BULLISH
PT-20260917145425-13BC42,2026-08-17 07:50:00,24345.5,24287.650390625,STOP_LOSS,STOPPED,-1156.9921875,24301.952441406254,24710.6825,,BULLISH,BULLISH
PT-20260917145425-417C5B,2026-08-17 07:55:00,24351.849609375,24287.650390625,STOP_LOSS,STOPPED,-1283.984375,24306.89244791667,24717.12735351562,,BULLISH,BULLISH
PT-20260917145425-D4A4A5,2026-08-17 08:00:00,24349.150390625,24287.650390625,STOP_LOSS,STOPPED,-1230.0,24311.247460937502,24714.387646484374,,BULLISH,BULLISH
PT-20260917145425-D98F60,2026-08-17 08:05:00,24345.80078125,24287.650390625,STOP_LOSS,STOPPED,-1163.0078125,24315.022493489585,24710.987792968746,,BULLISH,BULLISH
PT-20260917145425-653712,2026-08-17 08:10:00,24353.25,24287.650390625,STOP_LOSS,STOPPED,-1311.9921875,24319.134993489584,24718.548749999998,,BULLISH,BULLISH
PT-20260917145425-75C63B,2026-08-17 08:15:00,24343.55078125,24287.650390625,STOP_LOSS,STOPPED,-1118.0078125,24323.279166666667,24708.704042968748,,BULLISH,BULLISH
PT-20260917145425-7597EE,2026-08-17 08:30:00,24342.400390625,24331.0,STOP_LOSS,STOPPED,-228.0078125,24332.564160156253,24707.53639648437,,BULLISH,BULLISH
PT-20260917145425-2C8C85,2026-08-17 09:10:00,24334.349609375,24339.19921875,STOP_LOSS,STOPPED,96.9921875,24340.1400390625,24699.364853515624,,BULLISH,BULLISH
PT-20260917145425-CD4384,2026-08-17 09:15:00,24339.19921875,24338.19921875,STOP_LOSS,STOPPED,-20.0,24339.908333333333,24704.287207031248,,BULLISH,BULLISH
PT-20260917145425-8635A0,2026-08-17 09:20:00,24343.94921875,24338.19921875,STOP_LOSS,STOPPED,-115.0,24339.73170572917,24709.10845703125,,BULLISH,BULLISH
PT-20260917145425-7569AD,2026-08-17 09:25:00,24338.19921875,24287.650390625,STOP_LOSS,STOPPED,-1010.9765625,24339.206673177086,24703.27220703125,,BULLISH,BULLISH
PT-20260917145425-E45834,2026-08-17 09:30:00,24351.80078125,24287.650390625,STOP_LOSS,STOPPED,-1283.0078125,24339.15335286459,24717.077792968747,,BULLISH,BULLISH
PT-20260917145425-3C79F4,2026-08-17 09:35:00,24349.099609375,24287.650390625,STOP_LOSS,STOPPED,-1228.984375,24339.05081380209,24714.336103515623,,BULLISH,BULLISH
PT-20260917145426-B34F28,2026-08-17 09:40:00,24341.900390625,24287.650390625,STOP_LOSS,STOPPED,-1085.0,24338.725813802088,24707.02889648437,,BULLISH,BULLISH
PT-20260917145426-BD3C94,2026-08-18 04:00:00,24232.650390625,24247.30078125,TARGET_HIT,TARGET_HIT,-293.0078125,24315.728352864586,23869.160634765623,,BEARISH,BEARISH
PT-20260917145426-D6BEF3,2026-08-18 04:05:00,24247.30078125,24224.55078125,TARGET_HIT,TARGET_HIT,455.0,24311.1125,23883.59126953125,,BEARISH,BEARISH
PT-20260917145426-629E06,2026-08-18 04:10:00,24224.55078125,24228.5,TARGET_HIT,TARGET_HIT,-78.984375,24305.881640625,23861.18251953125,,BEARISH,BEARISH
PT-20260917145426-37E394,2026-08-18 04:15:00,24228.5,24235.30078125,TARGET_HIT,TARGET_HIT,-136.015625,24300.69085286458,23865.0725,,BEARISH,BEARISH
PT-20260917145426-A1552C,2026-08-18 04:20:00,24235.30078125,24234.5,TARGET_HIT,TARGET_HIT,16.015625,24296.081673177083,23871.77126953125,,BEARISH,BEARISH
PT-20260917145426-9839B1,2026-08-18 04:25:00,24234.5,24222.80078125,TARGET_HIT,TARGET_HIT,233.984375,24291.20504557292,23870.9825,,BEARISH,BEARISH
PT-20260917145426-2A466B,2026-08-18 04:30:00,24222.80078125,24221.599609375,TARGET_HIT,TARGET_HIT,24.0234375,24286.08502604167,23859.45876953125,,BEARISH,BEARISH
PT-20260917145426-38F635,2026-08-18 04:35:00,24221.599609375,24220.19921875,TARGET_HIT,TARGET_HIT,28.0078125,24280.623372395832,23858.275615234375,,BEARISH,BEARISH
PT-20260917145426-8BC3AC,2026-08-18 04:40:00,24220.19921875,24214.05078125,TARGET_HIT,TARGET_HIT,122.96875,24274.829231770833,23856.89623046875,,BEARISH,BEARISH
PT-20260917145426-84ED51,2026-08-18 04:45:00,24214.05078125,24216.69921875,TARGET_HIT,TARGET_HIT,-52.96875,24268.48590494792,23850.84001953125,,BEARISH,BEARISH
PT-20260917145426-06AB95,2026-08-18 04:50:00,24216.69921875,24225.849609375,TARGET_HIT,TARGET_HIT,-183.0078125,24262.3267578125,23853.44873046875,,BEARISH,BEARISH
PT-20260917145426-CDDF05,2026-08-18 04:55:00,24225.849609375,24231.19921875,TARGET_HIT,TARGET_HIT,-106.9921875,24256.155924479168,23862.461865234374,,BEARISH,BEARISH
PT-20260917145426-26951C,2026-08-18 05:00:00,24231.19921875,24226.099609375,TARGET_HIT,TARGET_HIT,101.9921875,24250.21845703125,23867.73123046875,,BEARISH,BEARISH
PT-20260917145426-FD40F7,2026-08-18 05:05:00,24226.099609375,24214.80078125,TARGET_HIT,TARGET_HIT,225.9765625,24244.435123697916,23862.708115234374,,BEARISH,BEARISH
PT-20260917145426-8D3469,2026-08-18 05:10:00,24214.80078125,24204.75,TARGET_HIT,TARGET_HIT,201.015625,24238.317643229162,23851.57876953125,,BEARISH,BEARISH
PT-20260917145426-F2782E,2026-08-18 05:15:00,24204.75,24195.55078125,TARGET_HIT,TARGET_HIT,183.984375,24231.615104166664,23841.67875,,BEARISH,BEARISH
PT-20260917145426-304933,2026-08-18 05:20:00,24195.55078125,24200.25,TARGET_HIT,TARGET_HIT,-93.984375,24226.332584635413,23832.61751953125,,BEARISH,BEARISH
PT-20260917145427-D38567,2026-08-18 05:25:00,24200.25,24205.849609375,TARGET_HIT,TARGET_HIT,-111.9921875,24224.370963541667,23837.24625,,BEARISH,BEARISH
PT-20260917145427-2A26CA,2026-08-18 05:30:00,24205.849609375,24207.25,TARGET_HIT,TARGET_HIT,-28.0078125,24222.467610677082,23842.761865234374,,BEARISH,BEARISH
PT-20260917145427-FC9FF2,2026-08-18 05:35:00,24207.25,24202.349609375,TARGET_HIT,TARGET_HIT,98.0078125,24220.213444010416,23844.14125,,BEARISH,BEARISH
PT-20260917145427-8F6842,2026-08-18 05:40:00,24202.349609375,24197.75,TARGET_HIT,TARGET_HIT,91.9921875,24218.690071614583,23839.314365234375,,BEARISH,BEARISH
PT-20260917145427-3236BF,2026-08-18 05:45:00,24197.75,24195.75,TARGET_HIT,TARGET_HIT,40.0,24216.615917968753,23834.78375,,BEARISH,BEARISH
PT-20260917145427-0B48B1,2026-08-18 05:50:00,24195.75,24182.650390625,TARGET_HIT,TARGET_HIT,261.9921875,24214.742610677084,23832.81375,,BEARISH,BEARISH
PT-20260917145427-B8AA0E,2026-08-18 05:55:00,24182.650390625,24190.650390625,TARGET_HIT,TARGET_HIT,-160.0,24212.8326171875,23819.910634765623,,BEARISH,BEARISH
PT-20260917145427-6C23D8,2026-08-18 06:00:00,24190.650390625,24196.599609375,TARGET_HIT,TARGET_HIT,-118.984375,24210.415950520834,23827.790634765624,,BEARISH,BEARISH
PT-20260917145427-BD85F8,2026-08-18 06:05:00,24196.599609375,24198.400390625,TARGET_HIT,TARGET_HIT,-36.015625,24208.65009765625,23833.650615234375,,BEARISH,BEARISH
PT-20260917145427-8948CE,2026-08-18 06:10:00,24198.400390625,24200.099609375,TARGET_HIT,TARGET_HIT,-33.984375,24207.345084635417,23835.424384765625,,BEARISH,BEARISH
PT-20260917145427-0D41B2,2026-08-18 06:15:00,24200.099609375,24199.19921875,TARGET_HIT,TARGET_HIT,18.0078125,24206.161751302083,23837.098115234374,,BEARISH,BEARISH
PT-20260917145427-82DBC0,2026-08-18 06:20:00,24199.19921875,24206.80078125,TARGET_HIT,TARGET_HIT,-152.03125,24205.308430989582,23836.21123046875,,BEARISH,BEARISH
PT-20260917145427-D4535B,2026-08-18 06:25:00,24206.80078125,24213.150390625,TARGET_HIT,TARGET_HIT,-126.9921875,24204.773437499996,23843.69876953125,,BEARISH,BEARISH
PT-20260917145427-2ECD2B,2026-08-18 06:45:00,24209.19921875,24206.150390625,TARGET_HIT,TARGET_HIT,60.9765625,24202.47171223958,23846.06123046875,,BEARISH,BEARISH
PT-20260917145427-8C351C,2026-08-18 06:50:00,24206.150390625,24212.80078125,TARGET_HIT,TARGET_HIT,-133.0078125,24201.952506510417,23843.058134765626,,BEARISH,BEARISH
PT-20260917145427-2BEEB3,2026-08-18 07:05:00,24208.25,24198.05078125,TARGET_HIT,TARGET_HIT,203.984375,24203.774121093753,23845.12625,,BEARISH,BEARISH
PT-20260917145427-BD5B42,2026-08-18 07:10:00,24198.05078125,24205.55078125,TARGET_HIT,TARGET_HIT,-150.0,24203.710807291667,23835.08001953125,,BEARISH,BEARISH
PT-20260917145428-733A33,2026-08-18 07:15:00,24205.55078125,24206.5,TARGET_HIT,TARGET_HIT,-18.984375,24203.484147135423,23842.46751953125,,BEARISH,BEARISH
PT-20260917145428-E77E57,2026-08-18 07:20:00,24206.5,24199.05078125,TARGET_HIT,TARGET_HIT,148.984375,24203.690820312502,23843.4025,,BEARISH,BEARISH
PT-20260917145428-B6B478,2026-08-18 07:25:00,24199.05078125,24193.69921875,TARGET_HIT,TARGET_HIT,107.03125,24203.80084635417,23836.06501953125,,BEARISH,BEARISH
PT-20260917145428-5257E8,2026-08-18 07:30:00,24193.69921875,24198.75,TARGET_HIT,TARGET_HIT,-101.015625,24203.757486979168,23830.79373046875,,BEARISH,BEARISH
PT-20260917145428-BB77A8,2026-08-18 07:35:00,24198.75,24202.599609375,TARGET_HIT,TARGET_HIT,-76.9921875,24204.15328776042,23835.76875,,BEARISH,BEARISH
PT-20260917145428-7FD2D0,2026-08-18 07:40:00,24202.599609375,24206.94921875,TARGET_HIT,TARGET_HIT,-86.9921875,24204.9541015625,23839.560615234375,,BEARISH,BEARISH
PT-20260917145428-C0D3B6,2026-08-18 07:50:00,24204.19921875,24207.849609375,TARGET_HIT,TARGET_HIT,-73.0078125,24205.858235677082,23841.13623046875,,BEARISH,BEARISH
PT-20260917145428-62B658,2026-08-18 08:00:00,24203.150390625,24194.75,TARGET_HIT,TARGET_HIT,168.0078125,24206.129069010414,23840.103134765624,,BEARISH,BEARISH
PT-20260917145428-82DF3D,2026-08-18 08:05:00,24194.75,24202.0,TARGET_HIT,TARGET_HIT,-145.0,24205.779036458334,23831.82875,,BEARISH,BEARISH
PT-20260917145428-E9E56D,2026-08-18 08:10:00,24202.0,24204.69921875,TARGET_HIT,TARGET_HIT,-53.984375,24205.278222656252,23838.97,,BEARISH,BEARISH
PT-20260917145428-8D1163,2026-08-18 08:20:00,24196.150390625,24190.80078125,TARGET_HIT,TARGET_HIT,106.9921875,24203.928190104172,23833.208134765624,,BEARISH,BEARISH
PT-20260917145428-515773,2026-08-18 08:25:00,24190.80078125,24206.75,TARGET_HIT,TARGET_HIT,-318.984375,24203.08238932292,23827.93876953125,,BEARISH,BEARISH
PT-20260917145428-999E97,2026-08-18 08:35:00,24195.94921875,24195.55078125,TARGET_HIT,TARGET_HIT,7.96875,24202.239876302083,23833.00998046875,,BEARISH,BEARISH
PT-20260917145428-2F42FD,2026-08-18 08:40:00,24195.55078125,24191.0,TARGET_HIT,TARGET_HIT,91.015625,24201.162402343754,23832.61751953125,,BEARISH,BEARISH
PT-20260917145428-F12EAF,2026-08-18 08:45:00,24191.0,24193.75,TARGET_HIT,TARGET_HIT,-55.0,24200.279915364583,23828.135,,BEARISH,BEARISH
PT-20260917145428-4A0E52,2026-08-18 08:50:00,24193.75,24199.099609375,TARGET_HIT,TARGET_HIT,-106.9921875,24199.899088541664,23830.84375,,BEARISH,BEARISH
PT-20260917145428-AC6167,2026-08-18 08:55:00,24199.099609375,24198.55078125,TARGET_HIT,TARGET_HIT,10.9765625,24199.524088541664,23836.113115234373,,BEARISH,BEARISH
PT-20260917145428-8599B4,2026-08-18 09:00:00,24198.55078125,24201.55078125,TARGET_HIT,TARGET_HIT,-60.0,24199.17327473958,23835.572519531248,,BEARISH,BEARISH
PT-20260917145428-C50285,2026-08-18 09:25:00,24214.30078125,24197.30078125,STOP_LOSS,STOPPED,-340.0,24200.82076822917,24577.515292968747,,BULLISH,BULLISH
PT-20260917145428-B891DD,2026-08-18 09:40:00,24165.80078125,24166.349609375,TARGET_HIT,TARGET_HIT,-10.9765625,24199.544140625007,23803.31376953125,,BEARISH,BEARISH
PT-20260917145429-560495,2026-08-18 09:45:00,24166.349609375,24166.349609375,TARGET_HIT,TARGET_HIT,-0.0,24198.02496744792,23803.854365234376,,BEARISH,BEARISH
PT-20260917145429-83AA4F,2026-08-18 09:50:00,24166.349609375,24154.900390625,TARGET_HIT,TARGET_HIT,228.984375,24196.335774739586,23803.854365234376,,BEARISH,BEARISH
PT-20260917145429-E288D3,2026-08-18 09:55:00,24154.900390625,24154.900390625,SESSION_CLOSE,EXPIRED,-0.0,24194.05914713542,23792.576884765625,,BEARISH,BEARISH
PT-20260917145429-ACA226,2026-08-19 03:45:00,24118.69921875,24106.05078125,TARGET_HIT,TARGET_HIT,252.96875,24190.586621093753,23756.91873046875,,BEARISH,BEARISH
PT-20260917145429-5BA4C0,2026-08-19 03:50:00,24106.05078125,24096.75,TARGET_HIT,TARGET_HIT,186.015625,24186.55081380209,23744.46001953125,,BEARISH,BEARISH
PT-20260917145429-EA5697,2026-08-19 03:55:00,24096.75,24073.849609375,TARGET_HIT,TARGET_HIT,458.0078125,24181.44830729167,23735.298749999998,,BEARISH,BEARISH
PT-20260917145429-366735,2026-08-19 04:00:00,24073.849609375,24079.55078125,TARGET_HIT,TARGET_HIT,-114.0234375,24175.530826822916,23712.741865234373,,BEARISH,BEARISH
PT-20260917145429-1466A8,2026-08-19 04:05:00,24079.55078125,24084.55078125,TARGET_HIT,TARGET_HIT,-100.0,24169.57001953125,23718.35751953125,,BEARISH,BEARISH
PT-20260917145429-2D0C85,2026-08-19 04:10:00,24084.55078125,24094.150390625,TARGET_HIT,TARGET_HIT,-191.9921875,24163.99501953125,23723.28251953125,,BEARISH,BEARISH
PT-20260917145429-DEA8C7,2026-08-19 04:15:00,24094.150390625,24099.75,TARGET_HIT,TARGET_HIT,-111.9921875,24158.81585286458,23732.738134765626,,BEARISH,BEARISH
PT-20260917145429-B8737D,2026-08-19 04:20:00,24099.75,24097.80078125,TARGET_HIT,TARGET_HIT,38.984375,24154.10501302083,23738.25375,,BEARISH,BEARISH
PT-20260917145429-217DDB,2026-08-19 04:25:00,24097.80078125,24099.75,TARGET_HIT,TARGET_HIT,-38.984375,24149.053352864583,23736.33376953125,,BEARISH,BEARISH
PT-20260917145429-D31BFD,2026-08-19 04:30:00,24099.75,24094.44921875,TARGET_HIT,TARGET_HIT,106.015625,24144.100032552084,23738.25375,,BEARISH,BEARISH
PT-20260917145429-1C612A,2026-08-19 04:35:00,24094.44921875,24091.80078125,TARGET_HIT,TARGET_HIT,52.96875,24138.7525390625,23733.032480468748,,BEARISH,BEARISH
PT-20260917145429-419B2E,2026-08-19 04:40:00,24091.80078125,24072.69921875,TARGET_HIT,TARGET_HIT,382.03125,24133.0583984375,23730.42376953125,,BEARISH,BEARISH
PT-20260917145429-CD2D3D,2026-08-19 04:45:00,24072.69921875,24065.05078125,TARGET_HIT,TARGET_HIT,152.96875,24126.558430989586,23711.60873046875,,BEARISH,BEARISH
PT-20260917145429-88A30A,2026-08-19 04:50:00,24065.05078125,24065.19921875,TARGET_HIT,TARGET_HIT,-2.96875,24119.242578125,23704.07501953125,,BEARISH,BEARISH
PT-20260917145429-0B872E,2026-08-19 04:55:00,24065.19921875,24057.44921875,TARGET_HIT,TARGET_HIT,155.0,24111.974251302083,23704.22123046875,,BEARISH,BEARISH
PT-20260917145429-8D1A80,2026-08-19 05:00:00,24057.44921875,24051.94921875,TARGET_HIT,TARGET_HIT,110.0,24105.069205729167,23696.58748046875,,BEARISH,BEARISH
PT-20260917145430-CB9A3F,2026-08-19 05:05:00,24051.94921875,24058.400390625,TARGET_HIT,TARGET_HIT,-129.0234375,24098.92666015625,23691.16998046875,,BEARISH,BEARISH
PT-20260917145430-894CFC,2026-08-19 05:10:00,24058.400390625,24053.099609375,TARGET_HIT,TARGET_HIT,106.015625,24093.323372395833,23697.524384765624,,BEARISH,BEARISH
PT-20260917145430-3BD6EF,2026-08-19 05:15:00,24053.099609375,24061.30078125,TARGET_HIT,TARGET_HIT,-164.0234375,24087.703385416666,23692.303115234376,,BEARISH,BEARISH
PT-20260917145430-7B8E6F,2026-08-19 05:20:00,24061.30078125,24056.099609375,TARGET_HIT,TARGET_HIT,104.0234375,24082.653385416666,23700.381269531248,,BEARISH,BEARISH
PT-20260917145430-C988CA,2026-08-19 05:25:00,24056.099609375,24047.94921875,TARGET_HIT,TARGET_HIT,163.0078125,24079.18092447917,23695.258115234374,,BEARISH,BEARISH
PT-20260917145430-C2EF2B,2026-08-19 05:30:00,24047.94921875,24041.19921875,TARGET_HIT,TARGET_HIT,135.0,24076.105013020835,23687.22998046875,,BEARISH,BEARISH
PT-20260917145430-191843,2026-08-19 05:35:00,24041.19921875,24048.5,TARGET_HIT,TARGET_HIT,-146.015625,24073.104980468754,23680.58123046875,,BEARISH,BEARISH
PT-20260917145430-F89A46,2026-08-19 05:40:00,24048.5,24053.150390625,TARGET_HIT,TARGET_HIT,-93.0078125,24071.326660156254,23687.7725,,BEARISH,BEARISH
PT-20260917145430-1C7F2E,2026-08-19 05:45:00,24053.150390625,24052.25,TARGET_HIT,TARGET_HIT,18.0078125,24070.139160156257,23692.353134765624,,BEARISH,BEARISH
PT-20260917145430-1DDE43,2026-08-19 05:50:00,24052.25,24054.349609375,TARGET_HIT,TARGET_HIT,-41.9921875,24068.829166666674,23691.46625,,BEARISH,BEARISH
PT-20260917145430-FE3EFE,2026-08-19 05:55:00,24054.349609375,24054.25,TARGET_HIT,TARGET_HIT,1.9921875,24066.995800781257,23693.534365234376,,BEARISH,BEARISH
PT-20260917145430-0BB28B,2026-08-19 06:00:00,24054.25,24048.099609375,TARGET_HIT,TARGET_HIT,123.0078125,24064.692480468755,23693.43625,,BEARISH,BEARISH
PT-20260917145430-D3BD83,2026-08-19 06:05:00,24048.099609375,24052.44921875,TARGET_HIT,TARGET_HIT,-86.9921875,24062.21246744792,23687.378115234376,,BEARISH,BEARISH
PT-20260917145430-94B90E,2026-08-19 06:10:00,24052.44921875,24066.900390625,TARGET_HIT,TARGET_HIT,-289.0234375,24059.704101562504,23691.66248046875,,BEARISH,BEARISH
PT-20260917145430-7C077D,2026-08-19 06:30:00,24059.80078125,24056.150390625,TARGET_HIT,TARGET_HIT,73.0078125,24057.09498697917,23698.90376953125,,BEARISH,BEARISH
PT-20260917145430-FD97B2,2026-08-19 06:35:00,24056.150390625,24052.80078125,TARGET_HIT,TARGET_HIT,66.9921875,24056.691666666666,23695.308134765626,,BEARISH,BEARISH
PT-20260917145430-378592,2026-08-19 06:40:00,24052.80078125,24060.19921875,TARGET_HIT,TARGET_HIT,-147.96875,24056.375846354167,23692.00876953125,,BEARISH,BEARISH
PT-20260917145431-2766FA,2026-08-19 06:45:00,24060.19921875,24064.5,TARGET_HIT,TARGET_HIT,-86.015625,24056.485026041664,23699.29623046875,,BEARISH,BEARISH
PT-20260917145431-383990,2026-08-19 06:55:00,24059.849609375,24054.05078125,TARGET_HIT,TARGET_HIT,115.9765625,24057.17083333333,23698.951865234376,,BEARISH,BEARISH
PT-20260917145431-4A5272,2026-08-19 07:00:00,24054.05078125,24054.55078125,TARGET_HIT,TARGET_HIT,-10.0,24057.038346354166,23693.24001953125,,BEARISH,BEARISH
PT-20260917145431-8648B9,2026-08-19 07:05:00,24054.55078125,24055.30078125,TARGET_HIT,TARGET_HIT,-15.0,24056.769986979165,23693.73251953125,,BEARISH,BEARISH
PT-20260917145431-622EE4,2026-08-19 07:10:00,24055.30078125,24052.05078125,TARGET_HIT,TARGET_HIT,65.0,24057.04420572917,23694.47126953125,,BEARISH,BEARISH
PT-20260917145431-2356B0,2026-08-19 07:15:00,24052.05078125,24055.55078125,TARGET_HIT,TARGET_HIT,-70.0,24057.65338541667,23691.27001953125,,BEARISH,BEARISH
PT-20260917145431-991944,2026-08-19 07:20:00,24055.55078125,24055.30078125,TARGET_HIT,TARGET_HIT,5.0,24058.071712239587,23694.71751953125,,BEARISH,BEARISH
PT-20260917145431-51301E,2026-08-19 07:25:00,24055.30078125,24062.80078125,TARGET_HIT,TARGET_HIT,-150.0,24058.185026041672,23694.47126953125,,BEARISH,BEARISH
PT-20260917145431-29A3E8,2026-08-19 07:40:00,24046.150390625,24043.099609375,TARGET_HIT,TARGET_HIT,61.015625,24058.782552083336,23685.458134765624,,BEARISH,BEARISH
PT-20260917145431-3B9F1F,2026-08-19 07:45:00,24043.099609375,24041.94921875,TARGET_HIT,TARGET_HIT,23.0078125,24058.530859375,23682.453115234373,,BEARISH,BEARISH
PT-20260917145431-333250,2026-08-19 07:50:00,24041.94921875,24041.099609375,TARGET_HIT,TARGET_HIT,16.9921875,24058.119205729166,23681.31998046875,,BEARISH,BEARISH
PT-20260917145431-EC0259,2026-08-19 07:55:00,24041.099609375,24038.900390625,TARGET_HIT,TARGET_HIT,43.984375,24057.1091796875,23680.483115234376,,BEARISH,BEARISH
PT-20260917145431-5C1B5A,2026-08-19 08:00:00,24038.900390625,24046.55078125,TARGET_HIT,TARGET_HIT,-153.0078125,24055.33837890625,23678.316884765623,,BEARISH,BEARISH
PT-20260917145431-35DD80,2026-08-19 08:05:00,24046.55078125,24042.19921875,TARGET_HIT,TARGET_HIT,87.03125,24053.655859374998,23685.85251953125,,BEARISH,BEARISH
PT-20260917145431-692562,2026-08-19 08:10:00,24042.19921875,24041.900390625,TARGET_HIT,TARGET_HIT,5.9765625,24052.562499999996,23681.56623046875,,BEARISH,BEARISH
PT-20260917145431-AA7B55,2026-08-19 08:15:00,24041.900390625,24040.0,TARGET_HIT,TARGET_HIT,38.0078125,24051.819986979164,23681.271884765625,,BEARISH,BEARISH
PT-20260917145431-6125AE,2026-08-19 08:20:00,24040.0,24044.94921875,TARGET_HIT,TARGET_HIT,-98.984375,24051.149153645834,23679.4,,BEARISH,BEARISH
PT-20260917145431-376A31,2026-08-19 08:25:00,24044.94921875,24054.599609375,TARGET_HIT,TARGET_HIT,-193.0078125,24050.514160156254,23684.27498046875,,BEARISH,BEARISH
PT-20260917145431-FC255B,2026-08-19 08:45:00,24039.69921875,24030.5,TARGET_HIT,TARGET_HIT,183.984375,24049.311686197918,23679.10373046875,,BEARISH,BEARISH
PT-20260917145432-54D1BB,2026-08-19 08:50:00,24030.5,24039.05078125,TARGET_HIT,TARGET_HIT,-171.015625,24048.14166666667,23670.0425,,BEARISH,BEARISH
PT-20260917145432-993B94,2026-08-19 08:55:00,24039.05078125,24050.900390625,TARGET_HIT,TARGET_HIT,-236.9921875,24047.3275390625,23678.46501953125,,BEARISH,BEARISH
PT-20260917145432-051C12,2026-08-19 09:15:00,24041.55078125,24050.44921875,TARGET_HIT,TARGET_HIT,-177.96875,24045.828385416662,23680.92751953125,,BEARISH,BEARISH
PT-20260917145432-074B91,2026-08-19 09:35:00,24038.400390625,24048.55078125,TARGET_HIT,TARGET_HIT,-203.0078125,24046.95166015625,23677.824384765623,,BEARISH,BEARISH
PT-20260917145432-CB1568,2026-08-20 05:30:00,24214.05078125,24204.400390625,STOP_LOSS,STOPPED,-193.0078125,24208.50247395833,24577.261542968747,,BULLISH,BULLISH
PT-20260917145432-A8A4C1,2026-08-20 06:00:00,24212.150390625,24212.150390625,SESSION_CLOSE,EXPIRED,0.0,24209.709960937496,24575.332646484374,,BULLISH,BULLISH
PT-20260917145432-51AE89,2026-08-20 06:05:00,24211.75,24209.94921875,STOP_LOSS,STOPPED,-36.015625,24210.057486979164,24574.926249999997,,BULLISH,BULLISH
PT-20260917145432-9114E3,2026-08-20 06:10:00,24212.349609375,24209.94921875,STOP_LOSS,STOPPED,-48.0078125,24210.37916666666,24575.534853515623,,BULLISH,BULLISH
PT-20260917145432-AAEFAF,2026-08-20 06:15:00,24212.400390625,24209.94921875,STOP_LOSS,STOPPED,-49.0234375,24210.607519531248,24575.586396484374,,BULLISH,BULLISH
PT-20260917145432-D1390F,2026-08-20 06:20:00,24212.849609375,24209.94921875,STOP_LOSS,STOPPED,-58.0078125,24210.41917317708,24576.042353515622,,BULLISH,BULLISH
PT-20260917145432-8F67CE,2026-08-20 06:25:00,24216.599609375,24209.94921875,STOP_LOSS,STOPPED,-133.0078125,24210.12001953125,24579.848603515624,,BULLISH,BULLISH
PT-20260917145432-DBE5C1,2026-08-20 06:30:00,24212.19921875,24212.19921875,SESSION_CLOSE,EXPIRED,0.0,24209.93499348958,24575.38220703125,,BULLISH,BULLISH
PT-20260917145432-D1348E,2026-08-20 06:35:00,24213.0,24209.94921875,STOP_LOSS,STOPPED,-61.015625,24209.988346354166,24576.194999999996,,BULLISH,BULLISH
PT-20260917145432-0EC30C,2026-08-20 06:40:00,24214.75,24209.94921875,STOP_LOSS,STOPPED,-96.015625,24210.196712239584,24577.97125,,BULLISH,BULLISH
PT-20260917145432-124B1B,2026-08-20 06:45:00,24216.75,24209.94921875,STOP_LOSS,STOPPED,-136.015625,24210.775065104168,24580.001249999998,,BULLISH,BULLISH
PT-20260917145432-1DCB48,2026-08-20 06:55:00,24213.75,24209.94921875,STOP_LOSS,STOPPED,-76.015625,24210.99176432292,24576.95625,,BULLISH,BULLISH
PT-20260917145432-7C414B,2026-08-20 07:05:00,24216.94921875,24216.94921875,SESSION_CLOSE,EXPIRED,0.0,24211.32171223958,24580.203457031246,,BULLISH,BULLISH
PT-20260917145432-E4A1BC,2026-08-20 07:10:00,24217.19921875,24217.19921875,SESSION_CLOSE,EXPIRED,0.0,24211.418326822917,24580.457207031246,,BULLISH,BULLISH
PT-20260917145432-5D0FC5,2026-08-20 07:15:00,24241.44921875,24212.349609375,STOP_LOSS,STOPPED,-581.9921875,24212.510872395833,24605.070957031247,,BULLISH,BULLISH
PT-20260917145432-5BEDA6,2026-08-20 07:20:00,24244.30078125,24212.349609375,STOP_LOSS,STOPPED,-639.0234375,24214.631705729167,24607.965292968747,,BULLISH,BULLISH
PT-20260917145433-896DE9,2026-08-20 07:25:00,24244.25,24215.69921875,STOP_LOSS,STOPPED,-571.015625,24216.684244791664,24607.913749999996,,BULLISH,BULLISH
PT-20260917145433-8D7E43,2026-08-20 07:30:00,24244.94921875,24215.69921875,STOP_LOSS,STOPPED,-585.0,24219.021744791662,24608.623457031248,,BULLISH,BULLISH
PT-20260917145433-59D6F5,2026-08-20 07:35:00,24248.5,24215.69921875,STOP_LOSS,STOPPED,-656.015625,24221.44759114583,24612.227499999997,,BULLISH,BULLISH
PT-20260917145433-656642,2026-08-20 07:40:00,24246.80078125,24215.69921875,STOP_LOSS,STOPPED,-622.03125,24223.278417968748,24610.50279296875,,BULLISH,BULLISH
PT-20260917145433-BBF1BC,2026-08-20 07:45:00,24241.0,24215.69921875,STOP_LOSS,STOPPED,-506.015625,24224.753385416665,24604.614999999998,,BULLISH,BULLISH
PT-20260917145433-01FDAA,2026-08-20 07:50:00,24250.30078125,24215.69921875,STOP_LOSS,STOPPED,-692.03125,24226.473404947916,24614.055292968747,,BULLISH,BULLISH
PT-20260917145433-99C639,2026-08-20 07:55:00,24247.55078125,24215.69921875,STOP_LOSS,STOPPED,-637.03125,24228.111751302084,24611.26404296875,,BULLISH,BULLISH
PT-20260917145433-C0BC0C,2026-08-20 08:00:00,24248.69921875,24215.69921875,STOP_LOSS,STOPPED,-660.0,24229.858430989585,24612.429707031246,,BULLISH,BULLISH
PT-20260917145433-B33951,2026-08-20 08:10:00,24246.05078125,24231.349609375,STOP_LOSS,STOPPED,-294.0234375,24232.85846354167,24609.741542968746,,BULLISH,BULLISH
PT-20260917145433-305D17,2026-08-20 08:15:00,24246.25,24232.94921875,STOP_LOSS,STOPPED,-266.015625,24234.492610677084,24609.94375,,BULLISH,BULLISH
PT-20260917145433-544517,2026-08-20 08:50:00,24242.150390625,24237.0,STOP_LOSS,STOPPED,-103.0078125,24242.044238281247,24605.78264648437,,BULLISH,BULLISH
PT-20260917145433-C60909,2026-08-20 08:55:00,24245.80078125,24237.0,STOP_LOSS,STOPPED,-176.015625,24242.410904947912,24609.487792968746,,BULLISH,BULLISH
PT-20260917145433-554985,2026-08-20 09:00:00,24244.599609375,24237.0,STOP_LOSS,STOPPED,-151.9921875,24242.180891927077,24608.268603515622,,BULLISH,BULLISH
PT-20260917145433-084E47,2026-08-20 09:05:00,24244.0,24237.0,STOP_LOSS,STOPPED,-140.0,24242.20504557291,24607.659999999996,,BULLISH,BULLISH
PT-20260917145433-A25590,2026-08-21 04:00:00,24208.80078125,24220.69921875,TARGET_HIT,TARGET_HIT,-237.96875,24231.03245442708,23845.66876953125,,BEARISH,BEARISH
PT-20260917145433-5D0CB9,2026-08-21 04:05:00,24220.69921875,24243.849609375,TARGET_HIT,TARGET_HIT,-463.0078125,24229.99163411458,23857.38873046875,,BEARISH,BEARISH
PT-20260917145433-E3B723,2026-08-21 04:15:00,24243.5,24225.25,STOP_LOSS,STOPPED,-365.0,24230.489095052082,24607.152499999997,,BULLISH,BULLISH
PT-20260917145433-76DCD3,2026-08-21 04:20:00,24250.55078125,24225.25,STOP_LOSS,STOPPED,-506.015625,24230.835774739582,24614.309042968747,,BULLISH,BULLISH
PT-20260917145433-3DA880,2026-08-21 04:25:00,24246.900390625,24225.25,STOP_LOSS,STOPPED,-433.0078125,24230.906608072917,24610.603896484372,,BULLISH,BULLISH
PT-20260917145433-5FD6F8,2026-08-21 04:30:00,24239.5,24225.25,STOP_LOSS,STOPPED,-285.0,24230.93411458333,24603.0925,,BULLISH,BULLISH
PT-20260917145434-80B15C,2026-08-21 04:40:00,24235.69921875,24225.44921875,STOP_LOSS,STOPPED,-205.0,24230.313248697916,24599.234707031246,,BULLISH,BULLISH
PT-20260917145434-F8AD65,2026-08-21 04:50:00,24243.80078125,24225.44921875,STOP_LOSS,STOPPED,-367.03125,24230.399967447916,24607.457792968748,,BULLISH,BULLISH
PT-20260917145434-0FC5A0,2026-08-21 04:55:00,24255.0,24230.400390625,STOP_LOSS,STOPPED,-491.9921875,24231.365787760416,24618.824999999997,,BULLISH,BULLISH
PT-20260917145434-4CC47E,2026-08-21 05:00:00,24250.30078125,24230.400390625,STOP_LOSS,STOPPED,-398.0078125,24232.96328125,24614.055292968747,,BULLISH,BULLISH
PT-20260917145434-159AB5,2026-08-21 05:05:00,24249.349609375,24233.30078125,STOP_LOSS,STOPPED,-320.9765625,24234.732421874996,24613.089853515623,,BULLISH,BULLISH
PT-20260917145434-D7F67A,2026-08-21 05:10:00,24253.19921875,24236.25,STOP_LOSS,STOPPED,-338.984375,24236.74661458333,24616.997207031247,,BULLISH,BULLISH
PT-20260917145434-A0B3B5,2026-08-21 05:15:00,24253.5,24238.55078125,STOP_LOSS,STOPPED,-298.984375,24238.840787760415,24617.302499999998,,BULLISH,BULLISH
PT-20260917145434-435743,2026-08-21 05:20:00,24264.650390625,24239.30078125,STOP_LOSS,STOPPED,-506.9921875,24240.654980468753,24628.620146484373,,BULLISH,BULLISH
PT-20260917145434-44F9CB,2026-08-21 05:25:00,24261.0,24239.30078125,STOP_LOSS,STOPPED,-433.984375,24241.045833333337,24624.914999999997,,BULLISH,BULLISH
PT-20260917145434-DD6929,2026-08-21 05:30:00,24266.0,24239.30078125,STOP_LOSS,STOPPED,-533.984375,24243.103320312504,24629.989999999998,,BULLISH,BULLISH
PT-20260917145434-ADFC5F,2026-08-21 05:35:00,24259.80078125,24239.30078125,STOP_LOSS,STOPPED,-410.0,24244.825032552086,24623.69779296875,,BULLISH,BULLISH
PT-20260917145434-DDCFB5,2026-08-21 05:40:00,24262.650390625,24245.25,STOP_LOSS,STOPPED,-348.0078125,24247.136718750004,24626.590146484374,,BULLISH,BULLISH
PT-20260917145434-FFF2B0,2026-08-21 06:00:00,24258.69921875,24245.25,STOP_LOSS,STOPPED,-268.984375,24251.02001953125,24622.579707031247,,BULLISH,BULLISH
PT-20260917145434-C9511E,2026-08-21 06:05:00,24257.19921875,24251.05078125,STOP_LOSS,STOPPED,-122.96875,24251.567513020833,24621.05720703125,,BULLISH,BULLISH
PT-20260917145434-063D8E,2026-08-21 07:15:00,24230.400390625,24233.19921875,TARGET_HIT,TARGET_HIT,-55.9765625,24245.76341145833,23866.944384765626,,BEARISH,BEARISH
PT-20260917145434-C3A582,2026-08-21 07:20:00,24233.19921875,24232.80078125,TARGET_HIT,TARGET_HIT,7.96875,24244.320865885416,23869.70123046875,,BEARISH,BEARISH
PT-20260917145434-433F9D,2026-08-21 07:25:00,24232.80078125,24241.05078125,TARGET_HIT,TARGET_HIT,-165.0,24243.082552083335,23869.30876953125,,BEARISH,BEARISH
PT-20260917145434-22F2A9,2026-08-21 07:50:00,24238.349609375,24246.80078125,TARGET_HIT,TARGET_HIT,-169.0234375,24240.096679687504,23874.774365234374,,BEARISH,BEARISH
PT-20260917145434-7A5834,2026-08-21 08:05:00,24233.69921875,24235.80078125,TARGET_HIT,TARGET_HIT,-42.03125,24238.91751302084,23870.19373046875,,BEARISH,BEARISH
PT-20260917145434-B627D5,2026-08-21 08:15:00,24231.44921875,24232.94921875,TARGET_HIT,TARGET_HIT,-30.0,24238.42496744792,23867.97748046875,,BEARISH,BEARISH
PT-20260917145435-BBDC4D,2026-08-21 08:20:00,24232.94921875,24233.94921875,TARGET_HIT,TARGET_HIT,-20.0,24238.284082031252,23869.45498046875,,BEARISH,BEARISH
PT-20260917145435-2B5EE3,2026-08-21 08:25:00,24233.94921875,24230.69921875,TARGET_HIT,TARGET_HIT,65.0,24238.367415364588,23870.43998046875,,BEARISH,BEARISH
PT-20260917145435-359067,2026-08-21 08:30:00,24230.69921875,24225.44921875,TARGET_HIT,TARGET_HIT,105.0,24237.934895833336,23867.23873046875,,BEARISH,BEARISH
PT-20260917145435-405B09,2026-08-21 08:35:00,24225.44921875,24230.55078125,TARGET_HIT,TARGET_HIT,-102.03125,24237.364876302083,23862.06748046875,,BEARISH,BEARISH
PT-20260917145435-7FB3F8,2026-08-21 08:40:00,24230.55078125,24236.150390625,TARGET_HIT,TARGET_HIT,-111.9921875,24236.671549479164,23867.09251953125,,BEARISH,BEARISH
PT-20260917145435-891193,2026-08-21 09:05:00,24234.69921875,24235.349609375,TARGET_HIT,TARGET_HIT,-13.0078125,24237.65732421875,23871.17873046875,,BEARISH,BEARISH
PT-20260917145435-CCD77B,2026-08-21 09:10:00,24235.349609375,24237.599609375,TARGET_HIT,TARGET_HIT,-45.0,24237.521516927085,23871.819365234376,,BEARISH,BEARISH
PT-20260917145435-AE9FE4,2026-08-21 09:25:00,24236.30078125,24235.75,TARGET_HIT,TARGET_HIT,11.015625,24236.369889322912,23872.756269531248,,BEARISH,BEARISH
PT-20260917145435-155E39,2026-08-21 09:30:00,24235.75,24234.05078125,TARGET_HIT,TARGET_HIT,33.984375,24236.219889322914,23872.21375,,BEARISH,BEARISH
PT-20260917145435-A50433,2026-08-21 09:35:00,24234.05078125,24234.75,TARGET_HIT,TARGET_HIT,-13.984375,24235.8140625,23870.54001953125,,BEARISH,BEARISH
PT-20260917145435-678227,2026-08-21 09:40:00,24234.75,24234.75,TARGET_HIT,TARGET_HIT,-0.0,24235.310709635414,23871.22875,,BEARISH,BEARISH
PT-20260917145435-285A64,2026-08-21 09:45:00,24234.75,24234.75,TARGET_HIT,TARGET_HIT,-0.0,24235.279915364583,23871.22875,,BEARISH,BEARISH
PT-20260917145435-67B242,2026-08-21 09:50:00,24234.75,24252.0,TARGET_HIT,TARGET_HIT,-345.0,24235.293229166662,23871.22875,,BEARISH,BEARISH
PT-20260917145435-71CFFA,2026-08-24 03:45:00,24303.900390625,24230.25,STOP_LOSS,STOPPED,-1473.0078125,24239.229947916665,24668.45889648437,,BULLISH,BULLISH
PT-20260917145435-E0F0C7,2026-08-24 03:50:00,24303.150390625,24230.25,STOP_LOSS,STOPPED,-1458.0078125,24242.63746744792,24667.697646484372,,BULLISH,BULLISH
PT-20260917145435-2CB88A,2026-08-24 03:55:00,24288.099609375,24242.900390625,STOP_LOSS,STOPPED,-903.984375,24245.759993489588,24652.421103515622,,BULLISH,BULLISH
PT-20260917145435-11598F,2026-08-24 04:00:00,24276.75,24242.900390625,STOP_LOSS,STOPPED,-676.9921875,24248.395019531254,24640.90125,,BULLISH,BULLISH
PT-20260917145435-F09D83,2026-08-24 04:05:00,24283.19921875,24242.900390625,STOP_LOSS,STOPPED,-805.9765625,24251.045833333334,24647.447207031248,,BULLISH,BULLISH
PT-20260917145436-9F81D1,2026-08-24 04:10:00,24281.75,24242.900390625,STOP_LOSS,STOPPED,-776.9921875,24253.320833333335,24645.976249999996,,BULLISH,BULLISH
PT-20260917145436-1A46D8,2026-08-24 04:15:00,24280.69921875,24242.900390625,STOP_LOSS,STOPPED,-755.9765625,24255.409179687504,24644.90970703125,,BULLISH,BULLISH
PT-20260917145436-362788,2026-08-24 04:40:00,24273.099609375,24242.900390625,STOP_LOSS,STOPPED,-603.984375,24264.06002604167,24637.196103515624,,BULLISH,BULLISH
PT-20260917145436-36396D,2026-08-24 04:45:00,24277.94921875,24242.900390625,STOP_LOSS,STOPPED,-700.9765625,24265.91083984375,24642.118457031247,,BULLISH,BULLISH
PT-20260917145436-5A4FBF,2026-08-24 04:50:00,24278.75,24242.900390625,STOP_LOSS,STOPPED,-716.9921875,24268.0533203125,24642.931249999998,,BULLISH,BULLISH
PT-20260917145436-D632EE,2026-08-24 04:55:00,24277.599609375,24268.69921875,STOP_LOSS,STOPPED,-178.0078125,24270.080826822916,24641.76360351562,,BULLISH,BULLISH
PT-20260917145436-6EA60D,2026-08-24 05:00:00,24279.650390625,24270.94921875,STOP_LOSS,STOPPED,-174.0234375,24272.278320312493,24643.84514648437,,BULLISH,BULLISH
PT-20260917145436-1A46ED,2026-08-24 05:05:00,24279.650390625,24270.94921875,STOP_LOSS,STOPPED,-174.0234375,24274.75501302083,24643.84514648437,,BULLISH,BULLISH
PT-20260917145436-020D0F,2026-08-24 05:10:00,24279.25,24270.94921875,STOP_LOSS,STOPPED,-166.015625,24276.968359374994,24643.438749999998,,BULLISH,BULLISH
PT-20260917145436-79C979,2026-08-24 05:45:00,24214.75,24202.44921875,TARGET_HIT,TARGET_HIT,246.015625,24264.239095052086,23851.52875,,BEARISH,BEARISH
PT-20260917145436-3A03E0,2026-08-24 05:50:00,24202.44921875,24202.150390625,TARGET_HIT,TARGET_HIT,5.9765625,24260.53828125,23839.41248046875,,BEARISH,BEARISH
PT-20260917145436-4FA388,2026-08-24 05:55:00,24202.150390625,24179.30078125,TARGET_HIT,TARGET_HIT,456.9921875,24256.55413411458,23839.118134765624,,BEARISH,BEARISH
PT-20260917145436-EE3522,2026-08-24 06:00:00,24179.30078125,24180.900390625,TARGET_HIT,TARGET_HIT,-31.9921875,24252.083333333336,23816.61126953125,,BEARISH,BEARISH
PT-20260917145436-138997,2026-08-24 06:05:00,24180.900390625,24186.80078125,TARGET_HIT,TARGET_HIT,-118.0078125,24247.453352864584,23818.186884765626,,BEARISH,BEARISH
PT-20260917145436-B9D8DC,2026-08-24 06:10:00,24186.80078125,24196.75,TARGET_HIT,TARGET_HIT,-198.984375,24243.230859375,23823.99876953125,,BEARISH,BEARISH
PT-20260917145436-534A29,2026-08-24 06:15:00,24196.75,24191.25,TARGET_HIT,TARGET_HIT,110.0,24239.390852864584,23833.798749999998,,BEARISH,BEARISH
PT-20260917145436-5D580D,2026-08-24 06:20:00,24191.25,24181.099609375,TARGET_HIT,TARGET_HIT,203.0078125,24235.43671875,23828.38125,,BEARISH,BEARISH
PT-20260917145437-4AD8A4,2026-08-24 06:25:00,24181.099609375,24190.69921875,TARGET_HIT,TARGET_HIT,-191.9921875,24230.877571614583,23818.383115234374,,BEARISH,BEARISH
PT-20260917145437-FA5601,2026-08-24 06:30:00,24190.69921875,24194.05078125,TARGET_HIT,TARGET_HIT,-67.03125,24226.31171875,23827.83873046875,,BEARISH,BEARISH
PT-20260917145437-65B38B,2026-08-24 06:35:00,24194.05078125,24194.05078125,TARGET_HIT,TARGET_HIT,-0.0,24222.004231770836,23831.14001953125,,BEARISH,BEARISH
PT-20260917145437-70A466,2026-08-24 06:40:00,24194.05078125,24189.400390625,TARGET_HIT,TARGET_HIT,93.0078125,24217.790885416667,23831.14001953125,,BEARISH,BEARISH
PT-20260917145437-C50262,2026-08-24 06:45:00,24189.400390625,24192.75,TARGET_HIT,TARGET_HIT,-66.9921875,24213.254199218754,23826.559384765624,,BEARISH,BEARISH
PT-20260917145437-4CC4B1,2026-08-24 06:50:00,24192.75,24183.900390625,TARGET_HIT,TARGET_HIT,176.9921875,24208.935026041676,23829.85875,,BEARISH,BEARISH
PT-20260917145437-9CEA08,2026-08-24 06:55:00,24183.900390625,24183.44921875,TARGET_HIT,TARGET_HIT,9.0234375,24204.68170572917,23821.141884765624,,BEARISH,BEARISH
PT-20260917145437-8D5122,2026-08-24 07:00:00,24183.44921875,24180.05078125,TARGET_HIT,TARGET_HIT,67.96875,24200.54918619792,23820.69748046875,,BEARISH,BEARISH
PT-20260917145437-CCE8EA,2026-08-24 07:05:00,24180.05078125,24180.0,TARGET_HIT,TARGET_HIT,1.015625,24197.13336588542,23817.350019531248,,BEARISH,BEARISH
PT-20260917145437-9EC8B6,2026-08-24 07:10:00,24180.0,24185.25,TARGET_HIT,TARGET_HIT,-105.0,24194.23756510417,23817.3,,BEARISH,BEARISH
PT-20260917145437-E12C7C,2026-08-24 07:15:00,24185.25,24183.349609375,TARGET_HIT,TARGET_HIT,38.0078125,24192.23837890625,23822.47125,,BEARISH,BEARISH
PT-20260917145437-982021,2026-08-24 07:20:00,24183.349609375,24181.849609375,TARGET_HIT,TARGET_HIT,30.0,24190.696712239584,23820.599365234375,,BEARISH,BEARISH
PT-20260917145437-9AF9D9,2026-08-24 07:25:00,24181.849609375,24170.0,TARGET_HIT,TARGET_HIT,236.9921875,24189.191731770836,23819.121865234374,,BEARISH,BEARISH
PT-20260917145437-6C1764,2026-08-24 07:30:00,24170.0,24159.80078125,TARGET_HIT,TARGET_HIT,203.984375,24187.4900390625,23807.45,,BEARISH,BEARISH
PT-20260917145437-9B6108,2026-08-24 07:35:00,24159.80078125,24166.400390625,TARGET_HIT,TARGET_HIT,-131.9921875,24185.545865885415,23797.40376953125,,BEARISH,BEARISH
PT-20260917145437-430B35,2026-08-24 07:40:00,24166.400390625,24173.599609375,TARGET_HIT,TARGET_HIT,-143.984375,24184.433365885416,23803.904384765625,,BEARISH,BEARISH
PT-20260917145437-F003F3,2026-08-24 07:45:00,24173.599609375,24175.650390625,TARGET_HIT,TARGET_HIT,-41.015625,24183.947526041666,23810.995615234373,,BEARISH,BEARISH
PT-20260917145437-BD5467,2026-08-24 07:50:00,24175.650390625,24178.75,TARGET_HIT,TARGET_HIT,-61.9921875,24183.380859374996,23813.015634765623,,BEARISH,BEARISH
PT-20260917145437-E913D0,2026-08-24 07:55:00,24178.75,24165.44921875,TARGET_HIT,TARGET_HIT,266.015625,24182.570019531246,23816.06875,,BEARISH,BEARISH
PT-20260917145437-82B1D7,2026-08-24 08:00:00,24165.44921875,24169.69921875,TARGET_HIT,TARGET_HIT,-85.0,24181.375,23802.96748046875,,BEARISH,BEARISH
PT-20260917145438-5CC8CD,2026-08-24 08:05:00,24169.69921875,24167.599609375,TARGET_HIT,TARGET_HIT,41.9921875,24180.509993489584,23807.153730468748,,BEARISH,BEARISH
PT-20260917145438-908195,2026-08-24 08:10:00,24167.599609375,24166.55078125,TARGET_HIT,TARGET_HIT,20.9765625,24179.550032552088,23805.085615234373,,BEARISH,BEARISH
PT-20260917145438-AF6F69,2026-08-24 08:15:00,24166.55078125,24160.599609375,TARGET_HIT,TARGET_HIT,119.0234375,24178.31253255209,23804.05251953125,,BEARISH,BEARISH
PT-20260917145438-2DC779,2026-08-24 08:20:00,24160.599609375,24158.5,TARGET_HIT,TARGET_HIT,41.9921875,24176.80338541667,23798.190615234376,,BEARISH,BEARISH
PT-20260917145438-AEBCA0,2026-08-24 08:25:00,24158.5,24160.150390625,TARGET_HIT,TARGET_HIT,-33.0078125,24175.245084635422,23796.1225,,BEARISH,BEARISH
PT-20260917145438-562382,2026-08-24 08:30:00,24160.150390625,24162.0,TARGET_HIT,TARGET_HIT,-36.9921875,24173.677571614586,23797.748134765625,,BEARISH,BEARISH
PT-20260917145438-385CBA,2026-08-24 08:35:00,24162.0,24150.400390625,TARGET_HIT,TARGET_HIT,231.9921875,24172.302571614586,23799.57,,BEARISH,BEARISH
PT-20260917145438-F22D40,2026-08-24 08:40:00,24150.400390625,24154.19921875,TARGET_HIT,TARGET_HIT,-75.9765625,24170.765136718754,23788.144384765626,,BEARISH,BEARISH
PT-20260917145438-655F62,2026-08-24 08:45:00,24154.19921875,24149.099609375,TARGET_HIT,TARGET_HIT,101.9921875,24169.17926432292,23791.88623046875,,BEARISH,BEARISH
PT-20260917145438-CB752C,2026-08-24 08:50:00,24149.099609375,24160.80078125,TARGET_HIT,TARGET_HIT,-234.0234375,24167.782584635417,23786.863115234373,,BEARISH,BEARISH
PT-20260917145438-13FCB8,2026-08-24 08:55:00,24160.80078125,24174.44921875,TARGET_HIT,TARGET_HIT,-272.96875,24166.49345703125,23798.38876953125,,BEARISH,BEARISH
PT-20260917145438-F2F85A,2026-08-24 09:15:00,24163.55078125,24170.5,TARGET_HIT,TARGET_HIT,-138.984375,24165.14765625,23801.09751953125,,BEARISH,BEARISH
PT-20260917145438-B32FE5,2026-08-25 04:00:00,24190.900390625,24154.849609375,STOP_LOSS,STOPPED,-721.015625,24172.398502604166,24553.76389648437,,BULLISH,BULLISH
PT-20260917145438-07B8A8,2026-08-25 04:15:00,24154.150390625,24138.099609375,TARGET_HIT,TARGET_HIT,321.015625,24174.317643229166,23791.838134765625,,BEARISH,BEARISH
PT-20260917145438-D468F4,2026-08-25 04:20:00,24138.099609375,24138.849609375,TARGET_HIT,TARGET_HIT,-15.0,24173.56097005208,23776.028115234374,,BEARISH,BEARISH
PT-20260917145438-CC3780,2026-08-25 04:25:00,24138.849609375,24143.900390625,TARGET_HIT,TARGET_HIT,-101.015625,24172.101822916662,23776.766865234375,,BEARISH,BEARISH
PT-20260917145438-8C11B5,2026-08-25 04:30:00,24143.900390625,24135.05078125,TARGET_HIT,TARGET_HIT,176.9921875,24170.431803385414,23781.741884765626,,BEARISH,BEARISH
PT-20260917145438-F42687,2026-08-25 04:35:00,24135.05078125,24141.19921875,TARGET_HIT,TARGET_HIT,-122.96875,24169.039290364577,23773.02501953125,,BEARISH,BEARISH
PT-20260917145438-B908DA,2026-08-25 04:40:00,24141.19921875,24134.099609375,TARGET_HIT,TARGET_HIT,141.9921875,24167.88011067708,23779.08123046875,,BEARISH,BEARISH
PT-20260917145438-AA73AA,2026-08-25 04:45:00,24134.099609375,24120.5,TARGET_HIT,TARGET_HIT,271.9921875,24166.300065104162,23772.088115234375,,BEARISH,BEARISH
PT-20260917145439-4DFEAD,2026-08-25 04:50:00,24120.5,24126.349609375,TARGET_HIT,TARGET_HIT,-116.9921875,24163.960091145833,23758.6925,,BEARISH,BEARISH
PT-20260917145439-CB230E,2026-08-25 04:55:00,24126.349609375,24129.75,TARGET_HIT,TARGET_HIT,-68.0078125,24161.404264322915,23764.454365234375,,BEARISH,BEARISH
PT-20260917145439-9CFBA6,2026-08-25 05:00:00,24129.75,24131.650390625,TARGET_HIT,TARGET_HIT,-38.0078125,24159.368457031247,23767.80375,,BEARISH,BEARISH
PT-20260917145439-D53DE1,2026-08-25 05:05:00,24131.650390625,24135.94921875,TARGET_HIT,TARGET_HIT,-85.9765625,24156.95511067708,23769.675634765626,,BEARISH,BEARISH
PT-20260917145439-9C9F15,2026-08-25 05:10:00,24135.94921875,24154.5,TARGET_HIT,TARGET_HIT,-371.015625,24154.519205729164,23773.90998046875,,BEARISH,BEARISH
PT-20260917145439-9870B3,2026-08-25 05:25:00,24142.69921875,24139.80078125,TARGET_HIT,TARGET_HIT,57.96875,24149.52412109375,23780.55873046875,,BEARISH,BEARISH
PT-20260917145439-0CEE7A,2026-08-25 05:30:00,24139.80078125,24140.650390625,TARGET_HIT,TARGET_HIT,-16.9921875,24147.514127604165,23777.70376953125,,BEARISH,BEARISH
PT-20260917145439-9777C8,2026-08-25 05:35:00,24140.650390625,24147.55078125,TARGET_HIT,TARGET_HIT,-138.0078125,24145.56663411458,23778.540634765624,,BEARISH,BEARISH
PT-20260917145439-492E6F,2026-08-25 05:45:00,24146.19921875,24150.75,TARGET_HIT,TARGET_HIT,-91.015625,24141.614127604167,23784.00623046875,,BEARISH,BEARISH
PT-20260917145439-242B69,2026-08-25 06:35:00,24170.80078125,24144.19921875,STOP_LOSS,STOPPED,-532.03125,24150.375878906252,24533.362792968746,,BULLISH,BULLISH
PT-20260917145439-5FC0C2,2026-08-25 06:40:00,24171.599609375,24152.150390625,STOP_LOSS,STOPPED,-388.984375,24152.444173177086,24534.17360351562,,BULLISH,BULLISH
PT-20260917145439-8F2DFA,2026-08-25 06:45:00,24173.349609375,24152.150390625,STOP_LOSS,STOPPED,-423.984375,24154.670833333337,24535.949853515624,,BULLISH,BULLISH
PT-20260917145439-51CDAD,2026-08-25 06:50:00,24170.55078125,24156.30078125,STOP_LOSS,STOPPED,-285.0,24156.61337890625,24533.109042968747,,BULLISH,BULLISH
PT-20260917145439-8F4BCC,2026-08-25 06:55:00,24169.849609375,24156.30078125,STOP_LOSS,STOPPED,-270.9765625,24157.65338541667,24532.397353515622,,BULLISH,BULLISH
PT-20260917145439-258D11,2026-08-25 07:00:00,24171.349609375,24156.30078125,STOP_LOSS,STOPPED,-300.9765625,24158.197558593754,24533.91985351562,,BULLISH,BULLISH
PT-20260917145439-635A06,2026-08-25 07:30:00,24144.19921875,24139.55078125,TARGET_HIT,TARGET_HIT,92.96875,24161.36331380208,23782.03623046875,,BEARISH,BEARISH
PT-20260917145439-FCCAA4,2026-08-25 07:35:00,24139.55078125,24129.900390625,TARGET_HIT,TARGET_HIT,193.0078125,24160.874999999996,23777.45751953125,,BEARISH,BEARISH
PT-20260917145439-E797C3,2026-08-25 07:40:00,24129.900390625,24129.599609375,TARGET_HIT,TARGET_HIT,6.015625,24160.006673177082,23767.951884765625,,BEARISH,BEARISH
PT-20260917145439-E9E0D8,2026-08-25 07:45:00,24129.599609375,24125.400390625,TARGET_HIT,TARGET_HIT,83.984375,24159.068359375,23767.655615234376,,BEARISH,BEARISH
PT-20260917145440-86B3FF,2026-08-25 07:50:00,24125.400390625,24126.44921875,TARGET_HIT,TARGET_HIT,-20.9765625,24157.834179687503,23763.519384765626,,BEARISH,BEARISH
PT-20260917145440-26972D,2026-08-25 07:55:00,24126.44921875,24132.19921875,TARGET_HIT,TARGET_HIT,-115.0,24156.81497395834,23764.55248046875,,BEARISH,BEARISH
PT-20260917145440-BC665C,2026-08-25 08:00:00,24132.19921875,24137.599609375,TARGET_HIT,TARGET_HIT,-108.0078125,24155.632454427083,23770.216230468748,,BEARISH,BEARISH
PT-20260917145440-BCF1C1,2026-08-25 08:05:00,24137.599609375,24140.400390625,TARGET_HIT,TARGET_HIT,-56.015625,24153.537434895836,23775.535615234374,,BEARISH,BEARISH
PT-20260917145440-F32403,2026-08-25 08:10:00,24140.400390625,24133.849609375,TARGET_HIT,TARGET_HIT,131.015625,24151.802408854164,23778.294384765624,,BEARISH,BEARISH
PT-20260917145440-2013BC,2026-08-25 08:15:00,24133.849609375,24177.30078125,TARGET_HIT,TARGET_HIT,-869.0234375,24149.88824869792,23771.841865234375,,BEARISH,BEARISH
PT-20260917145440-21023E,2026-08-25 08:30:00,24156.94921875,24156.94921875,SESSION_CLOSE,EXPIRED,0.0,24147.718294270835,24519.30345703125,,BULLISH,BULLISH
PT-20260917145440-EA1BF8,2026-08-25 08:35:00,24153.05078125,24153.05078125,SESSION_CLOSE,EXPIRED,0.0,24146.911653645835,24515.34654296875,,BULLISH,BULLISH
PT-20260917145440-0409A0,2026-08-25 08:40:00,24154.19921875,24154.19921875,SESSION_CLOSE,EXPIRED,0.0,24146.251627604164,24516.512207031246,,BULLISH,BULLISH
PT-20260917145440-580EB6,2026-08-25 08:45:00,24158.69921875,24158.69921875,SESSION_CLOSE,EXPIRED,0.0,24145.85247395833,24521.079707031247,,BULLISH,BULLISH
PT-20260917145440-6FA042,2026-08-25 08:50:00,24160.599609375,24160.599609375,SESSION_CLOSE,EXPIRED,0.0,24146.131640624997,24523.008603515624,,BULLISH,BULLISH
PT-20260917145440-C2F4BF,2026-08-25 08:55:00,24181.849609375,24181.849609375,SESSION_CLOSE,EXPIRED,0.0,24147.06246744791,24544.577353515622,,BULLISH,BULLISH
PT-20260917145440-52B340,2026-08-25 09:00:00,24196.650390625,24196.650390625,SESSION_CLOSE,EXPIRED,0.0,24149.034993489582,24559.600146484372,,BULLISH,BULLISH
PT-20260917145440-DCE83C,2026-08-25 09:05:00,24198.80078125,24198.80078125,SESSION_CLOSE,EXPIRED,0.0,24151.180826822914,24561.78279296875,,BULLISH,BULLISH
PT-20260917145440-CEAC0C,2026-08-25 09:10:00,24209.150390625,24209.150390625,SESSION_CLOSE,EXPIRED,0.0,24154.185872395832,24572.287646484372,,BULLISH,BULLISH
PT-20260917145440-EF10D4,2026-08-25 09:15:00,24224.30078125,24224.30078125,SESSION_CLOSE,EXPIRED,0.0,24158.139225260416,24587.665292968748,,BULLISH,BULLISH
PT-20260917145440-A5D06B,2026-08-25 09:20:00,24238.30078125,24238.30078125,SESSION_CLOSE,EXPIRED,0.0,24163.116731770835,24601.875292968747,,BULLISH,BULLISH
PT-20260917145440-730930,2026-08-25 09:25:00,24253.099609375,24253.099609375,SESSION_CLOSE,EXPIRED,0.0,24169.0275390625,24616.896103515624,,BULLISH,BULLISH
PT-20260917145441-300ED2,2026-08-25 09:30:00,24251.30078125,24251.30078125,SESSION_CLOSE,EXPIRED,0.0,24175.103385416667,24615.070292968747,,BULLISH,BULLISH
PT-20260917145441-340325,2026-08-25 09:35:00,24248.650390625,24248.650390625,SESSION_CLOSE,EXPIRED,0.0,24181.1859375,24612.38014648437,,BULLISH,BULLISH
PT-20260917145441-BB6DE2,2026-08-25 09:40:00,24260.150390625,24260.150390625,SESSION_CLOSE,EXPIRED,0.0,24187.467610677086,24624.05264648437,,BULLISH,BULLISH
PT-20260917145441-1FCE9E,2026-08-25 09:45:00,24260.05078125,24260.05078125,SESSION_CLOSE,EXPIRED,0.0,24193.7443359375,24623.95154296875,,BULLISH,BULLISH
PT-20260917145441-864A75,2026-08-25 09:50:00,24260.05078125,24260.05078125,SESSION_CLOSE,EXPIRED,0.0,24199.696028645834,24623.95154296875,,BULLISH,BULLISH
PT-20260917145441-F74EC1,2026-08-26 05:10:00,24327.44921875,24317.900390625,STOP_LOSS,STOPPED,-190.9765625,24335.5400390625,24692.360957031247,,BULLISH,BULLISH
PT-20260917145441-6F844D,2026-08-26 05:35:00,24321.55078125,24330.80078125,STOP_LOSS,STOPPED,185.0,24335.430826822914,24686.374042968746,,BULLISH,BULLISH
PT-20260917145441-8E9C05,2026-08-26 05:40:00,24330.80078125,24310.19921875,STOP_LOSS,STOPPED,-412.03125,24334.462499999998,24695.762792968748,,BULLISH,BULLISH
PT-20260917145441-B21C71,2026-08-26 07:15:00,24277.5,24277.69921875,TARGET_HIT,TARGET_HIT,-3.984375,24292.436555989585,23913.3375,,BEARISH,BEARISH
PT-20260917145441-51FDD7,2026-08-26 07:20:00,24277.69921875,24279.05078125,TARGET_HIT,TARGET_HIT,-27.03125,24289.907356770833,23913.53373046875,,BEARISH,BEARISH
PT-20260917145441-BDD939,2026-08-26 07:25:00,24279.05078125,24274.099609375,TARGET_HIT,TARGET_HIT,99.0234375,24288.094889322914,23914.86501953125,,BEARISH,BEARISH
PT-20260917145441-1D0CAE,2026-08-26 07:30:00,24274.099609375,24273.30078125,TARGET_HIT,TARGET_HIT,15.9765625,24286.5548828125,23909.988115234373,,BEARISH,BEARISH
PT-20260917145441-7A24DA,2026-08-26 07:35:00,24273.30078125,24269.19921875,TARGET_HIT,TARGET_HIT,82.03125,24285.11826171875,23909.20126953125,,BEARISH,BEARISH
PT-20260917145441-5148F8,2026-08-26 07:40:00,24269.19921875,24263.599609375,TARGET_HIT,TARGET_HIT,111.9921875,24283.639908854166,23905.16123046875,,BEARISH,BEARISH
PT-20260917145441-27B486,2026-08-26 07:45:00,24263.599609375,24258.599609375,TARGET_HIT,TARGET_HIT,100.0,24281.38157552083,23899.645615234374,,BEARISH,BEARISH
PT-20260917145441-34016B,2026-08-26 07:50:00,24258.599609375,24265.44921875,TARGET_HIT,TARGET_HIT,-136.9921875,24278.90657552083,23894.720615234375,,BEARISH,BEARISH
PT-20260917145441-B9CB66,2026-08-26 07:55:00,24265.44921875,24267.0,TARGET_HIT,TARGET_HIT,-31.015625,24276.876562499994,23901.46748046875,,BEARISH,BEARISH
PT-20260917145441-E694ED,2026-08-26 08:00:00,24267.0,24264.94921875,TARGET_HIT,TARGET_HIT,41.015625,24275.683235677076,23902.995,,BEARISH,BEARISH
PT-20260917145441-0C9DCB,2026-08-26 08:05:00,24264.94921875,24261.900390625,TARGET_HIT,TARGET_HIT,60.9765625,24274.48072916666,23900.97498046875,,BEARISH,BEARISH
PT-20260917145442-32285D,2026-08-26 08:10:00,24261.900390625,24262.05078125,TARGET_HIT,TARGET_HIT,-3.0078125,24273.774902343743,23897.971884765626,,BEARISH,BEARISH
PT-20260917145442-28BA70,2026-08-26 08:15:00,24262.05078125,24264.650390625,TARGET_HIT,TARGET_HIT,-51.9921875,24273.136588541664,23898.12001953125,,BEARISH,BEARISH
PT-20260917145442-6E0A12,2026-08-26 08:20:00,24264.650390625,24263.349609375,TARGET_HIT,TARGET_HIT,26.015625,24272.5482421875,23900.680634765624,,BEARISH,BEARISH
PT-20260917145442-F28162,2026-08-26 08:25:00,24263.349609375,24267.650390625,TARGET_HIT,TARGET_HIT,-86.015625,24271.483235677086,23899.399365234374,,BEARISH,BEARISH
PT-20260917145442-0450CC,2026-08-26 08:30:00,24267.650390625,24266.05078125,TARGET_HIT,TARGET_HIT,31.9921875,24270.419075520833,23903.635634765626,,BEARISH,BEARISH
PT-20260917145442-9B0F8D,2026-08-26 08:35:00,24266.05078125,24273.5,TARGET_HIT,TARGET_HIT,-148.984375,24269.643294270834,23902.06001953125,,BEARISH,BEARISH
PT-20260917145442-F165A9,2026-08-26 09:55:00,24207.75,24207.75,SESSION_CLOSE,EXPIRED,-0.0,24274.241829427083,23844.63375,,BEARISH,BEARISH
PT-20260917145442-BE315E,2026-08-27 03:45:00,24250.05078125,24224.650390625,TARGET_HIT,TARGET_HIT,508.0078125,24274.118522135417,23886.30001953125,,BEARISH,BEARISH
PT-20260917145442-71201A,2026-08-27 03:50:00,24224.650390625,24201.099609375,TARGET_HIT,TARGET_HIT,471.015625,24272.65517578125,23861.280634765626,,BEARISH,BEARISH
PT-20260917145442-C01F4F,2026-08-27 03:55:00,24201.099609375,24210.849609375,TARGET_HIT,TARGET_HIT,-195.0,24269.92350260417,23838.083115234374,,BEARISH,BEARISH
PT-20260917145442-82296E,2026-08-27 04:00:00,24210.849609375,24198.650390625,TARGET_HIT,TARGET_HIT,243.984375,24266.846809895836,23847.686865234376,,BEARISH,BEARISH
PT-20260917145442-C9EF0B,2026-08-27 04:05:00,24198.650390625,24214.400390625,TARGET_HIT,TARGET_HIT,-315.0,24263.373470052087,23835.670634765625,,BEARISH,BEARISH
PT-20260917145442-DBE967,2026-08-27 04:10:00,24214.400390625,24225.099609375,TARGET_HIT,TARGET_HIT,-213.984375,24259.972623697915,23851.184384765624,,BEARISH,BEARISH
PT-20260917145442-404993,2026-08-27 04:15:00,24225.099609375,24210.099609375,TARGET_HIT,TARGET_HIT,300.0,24257.29677734375,23861.723115234374,,BEARISH,BEARISH
PT-20260917145442-9B5B9C,2026-08-27 04:20:00,24210.099609375,24196.75,TARGET_HIT,TARGET_HIT,266.9921875,24254.41009114583,23846.948115234376,,BEARISH,BEARISH
PT-20260917145442-E7CDA2,2026-08-27 04:25:00,24196.75,24191.25,TARGET_HIT,TARGET_HIT,110.0,24250.53763020833,23833.798749999998,,BEARISH,BEARISH
PT-20260917145442-FFB744,2026-08-27 04:30:00,24191.25,24195.80078125,TARGET_HIT,TARGET_HIT,-91.015625,24246.0884765625,23828.38125,,BEARISH,BEARISH
PT-20260917145442-97A0EA,2026-08-27 04:35:00,24195.80078125,24183.55078125,TARGET_HIT,TARGET_HIT,245.0,24241.75680338542,23832.86376953125,,BEARISH,BEARISH
PT-20260917145442-159EE6,2026-08-27 04:40:00,24183.55078125,24188.30078125,TARGET_HIT,TARGET_HIT,-95.0,24236.776790364584,23820.79751953125,,BEARISH,BEARISH
PT-20260917145443-3CD41C,2026-08-27 04:45:00,24188.30078125,24184.650390625,TARGET_HIT,TARGET_HIT,73.0078125,24231.527636718754,23825.47626953125,,BEARISH,BEARISH
PT-20260917145443-4A69C2,2026-08-27 04:50:00,24184.650390625,24182.5,TARGET_HIT,TARGET_HIT,43.0078125,24226.26178385417,23821.880634765625,,BEARISH,BEARISH
PT-20260917145443-293B4B,2026-08-27 04:55:00,24182.5,24188.55078125,TARGET_HIT,TARGET_HIT,-121.015625,24221.14677734375,23819.7625,,BEARISH,BEARISH
PT-20260917145443-1E6CE2,2026-08-27 05:00:00,24188.55078125,24184.25,TARGET_HIT,TARGET_HIT,86.015625,24216.525130208334,23825.72251953125,,BEARISH,BEARISH
PT-20260917145443-01BB70,2026-08-27 05:05:00,24184.25,24169.099609375,TARGET_HIT,TARGET_HIT,303.0078125,24211.962630208334,23821.486249999998,,BEARISH,BEARISH
PT-20260917145443-5BCA94,2026-08-27 05:10:00,24169.099609375,24171.599609375,TARGET_HIT,TARGET_HIT,-50.0,24206.874251302084,23806.563115234374,,BEARISH,BEARISH
PT-20260917145443-D159ED,2026-08-27 05:15:00,24171.599609375,24162.19921875,TARGET_HIT,TARGET_HIT,188.0078125,24201.68173828125,23809.025615234375,,BEARISH,BEARISH
PT-20260917145443-59B6FF,2026-08-27 05:20:00,24162.19921875,24159.650390625,TARGET_HIT,TARGET_HIT,50.9765625,24198.380891927085,23799.76623046875,,BEARISH,BEARISH
PT-20260917145443-C53282,2026-08-27 05:25:00,24159.650390625,24163.55078125,TARGET_HIT,TARGET_HIT,-78.0078125,24193.2525390625,23797.255634765625,,BEARISH,BEARISH
PT-20260917145443-378FD8,2026-08-27 05:30:00,24163.55078125,24166.150390625,TARGET_HIT,TARGET_HIT,-51.9921875,24189.514225260416,23801.09751953125,,BEARISH,BEARISH
PT-20260917145443-D99309,2026-08-27 05:35:00,24166.150390625,24155.849609375,TARGET_HIT,TARGET_HIT,206.015625,24187.24505208333,23803.658134765625,,BEARISH,BEARISH
PT-20260917145443-07C1C8,2026-08-27 05:40:00,24155.849609375,24146.349609375,TARGET_HIT,TARGET_HIT,190.0,24185.040039062496,23793.511865234374,,BEARISH,BEARISH
PT-20260917145443-AEF66B,2026-08-27 05:45:00,24146.349609375,24140.19921875,TARGET_HIT,TARGET_HIT,123.0078125,24182.428352864583,23784.154365234375,,BEARISH,BEARISH
PT-20260917145443-E5AD91,2026-08-27 05:50:00,24140.19921875,24144.05078125,TARGET_HIT,TARGET_HIT,-77.03125,24179.12669270833,23778.09623046875,,BEARISH,BEARISH
PT-20260917145443-4D875C,2026-08-27 05:55:00,24144.05078125,24156.400390625,TARGET_HIT,TARGET_HIT,-246.9921875,24175.175911458333,23781.89001953125,,BEARISH,BEARISH
PT-20260917145443-7E0B55,2026-08-27 06:00:00,24156.400390625,24155.349609375,TARGET_HIT,TARGET_HIT,21.015625,24172.065917968746,23794.054384765626,,BEARISH,BEARISH
PT-20260917145443-8556F6,2026-08-27 06:05:00,24155.349609375,24151.55078125,TARGET_HIT,TARGET_HIT,75.9765625,24169.920898437496,23793.019365234373,,BEARISH,BEARISH
PT-20260917145444-FD0748,2026-08-27 06:10:00,24151.55078125,24148.44921875,TARGET_HIT,TARGET_HIT,62.03125,24168.13089192708,23789.27751953125,,BEARISH,BEARISH
PT-20260917145444-C586C7,2026-08-27 06:15:00,24148.44921875,24152.849609375,TARGET_HIT,TARGET_HIT,-88.0078125,24166.028385416663,23786.22248046875,,BEARISH,BEARISH
PT-20260917145444-E07343,2026-08-27 06:20:00,24152.849609375,24158.80078125,TARGET_HIT,TARGET_HIT,-119.0234375,24164.240039062497,23790.556865234375,,BEARISH,BEARISH
PT-20260917145444-0D0B21,2026-08-27 06:25:00,24158.80078125,24153.69921875,TARGET_HIT,TARGET_HIT,102.03125,24162.771712239577,23796.41876953125,,BEARISH,BEARISH
PT-20260917145444-8882D1,2026-08-27 06:30:00,24153.69921875,24142.099609375,TARGET_HIT,TARGET_HIT,231.9921875,24161.154166666664,23791.39373046875,,BEARISH,BEARISH
PT-20260917145444-B6FFDC,2026-08-27 06:35:00,24142.099609375,24154.849609375,TARGET_HIT,TARGET_HIT,-255.0,24159.127506510413,23779.968115234376,,BEARISH,BEARISH
PT-20260917145444-F84DE7,2026-08-27 06:40:00,24154.849609375,24146.5,TARGET_HIT,TARGET_HIT,166.9921875,24157.308300781246,23792.526865234373,,BEARISH,BEARISH
PT-20260917145444-401F81,2026-08-27 06:45:00,24146.5,24143.05078125,TARGET_HIT,TARGET_HIT,68.984375,24155.57083333333,23784.302499999998,,BEARISH,BEARISH
PT-20260917145444-32E64A,2026-08-27 06:50:00,24143.05078125,24158.349609375,TARGET_HIT,TARGET_HIT,-305.9765625,24154.0208984375,23780.90501953125,,BEARISH,BEARISH
PT-20260917145444-F2A15D,2026-08-27 06:55:00,24158.349609375,24159.69921875,TARGET_HIT,TARGET_HIT,-26.9921875,24153.073372395833,23795.974365234375,,BEARISH,BEARISH
PT-20260917145444-055C6E,2026-08-27 08:15:00,24143.349609375,24138.25,TARGET_HIT,TARGET_HIT,101.9921875,24171.151692708332,23781.199365234374,,BEARISH,BEARISH
PT-20260917145444-F4B3BC,2026-08-27 08:20:00,24138.25,24131.25,TARGET_HIT,TARGET_HIT,140.0,24170.65423177083,23776.17625,,BEARISH,BEARISH
PT-20260917145444-DB17FC,2026-08-27 08:25:00,24131.25,24129.099609375,TARGET_HIT,TARGET_HIT,43.0078125,24169.767545572915,23769.28125,,BEARISH,BEARISH
PT-20260917145444-1B4D65,2026-08-27 08:30:00,24129.099609375,24123.94921875,TARGET_HIT,TARGET_HIT,103.0078125,24169.09085286459,23767.163115234376,,BEARISH,BEARISH
PT-20260917145444-04A58E,2026-08-27 08:35:00,24123.94921875,24131.75,TARGET_HIT,TARGET_HIT,-156.015625,24167.70670572917,23762.08998046875,,BEARISH,BEARISH
PT-20260917145444-74DC4E,2026-08-27 08:40:00,24131.75,24142.69921875,TARGET_HIT,TARGET_HIT,-218.984375,24166.467578125004,23769.77375,,BEARISH,BEARISH
PT-20260917145444-57AE84,2026-08-27 08:45:00,24142.69921875,24148.75,TARGET_HIT,TARGET_HIT,-121.015625,24164.992578125002,23780.55873046875,,BEARISH,BEARISH
PT-20260917145444-381AC9,2026-08-27 08:50:00,24148.75,24158.0,TARGET_HIT,TARGET_HIT,-185.0,24163.64505208334,23786.51875,,BEARISH,BEARISH
PT-20260917145444-BEEF87,2026-08-27 09:00:00,24152.94921875,24153.400390625,TARGET_HIT,TARGET_HIT,-9.0234375,24161.16334635417,23790.65498046875,,BEARISH,BEARISH
PT-20260917145445-31B586,2026-08-27 09:05:00,24153.400390625,24143.30078125,TARGET_HIT,TARGET_HIT,201.9921875,24159.45501302083,23791.099384765625,,BEARISH,BEARISH
PT-20260917145445-5A6D75,2026-08-27 09:10:00,24143.30078125,24152.19921875,TARGET_HIT,TARGET_HIT,-177.96875,24157.575032552086,23781.15126953125,,BEARISH,BEARISH
PT-20260917145445-A9F753,2026-08-27 09:15:00,24152.19921875,24149.55078125,TARGET_HIT,TARGET_HIT,52.96875,24155.9650390625,23789.91623046875,,BEARISH,BEARISH
PT-20260917145445-F0DBDF,2026-08-27 09:20:00,24149.55078125,24156.30078125,TARGET_HIT,TARGET_HIT,-135.0,24154.0083984375,23787.30751953125,,BEARISH,BEARISH
PT-20260917145445-DF94FE,2026-08-27 09:30:00,24148.099609375,24143.25,TARGET_HIT,TARGET_HIT,96.9921875,24150.448404947914,23785.878115234376,,BEARISH,BEARISH
PT-20260917145445-0155AD,2026-08-27 09:35:00,24143.25,24134.30078125,TARGET_HIT,TARGET_HIT,178.984375,24148.452571614584,23781.10125,,BEARISH,BEARISH
PT-20260917145445-729330,2026-08-27 09:40:00,24134.30078125,24133.05078125,TARGET_HIT,TARGET_HIT,25.0,24146.406738281246,23772.28626953125,,BEARISH,BEARISH
PT-20260917145445-DC4244,2026-08-27 09:45:00,24133.05078125,24133.05078125,TARGET_HIT,TARGET_HIT,-0.0,24144.195930989583,23771.05501953125,,BEARISH,BEARISH
PT-20260917145445-3EA954,2026-08-27 09:50:00,24133.05078125,24090.849609375,TARGET_HIT,TARGET_HIT,844.0234375,24142.40179036458,23771.05501953125,,BEARISH,BEARISH
PT-20260917145445-F3243A,2026-08-27 09:55:00,24090.849609375,24090.849609375,SESSION_CLOSE,EXPIRED,-0.0,24140.235970052083,23729.486865234376,,BEARISH,BEARISH
PT-20260917145445-70B670,2026-08-28 03:45:00,24112.19921875,24129.55078125,TARGET_HIT,TARGET_HIT,-347.03125,24139.38095703125,23750.51623046875,,BEARISH,BEARISH
PT-20260917145445-F33524,2026-08-28 03:50:00,24129.55078125,24149.55078125,TARGET_HIT,TARGET_HIT,-400.0,24138.841796875,23767.60751953125,,BEARISH,BEARISH
PT-20260917145445-976D2B,2026-08-28 04:45:00,24165.0,24142.44921875,STOP_LOSS,STOPPED,-451.015625,24144.150162760416,24527.475,,BULLISH,BULLISH
PT-20260917145445-537355,2026-08-28 04:55:00,24169.849609375,24142.44921875,STOP_LOSS,STOPPED,-548.0078125,24145.560970052084,24532.397353515622,,BULLISH,BULLISH
PT-20260917145445-17DD18,2026-08-28 05:50:00,24140.5,24117.849609375,TARGET_HIT,TARGET_HIT,453.0078125,24157.534179687504,23778.392499999998,,BEARISH,BEARISH
PT-20260917145445-D62158,2026-08-28 05:55:00,24117.849609375,24107.75,TARGET_HIT,TARGET_HIT,201.9921875,24156.212532552083,23756.081865234373,,BEARISH,BEARISH
PT-20260917145445-C0BAA9,2026-08-28 06:00:00,24107.75,24101.30078125,TARGET_HIT,TARGET_HIT,128.984375,24154.331673177086,23746.13375,,BEARISH,BEARISH
PT-20260917145445-CD8971,2026-08-28 06:05:00,24101.30078125,24105.69921875,TARGET_HIT,TARGET_HIT,-87.96875,24151.540820312504,23739.78126953125,,BEARISH,BEARISH
PT-20260917145445-E619C0,2026-08-28 06:10:00,24105.69921875,24105.599609375,TARGET_HIT,TARGET_HIT,1.9921875,24149.22412109375,23744.11373046875,,BEARISH,BEARISH
PT-20260917145445-CED0B5,2026-08-28 06:15:00,24105.599609375,24098.25,TARGET_HIT,TARGET_HIT,146.9921875,24146.869954427082,23744.015615234373,,BEARISH,BEARISH
PT-20260917145446-858271,2026-08-28 06:20:00,24098.25,24083.150390625,TARGET_HIT,TARGET_HIT,301.9921875,24143.877473958328,23736.77625,,BEARISH,BEARISH
PT-20260917145446-F74983,2026-08-28 06:25:00,24083.150390625,24088.05078125,TARGET_HIT,TARGET_HIT,-98.0078125,24139.57747395833,23721.903134765624,,BEARISH,BEARISH
PT-20260917145446-CFED29,2026-08-28 06:30:00,24088.05078125,24086.30078125,TARGET_HIT,TARGET_HIT,35.0,24135.537499999995,23726.73001953125,,BEARISH,BEARISH
PT-20260917145446-A1950E,2026-08-28 06:35:00,24086.30078125,24086.900390625,TARGET_HIT,TARGET_HIT,-11.9921875,24131.6966796875,23725.006269531248,,BEARISH,BEARISH
PT-20260917145446-36F6B2,2026-08-28 06:40:00,24086.900390625,24088.75,TARGET_HIT,TARGET_HIT,-36.9921875,24127.70501302083,23725.596884765626,,BEARISH,BEARISH
PT-20260917145446-173172,2026-08-28 06:45:00,24088.75,24085.94921875,TARGET_HIT,TARGET_HIT,56.015625,24124.032519531247,23727.41875,,BEARISH,BEARISH
PT-20260917145446-3288CF,2026-08-28 06:50:00,24085.94921875,24094.650390625,TARGET_HIT,TARGET_HIT,-174.0234375,24120.469986979162,23724.65998046875,,BEARISH,BEARISH
PT-20260917145446-5B9A7F,2026-08-28 06:55:00,24094.650390625,24101.400390625,TARGET_HIT,TARGET_HIT,-135.0,24117.038313802077,23733.230634765623,,BEARISH,BEARISH
PT-20260917145446-6F8DEC,2026-08-28 07:00:00,24101.400390625,24105.849609375,TARGET_HIT,TARGET_HIT,-88.984375,24113.980826822914,23739.879384765623,,BEARISH,BEARISH
PT-20260917145446-A3A6AC,2026-08-28 07:05:00,24105.849609375,24105.599609375,TARGET_HIT,TARGET_HIT,5.0,24111.4125,23744.261865234374,,BEARISH,BEARISH
PT-20260917145446-D96834,2026-08-28 07:10:00,24105.599609375,24109.80078125,TARGET_HIT,TARGET_HIT,-84.0234375,24108.771647135414,23744.015615234373,,BEARISH,BEARISH
PT-20260917145446-D0AEE6,2026-08-28 07:20:00,24105.30078125,24096.44921875,TARGET_HIT,TARGET_HIT,177.03125,24104.203320312496,23743.72126953125,,BEARISH,BEARISH
PT-20260917145446-4F70A9,2026-08-28 07:25:00,24096.44921875,24093.19921875,TARGET_HIT,TARGET_HIT,65.0,24101.484114583327,23735.00248046875,,BEARISH,BEARISH
PT-20260917145446-18E527,2026-08-28 07:30:00,24093.19921875,24102.099609375,TARGET_HIT,TARGET_HIT,-178.0078125,24099.058235677083,23731.80123046875,,BEARISH,BEARISH
PT-20260917145446-13863C,2026-08-28 07:35:00,24102.099609375,24103.55078125,TARGET_HIT,TARGET_HIT,-29.0234375,24097.71904296875,23740.568115234375,,BEARISH,BEARISH
PT-20260917145447-8D7A07,2026-08-28 07:40:00,24103.55078125,24107.55078125,TARGET_HIT,TARGET_HIT,-80.0,24097.389908854166,23741.99751953125,,BEARISH,BEARISH
PT-20260917145447-401731,2026-08-28 07:55:00,24096.150390625,24109.849609375,TARGET_HIT,TARGET_HIT,-273.984375,24097.841601562504,23734.708134765624,,BEARISH,BEARISH
PT-20260917145447-8012D5,2026-08-28 08:15:00,24103.75,24103.349609375,TARGET_HIT,TARGET_HIT,8.0078125,24101.402376302085,23742.19375,,BEARISH,BEARISH
PT-20260917145447-FFCC40,2026-08-28 08:20:00,24103.349609375,24110.849609375,TARGET_HIT,TARGET_HIT,-150.0,24102.29733072917,23741.799365234376,,BEARISH,BEARISH
PT-20260917145447-5F4E34,2026-08-28 08:30:00,24102.900390625,24103.650390625,TARGET_HIT,TARGET_HIT,-15.0,24104.104850260417,23741.356884765624,,BEARISH,BEARISH
PT-20260917145447-E45D62,2026-08-28 08:35:00,24103.650390625,24110.80078125,TARGET_HIT,TARGET_HIT,-143.0078125,24104.668196614588,23742.095634765625,,BEARISH,BEARISH
PT-20260917145447-0C49EC,2026-08-28 09:45:00,24142.44921875,24142.44921875,SESSION_CLOSE,EXPIRED,0.0,24117.643229166664,24504.585957031246,,BULLISH,BULLISH
PT-20260917145447-70E905,2026-08-28 09:50:00,24142.44921875,24142.44921875,SESSION_CLOSE,EXPIRED,0.0,24119.072363281248,24504.585957031246,,BULLISH,BULLISH
PT-20260917145447-812A2F,2026-08-28 09:55:00,24175.650390625,24175.650390625,SESSION_CLOSE,EXPIRED,0.0,24121.98069661458,24538.285146484373,,BULLISH,BULLISH
PT-20260917145447-3FA927,2026-08-31 04:00:00,24057.55078125,24046.900390625,TARGET_HIT,TARGET_HIT,213.0078125,24113.72412109375,23696.68751953125,,BEARISH,BEARISH
PT-20260917145447-694DD1,2026-08-31 04:05:00,24046.900390625,24024.599609375,TARGET_HIT,TARGET_HIT,446.015625,24110.864127604167,23686.196884765624,,BEARISH,BEARISH
PT-20260917145447-74DBCE,2026-08-31 04:10:00,24024.599609375,24026.19921875,TARGET_HIT,TARGET_HIT,-31.9921875,24106.919954427085,23664.230615234374,,BEARISH,BEARISH
PT-20260917145447-9D038B,2026-08-31 04:15:00,24026.19921875,24023.349609375,TARGET_HIT,TARGET_HIT,56.9921875,24102.63828125,23665.80623046875,,BEARISH,BEARISH
PT-20260917145447-3C6FD6,2026-08-31 04:20:00,24023.349609375,24025.5,TARGET_HIT,TARGET_HIT,-43.0078125,24098.078287760414,23662.999365234376,,BEARISH,BEARISH
PT-20260917145447-695209,2026-08-31 04:25:00,24025.5,24032.69921875,TARGET_HIT,TARGET_HIT,-143.984375,24093.215787760415,23665.1175,,BEARISH,BEARISH
PT-20260917145447-4D9FC3,2026-08-31 04:30:00,24032.69921875,24029.75,TARGET_HIT,TARGET_HIT,58.984375,24088.76162109375,23672.20873046875,,BEARISH,BEARISH
PT-20260917145447-0E9B9A,2026-08-31 04:35:00,24029.75,24017.849609375,TARGET_HIT,TARGET_HIT,238.0078125,24084.564941406254,23669.30375,,BEARISH,BEARISH
PT-20260917145447-CE20AC,2026-08-31 04:40:00,24017.849609375,24012.150390625,TARGET_HIT,TARGET_HIT,113.984375,24079.44576822917,23657.581865234373,,BEARISH,BEARISH
PT-20260917145447-B97589,2026-08-31 04:45:00,24012.150390625,24009.5,TARGET_HIT,TARGET_HIT,53.0078125,24073.46494140625,23651.968134765626,,BEARISH,BEARISH
PT-20260917145448-23DEAB,2026-08-31 04:50:00,24009.5,24028.849609375,TARGET_HIT,TARGET_HIT,-386.9921875,24067.347460937504,23649.3575,,BEARISH,BEARISH
PT-20260917145448-07D4D2,2026-08-31 04:55:00,24028.849609375,24008.05078125,TARGET_HIT,TARGET_HIT,415.9765625,24062.765787760418,23668.416865234376,,BEARISH,BEARISH
PT-20260917145448-1DEA34,2026-08-31 05:00:00,24008.05078125,24002.099609375,TARGET_HIT,TARGET_HIT,119.0234375,24057.640820312503,23647.93001953125,,BEARISH,BEARISH
PT-20260917145448-1C33B2,2026-08-31 05:05:00,24002.099609375,24010.650390625,TARGET_HIT,TARGET_HIT,-171.015625,24050.78082682292,23642.068115234375,,BEARISH,BEARISH
PT-20260917145448-779EB6,2026-08-31 05:10:00,24010.650390625,24007.05078125,TARGET_HIT,TARGET_HIT,71.9921875,24044.012532552086,23650.490634765625,,BEARISH,BEARISH
PT-20260917145448-3C5D7B,2026-08-31 05:15:00,24007.05078125,24003.80078125,TARGET_HIT,TARGET_HIT,65.0,24037.33590494792,23646.94501953125,,BEARISH,BEARISH
PT-20260917145448-E340B6,2026-08-31 05:20:00,24003.80078125,24010.30078125,TARGET_HIT,TARGET_HIT,-130.0,24029.295084635414,23643.74376953125,,BEARISH,BEARISH
PT-20260917145448-03B306,2026-08-31 05:25:00,24010.30078125,24011.400390625,TARGET_HIT,TARGET_HIT,-21.9921875,24025.888444010416,23650.14626953125,,BEARISH,BEARISH
PT-20260917145448-721325,2026-08-31 05:30:00,24011.400390625,23997.44921875,TARGET_HIT,TARGET_HIT,279.0234375,24023.015950520832,23651.229384765626,,BEARISH,BEARISH
PT-20260917145448-1AE9F4,2026-08-31 05:35:00,23997.44921875,24001.599609375,TARGET_HIT,TARGET_HIT,-83.0078125,24020.621712239583,23637.48748046875,,BEARISH,BEARISH
PT-20260917145448-634C8D,2026-08-31 05:40:00,24001.599609375,24004.150390625,TARGET_HIT,TARGET_HIT,-51.015625,24017.844986979166,23641.575615234375,,BEARISH,BEARISH
PT-20260917145448-0DFB42,2026-08-31 05:45:00,24004.150390625,24002.94921875,TARGET_HIT,TARGET_HIT,24.0234375,24015.481640624996,23644.088134765625,,BEARISH,BEARISH
PT-20260917145448-247AAC,2026-08-31 05:50:00,24002.94921875,24009.75,TARGET_HIT,TARGET_HIT,-136.015625,24014.04830729166,23642.90498046875,,BEARISH,BEARISH
PT-20260917145448-2475A2,2026-08-31 05:55:00,24009.75,24014.5,TARGET_HIT,TARGET_HIT,-95.0,24013.014973958332,23649.60375,,BEARISH,BEARISH
PT-20260917145448-31C732,2026-08-31 06:00:00,24014.5,24017.849609375,TARGET_HIT,TARGET_HIT,-66.9921875,24012.361653645832,23654.2825,,BEARISH,BEARISH
PT-20260917145448-55EF4D,2026-08-31 06:05:00,24017.849609375,24024.849609375,TARGET_HIT,TARGET_HIT,-140.0,24012.240820312498,23657.581865234373,,BEARISH,BEARISH
PT-20260917145448-02EC8D,2026-08-31 07:55:00,24067.05078125,24061.80078125,STOP_LOSS,STOPPED,-105.0,24067.112499999996,24428.05654296875,,BULLISH,BULLISH
PT-20260917145448-168E99,2026-08-31 08:00:00,24069.849609375,24061.80078125,STOP_LOSS,STOPPED,-160.9765625,24067.597493489582,24430.897353515622,,BULLISH,BULLISH
PT-20260917145448-995226,2026-08-31 08:15:00,24064.650390625,24058.25,STOP_LOSS,STOPPED,-128.0078125,24066.30419921875,24425.620146484373,,BULLISH,BULLISH
PT-20260917145449-1F9021,2026-08-31 09:20:00,24094.44921875,24051.94921875,STOP_LOSS,STOPPED,-850.0,24052.780013020834,24455.86595703125,,BULLISH,BULLISH
PT-20260917145449-E86FD2,2026-08-31 09:25:00,24075.19921875,24051.94921875,STOP_LOSS,STOPPED,-465.0,24053.35166015625,24436.32720703125,,BULLISH,BULLISH
PT-20260917145449-1628DE,2026-08-31 09:35:00,24068.099609375,24051.94921875,STOP_LOSS,STOPPED,-323.0078125,24052.80494791667,24429.121103515623,,BULLISH,BULLISH
PT-20260917145449-DF7874,2026-08-31 09:55:00,24080.400390625,24080.400390625,SESSION_CLOSE,EXPIRED,0.0,24051.438313802086,24441.606396484374,,BULLISH,BULLISH
PT-20260917145449-CF148D,2026-09-01 03:55:00,24063.94921875,24040.849609375,STOP_LOSS,STOPPED,-461.9921875,24051.140787760414,24424.908457031248,,BULLISH,BULLISH
PT-20260917145449-851169,2026-09-01 04:00:00,24066.19921875,24040.849609375,STOP_LOSS,STOPPED,-506.9921875,24052.836588541664,24427.192207031247,,BULLISH,BULLISH
PT-20260917145449-C78E43,2026-09-01 04:15:00,24021.19921875,24022.05078125,TARGET_HIT,TARGET_HIT,-17.03125,24053.317382812504,23660.88123046875,,BEARISH,BEARISH
PT-20260917145449-D1040A,2026-09-01 04:20:00,24022.05078125,24018.25,TARGET_HIT,TARGET_HIT,76.015625,24053.184895833336,23661.72001953125,,BEARISH,BEARISH
PT-20260917145449-478707,2026-09-01 04:25:00,24018.25,24032.94921875,TARGET_HIT,TARGET_HIT,-293.984375,24052.70237630208,23657.97625,,BEARISH,BEARISH
PT-20260917145449-623050,2026-09-01 04:30:00,24032.94921875,24033.0,TARGET_HIT,TARGET_HIT,-1.015625,24052.06904296875,23672.45498046875,,BEARISH,BEARISH
PT-20260917145449-E259F5,2026-09-01 04:35:00,24033.0,24036.25,TARGET_HIT,TARGET_HIT,-65.0,24050.904069010416,23672.505,,BEARISH,BEARISH
PT-20260917145449-0E91A9,2026-09-01 04:40:00,24036.25,24050.19921875,TARGET_HIT,TARGET_HIT,-278.984375,24048.599902343747,23675.70625,,BEARISH,BEARISH
PT-20260917145449-8282AC,2026-09-01 05:20:00,24087.19921875,24036.900390625,STOP_LOSS,STOPPED,-1005.9765625,24048.27483723958,24448.50720703125,,BULLISH,BULLISH
PT-20260917145449-5B5C84,2026-09-01 05:25:00,24082.0,24049.05078125,STOP_LOSS,STOPPED,-658.984375,24049.968977864584,24443.229999999996,,BULLISH,BULLISH
PT-20260917145449-A9CFF3,2026-09-01 05:30:00,24077.400390625,24050.19921875,STOP_LOSS,STOPPED,-544.0234375,24051.904817708335,24438.561396484372,,BULLISH,BULLISH
PT-20260917145449-1A017A,2026-09-01 05:35:00,24092.849609375,24050.19921875,STOP_LOSS,STOPPED,-853.0078125,24053.56484375,24454.242353515623,,BULLISH,BULLISH
PT-20260917145449-23C397,2026-09-01 05:40:00,24107.05078125,24050.19921875,STOP_LOSS,STOPPED,-1137.03125,24055.36904296875,24468.656542968747,,BULLISH,BULLISH
PT-20260917145449-0753A0,2026-09-01 05:45:00,24121.650390625,24050.19921875,STOP_LOSS,STOPPED,-1429.0234375,24058.748242187496,24483.475146484372,,BULLISH,BULLISH
PT-20260917145449-894814,2026-09-01 05:50:00,24120.349609375,24050.19921875,STOP_LOSS,STOPPED,-1403.0078125,24063.14075520833,24482.15485351562,,BULLISH,BULLISH
PT-20260917145450-805D69,2026-09-01 05:55:00,24126.30078125,24050.19921875,STOP_LOSS,STOPPED,-1522.03125,24068.32659505208,24488.195292968747,,BULLISH,BULLISH
PT-20260917145450-D9926F,2026-09-01 06:00:00,24124.55078125,24050.19921875,STOP_LOSS,STOPPED,-1487.03125,24073.71328125,24486.419042968748,,BULLISH,BULLISH
PT-20260917145450-7B9A02,2026-09-01 06:05:00,24112.599609375,24074.94921875,STOP_LOSS,STOPPED,-753.0078125,24078.54827473958,24474.288603515623,,BULLISH,BULLISH
PT-20260917145450-2868BC,2026-09-01 06:10:00,24119.0,24074.94921875,STOP_LOSS,STOPPED,-881.015625,24082.895768229166,24480.784999999996,,BULLISH,BULLISH
PT-20260917145450-CC4E41,2026-09-01 06:15:00,24110.599609375,24084.150390625,STOP_LOSS,STOPPED,-528.984375,24087.106575520833,24472.258603515624,,BULLISH,BULLISH
PT-20260917145450-AA93B1,2026-09-01 06:20:00,24117.650390625,24084.150390625,STOP_LOSS,STOPPED,-670.0,24091.058235677083,24479.415146484374,,BULLISH,BULLISH
PT-20260917145450-5FF36A,2026-09-01 06:25:00,24116.69921875,24093.5,STOP_LOSS,STOPPED,-463.984375,24094.634082031254,24478.449707031246,,BULLISH,BULLISH
PT-20260917145450-1DD2A5,2026-09-01 06:30:00,24121.30078125,24097.650390625,STOP_LOSS,STOPPED,-473.0078125,24097.68824869792,24483.120292968746,,BULLISH,BULLISH
PT-20260917145450-36DBF9,2026-09-01 06:35:00,24127.900390625,24097.650390625,STOP_LOSS,STOPPED,-605.0,24100.956575520835,24489.818896484372,,BULLISH,BULLISH
PT-20260917145450-088C4D,2026-09-01 06:40:00,24117.75,24097.650390625,STOP_LOSS,STOPPED,-401.9921875,24103.728255208334,24479.516249999997,,BULLISH,BULLISH
PT-20260917145450-9D8DC5,2026-09-01 07:05:00,24111.05078125,24107.44921875,STOP_LOSS,STOPPED,-72.03125,24112.48251953125,24472.71654296875,,BULLISH,BULLISH
PT-20260917145450-84EEF9,2026-09-01 07:10:00,24115.150390625,24107.44921875,STOP_LOSS,STOPPED,-154.0234375,24114.20250651042,24476.877646484372,,BULLISH,BULLISH
PT-20260917145450-D3DB0B,2026-09-01 08:05:00,24036.900390625,24034.19921875,TARGET_HIT,TARGET_HIT,54.0234375,24089.944173177086,23676.346884765626,,BEARISH,BEARISH
PT-20260917145450-80EE6E,2026-09-01 08:10:00,24034.19921875,24019.25,TARGET_HIT,TARGET_HIT,298.984375,24085.58665364583,23673.68623046875,,BEARISH,BEARISH
PT-20260917145450-229CB1,2026-09-01 08:15:00,24019.25,23993.80078125,TARGET_HIT,TARGET_HIT,508.984375,24080.468294270835,23658.96125,,BEARISH,BEARISH
PT-20260917145450-7C28C9,2026-09-01 08:20:00,23993.80078125,24000.150390625,TARGET_HIT,TARGET_HIT,-126.9921875,24074.42164713542,23633.89376953125,,BEARISH,BEARISH
PT-20260917145450-D4DACE,2026-09-01 08:25:00,24000.150390625,23978.55078125,TARGET_HIT,TARGET_HIT,431.9921875,24068.8125,23640.148134765626,,BEARISH,BEARISH
PT-20260917145450-5122A3,2026-09-01 08:30:00,23978.55078125,23956.349609375,TARGET_HIT,TARGET_HIT,444.0234375,24062.9650390625,23618.87251953125,,BEARISH,BEARISH
PT-20260917145450-2D5708,2026-09-01 08:35:00,23956.349609375,23965.05078125,TARGET_HIT,TARGET_HIT,-174.0234375,24055.917513020835,23597.004365234374,,BEARISH,BEARISH
PT-20260917145450-3356D9,2026-09-01 08:40:00,23965.05078125,23965.650390625,TARGET_HIT,TARGET_HIT,-11.9921875,24048.70751953125,23605.57501953125,,BEARISH,BEARISH
PT-20260917145451-16BC19,2026-09-01 08:45:00,23965.650390625,23958.05078125,TARGET_HIT,TARGET_HIT,151.9921875,24041.42747395833,23606.165634765624,,BEARISH,BEARISH
PT-20260917145451-254F08,2026-09-01 08:50:00,23958.05078125,23981.599609375,TARGET_HIT,TARGET_HIT,-470.9765625,24033.729166666664,23598.68001953125,,BEARISH,BEARISH
PT-20260917145451-621227,2026-09-01 08:55:00,23981.599609375,23984.44921875,TARGET_HIT,TARGET_HIT,-56.9921875,24026.791666666664,23621.875615234374,,BEARISH,BEARISH
PT-20260917145451-2B05D5,2026-09-01 09:00:00,23984.44921875,23966.0,TARGET_HIT,TARGET_HIT,368.984375,24020.889941406247,23624.68248046875,,BEARISH,BEARISH
PT-20260917145451-940E17,2026-09-01 09:05:00,23966.0,23961.94921875,TARGET_HIT,TARGET_HIT,81.015625,24014.959114583333,23606.51,,BEARISH,BEARISH
PT-20260917145451-B73883,2026-09-01 09:10:00,23961.94921875,23969.650390625,TARGET_HIT,TARGET_HIT,-154.0234375,24008.83994140625,23602.51998046875,,BEARISH,BEARISH
PT-20260917145451-98DC04,2026-09-01 09:15:00,23969.650390625,23980.75,TARGET_HIT,TARGET_HIT,-221.9921875,24003.46416015625,23610.105634765623,,BEARISH,BEARISH
PT-20260917145451-531C24,2026-09-01 09:20:00,23980.75,23980.5,TARGET_HIT,TARGET_HIT,5.0,23999.471647135415,23621.03875,,BEARISH,BEARISH
PT-20260917145451-E79A02,2026-09-01 09:25:00,23980.5,23975.900390625,TARGET_HIT,TARGET_HIT,91.9921875,23996.319108072916,23620.7925,,BEARISH,BEARISH
PT-20260917145451-CD1E6D,2026-09-01 09:30:00,23975.900390625,23969.650390625,TARGET_HIT,TARGET_HIT,125.0,23992.443294270834,23616.261884765623,,BEARISH,BEARISH
PT-20260917145451-45BD29,2026-09-01 09:35:00,23969.650390625,23984.44921875,TARGET_HIT,TARGET_HIT,-295.9765625,23988.585774739586,23610.105634765623,,BEARISH,BEARISH
PT-20260917145451-9E2D12,2026-09-01 09:40:00,23984.44921875,23980.55078125,TARGET_HIT,TARGET_HIT,77.96875,23984.611621093754,23624.68248046875,,BEARISH,BEARISH
PT-20260917145451-3154E0,2026-09-01 09:45:00,23980.55078125,23980.55078125,TARGET_HIT,TARGET_HIT,-0.0,23981.374967447926,23620.84251953125,,BEARISH,BEARISH
PT-20260917145451-9FEF57,2026-09-01 09:50:00,23980.55078125,24055.80078125,TARGET_HIT,TARGET_HIT,-1505.0,23978.84335937501,23620.84251953125,,BEARISH,BEARISH
PT-20260917145451-EC299E,2026-09-02 03:45:00,23824.69921875,23803.400390625,TARGET_HIT,TARGET_HIT,362.080078125,23971.042578125005,23467.32873046875,,BEARISH,BEARISH
PT-20260917145452-ABFDF9,2026-09-02 03:50:00,23803.400390625,23821.69921875,TARGET_HIT,TARGET_HIT,-274.482421875,23961.385937500003,23446.349384765625,,BEARISH,BEARISH
PT-20260917145452-3CF20B,2026-09-02 03:55:00,23821.69921875,23843.25,TARGET_HIT,TARGET_HIT,-409.46484375,23953.081705729168,23464.37373046875,,BEARISH,BEARISH
PT-20260917145452-132BB2,2026-09-02 04:00:00,23843.25,23827.849609375,TARGET_HIT,TARGET_HIT,308.0078125,23946.510058593747,23485.60125,,BEARISH,BEARISH
PT-20260917145452-EDF488,2026-09-02 04:05:00,23827.849609375,23841.599609375,TARGET_HIT,TARGET_HIT,-275.0,23940.025878906246,23470.431865234375,,BEARISH,BEARISH
PT-20260917145452-E52BB6,2026-09-02 04:10:00,23841.599609375,23835.349609375,TARGET_HIT,TARGET_HIT,125.0,23933.77337239583,23483.975615234376,,BEARISH,BEARISH
PT-20260917145452-2872AD,2026-09-02 04:15:00,23835.349609375,23830.69921875,TARGET_HIT,TARGET_HIT,93.0078125,23927.44085286458,23477.819365234376,,BEARISH,BEARISH
PT-20260917145452-44F467,2026-09-02 04:20:00,23830.69921875,23851.0,TARGET_HIT,TARGET_HIT,-406.015625,23920.605859375,23473.23873046875,,BEARISH,BEARISH
PT-20260917145452-54C695,2026-09-02 04:25:00,23851.0,23853.25,TARGET_HIT,TARGET_HIT,-45.0,23913.84173177083,23493.235,,BEARISH,BEARISH
PT-20260917145452-A86AB0,2026-09-02 04:30:00,23853.25,23848.099609375,TARGET_HIT,TARGET_HIT,103.0078125,23907.760904947914,23495.45125,,BEARISH,BEARISH
PT-20260917145452-A5A1A0,2026-09-02 04:35:00,23848.099609375,23848.30078125,TARGET_HIT,TARGET_HIT,-4.0234375,23902.148404947915,23490.378115234376,,BEARISH,BEARISH
PT-20260917145452-07633E,2026-09-02 04:40:00,23848.30078125,23855.400390625,TARGET_HIT,TARGET_HIT,-141.9921875,23896.1083984375,23490.57626953125,,BEARISH,BEARISH
PT-20260917145452-F65C82,2026-09-02 04:45:00,23855.400390625,23876.099609375,TARGET_HIT,TARGET_HIT,-413.984375,23889.82425130209,23497.569384765626,,BEARISH,BEARISH
PT-20260917145452-6088C3,2026-09-02 04:50:00,23876.099609375,23882.75,TARGET_HIT,TARGET_HIT,-133.0078125,23884.163411458336,23517.958115234374,,BEARISH,BEARISH
PT-20260917145452-E4E5C7,2026-09-02 04:55:00,23882.75,23881.099609375,TARGET_HIT,TARGET_HIT,33.0078125,23879.289192708336,23524.50875,,BEARISH,BEARISH
PT-20260917145452-143AC4,2026-09-02 05:00:00,23881.099609375,23864.5,TARGET_HIT,TARGET_HIT,331.9921875,23874.830045572922,23522.883115234374,,BEARISH,BEARISH
PT-20260917145452-D970BB,2026-09-02 05:05:00,23864.5,23860.650390625,TARGET_HIT,TARGET_HIT,76.9921875,23869.412565104172,23506.5325,,BEARISH,BEARISH
PT-20260917145452-E8B139,2026-09-02 05:10:00,23860.650390625,23862.900390625,TARGET_HIT,TARGET_HIT,-45.0,23863.568391927085,23502.740634765625,,BEARISH,BEARISH
PT-20260917145452-89ABBE,2026-09-02 05:15:00,23862.900390625,23854.55078125,TARGET_HIT,TARGET_HIT,166.9921875,23857.640039062502,23504.956884765626,,BEARISH,BEARISH
PT-20260917145452-32159A,2026-09-02 05:20:00,23854.55078125,23859.94921875,TARGET_HIT,TARGET_HIT,-107.96875,23848.882519531253,23496.73251953125,,BEARISH,BEARISH
PT-20260917145452-DDF398,2026-09-02 05:25:00,23859.94921875,23836.599609375,TARGET_HIT,TARGET_HIT,466.9921875,23850.015852864584,23502.04998046875,,BEARISH,BEARISH
PT-20260917145452-B555F5,2026-09-02 05:30:00,23836.599609375,23830.650390625,TARGET_HIT,TARGET_HIT,118.984375,23851.92916666667,23479.050615234373,,BEARISH,BEARISH
PT-20260917145453-ECDBE8,2026-09-02 05:35:00,23830.650390625,23832.349609375,TARGET_HIT,TARGET_HIT,-33.984375,23852.657552083336,23473.190634765626,,BEARISH,BEARISH
PT-20260917145453-2BF144,2026-09-02 05:40:00,23832.349609375,23834.94921875,TARGET_HIT,TARGET_HIT,-51.9921875,23852.54169921875,23474.864365234374,,BEARISH,BEARISH
PT-20260917145453-5DE626,2026-09-02 05:45:00,23834.94921875,23824.94921875,TARGET_HIT,TARGET_HIT,200.0,23852.48671875,23477.42498046875,,BEARISH,BEARISH
PT-20260917145453-2B83B4,2026-09-02 05:50:00,23824.94921875,23819.599609375,TARGET_HIT,TARGET_HIT,106.9921875,23851.985904947916,23467.57498046875,,BEARISH,BEARISH
PT-20260917145453-789CB8,2026-09-02 05:55:00,23819.599609375,23813.94921875,TARGET_HIT,TARGET_HIT,113.0078125,23851.42255859375,23462.305615234374,,BEARISH,BEARISH
PT-20260917145453-EC8989,2026-09-02 06:00:00,23813.94921875,23817.69921875,TARGET_HIT,TARGET_HIT,-75.0,23850.410058593752,23456.73998046875,,BEARISH,BEARISH
PT-20260917145453-7E1D2D,2026-09-02 06:05:00,23817.69921875,23810.69921875,TARGET_HIT,TARGET_HIT,140.0,23848.86419270834,23460.43373046875,,BEARISH,BEARISH
PT-20260917145453-28F26A,2026-09-02 06:10:00,23810.69921875,23811.900390625,TARGET_HIT,TARGET_HIT,-24.0234375,23846.91168619792,23453.53873046875,,BEARISH,BEARISH
PT-20260917145453-6483D3,2026-09-02 06:15:00,23811.900390625,23824.349609375,TARGET_HIT,TARGET_HIT,-248.984375,23844.86090494792,23454.721884765626,,BEARISH,BEARISH
PT-20260917145453-BA958C,2026-09-02 06:20:00,23824.349609375,23812.94921875,TARGET_HIT,TARGET_HIT,228.0078125,23843.43756510417,23466.984365234373,,BEARISH,BEARISH
PT-20260917145453-5AEA04,2026-09-02 06:25:00,23812.94921875,23805.05078125,TARGET_HIT,TARGET_HIT,157.96875,23841.670052083333,23455.75498046875,,BEARISH,BEARISH
PT-20260917145453-B2F208,2026-09-02 06:30:00,23805.05078125,23811.75,TARGET_HIT,TARGET_HIT,-140.68359375,23838.530924479168,23447.975019531248,,BEARISH,BEARISH
PT-20260917145453-E484A0,2026-09-02 06:35:00,23811.75,23838.349609375,TARGET_HIT,TARGET_HIT,-531.9921875,23835.04677734375,23454.57375,,BEARISH,BEARISH
PT-20260917145453-8E38AD,2026-09-02 06:45:00,23828.30078125,23825.69921875,TARGET_HIT,TARGET_HIT,52.03125,23830.40595703125,23470.87626953125,,BEARISH,BEARISH
PT-20260917145453-B15E4B,2026-09-02 06:50:00,23825.69921875,23836.25,TARGET_HIT,TARGET_HIT,-211.015625,23828.41090494792,23468.313730468748,,BEARISH,BEARISH
PT-20260917145453-8E2225,2026-09-02 07:55:00,23875.099609375,23875.099609375,SESSION_CLOSE,EXPIRED,0.0,23847.10003255208,24233.226103515623,,BULLISH,BULLISH
PT-20260917145453-A6B88B,2026-09-02 08:00:00,23877.849609375,23877.849609375,SESSION_CLOSE,EXPIRED,0.0,23849.785839843746,24236.01735351562,,BULLISH,BULLISH
PT-20260917145453-628B40,2026-09-02 08:10:00,23868.650390625,23868.650390625,SESSION_CLOSE,EXPIRED,0.0,23855.37835286458,24226.680146484374,,BULLISH,BULLISH
PT-20260917145454-89D7E9,2026-09-02 08:25:00,23872.0,23860.80078125,STOP_LOSS,STOPPED,-223.984375,23861.792513020835,24230.079999999998,,BULLISH,BULLISH
PT-20260917145454-120A96,2026-09-02 08:30:00,23874.05078125,23860.80078125,STOP_LOSS,STOPPED,-265.0,23864.46337890625,24232.161542968748,,BULLISH,BULLISH
PT-20260917145454-B5749D,2026-09-02 08:35:00,23892.400390625,23860.80078125,STOP_LOSS,STOPPED,-631.9921875,23867.137565104167,24250.78639648437,,BULLISH,BULLISH
PT-20260917145454-E4A1D9,2026-09-02 08:40:00,23885.25,23860.80078125,STOP_LOSS,STOPPED,-488.984375,23869.210839843752,24243.528749999998,,BULLISH,BULLISH
PT-20260917145454-322731,2026-09-02 08:45:00,23883.05078125,23860.80078125,STOP_LOSS,STOPPED,-445.0,23870.75166015625,24241.296542968747,,BULLISH,BULLISH
PT-20260917145454-FDEAC6,2026-09-02 08:55:00,23886.400390625,23860.80078125,STOP_LOSS,STOPPED,-511.9921875,23872.865852864583,24244.696396484374,,BULLISH,BULLISH
PT-20260917145454-08603E,2026-09-02 09:00:00,23901.599609375,23873.150390625,STOP_LOSS,STOPPED,-568.984375,23874.700846354168,24260.12360351562,,BULLISH,BULLISH
PT-20260917145454-0AE927,2026-09-02 09:05:00,23903.44921875,23873.150390625,STOP_LOSS,STOPPED,-605.9765625,23876.507486979164,24262.000957031247,,BULLISH,BULLISH
PT-20260917145454-6D344C,2026-09-02 09:10:00,23887.650390625,23873.150390625,STOP_LOSS,STOPPED,-290.0,23877.716666666667,24245.965146484374,,BULLISH,BULLISH
PT-20260917145454-AA97AF,2026-09-02 09:15:00,23898.900390625,23873.150390625,STOP_LOSS,STOPPED,-515.0,23879.44833984375,24257.383896484374,,BULLISH,BULLISH
PT-20260917145454-C876E0,2026-09-02 09:40:00,23883.5,23883.5,SESSION_CLOSE,EXPIRED,0.0,23879.319270833334,24241.7525,,BULLISH,BULLISH
PT-20260917145454-DF0F30,2026-09-02 09:45:00,23882.849609375,23882.849609375,SESSION_CLOSE,EXPIRED,0.0,23879.880078125,24241.09235351562,,BULLISH,BULLISH
PT-20260917145454-F1B73E,2026-09-02 09:50:00,23882.849609375,23882.849609375,SESSION_CLOSE,EXPIRED,0.0,23880.714192708336,24241.09235351562,,BULLISH,BULLISH
PT-20260917145454-831E81,2026-09-02 09:55:00,23914.44921875,23914.44921875,SESSION_CLOSE,EXPIRED,0.0,23882.465006510418,24273.165957031248,,BULLISH,BULLISH
PT-20260917145454-F778D1,2026-09-03 03:45:00,23968.349609375,23887.94921875,STOP_LOSS,STOPPED,-1608.0078125,23888.51663411458,24327.874853515623,,BULLISH,BULLISH
PT-20260917145454-FEE567,2026-09-03 03:50:00,23957.80078125,23889.69921875,STOP_LOSS,STOPPED,-1362.03125,23893.43997395833,24317.167792968747,,BULLISH,BULLISH
PT-20260917145454-DF3381,2026-09-03 03:55:00,23981.94921875,23889.69921875,STOP_LOSS,STOPPED,-1845.0,23898.25494791667,24341.67845703125,,BULLISH,BULLISH
PT-20260917145454-05CA36,2026-09-03 04:00:00,23994.25,23898.349609375,STOP_LOSS,STOPPED,-1918.0078125,23903.467447916668,24354.163749999996,,BULLISH,BULLISH
PT-20260917145454-352D3F,2026-09-03 04:05:00,24006.0,23907.19921875,STOP_LOSS,STOPPED,-1976.015625,23909.191634114584,24366.089999999997,,BULLISH,BULLISH
PT-20260917145455-E551A9,2026-09-03 04:10:00,24017.05078125,23907.19921875,STOP_LOSS,STOPPED,-2197.03125,23915.78245442708,24377.30654296875,,BULLISH,BULLISH
PT-20260917145455-CB596E,2026-09-03 04:15:00,24015.75,23918.0,STOP_LOSS,STOPPED,-1955.0,23922.68414713542,24375.986249999998,,BULLISH,BULLISH
PT-20260917145455-712B3E,2026-09-03 04:20:00,24005.69921875,23926.900390625,STOP_LOSS,STOPPED,-1575.9765625,23929.078287760414,24365.78470703125,,BULLISH,BULLISH
PT-20260917145455-8915E0,2026-09-03 04:25:00,24006.900390625,23929.5,STOP_LOSS,STOPPED,-1548.0078125,23934.443294270834,24367.003896484373,,BULLISH,BULLISH
PT-20260917145455-9036D7,2026-09-03 04:30:00,24005.0,23929.5,STOP_LOSS,STOPPED,-1510.0,23939.479980468754,24365.074999999997,,BULLISH,BULLISH
PT-20260917145455-B3CED7,2026-09-03 04:35:00,24002.650390625,23929.5,STOP_LOSS,STOPPED,-1463.0078125,23944.802473958338,24362.690146484372,,BULLISH,BULLISH
PT-20260917145455-70DD65,2026-09-03 04:45:00,23999.0,23952.44921875,STOP_LOSS,STOPPED,-931.015625,23955.272460937504,24358.984999999997,,BULLISH,BULLISH
PT-20260917145455-5D9593,2026-09-03 04:50:00,24000.69921875,23958.5,STOP_LOSS,STOPPED,-843.984375,23961.498307291673,24360.70970703125,,BULLISH,BULLISH
PT-20260917145455-32C8D3,2026-09-03 06:55:00,23908.55078125,23909.25,TARGET_HIT,TARGET_HIT,-13.984375,23947.27662760417,23549.92251953125,,BEARISH,BEARISH
PT-20260917145455-EF595E,2026-09-03 07:00:00,23909.25,23915.80078125,TARGET_HIT,TARGET_HIT,-131.015625,23944.6849609375,23550.611249999998,,BEARISH,BEARISH
PT-20260917145455-FB22EB,2026-09-03 07:05:00,23915.80078125,23910.0,TARGET_HIT,TARGET_HIT,116.015625,23942.274153645834,23557.06376953125,,BEARISH,BEARISH
PT-20260917145455-86CE71,2026-09-03 07:10:00,23910.0,23909.849609375,TARGET_HIT,TARGET_HIT,3.0078125,23939.958333333336,23551.35,,BEARISH,BEARISH
PT-20260917145455-03AC27,2026-09-03 07:15:00,23909.849609375,23924.19921875,TARGET_HIT,TARGET_HIT,-286.9921875,23938.659993489586,23551.201865234376,,BEARISH,BEARISH
PT-20260917145455-41A26B,2026-09-03 07:20:00,23924.19921875,23920.0,TARGET_HIT,TARGET_HIT,83.984375,23938.22080078125,23565.33623046875,,BEARISH,BEARISH
PT-20260917145455-7FB1CE,2026-09-03 07:25:00,23920.0,23920.05078125,TARGET_HIT,TARGET_HIT,-1.015625,23937.29580078125,23561.2,,BEARISH,BEARISH
PT-20260917145455-B4E1B1,2026-09-03 07:30:00,23920.05078125,23924.55078125,TARGET_HIT,TARGET_HIT,-90.0,23935.6283203125,23561.25001953125,,BEARISH,BEARISH
PT-20260917145455-811567,2026-09-03 07:35:00,23924.55078125,23925.94921875,TARGET_HIT,TARGET_HIT,-27.96875,23933.80416666667,23565.68251953125,,BEARISH,BEARISH
PT-20260917145455-05F272,2026-09-03 07:40:00,23925.94921875,23930.19921875,TARGET_HIT,TARGET_HIT,-85.0,23931.774967447916,23567.059980468748,,BEARISH,BEARISH
PT-20260917145455-BF3774,2026-09-03 07:50:00,23911.44921875,23910.19921875,TARGET_HIT,TARGET_HIT,25.0,23927.334960937496,23552.77748046875,,BEARISH,BEARISH
PT-20260917145456-33B312,2026-09-03 07:55:00,23910.19921875,23930.19921875,TARGET_HIT,TARGET_HIT,-400.0,23924.466601562497,23551.54623046875,,BEARISH,BEARISH
PT-20260917145456-578230,2026-09-03 08:05:00,23910.650390625,23907.349609375,TARGET_HIT,TARGET_HIT,66.015625,23920.824967447912,23551.990634765625,,BEARISH,BEARISH
PT-20260917145456-6C396B,2026-09-03 08:10:00,23907.349609375,23912.0,TARGET_HIT,TARGET_HIT,-93.0078125,23919.115820312498,23548.739365234374,,BEARISH,BEARISH
PT-20260917145456-6EE9F0,2026-09-03 08:15:00,23912.0,23906.05078125,TARGET_HIT,TARGET_HIT,118.984375,23917.778320312496,23553.32,,BEARISH,BEARISH
PT-20260917145456-2E8A5D,2026-09-03 08:20:00,23906.05078125,23918.099609375,TARGET_HIT,TARGET_HIT,-240.9765625,23916.443359374996,23547.46001953125,,BEARISH,BEARISH
PT-20260917145456-0BFC0D,2026-09-03 08:25:00,23918.099609375,23911.5,TARGET_HIT,TARGET_HIT,131.9921875,23915.994173177085,23559.328115234373,,BEARISH,BEARISH
PT-20260917145456-B3D99D,2026-09-03 08:30:00,23911.5,23912.349609375,TARGET_HIT,TARGET_HIT,-16.9921875,23915.9841796875,23552.8275,,BEARISH,BEARISH
PT-20260917145456-F1A070,2026-09-03 08:35:00,23912.349609375,23912.94921875,TARGET_HIT,TARGET_HIT,-11.9921875,23916.104134114583,23553.664365234374,,BEARISH,BEARISH
PT-20260917145456-542109,2026-09-03 08:40:00,23912.94921875,23912.400390625,TARGET_HIT,TARGET_HIT,10.9765625,23916.223307291668,23554.25498046875,,BEARISH,BEARISH
PT-20260917145456-2187D0,2026-09-03 08:45:00,23912.400390625,23913.30078125,TARGET_HIT,TARGET_HIT,-18.0078125,23916.054134114584,23553.714384765626,,BEARISH,BEARISH
PT-20260917145456-482C74,2026-09-03 08:50:00,23913.30078125,23921.400390625,TARGET_HIT,TARGET_HIT,-161.9921875,23916.2841796875,23554.60126953125,,BEARISH,BEARISH
PT-20260917145456-CFB087,2026-09-03 09:05:00,23911.25,23908.599609375,TARGET_HIT,TARGET_HIT,53.0078125,23916.27337239583,23552.58125,,BEARISH,BEARISH
PT-20260917145456-95C4E7,2026-09-03 09:10:00,23908.599609375,23908.55078125,TARGET_HIT,TARGET_HIT,0.9765625,23915.7900390625,23549.970615234375,,BEARISH,BEARISH
PT-20260917145456-FAB862,2026-09-03 09:15:00,23908.55078125,23910.05078125,TARGET_HIT,TARGET_HIT,-30.0,23914.992545572917,23549.92251953125,,BEARISH,BEARISH
PT-20260917145456-D41943,2026-09-03 09:20:00,23910.05078125,23898.349609375,TARGET_HIT,TARGET_HIT,234.0234375,23914.192545572918,23551.40001953125,,BEARISH,BEARISH
PT-20260917145456-A6466D,2026-09-03 09:25:00,23898.349609375,23889.69921875,TARGET_HIT,TARGET_HIT,173.0078125,23912.68753255209,23539.874365234376,,BEARISH,BEARISH
PT-20260917145456-7A2ACD,2026-09-03 09:30:00,23889.69921875,23887.94921875,TARGET_HIT,TARGET_HIT,35.0,23911.489225260422,23531.35373046875,,BEARISH,BEARISH
PT-20260917145456-31C005,2026-09-03 09:35:00,23887.94921875,23904.849609375,TARGET_HIT,TARGET_HIT,-338.0078125,23910.347558593756,23529.62998046875,,BEARISH,BEARISH
PT-20260917145456-A1342F,2026-09-03 09:40:00,23904.849609375,23904.099609375,TARGET_HIT,TARGET_HIT,15.0,23909.17340494792,23546.276865234373,,BEARISH,BEARISH
PT-20260917145457-9FFF1B,2026-09-03 09:45:00,23904.099609375,23904.099609375,TARGET_HIT,TARGET_HIT,-0.0,23908.455045572922,23545.538115234376,,BEARISH,BEARISH
PT-20260917145457-830FD7,2026-09-03 09:50:00,23904.099609375,23873.44921875,TARGET_HIT,TARGET_HIT,613.0078125,23908.226692708336,23545.538115234376,,BEARISH,BEARISH
PT-20260917145457-8383C4,2026-09-03 09:55:00,23873.44921875,23873.44921875,SESSION_CLOSE,EXPIRED,-0.0,23907.06748046875,23515.34748046875,,BEARISH,BEARISH
PT-20260917145457-735ECA,2026-09-04 04:00:00,23907.19921875,23904.0,TARGET_HIT,TARGET_HIT,63.984375,23907.82578125,23548.591230468748,,BEARISH,BEARISH
PT-20260917145457-B84D2B,2026-09-04 04:05:00,23904.0,23910.55078125,TARGET_HIT,TARGET_HIT,-131.015625,23907.285774739583,23545.44,,BEARISH,BEARISH
PT-20260917145457-AA83C2,2026-09-04 04:30:00,23959.30078125,23897.69921875,STOP_LOSS,STOPPED,-1232.03125,23912.19827473958,24318.69029296875,,BULLISH,BULLISH
PT-20260917145457-E5AA8D,2026-09-04 04:35:00,23945.900390625,23897.69921875,STOP_LOSS,STOPPED,-964.0234375,23914.324088541667,24305.088896484373,,BULLISH,BULLISH
PT-20260917145457-2E2352,2026-09-04 04:40:00,23939.44921875,23897.69921875,STOP_LOSS,STOPPED,-835.0,23916.010742187496,24298.540957031248,,BULLISH,BULLISH
PT-20260917145457-A1AD25,2026-09-04 04:45:00,23946.150390625,23897.69921875,STOP_LOSS,STOPPED,-969.0234375,23917.683235677083,24305.342646484372,,BULLISH,BULLISH
PT-20260917145457-4A4145,2026-09-04 04:50:00,23951.849609375,23897.69921875,STOP_LOSS,STOPPED,-1083.0078125,23920.229069010413,24311.12735351562,,BULLISH,BULLISH
PT-20260917145457-7A084E,2026-09-04 04:55:00,23963.80078125,23897.69921875,STOP_LOSS,STOPPED,-1322.03125,23923.51741536458,24323.257792968747,,BULLISH,BULLISH
PT-20260917145457-08A16E,2026-09-04 05:00:00,23959.94921875,23897.69921875,STOP_LOSS,STOPPED,-1245.0,23927.43824869791,24319.348457031247,,BULLISH,BULLISH
PT-20260917145457-CAA343,2026-09-04 05:05:00,23960.599609375,23897.69921875,STOP_LOSS,STOPPED,-1258.0078125,23930.296549479164,24320.008603515624,,BULLISH,BULLISH
PT-20260917145457-B5699B,2026-09-04 05:10:00,23953.19921875,23931.0,STOP_LOSS,STOPPED,-443.984375,23932.91985677083,24312.497207031247,,BULLISH,BULLISH
PT-20260917145457-96E6BB,2026-09-04 05:15:00,23959.150390625,23935.099609375,STOP_LOSS,STOPPED,-481.015625,23935.576562499995,24318.537646484372,,BULLISH,BULLISH
PT-20260917145457-E042DD,2026-09-04 05:20:00,23963.05078125,23938.599609375,STOP_LOSS,STOPPED,-489.0234375,23939.453255208333,24322.496542968747,,BULLISH,BULLISH
PT-20260917145457-CE9A21,2026-09-04 05:25:00,23967.05078125,23940.5,STOP_LOSS,STOPPED,-531.015625,23941.37744140625,24326.55654296875,,BULLISH,BULLISH
PT-20260917145457-BF5116,2026-09-04 05:30:00,23965.349609375,23940.5,STOP_LOSS,STOPPED,-496.9921875,23943.707389322917,24324.82985351562,,BULLISH,BULLISH
PT-20260917145457-640534,2026-09-04 05:35:00,23971.650390625,23940.5,STOP_LOSS,STOPPED,-623.0078125,23946.634114583336,24331.225146484372,,BULLISH,BULLISH
PT-20260917145457-9D60D1,2026-09-04 05:40:00,23965.05078125,23948.55078125,STOP_LOSS,STOPPED,-330.0,23949.66578776042,24324.526542968746,,BULLISH,BULLISH
PT-20260917145458-558FD4,2026-09-04 05:45:00,23974.69921875,23952.849609375,STOP_LOSS,STOPPED,-436.9921875,23953.026595052084,24334.31970703125,,BULLISH,BULLISH
PT-20260917145458-3D903F,2026-09-04 05:50:00,23979.900390625,23952.849609375,STOP_LOSS,STOPPED,-541.015625,23956.5423828125,24339.59889648437,,BULLISH,BULLISH
PT-20260917145458-5D8D1B,2026-09-04 05:55:00,23982.150390625,23959.099609375,STOP_LOSS,STOPPED,-461.015625,23959.5982421875,24341.882646484373,,BULLISH,BULLISH
PT-20260917145458-7A2981,2026-09-04 06:00:00,23987.599609375,23959.099609375,STOP_LOSS,STOPPED,-570.0,23961.971549479167,24347.413603515623,,BULLISH,BULLISH
PT-20260917145458-837DB4,2026-09-04 06:05:00,23999.05078125,23959.099609375,STOP_LOSS,STOPPED,-799.0234375,23964.296549479168,24359.036542968748,,BULLISH,BULLISH
PT-20260917145458-312339,2026-09-04 06:10:00,23981.5,23959.099609375,STOP_LOSS,STOPPED,-448.0078125,23965.914876302086,24341.222499999996,,BULLISH,BULLISH
PT-20260917145458-B11DE1,2026-09-04 06:15:00,23984.150390625,23959.099609375,STOP_LOSS,STOPPED,-501.015625,23967.538216145833,24343.912646484372,,BULLISH,BULLISH
PT-20260917145458-A43C5D,2026-09-04 06:20:00,23985.25,23959.099609375,STOP_LOSS,STOPPED,-523.0078125,23969.793229166666,24345.028749999998,,BULLISH,BULLISH
PT-20260917145458-E755AE,2026-09-04 07:55:00,23939.400390625,23933.69921875,TARGET_HIT,TARGET_HIT,114.0234375,23950.411751302083,23580.309384765624,,BEARISH,BEARISH
PT-20260917145458-18D83F,2026-09-04 08:25:00,23939.150390625,23943.150390625,TARGET_HIT,TARGET_HIT,-80.0,23943.053352864583,23580.063134765624,,BEARISH,BEARISH
PT-20260917145458-7C58D9,2026-09-04 08:30:00,23943.150390625,23942.80078125,TARGET_HIT,TARGET_HIT,6.9921875,23943.012532552086,23584.003134765626,,BEARISH,BEARISH
PT-20260917145458-3FF5E8,2026-09-04 08:35:00,23942.80078125,23948.19921875,TARGET_HIT,TARGET_HIT,-107.96875,23942.96083984375,23583.65876953125,,BEARISH,BEARISH
PT-20260917145458-03C03C,2026-09-04 09:10:00,23937.25,23939.94921875,TARGET_HIT,TARGET_HIT,-53.984375,23946.035774739586,23578.19125,,BEARISH,BEARISH
PT-20260917145458-708882,2026-09-04 09:15:00,23939.94921875,23940.55078125,TARGET_HIT,TARGET_HIT,-12.03125,23945.915755208334,23580.84998046875,,BEARISH,BEARISH
PT-20260917145458-06D5BA,2026-09-04 09:20:00,23940.55078125,23938.099609375,TARGET_HIT,TARGET_HIT,49.0234375,23945.53909505209,23581.44251953125,,BEARISH,BEARISH
PT-20260917145458-6C5A61,2026-09-04 09:25:00,23938.099609375,23931.0,TARGET_HIT,TARGET_HIT,141.9921875,23944.91409505209,23579.028115234374,,BEARISH,BEARISH
PT-20260917145459-0AEA8F,2026-09-04 09:30:00,23931.0,23938.599609375,TARGET_HIT,TARGET_HIT,-151.9921875,23944.016569010422,23572.035,,BEARISH,BEARISH
PT-20260917145459-D527AE,2026-09-04 09:35:00,23938.599609375,23938.400390625,TARGET_HIT,TARGET_HIT,3.984375,23943.619075520834,23579.520615234374,,BEARISH,BEARISH
PT-20260917145459-0D80F6,2026-09-04 09:40:00,23938.400390625,23937.900390625,TARGET_HIT,TARGET_HIT,10.0,23943.684928385417,23579.324384765623,,BEARISH,BEARISH
PT-20260917145459-8D1862,2026-09-04 09:45:00,23937.900390625,23937.900390625,TARGET_HIT,TARGET_HIT,-0.0,23943.59580078125,23578.831884765626,,BEARISH,BEARISH
PT-20260917145459-B9F8D9,2026-09-04 09:50:00,23937.900390625,23897.69921875,TARGET_HIT,TARGET_HIT,804.0234375,23943.278352864585,23578.831884765626,,BEARISH,BEARISH
PT-20260917145459-18F8F7,2026-09-04 09:55:00,23897.69921875,23897.69921875,SESSION_CLOSE,EXPIRED,-0.0,23941.386653645834,23539.23373046875,,BEARISH,BEARISH
PT-20260917145459-9496EE,2026-09-07 03:45:00,23858.80078125,23838.25,TARGET_HIT,TARGET_HIT,411.015625,23937.005859375,23500.91876953125,,BEARISH,BEARISH
PT-20260917145459-693A7B,2026-09-07 03:50:00,23838.25,23828.650390625,TARGET_HIT,TARGET_HIT,191.9921875,23932.231705729166,23480.67625,,BEARISH,BEARISH
PT-20260917145459-FF4A60,2026-09-07 03:55:00,23828.650390625,23839.19921875,TARGET_HIT,TARGET_HIT,-210.9765625,23926.715039062496,23471.220634765625,,BEARISH,BEARISH
PT-20260917145459-C3E0D4,2026-09-07 04:00:00,23839.19921875,23838.0,TARGET_HIT,TARGET_HIT,23.984375,23921.306705729166,23481.61123046875,,BEARISH,BEARISH
PT-20260917145459-421B9B,2026-09-07 04:05:00,23838.0,23835.849609375,TARGET_HIT,TARGET_HIT,43.0078125,23915.88837890625,23480.43,,BEARISH,BEARISH
PT-20260917145459-149AC7,2026-09-07 04:10:00,23835.849609375,23829.25,TARGET_HIT,TARGET_HIT,131.9921875,23910.496712239583,23478.311865234376,,BEARISH,BEARISH
PT-20260917145459-E51EEA,2026-09-07 04:15:00,23829.25,23817.150390625,TARGET_HIT,TARGET_HIT,241.9921875,23904.72171223959,23471.81125,,BEARISH,BEARISH
PT-20260917145459-A6FE03,2026-09-07 04:20:00,23817.150390625,23815.94921875,TARGET_HIT,TARGET_HIT,24.0234375,23898.04840494792,23459.893134765625,,BEARISH,BEARISH
PT-20260917145459-F05D8E,2026-09-07 04:25:00,23815.94921875,23822.150390625,TARGET_HIT,TARGET_HIT,-124.0234375,23890.965917968755,23458.70998046875,,BEARISH,BEARISH
PT-20260917145459-A3C6B1,2026-09-07 04:30:00,23822.150390625,23816.94921875,TARGET_HIT,TARGET_HIT,104.0234375,23884.62926432292,23464.818134765625,,BEARISH,BEARISH
PT-20260917145459-960E09,2026-09-07 04:35:00,23816.94921875,23806.44921875,TARGET_HIT,TARGET_HIT,210.0,23878.53092447917,23459.69498046875,,BEARISH,BEARISH
PT-20260917145459-021E7F,2026-09-07 04:40:00,23806.44921875,23796.55078125,TARGET_HIT,TARGET_HIT,207.8671875,23872.172591145838,23449.35248046875,,BEARISH,BEARISH
PT-20260917145459-D80D78,2026-09-07 04:45:00,23796.55078125,23801.599609375,TARGET_HIT,TARGET_HIT,-106.025390625,23865.131770833337,23439.60251953125,,BEARISH,BEARISH
PT-20260917145500-F1337B,2026-09-07 04:50:00,23801.599609375,23799.599609375,TARGET_HIT,TARGET_HIT,42.0,23858.302571614586,23444.575615234375,,BEARISH,BEARISH
PT-20260917145500-02E739,2026-09-07 04:55:00,23799.599609375,23799.099609375,TARGET_HIT,TARGET_HIT,10.5,23851.643424479167,23442.605615234374,,BEARISH,BEARISH
PT-20260917145500-73AE49,2026-09-07 05:00:00,23799.099609375,23799.150390625,TARGET_HIT,TARGET_HIT,-1.06640625,23844.904231770834,23442.113115234373,,BEARISH,BEARISH
PT-20260917145500-CCF72C,2026-09-07 05:05:00,23799.150390625,23802.05078125,TARGET_HIT,TARGET_HIT,-60.908203125,23838.025065104164,23442.163134765626,,BEARISH,BEARISH
PT-20260917145500-847B57,2026-09-07 05:10:00,23802.05078125,23794.30078125,TARGET_HIT,TARGET_HIT,162.75,23831.1458984375,23445.02001953125,,BEARISH,BEARISH
PT-20260917145500-F53469,2026-09-07 05:15:00,23794.30078125,23789.0,TARGET_HIT,TARGET_HIT,111.31640625,23824.0833984375,23437.38626953125,,BEARISH,BEARISH
PT-20260917145500-D6BF02,2026-09-07 05:20:00,23789.0,23788.150390625,TARGET_HIT,TARGET_HIT,17.841796875,23818.142610677085,23432.165,,BEARISH,BEARISH
PT-20260917145500-0E1566,2026-09-07 05:25:00,23788.150390625,23774.099609375,TARGET_HIT,TARGET_HIT,295.06640625,23814.85006510417,23431.328134765623,,BEARISH,BEARISH
PT-20260917145500-A647F3,2026-09-07 05:30:00,23774.099609375,23770.19921875,TARGET_HIT,TARGET_HIT,81.908203125,23811.48004557292,23417.488115234373,,BEARISH,BEARISH
PT-20260917145500-CFD0D1,2026-09-07 05:35:00,23770.19921875,23768.30078125,TARGET_HIT,TARGET_HIT,39.8671875,23808.483365885422,23413.64623046875,,BEARISH,BEARISH
PT-20260917145500-5449E5,2026-09-07 05:40:00,23768.30078125,23769.30078125,TARGET_HIT,TARGET_HIT,-21.0,23805.1333984375,23411.77626953125,,BEARISH,BEARISH
PT-20260917145500-313C8A,2026-09-07 05:45:00,23769.30078125,23770.30078125,TARGET_HIT,TARGET_HIT,-21.0,23801.590917968755,23412.76126953125,,BEARISH,BEARISH
PT-20260917145500-41942A,2026-09-07 05:50:00,23770.30078125,23766.599609375,TARGET_HIT,TARGET_HIT,77.724609375,23798.25592447917,23413.74626953125,,BEARISH,BEARISH
PT-20260917145500-F058D2,2026-09-07 05:55:00,23766.599609375,23767.150390625,TARGET_HIT,TARGET_HIT,-11.56640625,23794.985058593753,23410.100615234376,,BEARISH,BEARISH
PT-20260917145500-4444CB,2026-09-07 06:00:00,23767.150390625,23764.5,TARGET_HIT,TARGET_HIT,55.658203125,23792.288378906254,23410.643134765625,,BEARISH,BEARISH
PT-20260917145500-8DB804,2026-09-07 06:05:00,23764.5,23771.900390625,TARGET_HIT,TARGET_HIT,-155.408203125,23789.640885416666,23408.0325,,BEARISH,BEARISH
PT-20260917145500-C20A17,2026-09-07 06:10:00,23771.900390625,23768.849609375,TARGET_HIT,TARGET_HIT,64.06640625,23786.99921875,23415.321884765624,,BEARISH,BEARISH
PT-20260917145500-0C1A4B,2026-09-07 06:15:00,23768.849609375,23775.5,TARGET_HIT,TARGET_HIT,-139.658203125,23784.58421223958,23412.316865234374,,BEARISH,BEARISH
PT-20260917145500-9FC7A0,2026-09-07 06:20:00,23775.5,23774.75,TARGET_HIT,TARGET_HIT,15.75,23782.751725260416,23418.8675,,BEARISH,BEARISH
PT-20260917145500-99BB7D,2026-09-07 06:25:00,23774.75,23774.80078125,TARGET_HIT,TARGET_HIT,-1.06640625,23781.5025390625,23418.12875,,BEARISH,BEARISH
PT-20260917145501-9D9AA4,2026-09-07 06:30:00,23774.80078125,23787.099609375,TARGET_HIT,TARGET_HIT,-258.275390625,23780.07425130208,23418.17876953125,,BEARISH,BEARISH
PT-20260917145501-7E4350,2026-09-07 06:45:00,23769.400390625,23767.849609375,TARGET_HIT,TARGET_HIT,32.56640625,23777.063411458334,23412.859384765623,,BEARISH,BEARISH
PT-20260917145501-03A297,2026-09-07 06:50:00,23767.849609375,23761.400390625,TARGET_HIT,TARGET_HIT,135.43359375,23775.455891927086,23411.331865234373,,BEARISH,BEARISH
PT-20260917145501-91D8C0,2026-09-07 06:55:00,23761.400390625,23761.400390625,TARGET_HIT,TARGET_HIT,-0.0,23773.78590494792,23404.979384765626,,BEARISH,BEARISH
PT-20260917145501-CD4F86,2026-09-07 07:00:00,23761.400390625,23761.0,TARGET_HIT,TARGET_HIT,8.408203125,23772.143391927086,23404.979384765626,,BEARISH,BEARISH
PT-20260917145501-CEDB17,2026-09-07 07:05:00,23761.0,23758.400390625,TARGET_HIT,TARGET_HIT,54.591796875,23770.674251302087,23404.585,,BEARISH,BEARISH
PT-20260917145501-30A8A8,2026-09-07 07:10:00,23758.400390625,23752.75,TARGET_HIT,TARGET_HIT,118.658203125,23769.711751302086,23402.024384765624,,BEARISH,BEARISH
PT-20260917145501-DE9A84,2026-09-07 07:15:00,23752.75,23744.650390625,TARGET_HIT,TARGET_HIT,170.091796875,23768.82425130209,23396.458749999998,,BEARISH,BEARISH
PT-20260917145501-484057,2026-09-07 07:20:00,23744.650390625,23744.44921875,TARGET_HIT,TARGET_HIT,4.224609375,23767.669205729173,23388.480634765623,,BEARISH,BEARISH
PT-20260917145501-2435EB,2026-09-07 07:25:00,23744.44921875,23746.25,TARGET_HIT,TARGET_HIT,-37.81640625,23766.439192708338,23388.282480468748,,BEARISH,BEARISH
PT-20260917145501-5FD113,2026-09-07 07:30:00,23746.25,23751.400390625,TARGET_HIT,TARGET_HIT,-108.158203125,23765.151692708336,23390.05625,,BEARISH,BEARISH
PT-20260917145501-436563,2026-09-07 07:35:00,23751.400390625,23750.150390625,TARGET_HIT,TARGET_HIT,26.25,23764.32672526042,23395.129384765623,,BEARISH,BEARISH
PT-20260917145501-62B32E,2026-09-07 07:40:00,23750.150390625,23754.05078125,TARGET_HIT,TARGET_HIT,-81.908203125,23763.50338541667,23393.898134765626,,BEARISH,BEARISH
PT-20260917145501-476B47,2026-09-07 07:45:00,23754.05078125,23756.55078125,TARGET_HIT,TARGET_HIT,-52.5,23762.89674479167,23397.74001953125,,BEARISH,BEARISH
PT-20260917145501-37B3BF,2026-09-07 07:50:00,23756.55078125,23756.849609375,TARGET_HIT,TARGET_HIT,-6.275390625,23762.380924479166,23400.20251953125,,BEARISH,BEARISH
PT-20260917145502-CA8FA1,2026-09-07 07:55:00,23756.849609375,23756.099609375,TARGET_HIT,TARGET_HIT,15.75,23761.784244791666,23400.496865234374,,BEARISH,BEARISH
PT-20260917145502-D4D7B5,2026-09-07 08:00:00,23756.099609375,23759.94921875,TARGET_HIT,TARGET_HIT,-80.841796875,23760.81842447917,23399.758115234374,,BEARISH,BEARISH
PT-20260917145502-4D1171,2026-09-07 08:05:00,23759.94921875,23761.80078125,TARGET_HIT,TARGET_HIT,-38.8828125,23760.0833984375,23403.54998046875,,BEARISH,BEARISH
PT-20260917145502-36BDB2,2026-09-07 09:15:00,23754.400390625,23750.599609375,TARGET_HIT,TARGET_HIT,79.81640625,23767.0724609375,23398.084384765625,,BEARISH,BEARISH
PT-20260917145502-C992F6,2026-09-07 09:20:00,23750.599609375,23749.400390625,TARGET_HIT,TARGET_HIT,25.18359375,23767.25078125,23394.340615234374,,BEARISH,BEARISH
PT-20260917145502-5338B9,2026-09-07 09:25:00,23749.400390625,23750.150390625,TARGET_HIT,TARGET_HIT,-15.75,23767.12994791667,23393.159384765626,,BEARISH,BEARISH
PT-20260917145502-ACB73C,2026-09-07 09:30:00,23750.150390625,23740.69921875,TARGET_HIT,TARGET_HIT,198.474609375,23766.77158203125,23393.898134765626,,BEARISH,BEARISH
PT-20260917145502-673DE1,2026-09-07 09:35:00,23740.69921875,23759.400390625,TARGET_HIT,TARGET_HIT,-392.724609375,23766.019921875,23384.58873046875,,BEARISH,BEARISH
PT-20260917145502-B16E60,2026-09-07 09:40:00,23759.400390625,23760.30078125,TARGET_HIT,TARGET_HIT,-18.908203125,23766.018229166664,23403.009384765624,,BEARISH,BEARISH
PT-20260917145502-3A2186,2026-09-07 09:45:00,23760.30078125,23760.30078125,TARGET_HIT,TARGET_HIT,-0.0,23766.064127604164,23403.89626953125,,BEARISH,BEARISH
PT-20260917145502-6D6DB1,2026-09-07 09:50:00,23760.30078125,23779.150390625,TARGET_HIT,TARGET_HIT,-395.841796875,23766.043326822917,23403.89626953125,,BEARISH,BEARISH
PT-20260917145502-D76CA8,2026-09-08 03:45:00,23694.150390625,23679.5,TARGET_HIT,TARGET_HIT,307.658203125,23763.209244791666,23338.738134765626,,BEARISH,BEARISH
PT-20260917145502-331B20,2026-09-08 03:50:00,23679.5,23672.5,TARGET_HIT,TARGET_HIT,147.0,23758.582584635416,23324.3075,,BEARISH,BEARISH
PT-20260917145502-B77B64,2026-09-08 03:55:00,23672.5,23676.0,TARGET_HIT,TARGET_HIT,-73.5,23753.367578125,23317.4125,,BEARISH,BEARISH
PT-20260917145502-03AB7E,2026-09-08 04:00:00,23676.0,23686.69921875,TARGET_HIT,TARGET_HIT,-224.68359375,23748.4458984375,23320.86,,BEARISH,BEARISH
PT-20260917145502-CB4756,2026-09-08 04:05:00,23686.69921875,23674.349609375,TARGET_HIT,TARGET_HIT,259.341796875,23743.955859375,23331.39873046875,,BEARISH,BEARISH
PT-20260917145503-40E84F,2026-09-08 04:10:00,23674.349609375,23686.44921875,TARGET_HIT,TARGET_HIT,-254.091796875,23739.209212239584,23319.234365234373,,BEARISH,BEARISH
PT-20260917145503-B9EF30,2026-09-08 04:15:00,23686.44921875,23678.55078125,TARGET_HIT,TARGET_HIT,165.8671875,23734.429199218754,23331.15248046875,,BEARISH,BEARISH
PT-20260917145503-4E51D4,2026-09-08 04:20:00,23678.55078125,23666.94921875,TARGET_HIT,TARGET_HIT,243.6328125,23729.337532552086,23323.37251953125,,BEARISH,BEARISH
PT-20260917145503-898811,2026-09-08 04:25:00,23666.94921875,23659.69921875,TARGET_HIT,TARGET_HIT,152.25,23723.954980468752,23311.94498046875,,BEARISH,BEARISH
PT-20260917145503-6BB3A4,2026-09-08 04:30:00,23659.69921875,23681.650390625,TARGET_HIT,TARGET_HIT,-460.974609375,23718.650813802084,23304.80373046875,,BEARISH,BEARISH
PT-20260917145503-ACF5F4,2026-09-08 04:35:00,23681.650390625,23707.900390625,TARGET_HIT,TARGET_HIT,-551.25,23714.282486979166,23326.425634765626,,BEARISH,BEARISH
PT-20260917145503-17C089,2026-09-08 04:45:00,23703.650390625,23698.25,TARGET_HIT,TARGET_HIT,113.408203125,23708.92916666667,23348.095634765625,,BEARISH,BEARISH
PT-20260917145503-967E49,2026-09-08 04:50:00,23698.25,23693.900390625,TARGET_HIT,TARGET_HIT,91.341796875,23706.457454427084,23342.77625,,BEARISH,BEARISH
PT-20260917145503-636774,2026-09-08 04:55:00,23693.900390625,23692.349609375,TARGET_HIT,TARGET_HIT,32.56640625,23703.63662109375,23338.491884765626,,BEARISH,BEARISH
PT-20260917145503-10A9E7,2026-09-08 05:00:00,23692.349609375,23671.849609375,TARGET_HIT,TARGET_HIT,430.5,23701.1541015625,23336.964365234373,,BEARISH,BEARISH
PT-20260917145503-942566,2026-09-08 05:05:00,23671.849609375,23669.30078125,TARGET_HIT,TARGET_HIT,53.525390625,23697.299934895836,23316.771865234376,,BEARISH,BEARISH
PT-20260917145503-9484FF,2026-09-08 05:10:00,23669.30078125,23689.25,TARGET_HIT,TARGET_HIT,-418.93359375,23692.802408854168,23314.26126953125,,BEARISH,BEARISH
PT-20260917145503-170B3D,2026-09-08 05:15:00,23689.25,23682.349609375,TARGET_HIT,TARGET_HIT,144.908203125,23688.969889322918,23333.91125,,BEARISH,BEARISH
PT-20260917145503-342D5D,2026-09-08 05:20:00,23682.349609375,23670.349609375,TARGET_HIT,TARGET_HIT,252.0,23684.704003906256,23327.114365234374,,BEARISH,BEARISH
PT-20260917145503-FD2292,2026-09-08 05:25:00,23670.349609375,23662.599609375,TARGET_HIT,TARGET_HIT,162.75,23682.91067708334,23315.294365234375,,BEARISH,BEARISH
PT-20260917145503-CEC439,2026-09-08 05:30:00,23662.599609375,23676.30078125,TARGET_HIT,TARGET_HIT,-287.724609375,23681.95817057292,23307.660615234374,,BEARISH,BEARISH
PT-20260917145503-E02EE2,2026-09-08 05:35:00,23676.30078125,23677.650390625,TARGET_HIT,TARGET_HIT,-28.341796875,23681.81735026042,23321.15626953125,,BEARISH,BEARISH
PT-20260917145503-93FAAB,2026-09-08 05:40:00,23677.650390625,23684.349609375,TARGET_HIT,TARGET_HIT,-140.68359375,23681.86484375,23322.485634765624,,BEARISH,BEARISH
PT-20260917145503-F0BB90,2026-09-08 05:45:00,23684.349609375,23672.55078125,TARGET_HIT,TARGET_HIT,247.775390625,23681.651562500003,23329.084365234376,,BEARISH,BEARISH
PT-20260917145503-514639,2026-09-08 05:50:00,23672.55078125,23672.900390625,TARGET_HIT,TARGET_HIT,-7.341796875,23681.543261718754,23317.46251953125,,BEARISH,BEARISH
PT-20260917145504-EE3414,2026-09-08 05:55:00,23672.900390625,23667.55078125,TARGET_HIT,TARGET_HIT,112.341796875,23681.271614583333,23317.806884765625,,BEARISH,BEARISH
PT-20260917145504-6749B4,2026-09-08 06:00:00,23667.55078125,23672.25,TARGET_HIT,TARGET_HIT,-98.68359375,23680.726595052085,23312.537519531248,,BEARISH,BEARISH
PT-20260917145504-8A2A57,2026-09-08 06:05:00,23672.25,23673.349609375,TARGET_HIT,TARGET_HIT,-23.091796875,23680.76162109375,23317.16625,,BEARISH,BEARISH
PT-20260917145504-BC80F9,2026-09-08 06:10:00,23673.349609375,23662.849609375,TARGET_HIT,TARGET_HIT,220.5,23681.16748046875,23318.249365234376,,BEARISH,BEARISH
PT-20260917145504-285A76,2026-09-08 06:15:00,23662.849609375,23668.75,TARGET_HIT,TARGET_HIT,-123.908203125,23680.82412109375,23307.906865234374,,BEARISH,BEARISH
PT-20260917145504-3D072B,2026-09-08 06:20:00,23668.75,23657.25,TARGET_HIT,TARGET_HIT,241.5,23679.126595052083,23313.71875,,BEARISH,BEARISH
PT-20260917145504-9011BC,2026-09-08 06:25:00,23657.25,23649.099609375,TARGET_HIT,TARGET_HIT,171.158203125,23676.87744140625,23302.39125,,BEARISH,BEARISH
PT-20260917145504-4F1457,2026-09-08 06:30:00,23649.099609375,23644.349609375,TARGET_HIT,TARGET_HIT,99.75,23674.429980468747,23294.363115234373,,BEARISH,BEARISH
PT-20260917145504-99021D,2026-09-08 06:35:00,23644.349609375,23649.69921875,TARGET_HIT,TARGET_HIT,-112.341796875,23671.948307291666,23289.684365234374,,BEARISH,BEARISH
PT-20260917145504-D014A8,2026-09-08 06:40:00,23649.69921875,23651.69921875,TARGET_HIT,TARGET_HIT,-42.0,23669.7033203125,23294.95373046875,,BEARISH,BEARISH
PT-20260917145504-4DB3A5,2026-09-08 06:45:00,23651.69921875,23658.849609375,TARGET_HIT,TARGET_HIT,-150.158203125,23668.311653645833,23296.92373046875,,BEARISH,BEARISH
PT-20260917145504-D7F15A,2026-09-08 06:50:00,23658.849609375,23662.599609375,TARGET_HIT,TARGET_HIT,-78.75,23667.589127604166,23303.966865234375,,BEARISH,BEARISH
PT-20260917145504-CFD51B,2026-09-08 06:55:00,23662.599609375,23663.80078125,TARGET_HIT,TARGET_HIT,-25.224609375,23666.404947916664,23307.660615234374,,BEARISH,BEARISH
PT-20260917145504-639383,2026-09-08 07:00:00,23663.80078125,23667.94921875,TARGET_HIT,TARGET_HIT,-87.1171875,23665.19915364583,23308.84376953125,,BEARISH,BEARISH
PT-20260917145504-E4ADE2,2026-09-08 07:10:00,23660.650390625,23654.75,TARGET_HIT,TARGET_HIT,123.908203125,23664.854134114583,23305.740634765625,,BEARISH,BEARISH
PT-20260917145504-D94D70,2026-09-08 07:15:00,23654.75,23656.599609375,TARGET_HIT,TARGET_HIT,-38.841796875,23663.956640624998,23299.92875,,BEARISH,BEARISH
PT-20260917145504-B4CB27,2026-09-08 07:20:00,23656.599609375,23655.099609375,TARGET_HIT,TARGET_HIT,31.5,23662.855794270832,23301.750615234374,,BEARISH,BEARISH
PT-20260917145504-021156,2026-09-08 07:25:00,23655.099609375,23650.44921875,TARGET_HIT,TARGET_HIT,97.658203125,23661.737434895833,23300.273115234373,,BEARISH,BEARISH
PT-20260917145504-3897EF,2026-09-08 07:30:00,23650.44921875,23653.599609375,TARGET_HIT,TARGET_HIT,-66.158203125,23660.611588541666,23295.69248046875,,BEARISH,BEARISH
PT-20260917145504-380B86,2026-09-08 07:35:00,23653.599609375,23661.30078125,TARGET_HIT,TARGET_HIT,-161.724609375,23659.409928385416,23298.795615234376,,BEARISH,BEARISH
PT-20260917145505-6C4C97,2026-09-08 07:45:00,23655.599609375,23652.75,TARGET_HIT,TARGET_HIT,59.841796875,23658.085774739586,23300.765615234373,,BEARISH,BEARISH
PT-20260917145505-251473,2026-09-08 07:50:00,23652.75,23647.05078125,TARGET_HIT,TARGET_HIT,119.68359375,23657.15078125,23297.958749999998,,BEARISH,BEARISH
PT-20260917145505-1EB758,2026-09-08 07:55:00,23647.05078125,23642.650390625,TARGET_HIT,TARGET_HIT,92.408203125,23656.234147135416,23292.34501953125,,BEARISH,BEARISH
PT-20260917145505-1293B7,2026-09-08 08:00:00,23642.650390625,23644.849609375,TARGET_HIT,TARGET_HIT,-46.18359375,23655.220865885414,23288.010634765626,,BEARISH,BEARISH
PT-20260917145505-051344,2026-09-08 08:05:00,23644.849609375,23638.55078125,TARGET_HIT,TARGET_HIT,132.275390625,23654.53167317708,23290.176865234374,,BEARISH,BEARISH
PT-20260917145505-FEA9E8,2026-09-08 08:10:00,23638.55078125,23639.75,TARGET_HIT,TARGET_HIT,-25.18359375,23654.036653645828,23283.97251953125,,BEARISH,BEARISH
PT-20260917145505-B23DD8,2026-09-08 08:15:00,23639.75,23631.69921875,TARGET_HIT,TARGET_HIT,169.06640625,23653.85833333333,23285.15375,,BEARISH,BEARISH
PT-20260917145505-5B0304,2026-09-08 08:20:00,23631.69921875,23633.75,TARGET_HIT,TARGET_HIT,-43.06640625,23653.029166666667,23277.22373046875,,BEARISH,BEARISH
PT-20260917145505-07D2B5,2026-09-08 08:25:00,23633.75,23644.849609375,TARGET_HIT,TARGET_HIT,-233.091796875,23652.228352864582,23279.24375,,BEARISH,BEARISH
PT-20260917145505-D0E2BB,2026-09-08 08:30:00,23644.849609375,23648.150390625,TARGET_HIT,TARGET_HIT,-69.31640625,23651.505859375,23290.176865234374,,BEARISH,BEARISH
PT-20260917145505-8AE831,2026-09-08 08:35:00,23648.150390625,23649.099609375,TARGET_HIT,TARGET_HIT,-19.93359375,23650.980045572916,23293.428134765625,,BEARISH,BEARISH
PT-20260917145505-202D9B,2026-09-08 09:05:00,23649.0,23648.150390625,TARGET_HIT,TARGET_HIT,17.841796875,23648.414192708336,23294.265,,BEARISH,BEARISH
PT-20260917145505-BCF8BA,2026-09-08 09:10:00,23648.150390625,23641.30078125,TARGET_HIT,TARGET_HIT,143.841796875,23648.21002604167,23293.428134765625,,BEARISH,BEARISH
PT-20260917145505-E22B4D,2026-09-08 09:15:00,23641.30078125,23647.849609375,TARGET_HIT,TARGET_HIT,-137.525390625,23647.7400390625,23286.68126953125,,BEARISH,BEARISH
PT-20260917145505-04233E,2026-09-08 09:20:00,23647.849609375,23644.55078125,TARGET_HIT,TARGET_HIT,69.275390625,23647.042513020835,23293.131865234376,,BEARISH,BEARISH
PT-20260917145505-6A1DD3,2026-09-08 09:25:00,23644.55078125,23642.25,TARGET_HIT,TARGET_HIT,48.31640625,23646.37838541666,23289.88251953125,,BEARISH,BEARISH
PT-20260917145505-C684D3,2026-09-08 09:30:00,23642.25,23647.30078125,TARGET_HIT,TARGET_HIT,-106.06640625,23645.855045572913,23287.61625,,BEARISH,BEARISH
PT-20260917145505-83646D,2026-09-08 09:35:00,23647.30078125,23641.099609375,TARGET_HIT,TARGET_HIT,130.224609375,23645.606738281247,23292.59126953125,,BEARISH,BEARISH
PT-20260917145506-8730E4,2026-09-08 09:40:00,23641.099609375,23640.05078125,TARGET_HIT,TARGET_HIT,22.025390625,23645.638378906246,23286.483115234376,,BEARISH,BEARISH
PT-20260917145506-86440E,2026-09-08 09:45:00,23640.05078125,23640.05078125,TARGET_HIT,TARGET_HIT,-0.0,23645.30843098958,23285.45001953125,,BEARISH,BEARISH
PT-20260917145506-73B0E5,2026-09-08 09:50:00,23640.05078125,23635.099609375,TARGET_HIT,TARGET_HIT,103.974609375,23645.198470052077,23285.45001953125,,BEARISH,BEARISH
PT-20260917145506-944FC8,2026-09-08 09:55:00,23635.099609375,23635.099609375,SESSION_CLOSE,EXPIRED,-0.0,23645.010970052077,23280.573115234376,,BEARISH,BEARISH
PT-20260917145506-AC3511,2026-09-09 03:45:00,23500.44921875,23512.400390625,TARGET_HIT,TARGET_HIT,-215.12109375,23638.57347005208,23147.94248046875,,BEARISH,BEARISH
PT-20260917145506-591D3A,2026-09-09 03:50:00,23512.400390625,23509.400390625,TARGET_HIT,TARGET_HIT,60.0,23632.218489583334,23159.714384765626,,BEARISH,BEARISH
PT-20260917145506-E655EC,2026-09-09 03:55:00,23509.400390625,23515.900390625,TARGET_HIT,TARGET_HIT,-136.5,23625.73098958334,23156.759384765624,,BEARISH,BEARISH
PT-20260917145506-92957F,2026-09-09 04:00:00,23515.900390625,23526.25,TARGET_HIT,TARGET_HIT,-217.341796875,23618.930110677084,23163.161884765625,,BEARISH,BEARISH
PT-20260917145506-D67B43,2026-09-09 04:05:00,23526.25,23525.44921875,TARGET_HIT,TARGET_HIT,16.81640625,23612.46510416667,23173.35625,,BEARISH,BEARISH
PT-20260917145506-76F629,2026-09-09 04:10:00,23525.44921875,23499.19921875,TARGET_HIT,TARGET_HIT,551.25,23606.200097656252,23172.56748046875,,BEARISH,BEARISH
PT-20260917145506-86D0B0,2026-09-09 04:15:00,23499.19921875,23497.400390625,TARGET_HIT,TARGET_HIT,37.775390625,23599.007584635416,23146.71123046875,,BEARISH,BEARISH
PT-20260917145506-270394,2026-09-09 04:20:00,23497.400390625,23488.69921875,TARGET_HIT,TARGET_HIT,182.724609375,23591.238444010418,23144.939384765625,,BEARISH,BEARISH
PT-20260917145506-F7658B,2026-09-09 04:25:00,23488.69921875,23480.0,TARGET_HIT,TARGET_HIT,182.68359375,23583.049251302084,23136.36873046875,,BEARISH,BEARISH
PT-20260917145506-4776C2,2026-09-09 04:30:00,23480.0,23475.599609375,TARGET_HIT,TARGET_HIT,92.408203125,23574.48427734375,23127.8,,BEARISH,BEARISH
PT-20260917145506-D96652,2026-09-09 04:35:00,23475.599609375,23485.400390625,TARGET_HIT,TARGET_HIT,-205.81640625,23565.766764322914,23123.465615234374,,BEARISH,BEARISH
PT-20260917145506-F7F8F7,2026-09-09 04:40:00,23485.400390625,23516.80078125,TARGET_HIT,TARGET_HIT,-659.408203125,23557.575911458327,23133.119384765625,,BEARISH,BEARISH
PT-20260917145506-E31C21,2026-09-09 04:45:00,23516.80078125,23538.25,TARGET_HIT,TARGET_HIT,-450.43359375,23550.71175130208,23164.04876953125,,BEARISH,BEARISH
PT-20260917145507-BE7F17,2026-09-09 04:50:00,23538.25,23539.5,TARGET_HIT,TARGET_HIT,-26.25,23545.24007161458,23185.17625,,BEARISH,BEARISH
PT-20260917145507-B0EAC9,2026-09-09 05:00:00,23525.80078125,23511.55078125,TARGET_HIT,TARGET_HIT,299.25,23534.387532552082,23172.91376953125,,BEARISH,BEARISH
PT-20260917145507-DD2598,2026-09-09 05:05:00,23511.55078125,23509.849609375,TARGET_HIT,TARGET_HIT,35.724609375,23527.889192708328,23158.87751953125,,BEARISH,BEARISH
PT-20260917145507-D36941,2026-09-09 05:10:00,23509.849609375,23518.80078125,TARGET_HIT,TARGET_HIT,-187.974609375,23521.283300781244,23157.201865234376,,BEARISH,BEARISH
PT-20260917145507-7E007E,2026-09-09 05:15:00,23518.80078125,23523.150390625,TARGET_HIT,TARGET_HIT,-91.341796875,23515.144921874995,23166.01876953125,,BEARISH,BEARISH
PT-20260917145507-C4BBD7,2026-09-09 05:20:00,23523.150390625,23535.599609375,TARGET_HIT,TARGET_HIT,-261.43359375,23509.329101562493,23170.303134765625,,BEARISH,BEARISH
PT-20260917145507-873334,2026-09-09 05:35:00,23530.650390625,23524.94921875,TARGET_HIT,TARGET_HIT,119.724609375,23513.300781250004,23177.690634765626,,BEARISH,BEARISH
PT-20260917145507-EF1492,2026-09-09 05:40:00,23524.94921875,23526.0,TARGET_HIT,TARGET_HIT,-22.06640625,23513.998274739588,23172.07498046875,,BEARISH,BEARISH
PT-20260917145507-A65BE1,2026-09-09 05:45:00,23526.0,23517.30078125,TARGET_HIT,TARGET_HIT,182.68359375,23514.179101562506,23173.11,,BEARISH,BEARISH
PT-20260917145507-C39871,2026-09-09 05:50:00,23517.30078125,23517.5,TARGET_HIT,TARGET_HIT,-4.18359375,23513.837500000005,23164.541269531248,,BEARISH,BEARISH
PT-20260917145507-A01307,2026-09-09 05:55:00,23517.5,23515.44921875,TARGET_HIT,TARGET_HIT,43.06640625,23514.311686197925,23164.7375,,BEARISH,BEARISH
PT-20260917145507-9671A7,2026-09-09 06:00:00,23515.44921875,23516.80078125,TARGET_HIT,TARGET_HIT,-28.3828125,23515.376660156253,23162.71748046875,,BEARISH,BEARISH
PT-20260917145507-BCE912,2026-09-09 06:05:00,23516.80078125,23528.05078125,TARGET_HIT,TARGET_HIT,-236.25,23516.67916666667,23164.04876953125,,BEARISH,BEARISH
PT-20260917145507-B9392B,2026-09-09 06:15:00,23517.30078125,23502.349609375,TARGET_HIT,TARGET_HIT,313.974609375,23521.27998046875,23164.541269531248,,BEARISH,BEARISH
PT-20260917145507-E34C59,2026-09-09 06:20:00,23502.349609375,23488.19921875,TARGET_HIT,TARGET_HIT,297.158203125,23522.66331380208,23149.814365234375,,BEARISH,BEARISH
PT-20260917145507-F8C7EB,2026-09-09 06:25:00,23488.19921875,23481.150390625,TARGET_HIT,TARGET_HIT,148.025390625,23521.95745442708,23135.876230468748,,BEARISH,BEARISH
PT-20260917145507-B961B2,2026-09-09 06:30:00,23481.150390625,23474.900390625,TARGET_HIT,TARGET_HIT,131.25,23519.41077473958,23128.933134765626,,BEARISH,BEARISH
PT-20260917145507-DB6787,2026-09-09 06:35:00,23474.900390625,23486.650390625,TARGET_HIT,TARGET_HIT,-246.75,23516.34078776041,23122.776884765626,,BEARISH,BEARISH
PT-20260917145507-F93A60,2026-09-09 06:40:00,23486.650390625,23479.25,TARGET_HIT,TARGET_HIT,155.408203125,23513.891634114578,23134.350634765626,,BEARISH,BEARISH
PT-20260917145508-914089,2026-09-09 06:45:00,23479.25,23487.099609375,TARGET_HIT,TARGET_HIT,-164.841796875,23512.24912109375,23127.06125,,BEARISH,BEARISH
PT-20260917145508-3A741B,2026-09-09 06:50:00,23487.099609375,23510.75,TARGET_HIT,TARGET_HIT,-496.658203125,23511.071647135417,23134.793115234374,,BEARISH,BEARISH
PT-20260917145508-171F5F,2026-09-09 07:55:00,23558.55078125,23511.349609375,STOP_LOSS,STOPPED,-991.224609375,23526.804915364577,23911.929042968746,,BULLISH,BULLISH
PT-20260917145508-2E66FF,2026-09-09 08:05:00,23555.400390625,23511.349609375,STOP_LOSS,STOPPED,-925.06640625,23531.84326171875,23908.731396484374,,BULLISH,BULLISH
PT-20260917145508-86F602,2026-09-09 08:10:00,23553.80078125,23511.349609375,STOP_LOSS,STOPPED,-891.474609375,23535.459114583333,23907.10779296875,,BULLISH,BULLISH
PT-20260917145508-9933FC,2026-09-09 08:15:00,23553.5,23536.099609375,STOP_LOSS,STOPPED,-365.408203125,23539.28326822917,23906.802499999998,,BULLISH,BULLISH
PT-20260917145508-6CC99C,2026-09-09 08:25:00,23551.75,23543.44921875,STOP_LOSS,STOPPED,-174.31640625,23545.801595052086,23905.02625,,BULLISH,BULLISH
PT-20260917145508-8452A2,2026-09-09 08:30:00,23554.94921875,23547.19921875,STOP_LOSS,STOPPED,-162.75,23549.37740885417,23908.273457031246,,BULLISH,BULLISH
PT-20260917145508-25EB9C,2026-09-09 08:35:00,23555.650390625,23547.19921875,STOP_LOSS,STOPPED,-177.474609375,23552.223274739583,23908.985146484374,,BULLISH,BULLISH
PT-20260917145508-CA9A93,2026-09-09 09:15:00,23487.400390625,23487.44921875,TARGET_HIT,TARGET_HIT,-1.025390625,23538.682454427086,23135.089384765626,,BEARISH,BEARISH
PT-20260917145508-B7E5DE,2026-09-09 09:20:00,23487.44921875,23486.099609375,TARGET_HIT,TARGET_HIT,28.341796875,23535.919954427085,23135.13748046875,,BEARISH,BEARISH
PT-20260917145508-6B35DD,2026-09-09 09:25:00,23486.099609375,23461.400390625,TARGET_HIT,TARGET_HIT,518.68359375,23533.169954427085,23133.808115234373,,BEARISH,BEARISH
PT-20260917145508-4EB12A,2026-09-09 09:30:00,23461.400390625,23470.349609375,TARGET_HIT,TARGET_HIT,-187.93359375,23529.35166015625,23109.479384765626,,BEARISH,BEARISH
PT-20260917145508-DD8306,2026-09-09 09:35:00,23470.349609375,23462.150390625,TARGET_HIT,TARGET_HIT,172.18359375,23524.835774739586,23118.294365234375,,BEARISH,BEARISH
PT-20260917145508-B58FA2,2026-09-09 09:40:00,23462.150390625,23462.44921875,TARGET_HIT,TARGET_HIT,-6.275390625,23520.605794270832,23110.218134765626,,BEARISH,BEARISH
PT-20260917145508-FE7252,2026-09-09 09:45:00,23462.44921875,23462.44921875,TARGET_HIT,TARGET_HIT,-0.0,23516.129947916663,23110.51248046875,,BEARISH,BEARISH
PT-20260917145508-F31DA7,2026-09-09 09:50:00,23462.44921875,23431.5,TARGET_HIT,TARGET_HIT,649.93359375,23511.469889322914,23110.51248046875,,BEARISH,BEARISH
PT-20260917145508-C02025,2026-09-09 09:55:00,23431.5,23431.5,SESSION_CLOSE,EXPIRED,-0.0,23505.90237630208,23080.0275,,BEARISH,BEARISH
PT-20260917145508-19B6EA,2026-09-10 03:45:00,23459.44921875,23428.400390625,TARGET_HIT,TARGET_HIT,652.025390625,23501.474869791666,23107.55748046875,,BEARISH,BEARISH
PT-20260917145508-7612CA,2026-09-10 03:50:00,23428.400390625,23437.19921875,TARGET_HIT,TARGET_HIT,-184.775390625,23495.898209635416,23076.974384765625,,BEARISH,BEARISH
PT-20260917145509-605FA5,2026-09-10 03:55:00,23437.19921875,23432.44921875,TARGET_HIT,TARGET_HIT,99.75,23489.821549479166,23085.64123046875,,BEARISH,BEARISH
PT-20260917145509-BF8115,2026-09-10 04:00:00,23432.44921875,23418.5,TARGET_HIT,TARGET_HIT,292.93359375,23483.234016927083,23080.96248046875,,BEARISH,BEARISH
PT-20260917145509-18FBE7,2026-09-10 04:05:00,23418.5,23422.80078125,TARGET_HIT,TARGET_HIT,-90.31640625,23477.057389322916,23067.2225,,BEARISH,BEARISH
PT-20260917145509-D18C4F,2026-09-10 04:10:00,23422.80078125,23435.44921875,TARGET_HIT,TARGET_HIT,-265.6171875,23471.1482421875,23071.45876953125,,BEARISH,BEARISH
PT-20260917145509-FCA425,2026-09-10 04:15:00,23435.44921875,23442.44921875,TARGET_HIT,TARGET_HIT,-147.0,23465.586555989583,23083.91748046875,,BEARISH,BEARISH
PT-20260917145509-0C33E7,2026-09-10 04:20:00,23442.44921875,23428.150390625,TARGET_HIT,TARGET_HIT,300.275390625,23460.852376302082,23090.81248046875,,BEARISH,BEARISH
PT-20260917145509-C6B71F,2026-09-10 04:25:00,23428.150390625,23422.94921875,TARGET_HIT,TARGET_HIT,109.224609375,23456.492415364584,23076.728134765624,,BEARISH,BEARISH
PT-20260917145509-B4EE5E,2026-09-10 04:30:00,23422.94921875,23414.900390625,TARGET_HIT,TARGET_HIT,169.025390625,23452.577408854166,23071.60498046875,,BEARISH,BEARISH
PT-20260917145509-8BFFCC,2026-09-10 04:35:00,23414.900390625,23411.400390625,TARGET_HIT,TARGET_HIT,73.5,23448.853255208334,23063.676884765624,,BEARISH,BEARISH
PT-20260917145509-A4890F,2026-09-10 04:40:00,23411.400390625,23426.94921875,TARGET_HIT,TARGET_HIT,-326.525390625,23445.15240885417,23060.229384765626,,BEARISH,BEARISH
PT-20260917145509-9E0720,2026-09-10 04:45:00,23426.94921875,23424.30078125,TARGET_HIT,TARGET_HIT,55.6171875,23441.972395833338,23075.54498046875,,BEARISH,BEARISH
PT-20260917145509-FAA13E,2026-09-10 04:50:00,23424.30078125,23424.75,TARGET_HIT,TARGET_HIT,-9.43359375,23438.809082031254,23072.93626953125,,BEARISH,BEARISH
PT-20260917145509-CAE2B0,2026-09-10 04:55:00,23424.75,23427.849609375,TARGET_HIT,TARGET_HIT,-65.091796875,23436.533203125004,23073.37875,,BEARISH,BEARISH
PT-20260917145509-AC6BA3,2026-09-10 05:00:00,23427.849609375,23436.400390625,TARGET_HIT,TARGET_HIT,-179.56640625,23434.713216145836,23076.431865234375,,BEARISH,BEARISH
PT-20260917145509-CAD421,2026-09-10 05:05:00,23436.400390625,23448.0,TARGET_HIT,TARGET_HIT,-243.591796875,23433.13323567708,23084.854384765626,,BEARISH,BEARISH
PT-20260917145509-E48BC4,2026-09-10 05:15:00,23424.19921875,23411.0,TARGET_HIT,TARGET_HIT,277.18359375,23430.69576822916,23072.83623046875,,BEARISH,BEARISH
PT-20260917145509-7B5315,2026-09-10 05:20:00,23411.0,23409.75,TARGET_HIT,TARGET_HIT,26.25,23429.404947916664,23059.835,,BEARISH,BEARISH
PT-20260917145509-48D868,2026-09-10 05:25:00,23409.75,23417.400390625,TARGET_HIT,TARGET_HIT,-160.658203125,23426.845768229163,23058.60375,,BEARISH,BEARISH
PT-20260917145509-D886FC,2026-09-10 05:30:00,23417.400390625,23417.400390625,TARGET_HIT,TARGET_HIT,-0.0,23425.90328776041,23066.139384765625,,BEARISH,BEARISH
PT-20260917145509-02EEF3,2026-09-10 05:35:00,23417.400390625,23439.099609375,TARGET_HIT,TARGET_HIT,-455.68359375,23425.02578125,23066.139384765625,,BEARISH,BEARISH
PT-20260917145510-B72DD5,2026-09-10 05:55:00,23426.94921875,23420.44921875,TARGET_HIT,TARGET_HIT,136.5,23426.25738932292,23075.54498046875,,BEARISH,BEARISH
PT-20260917145510-EAAA16,2026-09-10 06:00:00,23420.44921875,23412.94921875,TARGET_HIT,TARGET_HIT,157.5,23425.4015625,23069.14248046875,,BEARISH,BEARISH
PT-20260917145510-C42129,2026-09-10 06:05:00,23412.94921875,23421.55078125,TARGET_HIT,TARGET_HIT,-180.6328125,23424.594889322914,23061.75498046875,,BEARISH,BEARISH
PT-20260917145510-C2F85C,2026-09-10 06:10:00,23421.55078125,23431.80078125,TARGET_HIT,TARGET_HIT,-215.25,23424.313248697912,23070.22751953125,,BEARISH,BEARISH
PT-20260917145510-78829F,2026-09-10 07:40:00,23448.44921875,23435.150390625,STOP_LOSS,STOPPED,-279.275390625,23443.785026041664,23800.175957031246,,BULLISH,BULLISH
PT-20260917145510-C76536,2026-09-10 08:30:00,23417.55078125,23418.849609375,TARGET_HIT,TARGET_HIT,-27.275390625,23440.928450520834,23066.287519531248,,BEARISH,BEARISH
PT-20260917145510-4D96D5,2026-09-10 08:35:00,23418.849609375,23417.94921875,TARGET_HIT,TARGET_HIT,18.908203125,23438.84013671875,23067.566865234374,,BEARISH,BEARISH
PT-20260917145510-C7FDB8,2026-09-10 08:40:00,23417.94921875,23410.0,TARGET_HIT,TARGET_HIT,166.93359375,23437.0826171875,23066.67998046875,,BEARISH,BEARISH
PT-20260917145510-EEEC55,2026-09-10 08:45:00,23410.0,23424.69921875,TARGET_HIT,TARGET_HIT,-308.68359375,23435.35927734375,23058.85,,BEARISH,BEARISH
PT-20260917145510-79A27E,2026-09-10 08:50:00,23424.69921875,23418.55078125,TARGET_HIT,TARGET_HIT,129.1171875,23433.63258463542,23073.32873046875,,BEARISH,BEARISH
PT-20260917145510-2A3BE2,2026-09-10 08:55:00,23418.55078125,23416.099609375,TARGET_HIT,TARGET_HIT,51.474609375,23431.760123697917,23067.27251953125,,BEARISH,BEARISH
PT-20260917145510-31D0CC,2026-09-10 09:00:00,23416.099609375,23406.0,TARGET_HIT,TARGET_HIT,212.091796875,23429.88177083333,23064.858115234376,,BEARISH,BEARISH
PT-20260917145510-EE90B5,2026-09-10 09:05:00,23406.0,23414.349609375,TARGET_HIT,TARGET_HIT,-175.341796875,23428.175911458333,23054.91,,BEARISH,BEARISH
PT-20260917145510-1EA88A,2026-09-10 09:10:00,23414.349609375,23425.5,TARGET_HIT,TARGET_HIT,-234.158203125,23426.775065104168,23063.134365234375,,BEARISH,BEARISH
PT-20260917145510-B8B48F,2026-09-10 09:20:00,23424.44921875,23412.150390625,TARGET_HIT,TARGET_HIT,258.275390625,23425.292578125,23073.08248046875,,BEARISH,BEARISH
PT-20260917145510-CBD5B2,2026-09-10 09:25:00,23412.150390625,23391.599609375,TARGET_HIT,TARGET_HIT,431.56640625,23424.09423828125,23060.968134765626,,BEARISH,BEARISH
PT-20260917145510-E3372D,2026-09-10 09:30:00,23391.599609375,23391.0,TARGET_HIT,TARGET_HIT,12.591796875,23421.92672526042,23040.725615234376,,BEARISH,BEARISH
PT-20260917145510-B09B14,2026-09-10 09:35:00,23391.0,23389.400390625,TARGET_HIT,TARGET_HIT,33.591796875,23419.61842447917,23040.135,,BEARISH,BEARISH
PT-20260917145510-E94B6F,2026-09-10 09:40:00,23389.400390625,23389.25,TARGET_HIT,TARGET_HIT,3.158203125,23417.620930989586,23038.559384765624,,BEARISH,BEARISH
PT-20260917145511-436BD9,2026-09-10 09:45:00,23389.25,23389.25,TARGET_HIT,TARGET_HIT,-0.0,23415.296744791667,23038.41125,,BEARISH,BEARISH
PT-20260917145511-73F843,2026-09-10 09:50:00,23389.25,23477.80078125,TARGET_HIT,TARGET_HIT,-1859.56640625,23412.713411458335,23038.41125,,BEARISH,BEARISH
PT-20260917145511-A28589,2026-09-10 09:55:00,23477.80078125,23477.80078125,SESSION_CLOSE,EXPIRED,-0.0,23413.456770833334,23125.63376953125,,BEARISH,BEARISH
PT-20260917145511-9330DA,2026-09-11 03:45:00,23258.599609375,23258.94921875,TARGET_HIT,TARGET_HIT,-5.943359375,23404.517578125,22909.720615234375,,BEARISH,BEARISH
PT-20260917145511-D8FF87,2026-09-11 03:50:00,23258.94921875,23258.25,TARGET_HIT,TARGET_HIT,12.5859375,23396.007519531253,22910.06498046875,,BEARISH,BEARISH
PT-20260917145511-FD839C,2026-09-11 03:55:00,23258.25,23256.05078125,TARGET_HIT,TARGET_HIT,41.78515625,23387.86080729167,22909.37625,,BEARISH,BEARISH
PT-20260917145511-EAE281,2026-09-11 04:00:00,23256.05078125,23259.150390625,TARGET_HIT,TARGET_HIT,-61.9921875,23379.625000000004,22907.21001953125,,BEARISH,BEARISH
PT-20260917145511-3C6BDB,2026-09-11 04:05:00,23259.150390625,23248.19921875,TARGET_HIT,TARGET_HIT,229.974609375,23371.745833333338,22910.263134765624,,BEARISH,BEARISH
PT-20260917145511-F5ACA6,2026-09-11 04:10:00,23248.19921875,23246.55078125,TARGET_HIT,TARGET_HIT,34.6171875,23363.601660156255,22899.47623046875,,BEARISH,BEARISH
PT-20260917145511-67F68E,2026-09-11 04:15:00,23246.55078125,23246.25,TARGET_HIT,TARGET_HIT,6.31640625,23354.962532552086,22897.85251953125,,BEARISH,BEARISH
PT-20260917145511-81B9A9,2026-09-11 04:20:00,23246.25,23259.25,TARGET_HIT,TARGET_HIT,-273.0,23346.337532552086,22897.55625,,BEARISH,BEARISH
PT-20260917145511-103836,2026-09-11 04:25:00,23259.25,23271.900390625,TARGET_HIT,TARGET_HIT,-265.658203125,23338.273372395834,22910.361249999998,,BEARISH,BEARISH
PT-20260917145511-1C5FC1,2026-09-11 04:30:00,23271.900390625,23284.69921875,TARGET_HIT,TARGET_HIT,-268.775390625,23331.205891927086,22922.821884765624,,BEARISH,BEARISH
PT-20260917145511-DE6113,2026-09-11 04:35:00,23284.69921875,23297.19921875,TARGET_HIT,TARGET_HIT,-262.5,23324.726725260418,22935.42873046875,,BEARISH,BEARISH
PT-20260917145511-0B2312,2026-09-11 04:40:00,23297.19921875,23292.5,TARGET_HIT,TARGET_HIT,98.68359375,23318.259179687502,22947.74123046875,,BEARISH,BEARISH
PT-20260917145511-E8191B,2026-09-11 04:45:00,23292.5,23300.19921875,TARGET_HIT,TARGET_HIT,-161.68359375,23311.60419921875,22943.1125,,BEARISH,BEARISH
PT-20260917145511-BE4E9D,2026-09-11 04:50:00,23300.19921875,23275.44921875,TARGET_HIT,TARGET_HIT,519.75,23305.8216796875,22950.69623046875,,BEARISH,BEARISH
PT-20260917145511-1EDD0A,2026-09-11 04:55:00,23275.44921875,23285.5,TARGET_HIT,TARGET_HIT,-211.06640625,23300.258333333335,22926.31748046875,,BEARISH,BEARISH
PT-20260917145511-5A4E00,2026-09-11 05:00:00,23285.5,23293.80078125,TARGET_HIT,TARGET_HIT,-174.31640625,23294.972493489586,22936.2175,,BEARISH,BEARISH
PT-20260917145512-B77F60,2026-09-11 05:05:00,23293.80078125,23305.30078125,TARGET_HIT,TARGET_HIT,-241.5,23290.103320312504,22944.39376953125,,BEARISH,BEARISH
PT-20260917145512-0D2F9C,2026-09-11 05:15:00,23296.650390625,23280.599609375,TARGET_HIT,TARGET_HIT,337.06640625,23281.234179687504,22947.200634765624,,BEARISH,BEARISH
PT-20260917145512-C59066,2026-09-11 05:20:00,23280.599609375,23278.75,TARGET_HIT,TARGET_HIT,38.841796875,23273.12750651042,22931.390615234373,,BEARISH,BEARISH
PT-20260917145512-343F38,2026-09-11 05:25:00,23278.75,23283.150390625,TARGET_HIT,TARGET_HIT,-92.408203125,23274.34918619792,22929.56875,,BEARISH,BEARISH
PT-20260917145512-AFD678,2026-09-11 05:30:00,23283.150390625,23297.94921875,TARGET_HIT,TARGET_HIT,-310.775390625,23275.750911458334,22933.903134765624,,BEARISH,BEARISH
PT-20260917145512-5BD927,2026-09-11 07:25:00,23353.900390625,23331.150390625,STOP_LOSS,STOPPED,-477.75,23344.93590494792,23704.20889648437,,BULLISH,BULLISH
PT-20260917145512-186493,2026-09-11 07:55:00,23352.69921875,23337.69921875,STOP_LOSS,STOPPED,-315.0,23341.84755859375,23702.989707031247,,BULLISH,BULLISH
PT-20260917145512-76CA17,2026-09-11 08:00:00,23347.75,23337.69921875,STOP_LOSS,STOPPED,-211.06640625,23342.317545572914,23697.966249999998,,BULLISH,BULLISH
PT-20260917145512-F45B56,2026-09-11 08:20:00,23349.19921875,23349.19921875,SESSION_CLOSE,EXPIRED,0.0,23341.3466796875,23699.43720703125,,BULLISH,BULLISH
PT-20260917145512-0A7A45,2026-09-11 08:25:00,23386.150390625,23386.150390625,SESSION_CLOSE,EXPIRED,0.0,23343.2841796875,23736.94264648437,,BULLISH,BULLISH
PT-20260917145512-4A93CF,2026-09-11 08:30:00,23436.599609375,23436.599609375,SESSION_CLOSE,EXPIRED,0.0,23347.49000651042,23788.148603515623,,BULLISH,BULLISH
PT-20260917145512-6C9B0B,2026-09-11 08:35:00,23415.75,23415.75,SESSION_CLOSE,EXPIRED,0.0,23351.61168619792,23766.986249999998,,BULLISH,BULLISH
PT-20260917145512-37E1B9,2026-09-11 08:40:00,23417.150390625,23417.150390625,SESSION_CLOSE,EXPIRED,0.0,23355.18753255209,23768.40764648437,,BULLISH,BULLISH
PT-20260917145512-FC3E71,2026-09-11 08:45:00,23406.05078125,23406.05078125,SESSION_CLOSE,EXPIRED,0.0,23358.276692708336,23757.141542968748,,BULLISH,BULLISH
PT-20260917145512-5FAF06,2026-09-11 08:50:00,23416.900390625,23416.900390625,SESSION_CLOSE,EXPIRED,0.0,23361.37086588542,23768.15389648437,,BULLISH,BULLISH
PT-20260917145512-456A5D,2026-09-11 08:55:00,23424.400390625,23424.400390625,SESSION_CLOSE,EXPIRED,0.0,23365.26168619792,23775.766396484374,,BULLISH,BULLISH
PT-20260917145512-14FB38,2026-09-11 09:00:00,23424.0,23424.0,SESSION_CLOSE,EXPIRED,0.0,23369.35419921875,23775.359999999997,,BULLISH,BULLISH
PT-20260917145512-299F09,2026-09-11 09:05:00,23428.400390625,23428.400390625,SESSION_CLOSE,EXPIRED,0.0,23373.08671875,23779.82639648437,,BULLISH,BULLISH
PT-20260917145512-2D3EF5,2026-09-11 09:10:00,23433.80078125,23433.80078125,SESSION_CLOSE,EXPIRED,0.0,23377.694205729167,23785.307792968746,,BULLISH,BULLISH
PT-20260917145513-CBACD4,2026-09-11 09:15:00,23424.69921875,23424.69921875,SESSION_CLOSE,EXPIRED,0.0,23382.50833333333,23776.06970703125,,BULLISH,BULLISH
PT-20260917145513-338CCA,2026-09-11 09:20:00,23422.75,23422.75,SESSION_CLOSE,EXPIRED,0.0,23387.101660156248,23774.091249999998,,BULLISH,BULLISH
PT-20260917145513-EE843C,2026-09-11 09:25:00,23420.25,23420.25,SESSION_CLOSE,EXPIRED,0.0,23391.69332682291,23771.55375,,BULLISH,BULLISH
PT-20260917145513-E20416,2026-09-11 09:40:00,23435.30078125,23398.099609375,STOP_LOSS,STOPPED,-781.224609375,23401.88753255208,23786.83029296875,,BULLISH,BULLISH
PT-20260917145513-17C009,2026-09-11 09:45:00,23435.099609375,23398.099609375,STOP_LOSS,STOPPED,-777.0,23406.615039062497,23786.626103515624,,BULLISH,BULLISH
PT-20260917145513-1018C1,2026-09-11 09:50:00,23435.099609375,23398.099609375,STOP_LOSS,STOPPED,-777.0,23411.757519531246,23786.626103515624,,BULLISH,BULLISH
PT-20260917145513-D677C0,2026-09-15 03:45:00,23501.05078125,23417.19921875,STOP_LOSS,STOPPED,-1760.8828125,23424.110026041664,23853.566542968747,,BULLISH,BULLISH
PT-20260917145513-8A9865,2026-09-15 03:50:00,23474.19921875,23417.19921875,STOP_LOSS,STOPPED,-1197.0,23429.555013020832,23826.31220703125,,BULLISH,BULLISH
PT-20260917145513-9B6B90,2026-09-15 03:55:00,23463.900390625,23417.19921875,STOP_LOSS,STOPPED,-980.724609375,23431.59251302083,23815.858896484373,,BULLISH,BULLISH
PT-20260917145513-BE8941,2026-09-15 04:00:00,23455.55078125,23417.19921875,STOP_LOSS,STOPPED,-805.3828125,23433.324153645834,23807.384042968748,,BULLISH,BULLISH
PT-20260917145513-9E0075,2026-09-15 04:05:00,23456.75,23417.19921875,STOP_LOSS,STOPPED,-830.56640625,23435.287467447917,23808.601249999996,,BULLISH,BULLISH
PT-20260917145513-53A51E,2026-09-15 05:15:00,23339.19921875,23336.0,TARGET_HIT,TARGET_HIT,67.18359375,23409.899088541664,22989.11123046875,,BEARISH,BEARISH
PT-20260917145513-31F66C,2026-09-15 05:20:00,23336.0,23338.349609375,TARGET_HIT,TARGET_HIT,-49.341796875,23406.312434895834,22985.96,,BEARISH,BEARISH
PT-20260917145513-198C8F,2026-09-15 05:25:00,23338.349609375,23360.44921875,TARGET_HIT,TARGET_HIT,-464.091796875,23396.775748697917,22988.274365234374,,BEARISH,BEARISH
PT-20260917145514-92CFD5,2026-09-15 05:30:00,23360.44921875,23333.900390625,TARGET_HIT,TARGET_HIT,557.525390625,23390.2107421875,23010.04248046875,,BEARISH,BEARISH
PT-20260917145514-C1A251,2026-09-15 05:35:00,23333.900390625,23345.400390625,TARGET_HIT,TARGET_HIT,-241.5,23384.159049479167,22983.891884765624,,BEARISH,BEARISH
PT-20260917145514-C5F18A,2026-09-15 05:40:00,23345.400390625,23322.099609375,TARGET_HIT,TARGET_HIT,489.31640625,23378.373242187496,22995.219384765624,,BEARISH,BEARISH
PT-20260917145514-2B345F,2026-09-15 05:45:00,23322.099609375,23331.349609375,TARGET_HIT,TARGET_HIT,-194.25,23372.28408203125,22972.268115234376,,BEARISH,BEARISH
PT-20260917145514-71FBD4,2026-09-15 05:50:00,23331.349609375,23317.650390625,TARGET_HIT,TARGET_HIT,287.68359375,23366.00576171875,22981.379365234374,,BEARISH,BEARISH
PT-20260917145514-E4E306,2026-09-15 05:55:00,23317.650390625,23323.900390625,TARGET_HIT,TARGET_HIT,-131.25,23360.731575520833,22967.885634765626,,BEARISH,BEARISH
PT-20260917145514-0B6D44,2026-09-15 06:00:00,23323.900390625,23345.75,TARGET_HIT,TARGET_HIT,-458.841796875,23356.25244140625,22974.041884765626,,BEARISH,BEARISH
PT-20260917145514-58CDF6,2026-09-15 06:05:00,23345.75,23342.05078125,TARGET_HIT,TARGET_HIT,77.68359375,23353.662467447917,22995.56375,,BEARISH,BEARISH
PT-20260917145514-07B4D0,2026-09-15 06:10:00,23342.05078125,23329.849609375,TARGET_HIT,TARGET_HIT,256.224609375,23351.431673177085,22991.92001953125,,BEARISH,BEARISH
PT-20260917145514-A9A228,2026-09-15 06:15:00,23329.849609375,23322.94921875,TARGET_HIT,TARGET_HIT,144.908203125,23349.131673177086,22979.901865234373,,BEARISH,BEARISH
PT-20260917145514-4EE352,2026-09-15 06:20:00,23322.94921875,23336.400390625,TARGET_HIT,TARGET_HIT,-282.474609375,23346.1783203125,22973.10498046875,,BEARISH,BEARISH
PT-20260917145514-A65FA4,2026-09-15 06:25:00,23336.400390625,23345.30078125,TARGET_HIT,TARGET_HIT,-186.908203125,23343.406640625,22986.354384765626,,BEARISH,BEARISH
PT-20260917145514-29001A,2026-09-15 06:30:00,23345.30078125,23338.400390625,TARGET_HIT,TARGET_HIT,144.908203125,23341.50003255208,22995.12126953125,,BEARISH,BEARISH
PT-20260917145514-B9D72C,2026-09-15 06:35:00,23338.400390625,23335.849609375,TARGET_HIT,TARGET_HIT,53.56640625,23340.164225260414,22988.324384765623,,BEARISH,BEARISH
PT-20260917145514-1D0133,2026-09-15 06:40:00,23335.849609375,23326.69921875,TARGET_HIT,TARGET_HIT,192.158203125,23338.882552083334,22985.811865234376,,BEARISH,BEARISH
PT-20260917145514-15D9E6,2026-09-15 06:45:00,23326.69921875,23332.400390625,TARGET_HIT,TARGET_HIT,-119.724609375,23336.86500651042,22976.79873046875,,BEARISH,BEARISH
PT-20260917145514-6E8F63,2026-09-15 06:50:00,23332.400390625,23337.400390625,TARGET_HIT,TARGET_HIT,-105.0,23335.545833333334,22982.414384765623,,BEARISH,BEARISH
PT-20260917145514-18C3D6,2026-09-15 06:55:00,23337.400390625,23320.55078125,TARGET_HIT,TARGET_HIT,353.841796875,23335.11500651042,22987.339384765626,,BEARISH,BEARISH
PT-20260917145514-E7704A,2026-09-15 07:00:00,23320.55078125,23322.55078125,TARGET_HIT,TARGET_HIT,-42.0,23334.387532552086,22970.74251953125,,BEARISH,BEARISH
PT-20260917145514-1E0B97,2026-09-15 07:05:00,23322.55078125,23315.05078125,TARGET_HIT,TARGET_HIT,157.5,23333.821712239587,22972.71251953125,,BEARISH,BEARISH
PT-20260917145515-726F4D,2026-09-15 07:10:00,23315.05078125,23327.150390625,TARGET_HIT,TARGET_HIT,-254.091796875,23332.158430989584,22965.32501953125,,BEARISH,BEARISH
PT-20260917145515-06BC06,2026-09-15 07:15:00,23327.150390625,23328.900390625,TARGET_HIT,TARGET_HIT,-36.75,23331.180110677084,22977.243134765624,,BEARISH,BEARISH
PT-20260917145515-3F12C7,2026-09-15 07:20:00,23328.900390625,23308.599609375,TARGET_HIT,TARGET_HIT,426.31640625,23330.66009114583,22978.966884765625,,BEARISH,BEARISH
PT-20260917145515-665E31,2026-09-15 07:25:00,23308.599609375,23308.599609375,TARGET_HIT,TARGET_HIT,-0.0,23329.758398437498,22958.970615234375,,BEARISH,BEARISH
PT-20260917145515-857D2F,2026-09-15 07:30:00,23308.599609375,23305.900390625,TARGET_HIT,TARGET_HIT,56.68359375,23328.679231770828,22958.970615234375,,BEARISH,BEARISH
PT-20260917145515-20D5E5,2026-09-15 07:35:00,23305.900390625,23294.94921875,TARGET_HIT,TARGET_HIT,229.974609375,23328.025065104164,22956.311884765626,,BEARISH,BEARISH
PT-20260917145515-11CE74,2026-09-15 07:40:00,23294.94921875,23294.150390625,TARGET_HIT,TARGET_HIT,16.775390625,23326.86419270833,22945.52498046875,,BEARISH,BEARISH
PT-20260917145515-F80BD4,2026-09-15 07:45:00,23294.150390625,23285.400390625,TARGET_HIT,TARGET_HIT,183.75,23324.519205729164,22944.738134765626,,BEARISH,BEARISH
PT-20260917145515-406C6A,2026-09-15 07:50:00,23285.400390625,23281.05078125,TARGET_HIT,TARGET_HIT,91.341796875,23321.851725260418,22936.119384765625,,BEARISH,BEARISH
PT-20260917145515-661454,2026-09-15 07:55:00,23281.05078125,23272.05078125,TARGET_HIT,TARGET_HIT,189.0,23319.440071614586,22931.83501953125,,BEARISH,BEARISH
PT-20260917145515-F6C365,2026-09-15 08:00:00,23272.05078125,23269.30078125,TARGET_HIT,TARGET_HIT,57.75,23316.797591145838,22922.97001953125,,BEARISH,BEARISH
PT-20260917145515-141014,2026-09-15 08:05:00,23269.30078125,23263.25,TARGET_HIT,TARGET_HIT,127.06640625,23313.862597656254,22920.26126953125,,BEARISH,BEARISH
PT-20260917145515-393D0B,2026-09-15 08:10:00,23263.25,23271.349609375,TARGET_HIT,TARGET_HIT,-170.091796875,23309.747558593754,22914.30125,,BEARISH,BEARISH
PT-20260917145515-3CB908,2026-09-15 08:15:00,23271.349609375,23269.099609375,TARGET_HIT,TARGET_HIT,47.25,23306.043359375002,22922.279365234375,,BEARISH,BEARISH
PT-20260917145515-9FB3C7,2026-09-15 08:20:00,23269.099609375,23272.349609375,TARGET_HIT,TARGET_HIT,-68.25,23302.7525390625,22920.063115234374,,BEARISH,BEARISH
PT-20260917145515-59514C,2026-09-15 08:25:00,23272.349609375,23271.44921875,TARGET_HIT,TARGET_HIT,18.908203125,23299.740917968753,22923.264365234376,,BEARISH,BEARISH
PT-20260917145515-2D9092,2026-09-15 08:30:00,23271.44921875,23260.099609375,TARGET_HIT,TARGET_HIT,238.341796875,23296.822558593754,22922.37748046875,,BEARISH,BEARISH
PT-20260917145515-E27EEB,2026-09-15 08:35:00,23260.099609375,23230.19921875,TARGET_HIT,TARGET_HIT,627.908203125,23293.330045572915,22911.198115234376,,BEARISH,BEARISH
PT-20260917145515-5FBD9D,2026-09-15 08:40:00,23230.19921875,23197.80078125,TARGET_HIT,TARGET_HIT,680.3671875,23289.131673177082,22881.74623046875,,BEARISH,BEARISH
PT-20260917145516-A677CD,2026-09-15 08:45:00,23197.80078125,23206.25,TARGET_HIT,TARGET_HIT,-177.43359375,23283.32835286458,22849.83376953125,,BEARISH,BEARISH
PT-20260917145516-3F6F43,2026-09-15 08:50:00,23206.25,23202.80078125,TARGET_HIT,TARGET_HIT,72.43359375,23277.759147135417,22858.15625,,BEARISH,BEARISH
PT-20260917145516-2E4F16,2026-09-15 08:55:00,23202.80078125,23210.19921875,TARGET_HIT,TARGET_HIT,-155.3671875,23271.85,22854.75876953125,,BEARISH,BEARISH
PT-20260917145516-B1BDFD,2026-09-15 09:00:00,23210.19921875,23215.849609375,TARGET_HIT,TARGET_HIT,-118.658203125,23265.759960937496,22862.04623046875,,BEARISH,BEARISH
PT-20260917145516-ADC732,2026-09-15 09:05:00,23215.849609375,23215.75,TARGET_HIT,TARGET_HIT,2.091796875,23260.845800781248,22867.611865234376,,BEARISH,BEARISH
PT-20260917145516-87BBEC,2026-09-15 09:10:00,23215.75,23164.0,TARGET_HIT,TARGET_HIT,1086.75,23256.413281249996,22867.51375,,BEARISH,BEARISH
PT-20260917145516-22383F,2026-09-15 09:15:00,23164.0,23177.75,TARGET_HIT,TARGET_HIT,-288.75,23249.895800781247,22816.54,,BEARISH,BEARISH
PT-20260917145516-66D807,2026-09-15 09:20:00,23177.75,23174.900390625,TARGET_HIT,TARGET_HIT,59.841796875,23243.93997395833,22830.083749999998,,BEARISH,BEARISH
PT-20260917145516-0504F2,2026-09-15 09:25:00,23174.900390625,23182.75,TARGET_HIT,TARGET_HIT,-164.841796875,23238.27828776042,22827.276884765626,,BEARISH,BEARISH
PT-20260917145516-30A459,2026-09-15 09:30:00,23182.75,23172.94921875,TARGET_HIT,TARGET_HIT,205.81640625,23232.86744791667,22835.00875,,BEARISH,BEARISH
PT-20260917145516-FEEBB6,2026-09-15 09:35:00,23172.94921875,23172.25,TARGET_HIT,TARGET_HIT,14.68359375,23227.302408854168,22825.35498046875,,BEARISH,BEARISH
PT-20260917145516-DE35E3,2026-09-15 09:40:00,23172.25,23172.349609375,TARGET_HIT,TARGET_HIT,-2.091796875,23222.480696614584,22824.66625,,BEARISH,BEARISH
PT-20260917145516-1B093F,2026-09-15 09:45:00,23172.349609375,23172.349609375,TARGET_HIT,TARGET_HIT,-0.0,23217.45485026042,22824.764365234376,,BEARISH,BEARISH
PT-20260917145516-B4C3A9,2026-09-15 09:50:00,23172.349609375,23118.599609375,TARGET_HIT,TARGET_HIT,1128.75,23212.999837239586,22824.764365234376,,BEARISH,BEARISH
PT-20260917145516-7064BE,2026-09-15 09:55:00,23118.599609375,23118.599609375,SESSION_CLOSE,EXPIRED,-0.0,23206.388997395836,22771.820615234374,,BEARISH,BEARISH
